kosu,grup,conf_esigi,goruntu_sayisi,hedef_sayisi,dogru_bulunan_tp,kacirilan_fn,recall,fp_goruntu_basina,fp_durumu,az_ornek,kosu_girdi,kosu_tarama_notu,kosu_recall_turetimi,kosu_fp_turetimi,kosu_az_ornek_siniri,kosu_surum_python,kosu_surum_ultralytics,kosu_surum_sahi,kosu_surum_torch,kosu_tarih,kosu_komut
Taban-512,TOPLAM,0.05,157,970,690,280,0.7113,18.24,ozet CSV'de olculdu,,reports/test_kutu_bazinda.csv + reports/test_kutu_bazinda_model512.csv,yeni model taramasi yapilmadi; mevcut kutu bazinda kayitlardan turetildi,eslesen_skor >= esik; olculmus uc esikte birebir dogrulandi,Model-512: tahminler_model512.csv'den turetildi (tum esikler dolu). Taban-512: tahmin kaydi alinmadigi icin yalnizca olculmus uc esikte dolu.,50,3.13.1,8.4.144,0.12.6,2.14.0,2026-09-12 08:58:24,scripts/13_kutu_bazinda_karsilastir.py
Taban-512,TOPLAM,0.06,157,970,671,299,0.6918,olculmedi,olculmedi,,reports/test_kutu_bazinda.csv + reports/test_kutu_bazinda_model512.csv,yeni model taramasi yapilmadi; mevcut kutu bazinda kayitlardan turetildi,eslesen_skor >= esik; olculmus uc esikte birebir dogrulandi,Model-512: tahminler_model512.csv'den turetildi (tum esikler dolu). Taban-512: tahmin kaydi alinmadigi icin yalnizca olculmus uc esikte dolu.,50,3.13.1,8.4.144,0.12.6,2.14.0,2026-09-12 08:58:24,scripts/13_kutu_bazinda_karsilastir.py
Taban-512,TOPLAM,0.07,157,970,654,316,0.6742,olculmedi,olculmedi,,reports/test_kutu_bazinda.csv + reports/test_kutu_bazinda_model512.csv,yeni model taramasi yapilmadi; mevcut kutu bazinda kayitlardan turetildi,eslesen_skor >= esik; olculmus uc esikte birebir dogrulandi,Model-512: tahminler_model512.csv'den turetildi (tum esikler dolu). Taban-512: tahmin kaydi alinmadigi icin yalnizca olculmus uc esikte dolu.,50,3.13.1,8.4.144,0.12.6,2.14.0,2026-09-12 08:58:24,scripts/13_kutu_bazinda_karsilastir.py
Taban-512,TOPLAM,0.08,157,970,644,326,0.6639,olculmedi,olculmedi,,reports/test_kutu_bazinda.csv + reports/test_kutu_bazinda_model512.csv,yeni model taramasi yapilmadi; mevcut kutu bazinda kayitlardan turetildi,eslesen_skor >= esik; olculmus uc esikte birebir dogrulandi,Model-512: tahminler_model512.csv'den turetildi (tum esikler dolu). Taban-512: tahmin kaydi alinmadigi icin yalnizca olculmus uc esikte dolu.,50,3.13.1,8.4.144,0.12.6,2.14.0,2026-09-12 08:58:24,scripts/13_kutu_bazinda_karsilastir.py
Taban-512,TOPLAM,0.09,157,970,630,340,0.6495,olculmedi,olculmedi,,reports/test_kutu_bazinda.csv + reports/test_kutu_bazinda_model512.csv,yeni model taramasi yapilmadi; mevcut kutu bazinda kayitlardan turetildi,eslesen_skor >= esik; olculmus uc esikte birebir dogrulandi,Model-512: tahminler_model512.csv'den turetildi (tum esikler dolu). Taban-512: tahmin kaydi alinmadigi icin yalnizca olculmus uc esikte dolu.,50,3.13.1,8.4.144,0.12.6,2.14.0,2026-09-12 08:58:24,scripts/13_kutu_bazinda_karsilastir.py
Taban-512,TOPLAM,0.1,157,970,602,368,0.6206,olculmedi,olculmedi,,reports/test_kutu_bazinda.csv + reports/test_kutu_bazinda_model512.csv,yeni model taramasi yapilmadi; mevcut kutu bazinda kayitlardan turetildi,eslesen_skor >= esik; olculmus uc esikte birebir dogrulandi,Model-512: tahminler_model512.csv'den turetildi (tum esikler dolu). Taban-512: tahmin kaydi alinmadigi icin yalnizca olculmus uc esikte dolu.,50,3.13.1,8.4.144,0.12.6,2.14.0,2026-09-12 08:58:24,scripts/13_kutu_bazinda_karsilastir.py
Taban-512,TOPLAM,0.11,157,970,587,383,0.6052,olculmedi,olculmedi,,reports/test_kutu_bazinda.csv + reports/test_kutu_bazinda_model512.csv,yeni model taramasi yapilmadi; mevcut kutu bazinda kayitlardan turetildi,eslesen_skor >= esik; olculmus uc esikte birebir dogrulandi,Model-512: tahminler_model512.csv'den turetildi (tum esikler dolu). Taban-512: tahmin kaydi alinmadigi icin yalnizca olculmus uc esikte dolu.,50,3.13.1,8.4.144,0.12.6,2.14.0,2026-09-12 08:58:24,scripts/13_kutu_bazinda_karsilastir.py
Taban-512,TOPLAM,0.12,157,970,567,403,0.5845,olculmedi,olculmedi,,reports/test_kutu_bazinda.csv + reports/test_kutu_bazinda_model512.csv,yeni model taramasi yapilmadi; mevcut kutu bazinda kayitlardan turetildi,eslesen_skor >= esik; olculmus uc esikte birebir dogrulandi,Model-512: tahminler_model512.csv'den turetildi (tum esikler dolu). Taban-512: tahmin kaydi alinmadigi icin yalnizca olculmus uc esikte dolu.,50,3.13.1,8.4.144,0.12.6,2.14.0,2026-09-12 08:58:24,scripts/13_kutu_bazinda_karsilastir.py
Taban-512,TOPLAM,0.13,157,970,557,413,0.5742,olculmedi,olculmedi,,reports/test_kutu_bazinda.csv + reports/test_kutu_bazinda_model512.csv,yeni model taramasi yapilmadi; mevcut kutu bazinda kayitlardan turetildi,eslesen_skor >= esik; olculmus uc esikte birebir dogrulandi,Model-512: tahminler_model512.csv'den turetildi (tum esikler dolu). Taban-512: tahmin kaydi alinmadigi icin yalnizca olculmus uc esikte dolu.,50,3.13.1,8.4.144,0.12.6,2.14.0,2026-09-12 08:58:24,scripts/13_kutu_bazinda_karsilastir.py
Taban-512,TOPLAM,0.14,157,970,545,425,0.5619,olculmedi,olculmedi,,reports/test_kutu_bazinda.csv + reports/test_kutu_bazinda_model512.csv,yeni model taramasi yapilmadi; mevcut kutu bazinda kayitlardan turetildi,eslesen_skor >= esik; olculmus uc esikte birebir dogrulandi,Model-512: tahminler_model512.csv'den turetildi (tum esikler dolu). Taban-512: tahmin kaydi alinmadigi icin yalnizca olculmus uc esikte dolu.,50,3.13.1,8.4.144,0.12.6,2.14.0,2026-09-12 08:58:24,scripts/13_kutu_bazinda_karsilastir.py
Taban-512,TOPLAM,0.15,157,970,532,438,0.5485,5.45,ozet CSV'de olculdu,,reports/test_kutu_bazinda.csv + reports/test_kutu_bazinda_model512.csv,yeni model taramasi yapilmadi; mevcut kutu bazinda kayitlardan turetildi,eslesen_skor >= esik; olculmus uc esikte birebir dogrulandi,Model-512: tahminler_model512.csv'den turetildi (tum esikler dolu). Taban-512: tahmin kaydi alinmadigi icin yalnizca olculmus uc esikte dolu.,50,3.13.1,8.4.144,0.12.6,2.14.0,2026-09-12 08:58:24,scripts/13_kutu_bazinda_karsilastir.py
Taban-512,TOPLAM,0.16,157,970,524,446,0.5402,olculmedi,olculmedi,,reports/test_kutu_bazinda.csv + reports/test_kutu_bazinda_model512.csv,yeni model taramasi yapilmadi; mevcut kutu bazinda kayitlardan turetildi,eslesen_skor >= esik; olculmus uc esikte birebir dogrulandi,Model-512: tahminler_model512.csv'den turetildi (tum esikler dolu). Taban-512: tahmin kaydi alinmadigi icin yalnizca olculmus uc esikte dolu.,50,3.13.1,8.4.144,0.12.6,2.14.0,2026-09-12 08:58:24,scripts/13_kutu_bazinda_karsilastir.py
Taban-512,TOPLAM,0.17,157,970,517,453,0.533,olculmedi,olculmedi,,reports/test_kutu_bazinda.csv + reports/test_kutu_bazinda_model512.csv,yeni model taramasi yapilmadi; mevcut kutu bazinda kayitlardan turetildi,eslesen_skor >= esik; olculmus uc esikte birebir dogrulandi,Model-512: tahminler_model512.csv'den turetildi (tum esikler dolu). Taban-512: tahmin kaydi alinmadigi icin yalnizca olculmus uc esikte dolu.,50,3.13.1,8.4.144,0.12.6,2.14.0,2026-09-12 08:58:24,scripts/13_kutu_bazinda_karsilastir.py
Taban-512,TOPLAM,0.18,157,970,499,471,0.5144,olculmedi,olculmedi,,reports/test_kutu_bazinda.csv + reports/test_kutu_bazinda_model512.csv,yeni model taramasi yapilmadi; mevcut kutu bazinda kayitlardan turetildi,eslesen_skor >= esik; olculmus uc esikte birebir dogrulandi,Model-512: tahminler_model512.csv'den turetildi (tum esikler dolu). Taban-512: tahmin kaydi alinmadigi icin yalnizca olculmus uc esikte dolu.,50,3.13.1,8.4.144,0.12.6,2.14.0,2026-09-12 08:58:24,scripts/13_kutu_bazinda_karsilastir.py
Taban-512,TOPLAM,0.19,157,970,486,484,0.501,olculmedi,olculmedi,,reports/test_kutu_bazinda.csv + reports/test_kutu_bazinda_model512.csv,yeni model taramasi yapilmadi; mevcut kutu bazinda kayitlardan turetildi,eslesen_skor >= esik; olculmus uc esikte birebir dogrulandi,Model-512: tahminler_model512.csv'den turetildi (tum esikler dolu). Taban-512: tahmin kaydi alinmadigi icin yalnizca olculmus uc esikte dolu.,50,3.13.1,8.4.144,0.12.6,2.14.0,2026-09-12 08:58:24,scripts/13_kutu_bazinda_karsilastir.py
Taban-512,TOPLAM,0.2,157,970,469,501,0.4835,olculmedi,olculmedi,,reports/test_kutu_bazinda.csv + reports/test_kutu_bazinda_model512.csv,yeni model taramasi yapilmadi; mevcut kutu bazinda kayitlardan turetildi,eslesen_skor >= esik; olculmus uc esikte birebir dogrulandi,Model-512: tahminler_model512.csv'den turetildi (tum esikler dolu). Taban-512: tahmin kaydi alinmadigi icin yalnizca olculmus uc esikte dolu.,50,3.13.1,8.4.144,0.12.6,2.14.0,2026-09-12 08:58:24,scripts/13_kutu_bazinda_karsilastir.py
Taban-512,TOPLAM,0.21,157,970,458,512,0.4722,olculmedi,olculmedi,,reports/test_kutu_bazinda.csv + reports/test_kutu_bazinda_model512.csv,yeni model taramasi yapilmadi; mevcut kutu bazinda kayitlardan turetildi,eslesen_skor >= esik; olculmus uc esikte birebir dogrulandi,Model-512: tahminler_model512.csv'den turetildi (tum esikler dolu). Taban-512: tahmin kaydi alinmadigi icin yalnizca olculmus uc esikte dolu.,50,3.13.1,8.4.144,0.12.6,2.14.0,2026-09-12 08:58:24,scripts/13_kutu_bazinda_karsilastir.py
Taban-512,TOPLAM,0.22,157,970,447,523,0.4608,olculmedi,olculmedi,,reports/test_kutu_bazinda.csv + reports/test_kutu_bazinda_model512.csv,yeni model taramasi yapilmadi; mevcut kutu bazinda kayitlardan turetildi,eslesen_skor >= esik; olculmus uc esikte birebir dogrulandi,Model-512: tahminler_model512.csv'den turetildi (tum esikler dolu). Taban-512: tahmin kaydi alinmadigi icin yalnizca olculmus uc esikte dolu.,50,3.13.1,8.4.144,0.12.6,2.14.0,2026-09-12 08:58:24,scripts/13_kutu_bazinda_karsilastir.py
Taban-512,TOPLAM,0.23,157,970,429,541,0.4423,olculmedi,olculmedi,,reports/test_kutu_bazinda.csv + reports/test_kutu_bazinda_model512.csv,yeni model taramasi yapilmadi; mevcut kutu bazinda kayitlardan turetildi,eslesen_skor >= esik; olculmus uc esikte birebir dogrulandi,Model-512: tahminler_model512.csv'den turetildi (tum esikler dolu). Taban-512: tahmin kaydi alinmadigi icin yalnizca olculmus uc esikte dolu.,50,3.13.1,8.4.144,0.12.6,2.14.0,2026-09-12 08:58:24,scripts/13_kutu_bazinda_karsilastir.py
Taban-512,TOPLAM,0.24,157,970,417,553,0.4299,olculmedi,olculmedi,,reports/test_kutu_bazinda.csv + reports/test_kutu_bazinda_model512.csv,yeni model taramasi yapilmadi; mevcut kutu bazinda kayitlardan turetildi,eslesen_skor >= esik; olculmus uc esikte birebir dogrulandi,Model-512: tahminler_model512.csv'den turetildi (tum esikler dolu). Taban-512: tahmin kaydi alinmadigi icin yalnizca olculmus uc esikte dolu.,50,3.13.1,8.4.144,0.12.6,2.14.0,2026-09-12 08:58:24,scripts/13_kutu_bazinda_karsilastir.py
Taban-512,TOPLAM,0.25,157,970,410,560,0.4227,olculmedi,olculmedi,,reports/test_kutu_bazinda.csv + reports/test_kutu_bazinda_model512.csv,yeni model taramasi yapilmadi; mevcut kutu bazinda kayitlardan turetildi,eslesen_skor >= esik; olculmus uc esikte birebir dogrulandi,Model-512: tahminler_model512.csv'den turetildi (tum esikler dolu). Taban-512: tahmin kaydi alinmadigi icin yalnizca olculmus uc esikte dolu.,50,3.13.1,8.4.144,0.12.6,2.14.0,2026-09-12 08:58:24,scripts/13_kutu_bazinda_karsilastir.py
Taban-512,TOPLAM,0.26,157,970,396,574,0.4082,olculmedi,olculmedi,,reports/test_kutu_bazinda.csv + reports/test_kutu_bazinda_model512.csv,yeni model taramasi yapilmadi; mevcut kutu bazinda kayitlardan turetildi,eslesen_skor >= esik; olculmus uc esikte birebir dogrulandi,Model-512: tahminler_model512.csv'den turetildi (tum esikler dolu). Taban-512: tahmin kaydi alinmadigi icin yalnizca olculmus uc esikte dolu.,50,3.13.1,8.4.144,0.12.6,2.14.0,2026-09-12 08:58:24,scripts/13_kutu_bazinda_karsilastir.py
Taban-512,TOPLAM,0.27,157,970,385,585,0.3969,olculmedi,olculmedi,,reports/test_kutu_bazinda.csv + reports/test_kutu_bazinda_model512.csv,yeni model taramasi yapilmadi; mevcut kutu bazinda kayitlardan turetildi,eslesen_skor >= esik; olculmus uc esikte birebir dogrulandi,Model-512: tahminler_model512.csv'den turetildi (tum esikler dolu). Taban-512: tahmin kaydi alinmadigi icin yalnizca olculmus uc esikte dolu.,50,3.13.1,8.4.144,0.12.6,2.14.0,2026-09-12 08:58:24,scripts/13_kutu_bazinda_karsilastir.py
Taban-512,TOPLAM,0.28,157,970,379,591,0.3907,olculmedi,olculmedi,,reports/test_kutu_bazinda.csv + reports/test_kutu_bazinda_model512.csv,yeni model taramasi yapilmadi; mevcut kutu bazinda kayitlardan turetildi,eslesen_skor >= esik; olculmus uc esikte birebir dogrulandi,Model-512: tahminler_model512.csv'den turetildi (tum esikler dolu). Taban-512: tahmin kaydi alinmadigi icin yalnizca olculmus uc esikte dolu.,50,3.13.1,8.4.144,0.12.6,2.14.0,2026-09-12 08:58:24,scripts/13_kutu_bazinda_karsilastir.py
Taban-512,TOPLAM,0.29,157,970,375,595,0.3866,olculmedi,olculmedi,,reports/test_kutu_bazinda.csv + reports/test_kutu_bazinda_model512.csv,yeni model taramasi yapilmadi; mevcut kutu bazinda kayitlardan turetildi,eslesen_skor >= esik; olculmus uc esikte birebir dogrulandi,Model-512: tahminler_model512.csv'den turetildi (tum esikler dolu). Taban-512: tahmin kaydi alinmadigi icin yalnizca olculmus uc esikte dolu.,50,3.13.1,8.4.144,0.12.6,2.14.0,2026-09-12 08:58:24,scripts/13_kutu_bazinda_karsilastir.py
Taban-512,TOPLAM,0.3,157,970,369,601,0.3804,1.81,ozet CSV'de olculdu,,reports/test_kutu_bazinda.csv + reports/test_kutu_bazinda_model512.csv,yeni model taramasi yapilmadi; mevcut kutu bazinda kayitlardan turetildi,eslesen_skor >= esik; olculmus uc esikte birebir dogrulandi,Model-512: tahminler_model512.csv'den turetildi (tum esikler dolu). Taban-512: tahmin kaydi alinmadigi icin yalnizca olculmus uc esikte dolu.,50,3.13.1,8.4.144,0.12.6,2.14.0,2026-09-12 08:58:24,scripts/13_kutu_bazinda_karsilastir.py
Taban-512,TOPLAM,0.31,157,970,352,618,0.3629,olculmedi,olculmedi,,reports/test_kutu_bazinda.csv + reports/test_kutu_bazinda_model512.csv,yeni model taramasi yapilmadi; mevcut kutu bazinda kayitlardan turetildi,eslesen_skor >= esik; olculmus uc esikte birebir dogrulandi,Model-512: tahminler_model512.csv'den turetildi (tum esikler dolu). Taban-512: tahmin kaydi alinmadigi icin yalnizca olculmus uc esikte dolu.,50,3.13.1,8.4.144,0.12.6,2.14.0,2026-09-12 08:58:24,scripts/13_kutu_bazinda_karsilastir.py
Taban-512,TOPLAM,0.32,157,970,347,623,0.3577,olculmedi,olculmedi,,reports/test_kutu_bazinda.csv + reports/test_kutu_bazinda_model512.csv,yeni model taramasi yapilmadi; mevcut kutu bazinda kayitlardan turetildi,eslesen_skor >= esik; olculmus uc esikte birebir dogrulandi,Model-512: tahminler_model512.csv'den turetildi (tum esikler dolu). Taban-512: tahmin kaydi alinmadigi icin yalnizca olculmus uc esikte dolu.,50,3.13.1,8.4.144,0.12.6,2.14.0,2026-09-12 08:58:24,scripts/13_kutu_bazinda_karsilastir.py
Taban-512,TOPLAM,0.33,157,970,340,630,0.3505,olculmedi,olculmedi,,reports/test_kutu_bazinda.csv + reports/test_kutu_bazinda_model512.csv,yeni model taramasi yapilmadi; mevcut kutu bazinda kayitlardan turetildi,eslesen_skor >= esik; olculmus uc esikte birebir dogrulandi,Model-512: tahminler_model512.csv'den turetildi (tum esikler dolu). Taban-512: tahmin kaydi alinmadigi icin yalnizca olculmus uc esikte dolu.,50,3.13.1,8.4.144,0.12.6,2.14.0,2026-09-12 08:58:24,scripts/13_kutu_bazinda_karsilastir.py
Taban-512,TOPLAM,0.34,157,970,333,637,0.3433,olculmedi,olculmedi,,reports/test_kutu_bazinda.csv + reports/test_kutu_bazinda_model512.csv,yeni model taramasi yapilmadi; mevcut kutu bazinda kayitlardan turetildi,eslesen_skor >= esik; olculmus uc esikte birebir dogrulandi,Model-512: tahminler_model512.csv'den turetildi (tum esikler dolu). Taban-512: tahmin kaydi alinmadigi icin yalnizca olculmus uc esikte dolu.,50,3.13.1,8.4.144,0.12.6,2.14.0,2026-09-12 08:58:24,scripts/13_kutu_bazinda_karsilastir.py
Taban-512,TOPLAM,0.35,157,970,324,646,0.334,olculmedi,olculmedi,,reports/test_kutu_bazinda.csv + reports/test_kutu_bazinda_model512.csv,yeni model taramasi yapilmadi; mevcut kutu bazinda kayitlardan turetildi,eslesen_skor >= esik; olculmus uc esikte birebir dogrulandi,Model-512: tahminler_model512.csv'den turetildi (tum esikler dolu). Taban-512: tahmin kaydi alinmadigi icin yalnizca olculmus uc esikte dolu.,50,3.13.1,8.4.144,0.12.6,2.14.0,2026-09-12 08:58:24,scripts/13_kutu_bazinda_karsilastir.py
Taban-512,TOPLAM,0.36,157,970,318,652,0.3278,olculmedi,olculmedi,,reports/test_kutu_bazinda.csv + reports/test_kutu_bazinda_model512.csv,yeni model taramasi yapilmadi; mevcut kutu bazinda kayitlardan turetildi,eslesen_skor >= esik; olculmus uc esikte birebir dogrulandi,Model-512: tahminler_model512.csv'den turetildi (tum esikler dolu). Taban-512: tahmin kaydi alinmadigi icin yalnizca olculmus uc esikte dolu.,50,3.13.1,8.4.144,0.12.6,2.14.0,2026-09-12 08:58:24,scripts/13_kutu_bazinda_karsilastir.py
Taban-512,TOPLAM,0.37,157,970,311,659,0.3206,olculmedi,olculmedi,,reports/test_kutu_bazinda.csv + reports/test_kutu_bazinda_model512.csv,yeni model taramasi yapilmadi; mevcut kutu bazinda kayitlardan turetildi,eslesen_skor >= esik; olculmus uc esikte birebir dogrulandi,Model-512: tahminler_model512.csv'den turetildi (tum esikler dolu). Taban-512: tahmin kaydi alinmadigi icin yalnizca olculmus uc esikte dolu.,50,3.13.1,8.4.144,0.12.6,2.14.0,2026-09-12 08:58:24,scripts/13_kutu_bazinda_karsilastir.py
Taban-512,TOPLAM,0.38,157,970,302,668,0.3113,olculmedi,olculmedi,,reports/test_kutu_bazinda.csv + reports/test_kutu_bazinda_model512.csv,yeni model taramasi yapilmadi; mevcut kutu bazinda kayitlardan turetildi,eslesen_skor >= esik; olculmus uc esikte birebir dogrulandi,Model-512: tahminler_model512.csv'den turetildi (tum esikler dolu). Taban-512: tahmin kaydi alinmadigi icin yalnizca olculmus uc esikte dolu.,50,3.13.1,8.4.144,0.12.6,2.14.0,2026-09-12 08:58:24,scripts/13_kutu_bazinda_karsilastir.py
Taban-512,TOPLAM,0.39,157,970,295,675,0.3041,olculmedi,olculmedi,,reports/test_kutu_bazinda.csv + reports/test_kutu_bazinda_model512.csv,yeni model taramasi yapilmadi; mevcut kutu bazinda kayitlardan turetildi,eslesen_skor >= esik; olculmus uc esikte birebir dogrulandi,Model-512: tahminler_model512.csv'den turetildi (tum esikler dolu). Taban-512: tahmin kaydi alinmadigi icin yalnizca olculmus uc esikte dolu.,50,3.13.1,8.4.144,0.12.6,2.14.0,2026-09-12 08:58:24,scripts/13_kutu_bazinda_karsilastir.py
Taban-512,TOPLAM,0.4,157,970,286,684,0.2948,olculmedi,olculmedi,,reports/test_kutu_bazinda.csv + reports/test_kutu_bazinda_model512.csv,yeni model taramasi yapilmadi; mevcut kutu bazinda kayitlardan turetildi,eslesen_skor >= esik; olculmus uc esikte birebir dogrulandi,Model-512: tahminler_model512.csv'den turetildi (tum esikler dolu). Taban-512: tahmin kaydi alinmadigi icin yalnizca olculmus uc esikte dolu.,50,3.13.1,8.4.144,0.12.6,2.14.0,2026-09-12 08:58:24,scripts/13_kutu_bazinda_karsilastir.py
Taban-512,TOPLAM,0.41,157,970,275,695,0.2835,olculmedi,olculmedi,,reports/test_kutu_bazinda.csv + reports/test_kutu_bazinda_model512.csv,yeni model taramasi yapilmadi; mevcut kutu bazinda kayitlardan turetildi,eslesen_skor >= esik; olculmus uc esikte birebir dogrulandi,Model-512: tahminler_model512.csv'den turetildi (tum esikler dolu). Taban-512: tahmin kaydi alinmadigi icin yalnizca olculmus uc esikte dolu.,50,3.13.1,8.4.144,0.12.6,2.14.0,2026-09-12 08:58:24,scripts/13_kutu_bazinda_karsilastir.py
Taban-512,TOPLAM,0.42,157,970,263,707,0.2711,olculmedi,olculmedi,,reports/test_kutu_bazinda.csv + reports/test_kutu_bazinda_model512.csv,yeni model taramasi yapilmadi; mevcut kutu bazinda kayitlardan turetildi,eslesen_skor >= esik; olculmus uc esikte birebir dogrulandi,Model-512: tahminler_model512.csv'den turetildi (tum esikler dolu). Taban-512: tahmin kaydi alinmadigi icin yalnizca olculmus uc esikte dolu.,50,3.13.1,8.4.144,0.12.6,2.14.0,2026-09-12 08:58:24,scripts/13_kutu_bazinda_karsilastir.py
Taban-512,TOPLAM,0.43,157,970,254,716,0.2619,olculmedi,olculmedi,,reports/test_kutu_bazinda.csv + reports/test_kutu_bazinda_model512.csv,yeni model taramasi yapilmadi; mevcut kutu bazinda kayitlardan turetildi,eslesen_skor >= esik; olculmus uc esikte birebir dogrulandi,Model-512: tahminler_model512.csv'den turetildi (tum esikler dolu). Taban-512: tahmin kaydi alinmadigi icin yalnizca olculmus uc esikte dolu.,50,3.13.1,8.4.144,0.12.6,2.14.0,2026-09-12 08:58:24,scripts/13_kutu_bazinda_karsilastir.py
Taban-512,TOPLAM,0.44,157,970,246,724,0.2536,olculmedi,olculmedi,,reports/test_kutu_bazinda.csv + reports/test_kutu_bazinda_model512.csv,yeni model taramasi yapilmadi; mevcut kutu bazinda kayitlardan turetildi,eslesen_skor >= esik; olculmus uc esikte birebir dogrulandi,Model-512: tahminler_model512.csv'den turetildi (tum esikler dolu). Taban-512: tahmin kaydi alinmadigi icin yalnizca olculmus uc esikte dolu.,50,3.13.1,8.4.144,0.12.6,2.14.0,2026-09-12 08:58:24,scripts/13_kutu_bazinda_karsilastir.py
Taban-512,TOPLAM,0.45,157,970,240,730,0.2474,olculmedi,olculmedi,,reports/test_kutu_bazinda.csv + reports/test_kutu_bazinda_model512.csv,yeni model taramasi yapilmadi; mevcut kutu bazinda kayitlardan turetildi,eslesen_skor >= esik; olculmus uc esikte birebir dogrulandi,Model-512: tahminler_model512.csv'den turetildi (tum esikler dolu). Taban-512: tahmin kaydi alinmadigi icin yalnizca olculmus uc esikte dolu.,50,3.13.1,8.4.144,0.12.6,2.14.0,2026-09-12 08:58:24,scripts/13_kutu_bazinda_karsilastir.py
Taban-512,TOPLAM,0.46,157,970,234,736,0.2412,olculmedi,olculmedi,,reports/test_kutu_bazinda.csv + reports/test_kutu_bazinda_model512.csv,yeni model taramasi yapilmadi; mevcut kutu bazinda kayitlardan turetildi,eslesen_skor >= esik; olculmus uc esikte birebir dogrulandi,Model-512: tahminler_model512.csv'den turetildi (tum esikler dolu). Taban-512: tahmin kaydi alinmadigi icin yalnizca olculmus uc esikte dolu.,50,3.13.1,8.4.144,0.12.6,2.14.0,2026-09-12 08:58:24,scripts/13_kutu_bazinda_karsilastir.py
Taban-512,TOPLAM,0.47,157,970,224,746,0.2309,olculmedi,olculmedi,,reports/test_kutu_bazinda.csv + reports/test_kutu_bazinda_model512.csv,yeni model taramasi yapilmadi; mevcut kutu bazinda kayitlardan turetildi,eslesen_skor >= esik; olculmus uc esikte birebir dogrulandi,Model-512: tahminler_model512.csv'den turetildi (tum esikler dolu). Taban-512: tahmin kaydi alinmadigi icin yalnizca olculmus uc esikte dolu.,50,3.13.1,8.4.144,0.12.6,2.14.0,2026-09-12 08:58:24,scripts/13_kutu_bazinda_karsilastir.py
Taban-512,TOPLAM,0.48,157,970,214,756,0.2206,olculmedi,olculmedi,,reports/test_kutu_bazinda.csv + reports/test_kutu_bazinda_model512.csv,yeni model taramasi yapilmadi; mevcut kutu bazinda kayitlardan turetildi,eslesen_skor >= esik; olculmus uc esikte birebir dogrulandi,Model-512: tahminler_model512.csv'den turetildi (tum esikler dolu). Taban-512: tahmin kaydi alinmadigi icin yalnizca olculmus uc esikte dolu.,50,3.13.1,8.4.144,0.12.6,2.14.0,2026-09-12 08:58:24,scripts/13_kutu_bazinda_karsilastir.py
Taban-512,TOPLAM,0.49,157,970,207,763,0.2134,olculmedi,olculmedi,,reports/test_kutu_bazinda.csv + reports/test_kutu_bazinda_model512.csv,yeni model taramasi yapilmadi; mevcut kutu bazinda kayitlardan turetildi,eslesen_skor >= esik; olculmus uc esikte birebir dogrulandi,Model-512: tahminler_model512.csv'den turetildi (tum esikler dolu). Taban-512: tahmin kaydi alinmadigi icin yalnizca olculmus uc esikte dolu.,50,3.13.1,8.4.144,0.12.6,2.14.0,2026-09-12 08:58:24,scripts/13_kutu_bazinda_karsilastir.py
Taban-512,TOPLAM,0.5,157,970,202,768,0.2082,olculmedi,olculmedi,,reports/test_kutu_bazinda.csv + reports/test_kutu_bazinda_model512.csv,yeni model taramasi yapilmadi; mevcut kutu bazinda kayitlardan turetildi,eslesen_skor >= esik; olculmus uc esikte birebir dogrulandi,Model-512: tahminler_model512.csv'den turetildi (tum esikler dolu). Taban-512: tahmin kaydi alinmadigi icin yalnizca olculmus uc esikte dolu.,50,3.13.1,8.4.144,0.12.6,2.14.0,2026-09-12 08:58:24,scripts/13_kutu_bazinda_karsilastir.py
Taban-512,TOPLAM,0.51,157,970,197,773,0.2031,olculmedi,olculmedi,,reports/test_kutu_bazinda.csv + reports/test_kutu_bazinda_model512.csv,yeni model taramasi yapilmadi; mevcut kutu bazinda kayitlardan turetildi,eslesen_skor >= esik; olculmus uc esikte birebir dogrulandi,Model-512: tahminler_model512.csv'den turetildi (tum esikler dolu). Taban-512: tahmin kaydi alinmadigi icin yalnizca olculmus uc esikte dolu.,50,3.13.1,8.4.144,0.12.6,2.14.0,2026-09-12 08:58:24,scripts/13_kutu_bazinda_karsilastir.py
Taban-512,TOPLAM,0.52,157,970,192,778,0.1979,olculmedi,olculmedi,,reports/test_kutu_bazinda.csv + reports/test_kutu_bazinda_model512.csv,yeni model taramasi yapilmadi; mevcut kutu bazinda kayitlardan turetildi,eslesen_skor >= esik; olculmus uc esikte birebir dogrulandi,Model-512: tahminler_model512.csv'den turetildi (tum esikler dolu). Taban-512: tahmin kaydi alinmadigi icin yalnizca olculmus uc esikte dolu.,50,3.13.1,8.4.144,0.12.6,2.14.0,2026-09-12 08:58:24,scripts/13_kutu_bazinda_karsilastir.py
Taban-512,TOPLAM,0.53,157,970,182,788,0.1876,olculmedi,olculmedi,,reports/test_kutu_bazinda.csv + reports/test_kutu_bazinda_model512.csv,yeni model taramasi yapilmadi; mevcut kutu bazinda kayitlardan turetildi,eslesen_skor >= esik; olculmus uc esikte birebir dogrulandi,Model-512: tahminler_model512.csv'den turetildi (tum esikler dolu). Taban-512: tahmin kaydi alinmadigi icin yalnizca olculmus uc esikte dolu.,50,3.13.1,8.4.144,0.12.6,2.14.0,2026-09-12 08:58:24,scripts/13_kutu_bazinda_karsilastir.py
Taban-512,TOPLAM,0.54,157,970,173,797,0.1784,olculmedi,olculmedi,,reports/test_kutu_bazinda.csv + reports/test_kutu_bazinda_model512.csv,yeni model taramasi yapilmadi; mevcut kutu bazinda kayitlardan turetildi,eslesen_skor >= esik; olculmus uc esikte birebir dogrulandi,Model-512: tahminler_model512.csv'den turetildi (tum esikler dolu). Taban-512: tahmin kaydi alinmadigi icin yalnizca olculmus uc esikte dolu.,50,3.13.1,8.4.144,0.12.6,2.14.0,2026-09-12 08:58:24,scripts/13_kutu_bazinda_karsilastir.py
Taban-512,TOPLAM,0.55,157,970,162,808,0.167,olculmedi,olculmedi,,reports/test_kutu_bazinda.csv + reports/test_kutu_bazinda_model512.csv,yeni model taramasi yapilmadi; mevcut kutu bazinda kayitlardan turetildi,eslesen_skor >= esik; olculmus uc esikte birebir dogrulandi,Model-512: tahminler_model512.csv'den turetildi (tum esikler dolu). Taban-512: tahmin kaydi alinmadigi icin yalnizca olculmus uc esikte dolu.,50,3.13.1,8.4.144,0.12.6,2.14.0,2026-09-12 08:58:24,scripts/13_kutu_bazinda_karsilastir.py
Taban-512,TOPLAM,0.56,157,970,156,814,0.1608,olculmedi,olculmedi,,reports/test_kutu_bazinda.csv + reports/test_kutu_bazinda_model512.csv,yeni model taramasi yapilmadi; mevcut kutu bazinda kayitlardan turetildi,eslesen_skor >= esik; olculmus uc esikte birebir dogrulandi,Model-512: tahminler_model512.csv'den turetildi (tum esikler dolu). Taban-512: tahmin kaydi alinmadigi icin yalnizca olculmus uc esikte dolu.,50,3.13.1,8.4.144,0.12.6,2.14.0,2026-09-12 08:58:24,scripts/13_kutu_bazinda_karsilastir.py
Taban-512,TOPLAM,0.57,157,970,149,821,0.1536,olculmedi,olculmedi,,reports/test_kutu_bazinda.csv + reports/test_kutu_bazinda_model512.csv,yeni model taramasi yapilmadi; mevcut kutu bazinda kayitlardan turetildi,eslesen_skor >= esik; olculmus uc esikte birebir dogrulandi,Model-512: tahminler_model512.csv'den turetildi (tum esikler dolu). Taban-512: tahmin kaydi alinmadigi icin yalnizca olculmus uc esikte dolu.,50,3.13.1,8.4.144,0.12.6,2.14.0,2026-09-12 08:58:24,scripts/13_kutu_bazinda_karsilastir.py
Taban-512,TOPLAM,0.58,157,970,143,827,0.1474,olculmedi,olculmedi,,reports/test_kutu_bazinda.csv + reports/test_kutu_bazinda_model512.csv,yeni model taramasi yapilmadi; mevcut kutu bazinda kayitlardan turetildi,eslesen_skor >= esik; olculmus uc esikte birebir dogrulandi,Model-512: tahminler_model512.csv'den turetildi (tum esikler dolu). Taban-512: tahmin kaydi alinmadigi icin yalnizca olculmus uc esikte dolu.,50,3.13.1,8.4.144,0.12.6,2.14.0,2026-09-12 08:58:24,scripts/13_kutu_bazinda_karsilastir.py
Taban-512,TOPLAM,0.59,157,970,135,835,0.1392,olculmedi,olculmedi,,reports/test_kutu_bazinda.csv + reports/test_kutu_bazinda_model512.csv,yeni model taramasi yapilmadi; mevcut kutu bazinda kayitlardan turetildi,eslesen_skor >= esik; olculmus uc esikte birebir dogrulandi,Model-512: tahminler_model512.csv'den turetildi (tum esikler dolu). Taban-512: tahmin kaydi alinmadigi icin yalnizca olculmus uc esikte dolu.,50,3.13.1,8.4.144,0.12.6,2.14.0,2026-09-12 08:58:24,scripts/13_kutu_bazinda_karsilastir.py
Taban-512,TOPLAM,0.6,157,970,129,841,0.133,olculmedi,olculmedi,,reports/test_kutu_bazinda.csv + reports/test_kutu_bazinda_model512.csv,yeni model taramasi yapilmadi; mevcut kutu bazinda kayitlardan turetildi,eslesen_skor >= esik; olculmus uc esikte birebir dogrulandi,Model-512: tahminler_model512.csv'den turetildi (tum esikler dolu). Taban-512: tahmin kaydi alinmadigi icin yalnizca olculmus uc esikte dolu.,50,3.13.1,8.4.144,0.12.6,2.14.0,2026-09-12 08:58:24,scripts/13_kutu_bazinda_karsilastir.py
Taban-512,TOPLAM,0.61,157,970,124,846,0.1278,olculmedi,olculmedi,,reports/test_kutu_bazinda.csv + reports/test_kutu_bazinda_model512.csv,yeni model taramasi yapilmadi; mevcut kutu bazinda kayitlardan turetildi,eslesen_skor >= esik; olculmus uc esikte birebir dogrulandi,Model-512: tahminler_model512.csv'den turetildi (tum esikler dolu). Taban-512: tahmin kaydi alinmadigi icin yalnizca olculmus uc esikte dolu.,50,3.13.1,8.4.144,0.12.6,2.14.0,2026-09-12 08:58:24,scripts/13_kutu_bazinda_karsilastir.py
Taban-512,TOPLAM,0.62,157,970,116,854,0.1196,olculmedi,olculmedi,,reports/test_kutu_bazinda.csv + reports/test_kutu_bazinda_model512.csv,yeni model taramasi yapilmadi; mevcut kutu bazinda kayitlardan turetildi,eslesen_skor >= esik; olculmus uc esikte birebir dogrulandi,Model-512: tahminler_model512.csv'den turetildi (tum esikler dolu). Taban-512: tahmin kaydi alinmadigi icin yalnizca olculmus uc esikte dolu.,50,3.13.1,8.4.144,0.12.6,2.14.0,2026-09-12 08:58:24,scripts/13_kutu_bazinda_karsilastir.py
Taban-512,TOPLAM,0.63,157,970,113,857,0.1165,olculmedi,olculmedi,,reports/test_kutu_bazinda.csv + reports/test_kutu_bazinda_model512.csv,yeni model taramasi yapilmadi; mevcut kutu bazinda kayitlardan turetildi,eslesen_skor >= esik; olculmus uc esikte birebir dogrulandi,Model-512: tahminler_model512.csv'den turetildi (tum esikler dolu). Taban-512: tahmin kaydi alinmadigi icin yalnizca olculmus uc esikte dolu.,50,3.13.1,8.4.144,0.12.6,2.14.0,2026-09-12 08:58:24,scripts/13_kutu_bazinda_karsilastir.py
Taban-512,TOPLAM,0.64,157,970,111,859,0.1144,olculmedi,olculmedi,,reports/test_kutu_bazinda.csv + reports/test_kutu_bazinda_model512.csv,yeni model taramasi yapilmadi; mevcut kutu bazinda kayitlardan turetildi,eslesen_skor >= esik; olculmus uc esikte birebir dogrulandi,Model-512: tahminler_model512.csv'den turetildi (tum esikler dolu). Taban-512: tahmin kaydi alinmadigi icin yalnizca olculmus uc esikte dolu.,50,3.13.1,8.4.144,0.12.6,2.14.0,2026-09-12 08:58:24,scripts/13_kutu_bazinda_karsilastir.py
Taban-512,TOPLAM,0.65,157,970,105,865,0.1082,olculmedi,olculmedi,,reports/test_kutu_bazinda.csv + reports/test_kutu_bazinda_model512.csv,yeni model taramasi yapilmadi; mevcut kutu bazinda kayitlardan turetildi,eslesen_skor >= esik; olculmus uc esikte birebir dogrulandi,Model-512: tahminler_model512.csv'den turetildi (tum esikler dolu). Taban-512: tahmin kaydi alinmadigi icin yalnizca olculmus uc esikte dolu.,50,3.13.1,8.4.144,0.12.6,2.14.0,2026-09-12 08:58:24,scripts/13_kutu_bazinda_karsilastir.py
Taban-512,TOPLAM,0.66,157,970,102,868,0.1052,olculmedi,olculmedi,,reports/test_kutu_bazinda.csv + reports/test_kutu_bazinda_model512.csv,yeni model taramasi yapilmadi; mevcut kutu bazinda kayitlardan turetildi,eslesen_skor >= esik; olculmus uc esikte birebir dogrulandi,Model-512: tahminler_model512.csv'den turetildi (tum esikler dolu). Taban-512: tahmin kaydi alinmadigi icin yalnizca olculmus uc esikte dolu.,50,3.13.1,8.4.144,0.12.6,2.14.0,2026-09-12 08:58:24,scripts/13_kutu_bazinda_karsilastir.py
Taban-512,TOPLAM,0.67,157,970,94,876,0.0969,olculmedi,olculmedi,,reports/test_kutu_bazinda.csv + reports/test_kutu_bazinda_model512.csv,yeni model taramasi yapilmadi; mevcut kutu bazinda kayitlardan turetildi,eslesen_skor >= esik; olculmus uc esikte birebir dogrulandi,Model-512: tahminler_model512.csv'den turetildi (tum esikler dolu). Taban-512: tahmin kaydi alinmadigi icin yalnizca olculmus uc esikte dolu.,50,3.13.1,8.4.144,0.12.6,2.14.0,2026-09-12 08:58:24,scripts/13_kutu_bazinda_karsilastir.py
Taban-512,TOPLAM,0.68,157,970,89,881,0.0918,olculmedi,olculmedi,,reports/test_kutu_bazinda.csv + reports/test_kutu_bazinda_model512.csv,yeni model taramasi yapilmadi; mevcut kutu bazinda kayitlardan turetildi,eslesen_skor >= esik; olculmus uc esikte birebir dogrulandi,Model-512: tahminler_model512.csv'den turetildi (tum esikler dolu). Taban-512: tahmin kaydi alinmadigi icin yalnizca olculmus uc esikte dolu.,50,3.13.1,8.4.144,0.12.6,2.14.0,2026-09-12 08:58:24,scripts/13_kutu_bazinda_karsilastir.py
Taban-512,TOPLAM,0.69,157,970,80,890,0.0825,olculmedi,olculmedi,,reports/test_kutu_bazinda.csv + reports/test_kutu_bazinda_model512.csv,yeni model taramasi yapilmadi; mevcut kutu bazinda kayitlardan turetildi,eslesen_skor >= esik; olculmus uc esikte birebir dogrulandi,Model-512: tahminler_model512.csv'den turetildi (tum esikler dolu). Taban-512: tahmin kaydi alinmadigi icin yalnizca olculmus uc esikte dolu.,50,3.13.1,8.4.144,0.12.6,2.14.0,2026-09-12 08:58:24,scripts/13_kutu_bazinda_karsilastir.py
Taban-512,TOPLAM,0.7,157,970,76,894,0.0784,olculmedi,olculmedi,,reports/test_kutu_bazinda.csv + reports/test_kutu_bazinda_model512.csv,yeni model taramasi yapilmadi; mevcut kutu bazinda kayitlardan turetildi,eslesen_skor >= esik; olculmus uc esikte birebir dogrulandi,Model-512: tahminler_model512.csv'den turetildi (tum esikler dolu). Taban-512: tahmin kaydi alinmadigi icin yalnizca olculmus uc esikte dolu.,50,3.13.1,8.4.144,0.12.6,2.14.0,2026-09-12 08:58:24,scripts/13_kutu_bazinda_karsilastir.py
Taban-512,TOPLAM,0.71,157,970,72,898,0.0742,olculmedi,olculmedi,,reports/test_kutu_bazinda.csv + reports/test_kutu_bazinda_model512.csv,yeni model taramasi yapilmadi; mevcut kutu bazinda kayitlardan turetildi,eslesen_skor >= esik; olculmus uc esikte birebir dogrulandi,Model-512: tahminler_model512.csv'den turetildi (tum esikler dolu). Taban-512: tahmin kaydi alinmadigi icin yalnizca olculmus uc esikte dolu.,50,3.13.1,8.4.144,0.12.6,2.14.0,2026-09-12 08:58:24,scripts/13_kutu_bazinda_karsilastir.py
Taban-512,TOPLAM,0.72,157,970,68,902,0.0701,olculmedi,olculmedi,,reports/test_kutu_bazinda.csv + reports/test_kutu_bazinda_model512.csv,yeni model taramasi yapilmadi; mevcut kutu bazinda kayitlardan turetildi,eslesen_skor >= esik; olculmus uc esikte birebir dogrulandi,Model-512: tahminler_model512.csv'den turetildi (tum esikler dolu). Taban-512: tahmin kaydi alinmadigi icin yalnizca olculmus uc esikte dolu.,50,3.13.1,8.4.144,0.12.6,2.14.0,2026-09-12 08:58:24,scripts/13_kutu_bazinda_karsilastir.py
Taban-512,TOPLAM,0.73,157,970,63,907,0.0649,olculmedi,olculmedi,,reports/test_kutu_bazinda.csv + reports/test_kutu_bazinda_model512.csv,yeni model taramasi yapilmadi; mevcut kutu bazinda kayitlardan turetildi,eslesen_skor >= esik; olculmus uc esikte birebir dogrulandi,Model-512: tahminler_model512.csv'den turetildi (tum esikler dolu). Taban-512: tahmin kaydi alinmadigi icin yalnizca olculmus uc esikte dolu.,50,3.13.1,8.4.144,0.12.6,2.14.0,2026-09-12 08:58:24,scripts/13_kutu_bazinda_karsilastir.py
Taban-512,TOPLAM,0.74,157,970,54,916,0.0557,olculmedi,olculmedi,,reports/test_kutu_bazinda.csv + reports/test_kutu_bazinda_model512.csv,yeni model taramasi yapilmadi; mevcut kutu bazinda kayitlardan turetildi,eslesen_skor >= esik; olculmus uc esikte birebir dogrulandi,Model-512: tahminler_model512.csv'den turetildi (tum esikler dolu). Taban-512: tahmin kaydi alinmadigi icin yalnizca olculmus uc esikte dolu.,50,3.13.1,8.4.144,0.12.6,2.14.0,2026-09-12 08:58:24,scripts/13_kutu_bazinda_karsilastir.py
Taban-512,TOPLAM,0.75,157,970,46,924,0.0474,olculmedi,olculmedi,,reports/test_kutu_bazinda.csv + reports/test_kutu_bazinda_model512.csv,yeni model taramasi yapilmadi; mevcut kutu bazinda kayitlardan turetildi,eslesen_skor >= esik; olculmus uc esikte birebir dogrulandi,Model-512: tahminler_model512.csv'den turetildi (tum esikler dolu). Taban-512: tahmin kaydi alinmadigi icin yalnizca olculmus uc esikte dolu.,50,3.13.1,8.4.144,0.12.6,2.14.0,2026-09-12 08:58:24,scripts/13_kutu_bazinda_karsilastir.py
Taban-512,TOPLAM,0.76,157,970,42,928,0.0433,olculmedi,olculmedi,,reports/test_kutu_bazinda.csv + reports/test_kutu_bazinda_model512.csv,yeni model taramasi yapilmadi; mevcut kutu bazinda kayitlardan turetildi,eslesen_skor >= esik; olculmus uc esikte birebir dogrulandi,Model-512: tahminler_model512.csv'den turetildi (tum esikler dolu). Taban-512: tahmin kaydi alinmadigi icin yalnizca olculmus uc esikte dolu.,50,3.13.1,8.4.144,0.12.6,2.14.0,2026-09-12 08:58:24,scripts/13_kutu_bazinda_karsilastir.py
Taban-512,TOPLAM,0.77,157,970,37,933,0.0381,olculmedi,olculmedi,,reports/test_kutu_bazinda.csv + reports/test_kutu_bazinda_model512.csv,yeni model taramasi yapilmadi; mevcut kutu bazinda kayitlardan turetildi,eslesen_skor >= esik; olculmus uc esikte birebir dogrulandi,Model-512: tahminler_model512.csv'den turetildi (tum esikler dolu). Taban-512: tahmin kaydi alinmadigi icin yalnizca olculmus uc esikte dolu.,50,3.13.1,8.4.144,0.12.6,2.14.0,2026-09-12 08:58:24,scripts/13_kutu_bazinda_karsilastir.py
Taban-512,TOPLAM,0.78,157,970,34,936,0.0351,olculmedi,olculmedi,,reports/test_kutu_bazinda.csv + reports/test_kutu_bazinda_model512.csv,yeni model taramasi yapilmadi; mevcut kutu bazinda kayitlardan turetildi,eslesen_skor >= esik; olculmus uc esikte birebir dogrulandi,Model-512: tahminler_model512.csv'den turetildi (tum esikler dolu). Taban-512: tahmin kaydi alinmadigi icin yalnizca olculmus uc esikte dolu.,50,3.13.1,8.4.144,0.12.6,2.14.0,2026-09-12 08:58:24,scripts/13_kutu_bazinda_karsilastir.py
Taban-512,TOPLAM,0.79,157,970,30,940,0.0309,olculmedi,olculmedi,,reports/test_kutu_bazinda.csv + reports/test_kutu_bazinda_model512.csv,yeni model taramasi yapilmadi; mevcut kutu bazinda kayitlardan turetildi,eslesen_skor >= esik; olculmus uc esikte birebir dogrulandi,Model-512: tahminler_model512.csv'den turetildi (tum esikler dolu). Taban-512: tahmin kaydi alinmadigi icin yalnizca olculmus uc esikte dolu.,50,3.13.1,8.4.144,0.12.6,2.14.0,2026-09-12 08:58:24,scripts/13_kutu_bazinda_karsilastir.py
Taban-512,TOPLAM,0.8,157,970,26,944,0.0268,olculmedi,olculmedi,,reports/test_kutu_bazinda.csv + reports/test_kutu_bazinda_model512.csv,yeni model taramasi yapilmadi; mevcut kutu bazinda kayitlardan turetildi,eslesen_skor >= esik; olculmus uc esikte birebir dogrulandi,Model-512: tahminler_model512.csv'den turetildi (tum esikler dolu). Taban-512: tahmin kaydi alinmadigi icin yalnizca olculmus uc esikte dolu.,50,3.13.1,8.4.144,0.12.6,2.14.0,2026-09-12 08:58:24,scripts/13_kutu_bazinda_karsilastir.py
Taban-512,TOPLAM,0.81,157,970,24,946,0.0247,olculmedi,olculmedi,,reports/test_kutu_bazinda.csv + reports/test_kutu_bazinda_model512.csv,yeni model taramasi yapilmadi; mevcut kutu bazinda kayitlardan turetildi,eslesen_skor >= esik; olculmus uc esikte birebir dogrulandi,Model-512: tahminler_model512.csv'den turetildi (tum esikler dolu). Taban-512: tahmin kaydi alinmadigi icin yalnizca olculmus uc esikte dolu.,50,3.13.1,8.4.144,0.12.6,2.14.0,2026-09-12 08:58:24,scripts/13_kutu_bazinda_karsilastir.py
Taban-512,TOPLAM,0.82,157,970,21,949,0.0216,olculmedi,olculmedi,,reports/test_kutu_bazinda.csv + reports/test_kutu_bazinda_model512.csv,yeni model taramasi yapilmadi; mevcut kutu bazinda kayitlardan turetildi,eslesen_skor >= esik; olculmus uc esikte birebir dogrulandi,Model-512: tahminler_model512.csv'den turetildi (tum esikler dolu). Taban-512: tahmin kaydi alinmadigi icin yalnizca olculmus uc esikte dolu.,50,3.13.1,8.4.144,0.12.6,2.14.0,2026-09-12 08:58:24,scripts/13_kutu_bazinda_karsilastir.py
Taban-512,TOPLAM,0.83,157,970,16,954,0.0165,olculmedi,olculmedi,,reports/test_kutu_bazinda.csv + reports/test_kutu_bazinda_model512.csv,yeni model taramasi yapilmadi; mevcut kutu bazinda kayitlardan turetildi,eslesen_skor >= esik; olculmus uc esikte birebir dogrulandi,Model-512: tahminler_model512.csv'den turetildi (tum esikler dolu). Taban-512: tahmin kaydi alinmadigi icin yalnizca olculmus uc esikte dolu.,50,3.13.1,8.4.144,0.12.6,2.14.0,2026-09-12 08:58:24,scripts/13_kutu_bazinda_karsilastir.py
Taban-512,TOPLAM,0.84,157,970,13,957,0.0134,olculmedi,olculmedi,,reports/test_kutu_bazinda.csv + reports/test_kutu_bazinda_model512.csv,yeni model taramasi yapilmadi; mevcut kutu bazinda kayitlardan turetildi,eslesen_skor >= esik; olculmus uc esikte birebir dogrulandi,Model-512: tahminler_model512.csv'den turetildi (tum esikler dolu). Taban-512: tahmin kaydi alinmadigi icin yalnizca olculmus uc esikte dolu.,50,3.13.1,8.4.144,0.12.6,2.14.0,2026-09-12 08:58:24,scripts/13_kutu_bazinda_karsilastir.py
Taban-512,TOPLAM,0.85,157,970,12,958,0.0124,olculmedi,olculmedi,,reports/test_kutu_bazinda.csv + reports/test_kutu_bazinda_model512.csv,yeni model taramasi yapilmadi; mevcut kutu bazinda kayitlardan turetildi,eslesen_skor >= esik; olculmus uc esikte birebir dogrulandi,Model-512: tahminler_model512.csv'den turetildi (tum esikler dolu). Taban-512: tahmin kaydi alinmadigi icin yalnizca olculmus uc esikte dolu.,50,3.13.1,8.4.144,0.12.6,2.14.0,2026-09-12 08:58:24,scripts/13_kutu_bazinda_karsilastir.py
Taban-512,TOPLAM,0.86,157,970,9,961,0.0093,olculmedi,olculmedi,,reports/test_kutu_bazinda.csv + reports/test_kutu_bazinda_model512.csv,yeni model taramasi yapilmadi; mevcut kutu bazinda kayitlardan turetildi,eslesen_skor >= esik; olculmus uc esikte birebir dogrulandi,Model-512: tahminler_model512.csv'den turetildi (tum esikler dolu). Taban-512: tahmin kaydi alinmadigi icin yalnizca olculmus uc esikte dolu.,50,3.13.1,8.4.144,0.12.6,2.14.0,2026-09-12 08:58:24,scripts/13_kutu_bazinda_karsilastir.py
Taban-512,TOPLAM,0.87,157,970,6,964,0.0062,olculmedi,olculmedi,,reports/test_kutu_bazinda.csv + reports/test_kutu_bazinda_model512.csv,yeni model taramasi yapilmadi; mevcut kutu bazinda kayitlardan turetildi,eslesen_skor >= esik; olculmus uc esikte birebir dogrulandi,Model-512: tahminler_model512.csv'den turetildi (tum esikler dolu). Taban-512: tahmin kaydi alinmadigi icin yalnizca olculmus uc esikte dolu.,50,3.13.1,8.4.144,0.12.6,2.14.0,2026-09-12 08:58:24,scripts/13_kutu_bazinda_karsilastir.py
Taban-512,TOPLAM,0.88,157,970,2,968,0.0021,olculmedi,olculmedi,,reports/test_kutu_bazinda.csv + reports/test_kutu_bazinda_model512.csv,yeni model taramasi yapilmadi; mevcut kutu bazinda kayitlardan turetildi,eslesen_skor >= esik; olculmus uc esikte birebir dogrulandi,Model-512: tahminler_model512.csv'den turetildi (tum esikler dolu). Taban-512: tahmin kaydi alinmadigi icin yalnizca olculmus uc esikte dolu.,50,3.13.1,8.4.144,0.12.6,2.14.0,2026-09-12 08:58:24,scripts/13_kutu_bazinda_karsilastir.py
Taban-512,TOPLAM,0.89,157,970,1,969,0.001,olculmedi,olculmedi,,reports/test_kutu_bazinda.csv + reports/test_kutu_bazinda_model512.csv,yeni model taramasi yapilmadi; mevcut kutu bazinda kayitlardan turetildi,eslesen_skor >= esik; olculmus uc esikte birebir dogrulandi,Model-512: tahminler_model512.csv'den turetildi (tum esikler dolu). Taban-512: tahmin kaydi alinmadigi icin yalnizca olculmus uc esikte dolu.,50,3.13.1,8.4.144,0.12.6,2.14.0,2026-09-12 08:58:24,scripts/13_kutu_bazinda_karsilastir.py
Taban-512,TOPLAM,0.9,157,970,0,970,0.0,olculmedi,olculmedi,,reports/test_kutu_bazinda.csv + reports/test_kutu_bazinda_model512.csv,yeni model taramasi yapilmadi; mevcut kutu bazinda kayitlardan turetildi,eslesen_skor >= esik; olculmus uc esikte birebir dogrulandi,Model-512: tahminler_model512.csv'den turetildi (tum esikler dolu). Taban-512: tahmin kaydi alinmadigi icin yalnizca olculmus uc esikte dolu.,50,3.13.1,8.4.144,0.12.6,2.14.0,2026-09-12 08:58:24,scripts/13_kutu_bazinda_karsilastir.py
Taban-512,TOPLAM,0.91,157,970,0,970,0.0,olculmedi,olculmedi,,reports/test_kutu_bazinda.csv + reports/test_kutu_bazinda_model512.csv,yeni model taramasi yapilmadi; mevcut kutu bazinda kayitlardan turetildi,eslesen_skor >= esik; olculmus uc esikte birebir dogrulandi,Model-512: tahminler_model512.csv'den turetildi (tum esikler dolu). Taban-512: tahmin kaydi alinmadigi icin yalnizca olculmus uc esikte dolu.,50,3.13.1,8.4.144,0.12.6,2.14.0,2026-09-12 08:58:24,scripts/13_kutu_bazinda_karsilastir.py
Taban-512,TOPLAM,0.92,157,970,0,970,0.0,olculmedi,olculmedi,,reports/test_kutu_bazinda.csv + reports/test_kutu_bazinda_model512.csv,yeni model taramasi yapilmadi; mevcut kutu bazinda kayitlardan turetildi,eslesen_skor >= esik; olculmus uc esikte birebir dogrulandi,Model-512: tahminler_model512.csv'den turetildi (tum esikler dolu). Taban-512: tahmin kaydi alinmadigi icin yalnizca olculmus uc esikte dolu.,50,3.13.1,8.4.144,0.12.6,2.14.0,2026-09-12 08:58:24,scripts/13_kutu_bazinda_karsilastir.py
Taban-512,TOPLAM,0.93,157,970,0,970,0.0,olculmedi,olculmedi,,reports/test_kutu_bazinda.csv + reports/test_kutu_bazinda_model512.csv,yeni model taramasi yapilmadi; mevcut kutu bazinda kayitlardan turetildi,eslesen_skor >= esik; olculmus uc esikte birebir dogrulandi,Model-512: tahminler_model512.csv'den turetildi (tum esikler dolu). Taban-512: tahmin kaydi alinmadigi icin yalnizca olculmus uc esikte dolu.,50,3.13.1,8.4.144,0.12.6,2.14.0,2026-09-12 08:58:24,scripts/13_kutu_bazinda_karsilastir.py
Taban-512,TOPLAM,0.94,157,970,0,970,0.0,olculmedi,olculmedi,,reports/test_kutu_bazinda.csv + reports/test_kutu_bazinda_model512.csv,yeni model taramasi yapilmadi; mevcut kutu bazinda kayitlardan turetildi,eslesen_skor >= esik; olculmus uc esikte birebir dogrulandi,Model-512: tahminler_model512.csv'den turetildi (tum esikler dolu). Taban-512: tahmin kaydi alinmadigi icin yalnizca olculmus uc esikte dolu.,50,3.13.1,8.4.144,0.12.6,2.14.0,2026-09-12 08:58:24,scripts/13_kutu_bazinda_karsilastir.py
Taban-512,TOPLAM,0.95,157,970,0,970,0.0,olculmedi,olculmedi,,reports/test_kutu_bazinda.csv + reports/test_kutu_bazinda_model512.csv,yeni model taramasi yapilmadi; mevcut kutu bazinda kayitlardan turetildi,eslesen_skor >= esik; olculmus uc esikte birebir dogrulandi,Model-512: tahminler_model512.csv'den turetildi (tum esikler dolu). Taban-512: tahmin kaydi alinmadigi icin yalnizca olculmus uc esikte dolu.,50,3.13.1,8.4.144,0.12.6,2.14.0,2026-09-12 08:58:24,scripts/13_kutu_bazinda_karsilastir.py
Taban-512,ZRI,0.05,87,939,665,274,0.7082,21.49,ozet CSV'de olculdu,,reports/test_kutu_bazinda.csv + reports/test_kutu_bazinda_model512.csv,yeni model taramasi yapilmadi; mevcut kutu bazinda kayitlardan turetildi,eslesen_skor >= esik; olculmus uc esikte birebir dogrulandi,Model-512: tahminler_model512.csv'den turetildi (tum esikler dolu). Taban-512: tahmin kaydi alinmadigi icin yalnizca olculmus uc esikte dolu.,50,3.13.1,8.4.144,0.12.6,2.14.0,2026-09-12 08:58:24,scripts/13_kutu_bazinda_karsilastir.py
Taban-512,ZRI,0.06,87,939,648,291,0.6901,olculmedi,olculmedi,,reports/test_kutu_bazinda.csv + reports/test_kutu_bazinda_model512.csv,yeni model taramasi yapilmadi; mevcut kutu bazinda kayitlardan turetildi,eslesen_skor >= esik; olculmus uc esikte birebir dogrulandi,Model-512: tahminler_model512.csv'den turetildi (tum esikler dolu). Taban-512: tahmin kaydi alinmadigi icin yalnizca olculmus uc esikte dolu.,50,3.13.1,8.4.144,0.12.6,2.14.0,2026-09-12 08:58:24,scripts/13_kutu_bazinda_karsilastir.py
Taban-512,ZRI,0.07,87,939,631,308,0.672,olculmedi,olculmedi,,reports/test_kutu_bazinda.csv + reports/test_kutu_bazinda_model512.csv,yeni model taramasi yapilmadi; mevcut kutu bazinda kayitlardan turetildi,eslesen_skor >= esik; olculmus uc esikte birebir dogrulandi,Model-512: tahminler_model512.csv'den turetildi (tum esikler dolu). Taban-512: tahmin kaydi alinmadigi icin yalnizca olculmus uc esikte dolu.,50,3.13.1,8.4.144,0.12.6,2.14.0,2026-09-12 08:58:24,scripts/13_kutu_bazinda_karsilastir.py
Taban-512,ZRI,0.08,87,939,622,317,0.6624,olculmedi,olculmedi,,reports/test_kutu_bazinda.csv + reports/test_kutu_bazinda_model512.csv,yeni model taramasi yapilmadi; mevcut kutu bazinda kayitlardan turetildi,eslesen_skor >= esik; olculmus uc esikte birebir dogrulandi,Model-512: tahminler_model512.csv'den turetildi (tum esikler dolu). Taban-512: tahmin kaydi alinmadigi icin yalnizca olculmus uc esikte dolu.,50,3.13.1,8.4.144,0.12.6,2.14.0,2026-09-12 08:58:24,scripts/13_kutu_bazinda_karsilastir.py
Taban-512,ZRI,0.09,87,939,609,330,0.6486,olculmedi,olculmedi,,reports/test_kutu_bazinda.csv + reports/test_kutu_bazinda_model512.csv,yeni model taramasi yapilmadi; mevcut kutu bazinda kayitlardan turetildi,eslesen_skor >= esik; olculmus uc esikte birebir dogrulandi,Model-512: tahminler_model512.csv'den turetildi (tum esikler dolu). Taban-512: tahmin kaydi alinmadigi icin yalnizca olculmus uc esikte dolu.,50,3.13.1,8.4.144,0.12.6,2.14.0,2026-09-12 08:58:24,scripts/13_kutu_bazinda_karsilastir.py
Taban-512,ZRI,0.1,87,939,581,358,0.6187,olculmedi,olculmedi,,reports/test_kutu_bazinda.csv + reports/test_kutu_bazinda_model512.csv,yeni model taramasi yapilmadi; mevcut kutu bazinda kayitlardan turetildi,eslesen_skor >= esik; olculmus uc esikte birebir dogrulandi,Model-512: tahminler_model512.csv'den turetildi (tum esikler dolu). Taban-512: tahmin kaydi alinmadigi icin yalnizca olculmus uc esikte dolu.,50,3.13.1,8.4.144,0.12.6,2.14.0,2026-09-12 08:58:24,scripts/13_kutu_bazinda_karsilastir.py
Taban-512,ZRI,0.11,87,939,567,372,0.6038,olculmedi,olculmedi,,reports/test_kutu_bazinda.csv + reports/test_kutu_bazinda_model512.csv,yeni model taramasi yapilmadi; mevcut kutu bazinda kayitlardan turetildi,eslesen_skor >= esik; olculmus uc esikte birebir dogrulandi,Model-512: tahminler_model512.csv'den turetildi (tum esikler dolu). Taban-512: tahmin kaydi alinmadigi icin yalnizca olculmus uc esikte dolu.,50,3.13.1,8.4.144,0.12.6,2.14.0,2026-09-12 08:58:24,scripts/13_kutu_bazinda_karsilastir.py
Taban-512,ZRI,0.12,87,939,547,392,0.5825,olculmedi,olculmedi,,reports/test_kutu_bazinda.csv + reports/test_kutu_bazinda_model512.csv,yeni model taramasi yapilmadi; mevcut kutu bazinda kayitlardan turetildi,eslesen_skor >= esik; olculmus uc esikte birebir dogrulandi,Model-512: tahminler_model512.csv'den turetildi (tum esikler dolu). Taban-512: tahmin kaydi alinmadigi icin yalnizca olculmus uc esikte dolu.,50,3.13.1,8.4.144,0.12.6,2.14.0,2026-09-12 08:58:24,scripts/13_kutu_bazinda_karsilastir.py
Taban-512,ZRI,0.13,87,939,538,401,0.5729,olculmedi,olculmedi,,reports/test_kutu_bazinda.csv + reports/test_kutu_bazinda_model512.csv,yeni model taramasi yapilmadi; mevcut kutu bazinda kayitlardan turetildi,eslesen_skor >= esik; olculmus uc esikte birebir dogrulandi,Model-512: tahminler_model512.csv'den turetildi (tum esikler dolu). Taban-512: tahmin kaydi alinmadigi icin yalnizca olculmus uc esikte dolu.,50,3.13.1,8.4.144,0.12.6,2.14.0,2026-09-12 08:58:24,scripts/13_kutu_bazinda_karsilastir.py
Taban-512,ZRI,0.14,87,939,526,413,0.5602,olculmedi,olculmedi,,reports/test_kutu_bazinda.csv + reports/test_kutu_bazinda_model512.csv,yeni model taramasi yapilmadi; mevcut kutu bazinda kayitlardan turetildi,eslesen_skor >= esik; olculmus uc esikte birebir dogrulandi,Model-512: tahminler_model512.csv'den turetildi (tum esikler dolu). Taban-512: tahmin kaydi alinmadigi icin yalnizca olculmus uc esikte dolu.,50,3.13.1,8.4.144,0.12.6,2.14.0,2026-09-12 08:58:24,scripts/13_kutu_bazinda_karsilastir.py
Taban-512,ZRI,0.15,87,939,514,425,0.5474,7.22,ozet CSV'de olculdu,,reports/test_kutu_bazinda.csv + reports/test_kutu_bazinda_model512.csv,yeni model taramasi yapilmadi; mevcut kutu bazinda kayitlardan turetildi,eslesen_skor >= esik; olculmus uc esikte birebir dogrulandi,Model-512: tahminler_model512.csv'den turetildi (tum esikler dolu). Taban-512: tahmin kaydi alinmadigi icin yalnizca olculmus uc esikte dolu.,50,3.13.1,8.4.144,0.12.6,2.14.0,2026-09-12 08:58:24,scripts/13_kutu_bazinda_karsilastir.py
Taban-512,ZRI,0.16,87,939,506,433,0.5389,olculmedi,olculmedi,,reports/test_kutu_bazinda.csv + reports/test_kutu_bazinda_model512.csv,yeni model taramasi yapilmadi; mevcut kutu bazinda kayitlardan turetildi,eslesen_skor >= esik; olculmus uc esikte birebir dogrulandi,Model-512: tahminler_model512.csv'den turetildi (tum esikler dolu). Taban-512: tahmin kaydi alinmadigi icin yalnizca olculmus uc esikte dolu.,50,3.13.1,8.4.144,0.12.6,2.14.0,2026-09-12 08:58:24,scripts/13_kutu_bazinda_karsilastir.py
Taban-512,ZRI,0.17,87,939,499,440,0.5314,olculmedi,olculmedi,,reports/test_kutu_bazinda.csv + reports/test_kutu_bazinda_model512.csv,yeni model taramasi yapilmadi; mevcut kutu bazinda kayitlardan turetildi,eslesen_skor >= esik; olculmus uc esikte birebir dogrulandi,Model-512: tahminler_model512.csv'den turetildi (tum esikler dolu). Taban-512: tahmin kaydi alinmadigi icin yalnizca olculmus uc esikte dolu.,50,3.13.1,8.4.144,0.12.6,2.14.0,2026-09-12 08:58:24,scripts/13_kutu_bazinda_karsilastir.py
Taban-512,ZRI,0.18,87,939,481,458,0.5122,olculmedi,olculmedi,,reports/test_kutu_bazinda.csv + reports/test_kutu_bazinda_model512.csv,yeni model taramasi yapilmadi; mevcut kutu bazinda kayitlardan turetildi,eslesen_skor >= esik; olculmus uc esikte birebir dogrulandi,Model-512: tahminler_model512.csv'den turetildi (tum esikler dolu). Taban-512: tahmin kaydi alinmadigi icin yalnizca olculmus uc esikte dolu.,50,3.13.1,8.4.144,0.12.6,2.14.0,2026-09-12 08:58:24,scripts/13_kutu_bazinda_karsilastir.py
Taban-512,ZRI,0.19,87,939,469,470,0.4995,olculmedi,olculmedi,,reports/test_kutu_bazinda.csv + reports/test_kutu_bazinda_model512.csv,yeni model taramasi yapilmadi; mevcut kutu bazinda kayitlardan turetildi,eslesen_skor >= esik; olculmus uc esikte birebir dogrulandi,Model-512: tahminler_model512.csv'den turetildi (tum esikler dolu). Taban-512: tahmin kaydi alinmadigi icin yalnizca olculmus uc esikte dolu.,50,3.13.1,8.4.144,0.12.6,2.14.0,2026-09-12 08:58:24,scripts/13_kutu_bazinda_karsilastir.py
Taban-512,ZRI,0.2,87,939,452,487,0.4814,olculmedi,olculmedi,,reports/test_kutu_bazinda.csv + reports/test_kutu_bazinda_model512.csv,yeni model taramasi yapilmadi; mevcut kutu bazinda kayitlardan turetildi,eslesen_skor >= esik; olculmus uc esikte birebir dogrulandi,Model-512: tahminler_model512.csv'den turetildi (tum esikler dolu). Taban-512: tahmin kaydi alinmadigi icin yalnizca olculmus uc esikte dolu.,50,3.13.1,8.4.144,0.12.6,2.14.0,2026-09-12 08:58:24,scripts/13_kutu_bazinda_karsilastir.py
Taban-512,ZRI,0.21,87,939,443,496,0.4718,olculmedi,olculmedi,,reports/test_kutu_bazinda.csv + reports/test_kutu_bazinda_model512.csv,yeni model taramasi yapilmadi; mevcut kutu bazinda kayitlardan turetildi,eslesen_skor >= esik; olculmus uc esikte birebir dogrulandi,Model-512: tahminler_model512.csv'den turetildi (tum esikler dolu). Taban-512: tahmin kaydi alinmadigi icin yalnizca olculmus uc esikte dolu.,50,3.13.1,8.4.144,0.12.6,2.14.0,2026-09-12 08:58:24,scripts/13_kutu_bazinda_karsilastir.py
Taban-512,ZRI,0.22,87,939,432,507,0.4601,olculmedi,olculmedi,,reports/test_kutu_bazinda.csv + reports/test_kutu_bazinda_model512.csv,yeni model taramasi yapilmadi; mevcut kutu bazinda kayitlardan turetildi,eslesen_skor >= esik; olculmus uc esikte birebir dogrulandi,Model-512: tahminler_model512.csv'den turetildi (tum esikler dolu). Taban-512: tahmin kaydi alinmadigi icin yalnizca olculmus uc esikte dolu.,50,3.13.1,8.4.144,0.12.6,2.14.0,2026-09-12 08:58:24,scripts/13_kutu_bazinda_karsilastir.py
Taban-512,ZRI,0.23,87,939,414,525,0.4409,olculmedi,olculmedi,,reports/test_kutu_bazinda.csv + reports/test_kutu_bazinda_model512.csv,yeni model taramasi yapilmadi; mevcut kutu bazinda kayitlardan turetildi,eslesen_skor >= esik; olculmus uc esikte birebir dogrulandi,Model-512: tahminler_model512.csv'den turetildi (tum esikler dolu). Taban-512: tahmin kaydi alinmadigi icin yalnizca olculmus uc esikte dolu.,50,3.13.1,8.4.144,0.12.6,2.14.0,2026-09-12 08:58:24,scripts/13_kutu_bazinda_karsilastir.py
Taban-512,ZRI,0.24,87,939,402,537,0.4281,olculmedi,olculmedi,,reports/test_kutu_bazinda.csv + reports/test_kutu_bazinda_model512.csv,yeni model taramasi yapilmadi; mevcut kutu bazinda kayitlardan turetildi,eslesen_skor >= esik; olculmus uc esikte birebir dogrulandi,Model-512: tahminler_model512.csv'den turetildi (tum esikler dolu). Taban-512: tahmin kaydi alinmadigi icin yalnizca olculmus uc esikte dolu.,50,3.13.1,8.4.144,0.12.6,2.14.0,2026-09-12 08:58:24,scripts/13_kutu_bazinda_karsilastir.py
Taban-512,ZRI,0.25,87,939,395,544,0.4207,olculmedi,olculmedi,,reports/test_kutu_bazinda.csv + reports/test_kutu_bazinda_model512.csv,yeni model taramasi yapilmadi; mevcut kutu bazinda kayitlardan turetildi,eslesen_skor >= esik; olculmus uc esikte birebir dogrulandi,Model-512: tahminler_model512.csv'den turetildi (tum esikler dolu). Taban-512: tahmin kaydi alinmadigi icin yalnizca olculmus uc esikte dolu.,50,3.13.1,8.4.144,0.12.6,2.14.0,2026-09-12 08:58:24,scripts/13_kutu_bazinda_karsilastir.py
Taban-512,ZRI,0.26,87,939,381,558,0.4058,olculmedi,olculmedi,,reports/test_kutu_bazinda.csv + reports/test_kutu_bazinda_model512.csv,yeni model taramasi yapilmadi; mevcut kutu bazinda kayitlardan turetildi,eslesen_skor >= esik; olculmus uc esikte birebir dogrulandi,Model-512: tahminler_model512.csv'den turetildi (tum esikler dolu). Taban-512: tahmin kaydi alinmadigi icin yalnizca olculmus uc esikte dolu.,50,3.13.1,8.4.144,0.12.6,2.14.0,2026-09-12 08:58:24,scripts/13_kutu_bazinda_karsilastir.py
Taban-512,ZRI,0.27,87,939,372,567,0.3962,olculmedi,olculmedi,,reports/test_kutu_bazinda.csv + reports/test_kutu_bazinda_model512.csv,yeni model taramasi yapilmadi; mevcut kutu bazinda kayitlardan turetildi,eslesen_skor >= esik; olculmus uc esikte birebir dogrulandi,Model-512: tahminler_model512.csv'den turetildi (tum esikler dolu). Taban-512: tahmin kaydi alinmadigi icin yalnizca olculmus uc esikte dolu.,50,3.13.1,8.4.144,0.12.6,2.14.0,2026-09-12 08:58:24,scripts/13_kutu_bazinda_karsilastir.py
Taban-512,ZRI,0.28,87,939,366,573,0.3898,olculmedi,olculmedi,,reports/test_kutu_bazinda.csv + reports/test_kutu_bazinda_model512.csv,yeni model taramasi yapilmadi; mevcut kutu bazinda kayitlardan turetildi,eslesen_skor >= esik; olculmus uc esikte birebir dogrulandi,Model-512: tahminler_model512.csv'den turetildi (tum esikler dolu). Taban-512: tahmin kaydi alinmadigi icin yalnizca olculmus uc esikte dolu.,50,3.13.1,8.4.144,0.12.6,2.14.0,2026-09-12 08:58:24,scripts/13_kutu_bazinda_karsilastir.py
Taban-512,ZRI,0.29,87,939,362,577,0.3855,olculmedi,olculmedi,,reports/test_kutu_bazinda.csv + reports/test_kutu_bazinda_model512.csv,yeni model taramasi yapilmadi; mevcut kutu bazinda kayitlardan turetildi,eslesen_skor >= esik; olculmus uc esikte birebir dogrulandi,Model-512: tahminler_model512.csv'den turetildi (tum esikler dolu). Taban-512: tahmin kaydi alinmadigi icin yalnizca olculmus uc esikte dolu.,50,3.13.1,8.4.144,0.12.6,2.14.0,2026-09-12 08:58:24,scripts/13_kutu_bazinda_karsilastir.py
Taban-512,ZRI,0.3,87,939,358,581,0.3813,2.63,ozet CSV'de olculdu,,reports/test_kutu_bazinda.csv + reports/test_kutu_bazinda_model512.csv,yeni model taramasi yapilmadi; mevcut kutu bazinda kayitlardan turetildi,eslesen_skor >= esik; olculmus uc esikte birebir dogrulandi,Model-512: tahminler_model512.csv'den turetildi (tum esikler dolu). Taban-512: tahmin kaydi alinmadigi icin yalnizca olculmus uc esikte dolu.,50,3.13.1,8.4.144,0.12.6,2.14.0,2026-09-12 08:58:24,scripts/13_kutu_bazinda_karsilastir.py
Taban-512,ZRI,0.31,87,939,341,598,0.3632,olculmedi,olculmedi,,reports/test_kutu_bazinda.csv + reports/test_kutu_bazinda_model512.csv,yeni model taramasi yapilmadi; mevcut kutu bazinda kayitlardan turetildi,eslesen_skor >= esik; olculmus uc esikte birebir dogrulandi,Model-512: tahminler_model512.csv'den turetildi (tum esikler dolu). Taban-512: tahmin kaydi alinmadigi icin yalnizca olculmus uc esikte dolu.,50,3.13.1,8.4.144,0.12.6,2.14.0,2026-09-12 08:58:24,scripts/13_kutu_bazinda_karsilastir.py
Taban-512,ZRI,0.32,87,939,336,603,0.3578,olculmedi,olculmedi,,reports/test_kutu_bazinda.csv + reports/test_kutu_bazinda_model512.csv,yeni model taramasi yapilmadi; mevcut kutu bazinda kayitlardan turetildi,eslesen_skor >= esik; olculmus uc esikte birebir dogrulandi,Model-512: tahminler_model512.csv'den turetildi (tum esikler dolu). Taban-512: tahmin kaydi alinmadigi icin yalnizca olculmus uc esikte dolu.,50,3.13.1,8.4.144,0.12.6,2.14.0,2026-09-12 08:58:24,scripts/13_kutu_bazinda_karsilastir.py
Taban-512,ZRI,0.33,87,939,329,610,0.3504,olculmedi,olculmedi,,reports/test_kutu_bazinda.csv + reports/test_kutu_bazinda_model512.csv,yeni model taramasi yapilmadi; mevcut kutu bazinda kayitlardan turetildi,eslesen_skor >= esik; olculmus uc esikte birebir dogrulandi,Model-512: tahminler_model512.csv'den turetildi (tum esikler dolu). Taban-512: tahmin kaydi alinmadigi icin yalnizca olculmus uc esikte dolu.,50,3.13.1,8.4.144,0.12.6,2.14.0,2026-09-12 08:58:24,scripts/13_kutu_bazinda_karsilastir.py
Taban-512,ZRI,0.34,87,939,322,617,0.3429,olculmedi,olculmedi,,reports/test_kutu_bazinda.csv + reports/test_kutu_bazinda_model512.csv,yeni model taramasi yapilmadi; mevcut kutu bazinda kayitlardan turetildi,eslesen_skor >= esik; olculmus uc esikte birebir dogrulandi,Model-512: tahminler_model512.csv'den turetildi (tum esikler dolu). Taban-512: tahmin kaydi alinmadigi icin yalnizca olculmus uc esikte dolu.,50,3.13.1,8.4.144,0.12.6,2.14.0,2026-09-12 08:58:24,scripts/13_kutu_bazinda_karsilastir.py
Taban-512,ZRI,0.35,87,939,313,626,0.3333,olculmedi,olculmedi,,reports/test_kutu_bazinda.csv + reports/test_kutu_bazinda_model512.csv,yeni model taramasi yapilmadi; mevcut kutu bazinda kayitlardan turetildi,eslesen_skor >= esik; olculmus uc esikte birebir dogrulandi,Model-512: tahminler_model512.csv'den turetildi (tum esikler dolu). Taban-512: tahmin kaydi alinmadigi icin yalnizca olculmus uc esikte dolu.,50,3.13.1,8.4.144,0.12.6,2.14.0,2026-09-12 08:58:24,scripts/13_kutu_bazinda_karsilastir.py
Taban-512,ZRI,0.36,87,939,307,632,0.3269,olculmedi,olculmedi,,reports/test_kutu_bazinda.csv + reports/test_kutu_bazinda_model512.csv,yeni model taramasi yapilmadi; mevcut kutu bazinda kayitlardan turetildi,eslesen_skor >= esik; olculmus uc esikte birebir dogrulandi,Model-512: tahminler_model512.csv'den turetildi (tum esikler dolu). Taban-512: tahmin kaydi alinmadigi icin yalnizca olculmus uc esikte dolu.,50,3.13.1,8.4.144,0.12.6,2.14.0,2026-09-12 08:58:24,scripts/13_kutu_bazinda_karsilastir.py
Taban-512,ZRI,0.37,87,939,300,639,0.3195,olculmedi,olculmedi,,reports/test_kutu_bazinda.csv + reports/test_kutu_bazinda_model512.csv,yeni model taramasi yapilmadi; mevcut kutu bazinda kayitlardan turetildi,eslesen_skor >= esik; olculmus uc esikte birebir dogrulandi,Model-512: tahminler_model512.csv'den turetildi (tum esikler dolu). Taban-512: tahmin kaydi alinmadigi icin yalnizca olculmus uc esikte dolu.,50,3.13.1,8.4.144,0.12.6,2.14.0,2026-09-12 08:58:24,scripts/13_kutu_bazinda_karsilastir.py
Taban-512,ZRI,0.38,87,939,292,647,0.311,olculmedi,olculmedi,,reports/test_kutu_bazinda.csv + reports/test_kutu_bazinda_model512.csv,yeni model taramasi yapilmadi; mevcut kutu bazinda kayitlardan turetildi,eslesen_skor >= esik; olculmus uc esikte birebir dogrulandi,Model-512: tahminler_model512.csv'den turetildi (tum esikler dolu). Taban-512: tahmin kaydi alinmadigi icin yalnizca olculmus uc esikte dolu.,50,3.13.1,8.4.144,0.12.6,2.14.0,2026-09-12 08:58:24,scripts/13_kutu_bazinda_karsilastir.py
Taban-512,ZRI,0.39,87,939,287,652,0.3056,olculmedi,olculmedi,,reports/test_kutu_bazinda.csv + reports/test_kutu_bazinda_model512.csv,yeni model taramasi yapilmadi; mevcut kutu bazinda kayitlardan turetildi,eslesen_skor >= esik; olculmus uc esikte birebir dogrulandi,Model-512: tahminler_model512.csv'den turetildi (tum esikler dolu). Taban-512: tahmin kaydi alinmadigi icin yalnizca olculmus uc esikte dolu.,50,3.13.1,8.4.144,0.12.6,2.14.0,2026-09-12 08:58:24,scripts/13_kutu_bazinda_karsilastir.py
Taban-512,ZRI,0.4,87,939,278,661,0.2961,olculmedi,olculmedi,,reports/test_kutu_bazinda.csv + reports/test_kutu_bazinda_model512.csv,yeni model taramasi yapilmadi; mevcut kutu bazinda kayitlardan turetildi,eslesen_skor >= esik; olculmus uc esikte birebir dogrulandi,Model-512: tahminler_model512.csv'den turetildi (tum esikler dolu). Taban-512: tahmin kaydi alinmadigi icin yalnizca olculmus uc esikte dolu.,50,3.13.1,8.4.144,0.12.6,2.14.0,2026-09-12 08:58:24,scripts/13_kutu_bazinda_karsilastir.py
Taban-512,ZRI,0.41,87,939,267,672,0.2843,olculmedi,olculmedi,,reports/test_kutu_bazinda.csv + reports/test_kutu_bazinda_model512.csv,yeni model taramasi yapilmadi; mevcut kutu bazinda kayitlardan turetildi,eslesen_skor >= esik; olculmus uc esikte birebir dogrulandi,Model-512: tahminler_model512.csv'den turetildi (tum esikler dolu). Taban-512: tahmin kaydi alinmadigi icin yalnizca olculmus uc esikte dolu.,50,3.13.1,8.4.144,0.12.6,2.14.0,2026-09-12 08:58:24,scripts/13_kutu_bazinda_karsilastir.py
Taban-512,ZRI,0.42,87,939,255,684,0.2716,olculmedi,olculmedi,,reports/test_kutu_bazinda.csv + reports/test_kutu_bazinda_model512.csv,yeni model taramasi yapilmadi; mevcut kutu bazinda kayitlardan turetildi,eslesen_skor >= esik; olculmus uc esikte birebir dogrulandi,Model-512: tahminler_model512.csv'den turetildi (tum esikler dolu). Taban-512: tahmin kaydi alinmadigi icin yalnizca olculmus uc esikte dolu.,50,3.13.1,8.4.144,0.12.6,2.14.0,2026-09-12 08:58:24,scripts/13_kutu_bazinda_karsilastir.py
Taban-512,ZRI,0.43,87,939,246,693,0.262,olculmedi,olculmedi,,reports/test_kutu_bazinda.csv + reports/test_kutu_bazinda_model512.csv,yeni model taramasi yapilmadi; mevcut kutu bazinda kayitlardan turetildi,eslesen_skor >= esik; olculmus uc esikte birebir dogrulandi,Model-512: tahminler_model512.csv'den turetildi (tum esikler dolu). Taban-512: tahmin kaydi alinmadigi icin yalnizca olculmus uc esikte dolu.,50,3.13.1,8.4.144,0.12.6,2.14.0,2026-09-12 08:58:24,scripts/13_kutu_bazinda_karsilastir.py
Taban-512,ZRI,0.44,87,939,238,701,0.2535,olculmedi,olculmedi,,reports/test_kutu_bazinda.csv + reports/test_kutu_bazinda_model512.csv,yeni model taramasi yapilmadi; mevcut kutu bazinda kayitlardan turetildi,eslesen_skor >= esik; olculmus uc esikte birebir dogrulandi,Model-512: tahminler_model512.csv'den turetildi (tum esikler dolu). Taban-512: tahmin kaydi alinmadigi icin yalnizca olculmus uc esikte dolu.,50,3.13.1,8.4.144,0.12.6,2.14.0,2026-09-12 08:58:24,scripts/13_kutu_bazinda_karsilastir.py
Taban-512,ZRI,0.45,87,939,232,707,0.2471,olculmedi,olculmedi,,reports/test_kutu_bazinda.csv + reports/test_kutu_bazinda_model512.csv,yeni model taramasi yapilmadi; mevcut kutu bazinda kayitlardan turetildi,eslesen_skor >= esik; olculmus uc esikte birebir dogrulandi,Model-512: tahminler_model512.csv'den turetildi (tum esikler dolu). Taban-512: tahmin kaydi alinmadigi icin yalnizca olculmus uc esikte dolu.,50,3.13.1,8.4.144,0.12.6,2.14.0,2026-09-12 08:58:24,scripts/13_kutu_bazinda_karsilastir.py
Taban-512,ZRI,0.46,87,939,226,713,0.2407,olculmedi,olculmedi,,reports/test_kutu_bazinda.csv + reports/test_kutu_bazinda_model512.csv,yeni model taramasi yapilmadi; mevcut kutu bazinda kayitlardan turetildi,eslesen_skor >= esik; olculmus uc esikte birebir dogrulandi,Model-512: tahminler_model512.csv'den turetildi (tum esikler dolu). Taban-512: tahmin kaydi alinmadigi icin yalnizca olculmus uc esikte dolu.,50,3.13.1,8.4.144,0.12.6,2.14.0,2026-09-12 08:58:24,scripts/13_kutu_bazinda_karsilastir.py
Taban-512,ZRI,0.47,87,939,216,723,0.23,olculmedi,olculmedi,,reports/test_kutu_bazinda.csv + reports/test_kutu_bazinda_model512.csv,yeni model taramasi yapilmadi; mevcut kutu bazinda kayitlardan turetildi,eslesen_skor >= esik; olculmus uc esikte birebir dogrulandi,Model-512: tahminler_model512.csv'den turetildi (tum esikler dolu). Taban-512: tahmin kaydi alinmadigi icin yalnizca olculmus uc esikte dolu.,50,3.13.1,8.4.144,0.12.6,2.14.0,2026-09-12 08:58:24,scripts/13_kutu_bazinda_karsilastir.py
Taban-512,ZRI,0.48,87,939,206,733,0.2194,olculmedi,olculmedi,,reports/test_kutu_bazinda.csv + reports/test_kutu_bazinda_model512.csv,yeni model taramasi yapilmadi; mevcut kutu bazinda kayitlardan turetildi,eslesen_skor >= esik; olculmus uc esikte birebir dogrulandi,Model-512: tahminler_model512.csv'den turetildi (tum esikler dolu). Taban-512: tahmin kaydi alinmadigi icin yalnizca olculmus uc esikte dolu.,50,3.13.1,8.4.144,0.12.6,2.14.0,2026-09-12 08:58:24,scripts/13_kutu_bazinda_karsilastir.py
Taban-512,ZRI,0.49,87,939,201,738,0.2141,olculmedi,olculmedi,,reports/test_kutu_bazinda.csv + reports/test_kutu_bazinda_model512.csv,yeni model taramasi yapilmadi; mevcut kutu bazinda kayitlardan turetildi,eslesen_skor >= esik; olculmus uc esikte birebir dogrulandi,Model-512: tahminler_model512.csv'den turetildi (tum esikler dolu). Taban-512: tahmin kaydi alinmadigi icin yalnizca olculmus uc esikte dolu.,50,3.13.1,8.4.144,0.12.6,2.14.0,2026-09-12 08:58:24,scripts/13_kutu_bazinda_karsilastir.py
Taban-512,ZRI,0.5,87,939,196,743,0.2087,olculmedi,olculmedi,,reports/test_kutu_bazinda.csv + reports/test_kutu_bazinda_model512.csv,yeni model taramasi yapilmadi; mevcut kutu bazinda kayitlardan turetildi,eslesen_skor >= esik; olculmus uc esikte birebir dogrulandi,Model-512: tahminler_model512.csv'den turetildi (tum esikler dolu). Taban-512: tahmin kaydi alinmadigi icin yalnizca olculmus uc esikte dolu.,50,3.13.1,8.4.144,0.12.6,2.14.0,2026-09-12 08:58:24,scripts/13_kutu_bazinda_karsilastir.py
Taban-512,ZRI,0.51,87,939,191,748,0.2034,olculmedi,olculmedi,,reports/test_kutu_bazinda.csv + reports/test_kutu_bazinda_model512.csv,yeni model taramasi yapilmadi; mevcut kutu bazinda kayitlardan turetildi,eslesen_skor >= esik; olculmus uc esikte birebir dogrulandi,Model-512: tahminler_model512.csv'den turetildi (tum esikler dolu). Taban-512: tahmin kaydi alinmadigi icin yalnizca olculmus uc esikte dolu.,50,3.13.1,8.4.144,0.12.6,2.14.0,2026-09-12 08:58:24,scripts/13_kutu_bazinda_karsilastir.py
Taban-512,ZRI,0.52,87,939,186,753,0.1981,olculmedi,olculmedi,,reports/test_kutu_bazinda.csv + reports/test_kutu_bazinda_model512.csv,yeni model taramasi yapilmadi; mevcut kutu bazinda kayitlardan turetildi,eslesen_skor >= esik; olculmus uc esikte birebir dogrulandi,Model-512: tahminler_model512.csv'den turetildi (tum esikler dolu). Taban-512: tahmin kaydi alinmadigi icin yalnizca olculmus uc esikte dolu.,50,3.13.1,8.4.144,0.12.6,2.14.0,2026-09-12 08:58:24,scripts/13_kutu_bazinda_karsilastir.py
Taban-512,ZRI,0.53,87,939,176,763,0.1874,olculmedi,olculmedi,,reports/test_kutu_bazinda.csv + reports/test_kutu_bazinda_model512.csv,yeni model taramasi yapilmadi; mevcut kutu bazinda kayitlardan turetildi,eslesen_skor >= esik; olculmus uc esikte birebir dogrulandi,Model-512: tahminler_model512.csv'den turetildi (tum esikler dolu). Taban-512: tahmin kaydi alinmadigi icin yalnizca olculmus uc esikte dolu.,50,3.13.1,8.4.144,0.12.6,2.14.0,2026-09-12 08:58:24,scripts/13_kutu_bazinda_karsilastir.py
Taban-512,ZRI,0.54,87,939,167,772,0.1778,olculmedi,olculmedi,,reports/test_kutu_bazinda.csv + reports/test_kutu_bazinda_model512.csv,yeni model taramasi yapilmadi; mevcut kutu bazinda kayitlardan turetildi,eslesen_skor >= esik; olculmus uc esikte birebir dogrulandi,Model-512: tahminler_model512.csv'den turetildi (tum esikler dolu). Taban-512: tahmin kaydi alinmadigi icin yalnizca olculmus uc esikte dolu.,50,3.13.1,8.4.144,0.12.6,2.14.0,2026-09-12 08:58:24,scripts/13_kutu_bazinda_karsilastir.py
Taban-512,ZRI,0.55,87,939,157,782,0.1672,olculmedi,olculmedi,,reports/test_kutu_bazinda.csv + reports/test_kutu_bazinda_model512.csv,yeni model taramasi yapilmadi; mevcut kutu bazinda kayitlardan turetildi,eslesen_skor >= esik; olculmus uc esikte birebir dogrulandi,Model-512: tahminler_model512.csv'den turetildi (tum esikler dolu). Taban-512: tahmin kaydi alinmadigi icin yalnizca olculmus uc esikte dolu.,50,3.13.1,8.4.144,0.12.6,2.14.0,2026-09-12 08:58:24,scripts/13_kutu_bazinda_karsilastir.py
Taban-512,ZRI,0.56,87,939,151,788,0.1608,olculmedi,olculmedi,,reports/test_kutu_bazinda.csv + reports/test_kutu_bazinda_model512.csv,yeni model taramasi yapilmadi; mevcut kutu bazinda kayitlardan turetildi,eslesen_skor >= esik; olculmus uc esikte birebir dogrulandi,Model-512: tahminler_model512.csv'den turetildi (tum esikler dolu). Taban-512: tahmin kaydi alinmadigi icin yalnizca olculmus uc esikte dolu.,50,3.13.1,8.4.144,0.12.6,2.14.0,2026-09-12 08:58:24,scripts/13_kutu_bazinda_karsilastir.py
Taban-512,ZRI,0.57,87,939,144,795,0.1534,olculmedi,olculmedi,,reports/test_kutu_bazinda.csv + reports/test_kutu_bazinda_model512.csv,yeni model taramasi yapilmadi; mevcut kutu bazinda kayitlardan turetildi,eslesen_skor >= esik; olculmus uc esikte birebir dogrulandi,Model-512: tahminler_model512.csv'den turetildi (tum esikler dolu). Taban-512: tahmin kaydi alinmadigi icin yalnizca olculmus uc esikte dolu.,50,3.13.1,8.4.144,0.12.6,2.14.0,2026-09-12 08:58:24,scripts/13_kutu_bazinda_karsilastir.py
Taban-512,ZRI,0.58,87,939,139,800,0.148,olculmedi,olculmedi,,reports/test_kutu_bazinda.csv + reports/test_kutu_bazinda_model512.csv,yeni model taramasi yapilmadi; mevcut kutu bazinda kayitlardan turetildi,eslesen_skor >= esik; olculmus uc esikte birebir dogrulandi,Model-512: tahminler_model512.csv'den turetildi (tum esikler dolu). Taban-512: tahmin kaydi alinmadigi icin yalnizca olculmus uc esikte dolu.,50,3.13.1,8.4.144,0.12.6,2.14.0,2026-09-12 08:58:24,scripts/13_kutu_bazinda_karsilastir.py
Taban-512,ZRI,0.59,87,939,131,808,0.1395,olculmedi,olculmedi,,reports/test_kutu_bazinda.csv + reports/test_kutu_bazinda_model512.csv,yeni model taramasi yapilmadi; mevcut kutu bazinda kayitlardan turetildi,eslesen_skor >= esik; olculmus uc esikte birebir dogrulandi,Model-512: tahminler_model512.csv'den turetildi (tum esikler dolu). Taban-512: tahmin kaydi alinmadigi icin yalnizca olculmus uc esikte dolu.,50,3.13.1,8.4.144,0.12.6,2.14.0,2026-09-12 08:58:24,scripts/13_kutu_bazinda_karsilastir.py
Taban-512,ZRI,0.6,87,939,125,814,0.1331,olculmedi,olculmedi,,reports/test_kutu_bazinda.csv + reports/test_kutu_bazinda_model512.csv,yeni model taramasi yapilmadi; mevcut kutu bazinda kayitlardan turetildi,eslesen_skor >= esik; olculmus uc esikte birebir dogrulandi,Model-512: tahminler_model512.csv'den turetildi (tum esikler dolu). Taban-512: tahmin kaydi alinmadigi icin yalnizca olculmus uc esikte dolu.,50,3.13.1,8.4.144,0.12.6,2.14.0,2026-09-12 08:58:24,scripts/13_kutu_bazinda_karsilastir.py
Taban-512,ZRI,0.61,87,939,120,819,0.1278,olculmedi,olculmedi,,reports/test_kutu_bazinda.csv + reports/test_kutu_bazinda_model512.csv,yeni model taramasi yapilmadi; mevcut kutu bazinda kayitlardan turetildi,eslesen_skor >= esik; olculmus uc esikte birebir dogrulandi,Model-512: tahminler_model512.csv'den turetildi (tum esikler dolu). Taban-512: tahmin kaydi alinmadigi icin yalnizca olculmus uc esikte dolu.,50,3.13.1,8.4.144,0.12.6,2.14.0,2026-09-12 08:58:24,scripts/13_kutu_bazinda_karsilastir.py
Taban-512,ZRI,0.62,87,939,112,827,0.1193,olculmedi,olculmedi,,reports/test_kutu_bazinda.csv + reports/test_kutu_bazinda_model512.csv,yeni model taramasi yapilmadi; mevcut kutu bazinda kayitlardan turetildi,eslesen_skor >= esik; olculmus uc esikte birebir dogrulandi,Model-512: tahminler_model512.csv'den turetildi (tum esikler dolu). Taban-512: tahmin kaydi alinmadigi icin yalnizca olculmus uc esikte dolu.,50,3.13.1,8.4.144,0.12.6,2.14.0,2026-09-12 08:58:24,scripts/13_kutu_bazinda_karsilastir.py
Taban-512,ZRI,0.63,87,939,109,830,0.1161,olculmedi,olculmedi,,reports/test_kutu_bazinda.csv + reports/test_kutu_bazinda_model512.csv,yeni model taramasi yapilmadi; mevcut kutu bazinda kayitlardan turetildi,eslesen_skor >= esik; olculmus uc esikte birebir dogrulandi,Model-512: tahminler_model512.csv'den turetildi (tum esikler dolu). Taban-512: tahmin kaydi alinmadigi icin yalnizca olculmus uc esikte dolu.,50,3.13.1,8.4.144,0.12.6,2.14.0,2026-09-12 08:58:24,scripts/13_kutu_bazinda_karsilastir.py
Taban-512,ZRI,0.64,87,939,107,832,0.114,olculmedi,olculmedi,,reports/test_kutu_bazinda.csv + reports/test_kutu_bazinda_model512.csv,yeni model taramasi yapilmadi; mevcut kutu bazinda kayitlardan turetildi,eslesen_skor >= esik; olculmus uc esikte birebir dogrulandi,Model-512: tahminler_model512.csv'den turetildi (tum esikler dolu). Taban-512: tahmin kaydi alinmadigi icin yalnizca olculmus uc esikte dolu.,50,3.13.1,8.4.144,0.12.6,2.14.0,2026-09-12 08:58:24,scripts/13_kutu_bazinda_karsilastir.py
Taban-512,ZRI,0.65,87,939,101,838,0.1076,olculmedi,olculmedi,,reports/test_kutu_bazinda.csv + reports/test_kutu_bazinda_model512.csv,yeni model taramasi yapilmadi; mevcut kutu bazinda kayitlardan turetildi,eslesen_skor >= esik; olculmus uc esikte birebir dogrulandi,Model-512: tahminler_model512.csv'den turetildi (tum esikler dolu). Taban-512: tahmin kaydi alinmadigi icin yalnizca olculmus uc esikte dolu.,50,3.13.1,8.4.144,0.12.6,2.14.0,2026-09-12 08:58:24,scripts/13_kutu_bazinda_karsilastir.py
Taban-512,ZRI,0.66,87,939,98,841,0.1044,olculmedi,olculmedi,,reports/test_kutu_bazinda.csv + reports/test_kutu_bazinda_model512.csv,yeni model taramasi yapilmadi; mevcut kutu bazinda kayitlardan turetildi,eslesen_skor >= esik; olculmus uc esikte birebir dogrulandi,Model-512: tahminler_model512.csv'den turetildi (tum esikler dolu). Taban-512: tahmin kaydi alinmadigi icin yalnizca olculmus uc esikte dolu.,50,3.13.1,8.4.144,0.12.6,2.14.0,2026-09-12 08:58:24,scripts/13_kutu_bazinda_karsilastir.py
Taban-512,ZRI,0.67,87,939,91,848,0.0969,olculmedi,olculmedi,,reports/test_kutu_bazinda.csv + reports/test_kutu_bazinda_model512.csv,yeni model taramasi yapilmadi; mevcut kutu bazinda kayitlardan turetildi,eslesen_skor >= esik; olculmus uc esikte birebir dogrulandi,Model-512: tahminler_model512.csv'den turetildi (tum esikler dolu). Taban-512: tahmin kaydi alinmadigi icin yalnizca olculmus uc esikte dolu.,50,3.13.1,8.4.144,0.12.6,2.14.0,2026-09-12 08:58:24,scripts/13_kutu_bazinda_karsilastir.py
Taban-512,ZRI,0.68,87,939,86,853,0.0916,olculmedi,olculmedi,,reports/test_kutu_bazinda.csv + reports/test_kutu_bazinda_model512.csv,yeni model taramasi yapilmadi; mevcut kutu bazinda kayitlardan turetildi,eslesen_skor >= esik; olculmus uc esikte birebir dogrulandi,Model-512: tahminler_model512.csv'den turetildi (tum esikler dolu). Taban-512: tahmin kaydi alinmadigi icin yalnizca olculmus uc esikte dolu.,50,3.13.1,8.4.144,0.12.6,2.14.0,2026-09-12 08:58:24,scripts/13_kutu_bazinda_karsilastir.py
Taban-512,ZRI,0.69,87,939,77,862,0.082,olculmedi,olculmedi,,reports/test_kutu_bazinda.csv + reports/test_kutu_bazinda_model512.csv,yeni model taramasi yapilmadi; mevcut kutu bazinda kayitlardan turetildi,eslesen_skor >= esik; olculmus uc esikte birebir dogrulandi,Model-512: tahminler_model512.csv'den turetildi (tum esikler dolu). Taban-512: tahmin kaydi alinmadigi icin yalnizca olculmus uc esikte dolu.,50,3.13.1,8.4.144,0.12.6,2.14.0,2026-09-12 08:58:24,scripts/13_kutu_bazinda_karsilastir.py
Taban-512,ZRI,0.7,87,939,73,866,0.0777,olculmedi,olculmedi,,reports/test_kutu_bazinda.csv + reports/test_kutu_bazinda_model512.csv,yeni model taramasi yapilmadi; mevcut kutu bazinda kayitlardan turetildi,eslesen_skor >= esik; olculmus uc esikte birebir dogrulandi,Model-512: tahminler_model512.csv'den turetildi (tum esikler dolu). Taban-512: tahmin kaydi alinmadigi icin yalnizca olculmus uc esikte dolu.,50,3.13.1,8.4.144,0.12.6,2.14.0,2026-09-12 08:58:24,scripts/13_kutu_bazinda_karsilastir.py
Taban-512,ZRI,0.71,87,939,69,870,0.0735,olculmedi,olculmedi,,reports/test_kutu_bazinda.csv + reports/test_kutu_bazinda_model512.csv,yeni model taramasi yapilmadi; mevcut kutu bazinda kayitlardan turetildi,eslesen_skor >= esik; olculmus uc esikte birebir dogrulandi,Model-512: tahminler_model512.csv'den turetildi (tum esikler dolu). Taban-512: tahmin kaydi alinmadigi icin yalnizca olculmus uc esikte dolu.,50,3.13.1,8.4.144,0.12.6,2.14.0,2026-09-12 08:58:24,scripts/13_kutu_bazinda_karsilastir.py
Taban-512,ZRI,0.72,87,939,65,874,0.0692,olculmedi,olculmedi,,reports/test_kutu_bazinda.csv + reports/test_kutu_bazinda_model512.csv,yeni model taramasi yapilmadi; mevcut kutu bazinda kayitlardan turetildi,eslesen_skor >= esik; olculmus uc esikte birebir dogrulandi,Model-512: tahminler_model512.csv'den turetildi (tum esikler dolu). Taban-512: tahmin kaydi alinmadigi icin yalnizca olculmus uc esikte dolu.,50,3.13.1,8.4.144,0.12.6,2.14.0,2026-09-12 08:58:24,scripts/13_kutu_bazinda_karsilastir.py
Taban-512,ZRI,0.73,87,939,60,879,0.0639,olculmedi,olculmedi,,reports/test_kutu_bazinda.csv + reports/test_kutu_bazinda_model512.csv,yeni model taramasi yapilmadi; mevcut kutu bazinda kayitlardan turetildi,eslesen_skor >= esik; olculmus uc esikte birebir dogrulandi,Model-512: tahminler_model512.csv'den turetildi (tum esikler dolu). Taban-512: tahmin kaydi alinmadigi icin yalnizca olculmus uc esikte dolu.,50,3.13.1,8.4.144,0.12.6,2.14.0,2026-09-12 08:58:24,scripts/13_kutu_bazinda_karsilastir.py
Taban-512,ZRI,0.74,87,939,52,887,0.0554,olculmedi,olculmedi,,reports/test_kutu_bazinda.csv + reports/test_kutu_bazinda_model512.csv,yeni model taramasi yapilmadi; mevcut kutu bazinda kayitlardan turetildi,eslesen_skor >= esik; olculmus uc esikte birebir dogrulandi,Model-512: tahminler_model512.csv'den turetildi (tum esikler dolu). Taban-512: tahmin kaydi alinmadigi icin yalnizca olculmus uc esikte dolu.,50,3.13.1,8.4.144,0.12.6,2.14.0,2026-09-12 08:58:24,scripts/13_kutu_bazinda_karsilastir.py
Taban-512,ZRI,0.75,87,939,45,894,0.0479,olculmedi,olculmedi,,reports/test_kutu_bazinda.csv + reports/test_kutu_bazinda_model512.csv,yeni model taramasi yapilmadi; mevcut kutu bazinda kayitlardan turetildi,eslesen_skor >= esik; olculmus uc esikte birebir dogrulandi,Model-512: tahminler_model512.csv'den turetildi (tum esikler dolu). Taban-512: tahmin kaydi alinmadigi icin yalnizca olculmus uc esikte dolu.,50,3.13.1,8.4.144,0.12.6,2.14.0,2026-09-12 08:58:24,scripts/13_kutu_bazinda_karsilastir.py
Taban-512,ZRI,0.76,87,939,41,898,0.0437,olculmedi,olculmedi,,reports/test_kutu_bazinda.csv + reports/test_kutu_bazinda_model512.csv,yeni model taramasi yapilmadi; mevcut kutu bazinda kayitlardan turetildi,eslesen_skor >= esik; olculmus uc esikte birebir dogrulandi,Model-512: tahminler_model512.csv'den turetildi (tum esikler dolu). Taban-512: tahmin kaydi alinmadigi icin yalnizca olculmus uc esikte dolu.,50,3.13.1,8.4.144,0.12.6,2.14.0,2026-09-12 08:58:24,scripts/13_kutu_bazinda_karsilastir.py
Taban-512,ZRI,0.77,87,939,36,903,0.0383,olculmedi,olculmedi,,reports/test_kutu_bazinda.csv + reports/test_kutu_bazinda_model512.csv,yeni model taramasi yapilmadi; mevcut kutu bazinda kayitlardan turetildi,eslesen_skor >= esik; olculmus uc esikte birebir dogrulandi,Model-512: tahminler_model512.csv'den turetildi (tum esikler dolu). Taban-512: tahmin kaydi alinmadigi icin yalnizca olculmus uc esikte dolu.,50,3.13.1,8.4.144,0.12.6,2.14.0,2026-09-12 08:58:24,scripts/13_kutu_bazinda_karsilastir.py
Taban-512,ZRI,0.78,87,939,33,906,0.0351,olculmedi,olculmedi,,reports/test_kutu_bazinda.csv + reports/test_kutu_bazinda_model512.csv,yeni model taramasi yapilmadi; mevcut kutu bazinda kayitlardan turetildi,eslesen_skor >= esik; olculmus uc esikte birebir dogrulandi,Model-512: tahminler_model512.csv'den turetildi (tum esikler dolu). Taban-512: tahmin kaydi alinmadigi icin yalnizca olculmus uc esikte dolu.,50,3.13.1,8.4.144,0.12.6,2.14.0,2026-09-12 08:58:24,scripts/13_kutu_bazinda_karsilastir.py
Taban-512,ZRI,0.79,87,939,30,909,0.0319,olculmedi,olculmedi,,reports/test_kutu_bazinda.csv + reports/test_kutu_bazinda_model512.csv,yeni model taramasi yapilmadi; mevcut kutu bazinda kayitlardan turetildi,eslesen_skor >= esik; olculmus uc esikte birebir dogrulandi,Model-512: tahminler_model512.csv'den turetildi (tum esikler dolu). Taban-512: tahmin kaydi alinmadigi icin yalnizca olculmus uc esikte dolu.,50,3.13.1,8.4.144,0.12.6,2.14.0,2026-09-12 08:58:24,scripts/13_kutu_bazinda_karsilastir.py
Taban-512,ZRI,0.8,87,939,26,913,0.0277,olculmedi,olculmedi,,reports/test_kutu_bazinda.csv + reports/test_kutu_bazinda_model512.csv,yeni model taramasi yapilmadi; mevcut kutu bazinda kayitlardan turetildi,eslesen_skor >= esik; olculmus uc esikte birebir dogrulandi,Model-512: tahminler_model512.csv'den turetildi (tum esikler dolu). Taban-512: tahmin kaydi alinmadigi icin yalnizca olculmus uc esikte dolu.,50,3.13.1,8.4.144,0.12.6,2.14.0,2026-09-12 08:58:24,scripts/13_kutu_bazinda_karsilastir.py
Taban-512,ZRI,0.81,87,939,24,915,0.0256,olculmedi,olculmedi,,reports/test_kutu_bazinda.csv + reports/test_kutu_bazinda_model512.csv,yeni model taramasi yapilmadi; mevcut kutu bazinda kayitlardan turetildi,eslesen_skor >= esik; olculmus uc esikte birebir dogrulandi,Model-512: tahminler_model512.csv'den turetildi (tum esikler dolu). Taban-512: tahmin kaydi alinmadigi icin yalnizca olculmus uc esikte dolu.,50,3.13.1,8.4.144,0.12.6,2.14.0,2026-09-12 08:58:24,scripts/13_kutu_bazinda_karsilastir.py
Taban-512,ZRI,0.82,87,939,21,918,0.0224,olculmedi,olculmedi,,reports/test_kutu_bazinda.csv + reports/test_kutu_bazinda_model512.csv,yeni model taramasi yapilmadi; mevcut kutu bazinda kayitlardan turetildi,eslesen_skor >= esik; olculmus uc esikte birebir dogrulandi,Model-512: tahminler_model512.csv'den turetildi (tum esikler dolu). Taban-512: tahmin kaydi alinmadigi icin yalnizca olculmus uc esikte dolu.,50,3.13.1,8.4.144,0.12.6,2.14.0,2026-09-12 08:58:24,scripts/13_kutu_bazinda_karsilastir.py
Taban-512,ZRI,0.83,87,939,16,923,0.017,olculmedi,olculmedi,,reports/test_kutu_bazinda.csv + reports/test_kutu_bazinda_model512.csv,yeni model taramasi yapilmadi; mevcut kutu bazinda kayitlardan turetildi,eslesen_skor >= esik; olculmus uc esikte birebir dogrulandi,Model-512: tahminler_model512.csv'den turetildi (tum esikler dolu). Taban-512: tahmin kaydi alinmadigi icin yalnizca olculmus uc esikte dolu.,50,3.13.1,8.4.144,0.12.6,2.14.0,2026-09-12 08:58:24,scripts/13_kutu_bazinda_karsilastir.py
Taban-512,ZRI,0.84,87,939,13,926,0.0138,olculmedi,olculmedi,,reports/test_kutu_bazinda.csv + reports/test_kutu_bazinda_model512.csv,yeni model taramasi yapilmadi; mevcut kutu bazinda kayitlardan turetildi,eslesen_skor >= esik; olculmus uc esikte birebir dogrulandi,Model-512: tahminler_model512.csv'den turetildi (tum esikler dolu). Taban-512: tahmin kaydi alinmadigi icin yalnizca olculmus uc esikte dolu.,50,3.13.1,8.4.144,0.12.6,2.14.0,2026-09-12 08:58:24,scripts/13_kutu_bazinda_karsilastir.py
Taban-512,ZRI,0.85,87,939,12,927,0.0128,olculmedi,olculmedi,,reports/test_kutu_bazinda.csv + reports/test_kutu_bazinda_model512.csv,yeni model taramasi yapilmadi; mevcut kutu bazinda kayitlardan turetildi,eslesen_skor >= esik; olculmus uc esikte birebir dogrulandi,Model-512: tahminler_model512.csv'den turetildi (tum esikler dolu). Taban-512: tahmin kaydi alinmadigi icin yalnizca olculmus uc esikte dolu.,50,3.13.1,8.4.144,0.12.6,2.14.0,2026-09-12 08:58:24,scripts/13_kutu_bazinda_karsilastir.py
Taban-512,ZRI,0.86,87,939,9,930,0.0096,olculmedi,olculmedi,,reports/test_kutu_bazinda.csv + reports/test_kutu_bazinda_model512.csv,yeni model taramasi yapilmadi; mevcut kutu bazinda kayitlardan turetildi,eslesen_skor >= esik; olculmus uc esikte birebir dogrulandi,Model-512: tahminler_model512.csv'den turetildi (tum esikler dolu). Taban-512: tahmin kaydi alinmadigi icin yalnizca olculmus uc esikte dolu.,50,3.13.1,8.4.144,0.12.6,2.14.0,2026-09-12 08:58:24,scripts/13_kutu_bazinda_karsilastir.py
Taban-512,ZRI,0.87,87,939,6,933,0.0064,olculmedi,olculmedi,,reports/test_kutu_bazinda.csv + reports/test_kutu_bazinda_model512.csv,yeni model taramasi yapilmadi; mevcut kutu bazinda kayitlardan turetildi,eslesen_skor >= esik; olculmus uc esikte birebir dogrulandi,Model-512: tahminler_model512.csv'den turetildi (tum esikler dolu). Taban-512: tahmin kaydi alinmadigi icin yalnizca olculmus uc esikte dolu.,50,3.13.1,8.4.144,0.12.6,2.14.0,2026-09-12 08:58:24,scripts/13_kutu_bazinda_karsilastir.py
Taban-512,ZRI,0.88,87,939,2,937,0.0021,olculmedi,olculmedi,,reports/test_kutu_bazinda.csv + reports/test_kutu_bazinda_model512.csv,yeni model taramasi yapilmadi; mevcut kutu bazinda kayitlardan turetildi,eslesen_skor >= esik; olculmus uc esikte birebir dogrulandi,Model-512: tahminler_model512.csv'den turetildi (tum esikler dolu). Taban-512: tahmin kaydi alinmadigi icin yalnizca olculmus uc esikte dolu.,50,3.13.1,8.4.144,0.12.6,2.14.0,2026-09-12 08:58:24,scripts/13_kutu_bazinda_karsilastir.py
Taban-512,ZRI,0.89,87,939,1,938,0.0011,olculmedi,olculmedi,,reports/test_kutu_bazinda.csv + reports/test_kutu_bazinda_model512.csv,yeni model taramasi yapilmadi; mevcut kutu bazinda kayitlardan turetildi,eslesen_skor >= esik; olculmus uc esikte birebir dogrulandi,Model-512: tahminler_model512.csv'den turetildi (tum esikler dolu). Taban-512: tahmin kaydi alinmadigi icin yalnizca olculmus uc esikte dolu.,50,3.13.1,8.4.144,0.12.6,2.14.0,2026-09-12 08:58:24,scripts/13_kutu_bazinda_karsilastir.py
Taban-512,ZRI,0.9,87,939,0,939,0.0,olculmedi,olculmedi,,reports/test_kutu_bazinda.csv + reports/test_kutu_bazinda_model512.csv,yeni model taramasi yapilmadi; mevcut kutu bazinda kayitlardan turetildi,eslesen_skor >= esik; olculmus uc esikte birebir dogrulandi,Model-512: tahminler_model512.csv'den turetildi (tum esikler dolu). Taban-512: tahmin kaydi alinmadigi icin yalnizca olculmus uc esikte dolu.,50,3.13.1,8.4.144,0.12.6,2.14.0,2026-09-12 08:58:24,scripts/13_kutu_bazinda_karsilastir.py
Taban-512,ZRI,0.91,87,939,0,939,0.0,olculmedi,olculmedi,,reports/test_kutu_bazinda.csv + reports/test_kutu_bazinda_model512.csv,yeni model taramasi yapilmadi; mevcut kutu bazinda kayitlardan turetildi,eslesen_skor >= esik; olculmus uc esikte birebir dogrulandi,Model-512: tahminler_model512.csv'den turetildi (tum esikler dolu). Taban-512: tahmin kaydi alinmadigi icin yalnizca olculmus uc esikte dolu.,50,3.13.1,8.4.144,0.12.6,2.14.0,2026-09-12 08:58:24,scripts/13_kutu_bazinda_karsilastir.py
Taban-512,ZRI,0.92,87,939,0,939,0.0,olculmedi,olculmedi,,reports/test_kutu_bazinda.csv + reports/test_kutu_bazinda_model512.csv,yeni model taramasi yapilmadi; mevcut kutu bazinda kayitlardan turetildi,eslesen_skor >= esik; olculmus uc esikte birebir dogrulandi,Model-512: tahminler_model512.csv'den turetildi (tum esikler dolu). Taban-512: tahmin kaydi alinmadigi icin yalnizca olculmus uc esikte dolu.,50,3.13.1,8.4.144,0.12.6,2.14.0,2026-09-12 08:58:24,scripts/13_kutu_bazinda_karsilastir.py
Taban-512,ZRI,0.93,87,939,0,939,0.0,olculmedi,olculmedi,,reports/test_kutu_bazinda.csv + reports/test_kutu_bazinda_model512.csv,yeni model taramasi yapilmadi; mevcut kutu bazinda kayitlardan turetildi,eslesen_skor >= esik; olculmus uc esikte birebir dogrulandi,Model-512: tahminler_model512.csv'den turetildi (tum esikler dolu). Taban-512: tahmin kaydi alinmadigi icin yalnizca olculmus uc esikte dolu.,50,3.13.1,8.4.144,0.12.6,2.14.0,2026-09-12 08:58:24,scripts/13_kutu_bazinda_karsilastir.py
Taban-512,ZRI,0.94,87,939,0,939,0.0,olculmedi,olculmedi,,reports/test_kutu_bazinda.csv + reports/test_kutu_bazinda_model512.csv,yeni model taramasi yapilmadi; mevcut kutu bazinda kayitlardan turetildi,eslesen_skor >= esik; olculmus uc esikte birebir dogrulandi,Model-512: tahminler_model512.csv'den turetildi (tum esikler dolu). Taban-512: tahmin kaydi alinmadigi icin yalnizca olculmus uc esikte dolu.,50,3.13.1,8.4.144,0.12.6,2.14.0,2026-09-12 08:58:24,scripts/13_kutu_bazinda_karsilastir.py
Taban-512,ZRI,0.95,87,939,0,939,0.0,olculmedi,olculmedi,,reports/test_kutu_bazinda.csv + reports/test_kutu_bazinda_model512.csv,yeni model taramasi yapilmadi; mevcut kutu bazinda kayitlardan turetildi,eslesen_skor >= esik; olculmus uc esikte birebir dogrulandi,Model-512: tahminler_model512.csv'den turetildi (tum esikler dolu). Taban-512: tahmin kaydi alinmadigi icin yalnizca olculmus uc esikte dolu.,50,3.13.1,8.4.144,0.12.6,2.14.0,2026-09-12 08:58:24,scripts/13_kutu_bazinda_karsilastir.py
Taban-512,ZRI_HARIC,0.05,70,31,25,6,0.8065,14.19,ozet CSV'de olculdu,az ornek,reports/test_kutu_bazinda.csv + reports/test_kutu_bazinda_model512.csv,yeni model taramasi yapilmadi; mevcut kutu bazinda kayitlardan turetildi,eslesen_skor >= esik; olculmus uc esikte birebir dogrulandi,Model-512: tahminler_model512.csv'den turetildi (tum esikler dolu). Taban-512: tahmin kaydi alinmadigi icin yalnizca olculmus uc esikte dolu.,50,3.13.1,8.4.144,0.12.6,2.14.0,2026-09-12 08:58:24,scripts/13_kutu_bazinda_karsilastir.py
Taban-512,ZRI_HARIC,0.06,70,31,23,8,0.7419,olculmedi,olculmedi,az ornek,reports/test_kutu_bazinda.csv + reports/test_kutu_bazinda_model512.csv,yeni model taramasi yapilmadi; mevcut kutu bazinda kayitlardan turetildi,eslesen_skor >= esik; olculmus uc esikte birebir dogrulandi,Model-512: tahminler_model512.csv'den turetildi (tum esikler dolu). Taban-512: tahmin kaydi alinmadigi icin yalnizca olculmus uc esikte dolu.,50,3.13.1,8.4.144,0.12.6,2.14.0,2026-09-12 08:58:24,scripts/13_kutu_bazinda_karsilastir.py
Taban-512,ZRI_HARIC,0.07,70,31,23,8,0.7419,olculmedi,olculmedi,az ornek,reports/test_kutu_bazinda.csv + reports/test_kutu_bazinda_model512.csv,yeni model taramasi yapilmadi; mevcut kutu bazinda kayitlardan turetildi,eslesen_skor >= esik; olculmus uc esikte birebir dogrulandi,Model-512: tahminler_model512.csv'den turetildi (tum esikler dolu). Taban-512: tahmin kaydi alinmadigi icin yalnizca olculmus uc esikte dolu.,50,3.13.1,8.4.144,0.12.6,2.14.0,2026-09-12 08:58:24,scripts/13_kutu_bazinda_karsilastir.py
Taban-512,ZRI_HARIC,0.08,70,31,22,9,0.7097,olculmedi,olculmedi,az ornek,reports/test_kutu_bazinda.csv + reports/test_kutu_bazinda_model512.csv,yeni model taramasi yapilmadi; mevcut kutu bazinda kayitlardan turetildi,eslesen_skor >= esik; olculmus uc esikte birebir dogrulandi,Model-512: tahminler_model512.csv'den turetildi (tum esikler dolu). Taban-512: tahmin kaydi alinmadigi icin yalnizca olculmus uc esikte dolu.,50,3.13.1,8.4.144,0.12.6,2.14.0,2026-09-12 08:58:24,scripts/13_kutu_bazinda_karsilastir.py
Taban-512,ZRI_HARIC,0.09,70,31,21,10,0.6774,olculmedi,olculmedi,az ornek,reports/test_kutu_bazinda.csv + reports/test_kutu_bazinda_model512.csv,yeni model taramasi yapilmadi; mevcut kutu bazinda kayitlardan turetildi,eslesen_skor >= esik; olculmus uc esikte birebir dogrulandi,Model-512: tahminler_model512.csv'den turetildi (tum esikler dolu). Taban-512: tahmin kaydi alinmadigi icin yalnizca olculmus uc esikte dolu.,50,3.13.1,8.4.144,0.12.6,2.14.0,2026-09-12 08:58:24,scripts/13_kutu_bazinda_karsilastir.py
Taban-512,ZRI_HARIC,0.1,70,31,21,10,0.6774,olculmedi,olculmedi,az ornek,reports/test_kutu_bazinda.csv + reports/test_kutu_bazinda_model512.csv,yeni model taramasi yapilmadi; mevcut kutu bazinda kayitlardan turetildi,eslesen_skor >= esik; olculmus uc esikte birebir dogrulandi,Model-512: tahminler_model512.csv'den turetildi (tum esikler dolu). Taban-512: tahmin kaydi alinmadigi icin yalnizca olculmus uc esikte dolu.,50,3.13.1,8.4.144,0.12.6,2.14.0,2026-09-12 08:58:24,scripts/13_kutu_bazinda_karsilastir.py
Taban-512,ZRI_HARIC,0.11,70,31,20,11,0.6452,olculmedi,olculmedi,az ornek,reports/test_kutu_bazinda.csv + reports/test_kutu_bazinda_model512.csv,yeni model taramasi yapilmadi; mevcut kutu bazinda kayitlardan turetildi,eslesen_skor >= esik; olculmus uc esikte birebir dogrulandi,Model-512: tahminler_model512.csv'den turetildi (tum esikler dolu). Taban-512: tahmin kaydi alinmadigi icin yalnizca olculmus uc esikte dolu.,50,3.13.1,8.4.144,0.12.6,2.14.0,2026-09-12 08:58:24,scripts/13_kutu_bazinda_karsilastir.py
Taban-512,ZRI_HARIC,0.12,70,31,20,11,0.6452,olculmedi,olculmedi,az ornek,reports/test_kutu_bazinda.csv + reports/test_kutu_bazinda_model512.csv,yeni model taramasi yapilmadi; mevcut kutu bazinda kayitlardan turetildi,eslesen_skor >= esik; olculmus uc esikte birebir dogrulandi,Model-512: tahminler_model512.csv'den turetildi (tum esikler dolu). Taban-512: tahmin kaydi alinmadigi icin yalnizca olculmus uc esikte dolu.,50,3.13.1,8.4.144,0.12.6,2.14.0,2026-09-12 08:58:24,scripts/13_kutu_bazinda_karsilastir.py
Taban-512,ZRI_HARIC,0.13,70,31,19,12,0.6129,olculmedi,olculmedi,az ornek,reports/test_kutu_bazinda.csv + reports/test_kutu_bazinda_model512.csv,yeni model taramasi yapilmadi; mevcut kutu bazinda kayitlardan turetildi,eslesen_skor >= esik; olculmus uc esikte birebir dogrulandi,Model-512: tahminler_model512.csv'den turetildi (tum esikler dolu). Taban-512: tahmin kaydi alinmadigi icin yalnizca olculmus uc esikte dolu.,50,3.13.1,8.4.144,0.12.6,2.14.0,2026-09-12 08:58:24,scripts/13_kutu_bazinda_karsilastir.py
Taban-512,ZRI_HARIC,0.14,70,31,19,12,0.6129,olculmedi,olculmedi,az ornek,reports/test_kutu_bazinda.csv + reports/test_kutu_bazinda_model512.csv,yeni model taramasi yapilmadi; mevcut kutu bazinda kayitlardan turetildi,eslesen_skor >= esik; olculmus uc esikte birebir dogrulandi,Model-512: tahminler_model512.csv'den turetildi (tum esikler dolu). Taban-512: tahmin kaydi alinmadigi icin yalnizca olculmus uc esikte dolu.,50,3.13.1,8.4.144,0.12.6,2.14.0,2026-09-12 08:58:24,scripts/13_kutu_bazinda_karsilastir.py
Taban-512,ZRI_HARIC,0.15,70,31,18,13,0.5806,3.26,ozet CSV'de olculdu,az ornek,reports/test_kutu_bazinda.csv + reports/test_kutu_bazinda_model512.csv,yeni model taramasi yapilmadi; mevcut kutu bazinda kayitlardan turetildi,eslesen_skor >= esik; olculmus uc esikte birebir dogrulandi,Model-512: tahminler_model512.csv'den turetildi (tum esikler dolu). Taban-512: tahmin kaydi alinmadigi icin yalnizca olculmus uc esikte dolu.,50,3.13.1,8.4.144,0.12.6,2.14.0,2026-09-12 08:58:24,scripts/13_kutu_bazinda_karsilastir.py
Taban-512,ZRI_HARIC,0.16,70,31,18,13,0.5806,olculmedi,olculmedi,az ornek,reports/test_kutu_bazinda.csv + reports/test_kutu_bazinda_model512.csv,yeni model taramasi yapilmadi; mevcut kutu bazinda kayitlardan turetildi,eslesen_skor >= esik; olculmus uc esikte birebir dogrulandi,Model-512: tahminler_model512.csv'den turetildi (tum esikler dolu). Taban-512: tahmin kaydi alinmadigi icin yalnizca olculmus uc esikte dolu.,50,3.13.1,8.4.144,0.12.6,2.14.0,2026-09-12 08:58:24,scripts/13_kutu_bazinda_karsilastir.py
Taban-512,ZRI_HARIC,0.17,70,31,18,13,0.5806,olculmedi,olculmedi,az ornek,reports/test_kutu_bazinda.csv + reports/test_kutu_bazinda_model512.csv,yeni model taramasi yapilmadi; mevcut kutu bazinda kayitlardan turetildi,eslesen_skor >= esik; olculmus uc esikte birebir dogrulandi,Model-512: tahminler_model512.csv'den turetildi (tum esikler dolu). Taban-512: tahmin kaydi alinmadigi icin yalnizca olculmus uc esikte dolu.,50,3.13.1,8.4.144,0.12.6,2.14.0,2026-09-12 08:58:24,scripts/13_kutu_bazinda_karsilastir.py
Taban-512,ZRI_HARIC,0.18,70,31,18,13,0.5806,olculmedi,olculmedi,az ornek,reports/test_kutu_bazinda.csv + reports/test_kutu_bazinda_model512.csv,yeni model taramasi yapilmadi; mevcut kutu bazinda kayitlardan turetildi,eslesen_skor >= esik; olculmus uc esikte birebir dogrulandi,Model-512: tahminler_model512.csv'den turetildi (tum esikler dolu). Taban-512: tahmin kaydi alinmadigi icin yalnizca olculmus uc esikte dolu.,50,3.13.1,8.4.144,0.12.6,2.14.0,2026-09-12 08:58:24,scripts/13_kutu_bazinda_karsilastir.py
Taban-512,ZRI_HARIC,0.19,70,31,17,14,0.5484,olculmedi,olculmedi,az ornek,reports/test_kutu_bazinda.csv + reports/test_kutu_bazinda_model512.csv,yeni model taramasi yapilmadi; mevcut kutu bazinda kayitlardan turetildi,eslesen_skor >= esik; olculmus uc esikte birebir dogrulandi,Model-512: tahminler_model512.csv'den turetildi (tum esikler dolu). Taban-512: tahmin kaydi alinmadigi icin yalnizca olculmus uc esikte dolu.,50,3.13.1,8.4.144,0.12.6,2.14.0,2026-09-12 08:58:24,scripts/13_kutu_bazinda_karsilastir.py
Taban-512,ZRI_HARIC,0.2,70,31,17,14,0.5484,olculmedi,olculmedi,az ornek,reports/test_kutu_bazinda.csv + reports/test_kutu_bazinda_model512.csv,yeni model taramasi yapilmadi; mevcut kutu bazinda kayitlardan turetildi,eslesen_skor >= esik; olculmus uc esikte birebir dogrulandi,Model-512: tahminler_model512.csv'den turetildi (tum esikler dolu). Taban-512: tahmin kaydi alinmadigi icin yalnizca olculmus uc esikte dolu.,50,3.13.1,8.4.144,0.12.6,2.14.0,2026-09-12 08:58:24,scripts/13_kutu_bazinda_karsilastir.py
Taban-512,ZRI_HARIC,0.21,70,31,15,16,0.4839,olculmedi,olculmedi,az ornek,reports/test_kutu_bazinda.csv + reports/test_kutu_bazinda_model512.csv,yeni model taramasi yapilmadi; mevcut kutu bazinda kayitlardan turetildi,eslesen_skor >= esik; olculmus uc esikte birebir dogrulandi,Model-512: tahminler_model512.csv'den turetildi (tum esikler dolu). Taban-512: tahmin kaydi alinmadigi icin yalnizca olculmus uc esikte dolu.,50,3.13.1,8.4.144,0.12.6,2.14.0,2026-09-12 08:58:24,scripts/13_kutu_bazinda_karsilastir.py
Taban-512,ZRI_HARIC,0.22,70,31,15,16,0.4839,olculmedi,olculmedi,az ornek,reports/test_kutu_bazinda.csv + reports/test_kutu_bazinda_model512.csv,yeni model taramasi yapilmadi; mevcut kutu bazinda kayitlardan turetildi,eslesen_skor >= esik; olculmus uc esikte birebir dogrulandi,Model-512: tahminler_model512.csv'den turetildi (tum esikler dolu). Taban-512: tahmin kaydi alinmadigi icin yalnizca olculmus uc esikte dolu.,50,3.13.1,8.4.144,0.12.6,2.14.0,2026-09-12 08:58:24,scripts/13_kutu_bazinda_karsilastir.py
Taban-512,ZRI_HARIC,0.23,70,31,15,16,0.4839,olculmedi,olculmedi,az ornek,reports/test_kutu_bazinda.csv + reports/test_kutu_bazinda_model512.csv,yeni model taramasi yapilmadi; mevcut kutu bazinda kayitlardan turetildi,eslesen_skor >= esik; olculmus uc esikte birebir dogrulandi,Model-512: tahminler_model512.csv'den turetildi (tum esikler dolu). Taban-512: tahmin kaydi alinmadigi icin yalnizca olculmus uc esikte dolu.,50,3.13.1,8.4.144,0.12.6,2.14.0,2026-09-12 08:58:24,scripts/13_kutu_bazinda_karsilastir.py
Taban-512,ZRI_HARIC,0.24,70,31,15,16,0.4839,olculmedi,olculmedi,az ornek,reports/test_kutu_bazinda.csv + reports/test_kutu_bazinda_model512.csv,yeni model taramasi yapilmadi; mevcut kutu bazinda kayitlardan turetildi,eslesen_skor >= esik; olculmus uc esikte birebir dogrulandi,Model-512: tahminler_model512.csv'den turetildi (tum esikler dolu). Taban-512: tahmin kaydi alinmadigi icin yalnizca olculmus uc esikte dolu.,50,3.13.1,8.4.144,0.12.6,2.14.0,2026-09-12 08:58:24,scripts/13_kutu_bazinda_karsilastir.py
Taban-512,ZRI_HARIC,0.25,70,31,15,16,0.4839,olculmedi,olculmedi,az ornek,reports/test_kutu_bazinda.csv + reports/test_kutu_bazinda_model512.csv,yeni model taramasi yapilmadi; mevcut kutu bazinda kayitlardan turetildi,eslesen_skor >= esik; olculmus uc esikte birebir dogrulandi,Model-512: tahminler_model512.csv'den turetildi (tum esikler dolu). Taban-512: tahmin kaydi alinmadigi icin yalnizca olculmus uc esikte dolu.,50,3.13.1,8.4.144,0.12.6,2.14.0,2026-09-12 08:58:24,scripts/13_kutu_bazinda_karsilastir.py
Taban-512,ZRI_HARIC,0.26,70,31,15,16,0.4839,olculmedi,olculmedi,az ornek,reports/test_kutu_bazinda.csv + reports/test_kutu_bazinda_model512.csv,yeni model taramasi yapilmadi; mevcut kutu bazinda kayitlardan turetildi,eslesen_skor >= esik; olculmus uc esikte birebir dogrulandi,Model-512: tahminler_model512.csv'den turetildi (tum esikler dolu). Taban-512: tahmin kaydi alinmadigi icin yalnizca olculmus uc esikte dolu.,50,3.13.1,8.4.144,0.12.6,2.14.0,2026-09-12 08:58:24,scripts/13_kutu_bazinda_karsilastir.py
Taban-512,ZRI_HARIC,0.27,70,31,13,18,0.4194,olculmedi,olculmedi,az ornek,reports/test_kutu_bazinda.csv + reports/test_kutu_bazinda_model512.csv,yeni model taramasi yapilmadi; mevcut kutu bazinda kayitlardan turetildi,eslesen_skor >= esik; olculmus uc esikte birebir dogrulandi,Model-512: tahminler_model512.csv'den turetildi (tum esikler dolu). Taban-512: tahmin kaydi alinmadigi icin yalnizca olculmus uc esikte dolu.,50,3.13.1,8.4.144,0.12.6,2.14.0,2026-09-12 08:58:24,scripts/13_kutu_bazinda_karsilastir.py
Taban-512,ZRI_HARIC,0.28,70,31,13,18,0.4194,olculmedi,olculmedi,az ornek,reports/test_kutu_bazinda.csv + reports/test_kutu_bazinda_model512.csv,yeni model taramasi yapilmadi; mevcut kutu bazinda kayitlardan turetildi,eslesen_skor >= esik; olculmus uc esikte birebir dogrulandi,Model-512: tahminler_model512.csv'den turetildi (tum esikler dolu). Taban-512: tahmin kaydi alinmadigi icin yalnizca olculmus uc esikte dolu.,50,3.13.1,8.4.144,0.12.6,2.14.0,2026-09-12 08:58:24,scripts/13_kutu_bazinda_karsilastir.py
Taban-512,ZRI_HARIC,0.29,70,31,13,18,0.4194,olculmedi,olculmedi,az ornek,reports/test_kutu_bazinda.csv + reports/test_kutu_bazinda_model512.csv,yeni model taramasi yapilmadi; mevcut kutu bazinda kayitlardan turetildi,eslesen_skor >= esik; olculmus uc esikte birebir dogrulandi,Model-512: tahminler_model512.csv'den turetildi (tum esikler dolu). Taban-512: tahmin kaydi alinmadigi icin yalnizca olculmus uc esikte dolu.,50,3.13.1,8.4.144,0.12.6,2.14.0,2026-09-12 08:58:24,scripts/13_kutu_bazinda_karsilastir.py
Taban-512,ZRI_HARIC,0.3,70,31,11,20,0.3548,0.79,ozet CSV'de olculdu,az ornek,reports/test_kutu_bazinda.csv + reports/test_kutu_bazinda_model512.csv,yeni model taramasi yapilmadi; mevcut kutu bazinda kayitlardan turetildi,eslesen_skor >= esik; olculmus uc esikte birebir dogrulandi,Model-512: tahminler_model512.csv'den turetildi (tum esikler dolu). Taban-512: tahmin kaydi alinmadigi icin yalnizca olculmus uc esikte dolu.,50,3.13.1,8.4.144,0.12.6,2.14.0,2026-09-12 08:58:24,scripts/13_kutu_bazinda_karsilastir.py
Taban-512,ZRI_HARIC,0.31,70,31,11,20,0.3548,olculmedi,olculmedi,az ornek,reports/test_kutu_bazinda.csv + reports/test_kutu_bazinda_model512.csv,yeni model taramasi yapilmadi; mevcut kutu bazinda kayitlardan turetildi,eslesen_skor >= esik; olculmus uc esikte birebir dogrulandi,Model-512: tahminler_model512.csv'den turetildi (tum esikler dolu). Taban-512: tahmin kaydi alinmadigi icin yalnizca olculmus uc esikte dolu.,50,3.13.1,8.4.144,0.12.6,2.14.0,2026-09-12 08:58:24,scripts/13_kutu_bazinda_karsilastir.py
Taban-512,ZRI_HARIC,0.32,70,31,11,20,0.3548,olculmedi,olculmedi,az ornek,reports/test_kutu_bazinda.csv + reports/test_kutu_bazinda_model512.csv,yeni model taramasi yapilmadi; mevcut kutu bazinda kayitlardan turetildi,eslesen_skor >= esik; olculmus uc esikte birebir dogrulandi,Model-512: tahminler_model512.csv'den turetildi (tum esikler dolu). Taban-512: tahmin kaydi alinmadigi icin yalnizca olculmus uc esikte dolu.,50,3.13.1,8.4.144,0.12.6,2.14.0,2026-09-12 08:58:24,scripts/13_kutu_bazinda_karsilastir.py
Taban-512,ZRI_HARIC,0.33,70,31,11,20,0.3548,olculmedi,olculmedi,az ornek,reports/test_kutu_bazinda.csv + reports/test_kutu_bazinda_model512.csv,yeni model taramasi yapilmadi; mevcut kutu bazinda kayitlardan turetildi,eslesen_skor >= esik; olculmus uc esikte birebir dogrulandi,Model-512: tahminler_model512.csv'den turetildi (tum esikler dolu). Taban-512: tahmin kaydi alinmadigi icin yalnizca olculmus uc esikte dolu.,50,3.13.1,8.4.144,0.12.6,2.14.0,2026-09-12 08:58:24,scripts/13_kutu_bazinda_karsilastir.py
Taban-512,ZRI_HARIC,0.34,70,31,11,20,0.3548,olculmedi,olculmedi,az ornek,reports/test_kutu_bazinda.csv + reports/test_kutu_bazinda_model512.csv,yeni model taramasi yapilmadi; mevcut kutu bazinda kayitlardan turetildi,eslesen_skor >= esik; olculmus uc esikte birebir dogrulandi,Model-512: tahminler_model512.csv'den turetildi (tum esikler dolu). Taban-512: tahmin kaydi alinmadigi icin yalnizca olculmus uc esikte dolu.,50,3.13.1,8.4.144,0.12.6,2.14.0,2026-09-12 08:58:24,scripts/13_kutu_bazinda_karsilastir.py
Taban-512,ZRI_HARIC,0.35,70,31,11,20,0.3548,olculmedi,olculmedi,az ornek,reports/test_kutu_bazinda.csv + reports/test_kutu_bazinda_model512.csv,yeni model taramasi yapilmadi; mevcut kutu bazinda kayitlardan turetildi,eslesen_skor >= esik; olculmus uc esikte birebir dogrulandi,Model-512: tahminler_model512.csv'den turetildi (tum esikler dolu). Taban-512: tahmin kaydi alinmadigi icin yalnizca olculmus uc esikte dolu.,50,3.13.1,8.4.144,0.12.6,2.14.0,2026-09-12 08:58:24,scripts/13_kutu_bazinda_karsilastir.py
Taban-512,ZRI_HARIC,0.36,70,31,11,20,0.3548,olculmedi,olculmedi,az ornek,reports/test_kutu_bazinda.csv + reports/test_kutu_bazinda_model512.csv,yeni model taramasi yapilmadi; mevcut kutu bazinda kayitlardan turetildi,eslesen_skor >= esik; olculmus uc esikte birebir dogrulandi,Model-512: tahminler_model512.csv'den turetildi (tum esikler dolu). Taban-512: tahmin kaydi alinmadigi icin yalnizca olculmus uc esikte dolu.,50,3.13.1,8.4.144,0.12.6,2.14.0,2026-09-12 08:58:24,scripts/13_kutu_bazinda_karsilastir.py
Taban-512,ZRI_HARIC,0.37,70,31,11,20,0.3548,olculmedi,olculmedi,az ornek,reports/test_kutu_bazinda.csv + reports/test_kutu_bazinda_model512.csv,yeni model taramasi yapilmadi; mevcut kutu bazinda kayitlardan turetildi,eslesen_skor >= esik; olculmus uc esikte birebir dogrulandi,Model-512: tahminler_model512.csv'den turetildi (tum esikler dolu). Taban-512: tahmin kaydi alinmadigi icin yalnizca olculmus uc esikte dolu.,50,3.13.1,8.4.144,0.12.6,2.14.0,2026-09-12 08:58:24,scripts/13_kutu_bazinda_karsilastir.py
Taban-512,ZRI_HARIC,0.38,70,31,10,21,0.3226,olculmedi,olculmedi,az ornek,reports/test_kutu_bazinda.csv + reports/test_kutu_bazinda_model512.csv,yeni model taramasi yapilmadi; mevcut kutu bazinda kayitlardan turetildi,eslesen_skor >= esik; olculmus uc esikte birebir dogrulandi,Model-512: tahminler_model512.csv'den turetildi (tum esikler dolu). Taban-512: tahmin kaydi alinmadigi icin yalnizca olculmus uc esikte dolu.,50,3.13.1,8.4.144,0.12.6,2.14.0,2026-09-12 08:58:24,scripts/13_kutu_bazinda_karsilastir.py
Taban-512,ZRI_HARIC,0.39,70,31,8,23,0.2581,olculmedi,olculmedi,az ornek,reports/test_kutu_bazinda.csv + reports/test_kutu_bazinda_model512.csv,yeni model taramasi yapilmadi; mevcut kutu bazinda kayitlardan turetildi,eslesen_skor >= esik; olculmus uc esikte birebir dogrulandi,Model-512: tahminler_model512.csv'den turetildi (tum esikler dolu). Taban-512: tahmin kaydi alinmadigi icin yalnizca olculmus uc esikte dolu.,50,3.13.1,8.4.144,0.12.6,2.14.0,2026-09-12 08:58:24,scripts/13_kutu_bazinda_karsilastir.py
Taban-512,ZRI_HARIC,0.4,70,31,8,23,0.2581,olculmedi,olculmedi,az ornek,reports/test_kutu_bazinda.csv + reports/test_kutu_bazinda_model512.csv,yeni model taramasi yapilmadi; mevcut kutu bazinda kayitlardan turetildi,eslesen_skor >= esik; olculmus uc esikte birebir dogrulandi,Model-512: tahminler_model512.csv'den turetildi (tum esikler dolu). Taban-512: tahmin kaydi alinmadigi icin yalnizca olculmus uc esikte dolu.,50,3.13.1,8.4.144,0.12.6,2.14.0,2026-09-12 08:58:24,scripts/13_kutu_bazinda_karsilastir.py
Taban-512,ZRI_HARIC,0.41,70,31,8,23,0.2581,olculmedi,olculmedi,az ornek,reports/test_kutu_bazinda.csv + reports/test_kutu_bazinda_model512.csv,yeni model taramasi yapilmadi; mevcut kutu bazinda kayitlardan turetildi,eslesen_skor >= esik; olculmus uc esikte birebir dogrulandi,Model-512: tahminler_model512.csv'den turetildi (tum esikler dolu). Taban-512: tahmin kaydi alinmadigi icin yalnizca olculmus uc esikte dolu.,50,3.13.1,8.4.144,0.12.6,2.14.0,2026-09-12 08:58:24,scripts/13_kutu_bazinda_karsilastir.py
Taban-512,ZRI_HARIC,0.42,70,31,8,23,0.2581,olculmedi,olculmedi,az ornek,reports/test_kutu_bazinda.csv + reports/test_kutu_bazinda_model512.csv,yeni model taramasi yapilmadi; mevcut kutu bazinda kayitlardan turetildi,eslesen_skor >= esik; olculmus uc esikte birebir dogrulandi,Model-512: tahminler_model512.csv'den turetildi (tum esikler dolu). Taban-512: tahmin kaydi alinmadigi icin yalnizca olculmus uc esikte dolu.,50,3.13.1,8.4.144,0.12.6,2.14.0,2026-09-12 08:58:24,scripts/13_kutu_bazinda_karsilastir.py
Taban-512,ZRI_HARIC,0.43,70,31,8,23,0.2581,olculmedi,olculmedi,az ornek,reports/test_kutu_bazinda.csv + reports/test_kutu_bazinda_model512.csv,yeni model taramasi yapilmadi; mevcut kutu bazinda kayitlardan turetildi,eslesen_skor >= esik; olculmus uc esikte birebir dogrulandi,Model-512: tahminler_model512.csv'den turetildi (tum esikler dolu). Taban-512: tahmin kaydi alinmadigi icin yalnizca olculmus uc esikte dolu.,50,3.13.1,8.4.144,0.12.6,2.14.0,2026-09-12 08:58:24,scripts/13_kutu_bazinda_karsilastir.py
Taban-512,ZRI_HARIC,0.44,70,31,8,23,0.2581,olculmedi,olculmedi,az ornek,reports/test_kutu_bazinda.csv + reports/test_kutu_bazinda_model512.csv,yeni model taramasi yapilmadi; mevcut kutu bazinda kayitlardan turetildi,eslesen_skor >= esik; olculmus uc esikte birebir dogrulandi,Model-512: tahminler_model512.csv'den turetildi (tum esikler dolu). Taban-512: tahmin kaydi alinmadigi icin yalnizca olculmus uc esikte dolu.,50,3.13.1,8.4.144,0.12.6,2.14.0,2026-09-12 08:58:24,scripts/13_kutu_bazinda_karsilastir.py
Taban-512,ZRI_HARIC,0.45,70,31,8,23,0.2581,olculmedi,olculmedi,az ornek,reports/test_kutu_bazinda.csv + reports/test_kutu_bazinda_model512.csv,yeni model taramasi yapilmadi; mevcut kutu bazinda kayitlardan turetildi,eslesen_skor >= esik; olculmus uc esikte birebir dogrulandi,Model-512: tahminler_model512.csv'den turetildi (tum esikler dolu). Taban-512: tahmin kaydi alinmadigi icin yalnizca olculmus uc esikte dolu.,50,3.13.1,8.4.144,0.12.6,2.14.0,2026-09-12 08:58:24,scripts/13_kutu_bazinda_karsilastir.py
Taban-512,ZRI_HARIC,0.46,70,31,8,23,0.2581,olculmedi,olculmedi,az ornek,reports/test_kutu_bazinda.csv + reports/test_kutu_bazinda_model512.csv,yeni model taramasi yapilmadi; mevcut kutu bazinda kayitlardan turetildi,eslesen_skor >= esik; olculmus uc esikte birebir dogrulandi,Model-512: tahminler_model512.csv'den turetildi (tum esikler dolu). Taban-512: tahmin kaydi alinmadigi icin yalnizca olculmus uc esikte dolu.,50,3.13.1,8.4.144,0.12.6,2.14.0,2026-09-12 08:58:24,scripts/13_kutu_bazinda_karsilastir.py
Taban-512,ZRI_HARIC,0.47,70,31,8,23,0.2581,olculmedi,olculmedi,az ornek,reports/test_kutu_bazinda.csv + reports/test_kutu_bazinda_model512.csv,yeni model taramasi yapilmadi; mevcut kutu bazinda kayitlardan turetildi,eslesen_skor >= esik; olculmus uc esikte birebir dogrulandi,Model-512: tahminler_model512.csv'den turetildi (tum esikler dolu). Taban-512: tahmin kaydi alinmadigi icin yalnizca olculmus uc esikte dolu.,50,3.13.1,8.4.144,0.12.6,2.14.0,2026-09-12 08:58:24,scripts/13_kutu_bazinda_karsilastir.py
Taban-512,ZRI_HARIC,0.48,70,31,8,23,0.2581,olculmedi,olculmedi,az ornek,reports/test_kutu_bazinda.csv + reports/test_kutu_bazinda_model512.csv,yeni model taramasi yapilmadi; mevcut kutu bazinda kayitlardan turetildi,eslesen_skor >= esik; olculmus uc esikte birebir dogrulandi,Model-512: tahminler_model512.csv'den turetildi (tum esikler dolu). Taban-512: tahmin kaydi alinmadigi icin yalnizca olculmus uc esikte dolu.,50,3.13.1,8.4.144,0.12.6,2.14.0,2026-09-12 08:58:24,scripts/13_kutu_bazinda_karsilastir.py
Taban-512,ZRI_HARIC,0.49,70,31,6,25,0.1935,olculmedi,olculmedi,az ornek,reports/test_kutu_bazinda.csv + reports/test_kutu_bazinda_model512.csv,yeni model taramasi yapilmadi; mevcut kutu bazinda kayitlardan turetildi,eslesen_skor >= esik; olculmus uc esikte birebir dogrulandi,Model-512: tahminler_model512.csv'den turetildi (tum esikler dolu). Taban-512: tahmin kaydi alinmadigi icin yalnizca olculmus uc esikte dolu.,50,3.13.1,8.4.144,0.12.6,2.14.0,2026-09-12 08:58:24,scripts/13_kutu_bazinda_karsilastir.py
Taban-512,ZRI_HARIC,0.5,70,31,6,25,0.1935,olculmedi,olculmedi,az ornek,reports/test_kutu_bazinda.csv + reports/test_kutu_bazinda_model512.csv,yeni model taramasi yapilmadi; mevcut kutu bazinda kayitlardan turetildi,eslesen_skor >= esik; olculmus uc esikte birebir dogrulandi,Model-512: tahminler_model512.csv'den turetildi (tum esikler dolu). Taban-512: tahmin kaydi alinmadigi icin yalnizca olculmus uc esikte dolu.,50,3.13.1,8.4.144,0.12.6,2.14.0,2026-09-12 08:58:24,scripts/13_kutu_bazinda_karsilastir.py
Taban-512,ZRI_HARIC,0.51,70,31,6,25,0.1935,olculmedi,olculmedi,az ornek,reports/test_kutu_bazinda.csv + reports/test_kutu_bazinda_model512.csv,yeni model taramasi yapilmadi; mevcut kutu bazinda kayitlardan turetildi,eslesen_skor >= esik; olculmus uc esikte birebir dogrulandi,Model-512: tahminler_model512.csv'den turetildi (tum esikler dolu). Taban-512: tahmin kaydi alinmadigi icin yalnizca olculmus uc esikte dolu.,50,3.13.1,8.4.144,0.12.6,2.14.0,2026-09-12 08:58:24,scripts/13_kutu_bazinda_karsilastir.py
Taban-512,ZRI_HARIC,0.52,70,31,6,25,0.1935,olculmedi,olculmedi,az ornek,reports/test_kutu_bazinda.csv + reports/test_kutu_bazinda_model512.csv,yeni model taramasi yapilmadi; mevcut kutu bazinda kayitlardan turetildi,eslesen_skor >= esik; olculmus uc esikte birebir dogrulandi,Model-512: tahminler_model512.csv'den turetildi (tum esikler dolu). Taban-512: tahmin kaydi alinmadigi icin yalnizca olculmus uc esikte dolu.,50,3.13.1,8.4.144,0.12.6,2.14.0,2026-09-12 08:58:24,scripts/13_kutu_bazinda_karsilastir.py
Taban-512,ZRI_HARIC,0.53,70,31,6,25,0.1935,olculmedi,olculmedi,az ornek,reports/test_kutu_bazinda.csv + reports/test_kutu_bazinda_model512.csv,yeni model taramasi yapilmadi; mevcut kutu bazinda kayitlardan turetildi,eslesen_skor >= esik; olculmus uc esikte birebir dogrulandi,Model-512: tahminler_model512.csv'den turetildi (tum esikler dolu). Taban-512: tahmin kaydi alinmadigi icin yalnizca olculmus uc esikte dolu.,50,3.13.1,8.4.144,0.12.6,2.14.0,2026-09-12 08:58:24,scripts/13_kutu_bazinda_karsilastir.py
Taban-512,ZRI_HARIC,0.54,70,31,6,25,0.1935,olculmedi,olculmedi,az ornek,reports/test_kutu_bazinda.csv + reports/test_kutu_bazinda_model512.csv,yeni model taramasi yapilmadi; mevcut kutu bazinda kayitlardan turetildi,eslesen_skor >= esik; olculmus uc esikte birebir dogrulandi,Model-512: tahminler_model512.csv'den turetildi (tum esikler dolu). Taban-512: tahmin kaydi alinmadigi icin yalnizca olculmus uc esikte dolu.,50,3.13.1,8.4.144,0.12.6,2.14.0,2026-09-12 08:58:24,scripts/13_kutu_bazinda_karsilastir.py
Taban-512,ZRI_HARIC,0.55,70,31,5,26,0.1613,olculmedi,olculmedi,az ornek,reports/test_kutu_bazinda.csv + reports/test_kutu_bazinda_model512.csv,yeni model taramasi yapilmadi; mevcut kutu bazinda kayitlardan turetildi,eslesen_skor >= esik; olculmus uc esikte birebir dogrulandi,Model-512: tahminler_model512.csv'den turetildi (tum esikler dolu). Taban-512: tahmin kaydi alinmadigi icin yalnizca olculmus uc esikte dolu.,50,3.13.1,8.4.144,0.12.6,2.14.0,2026-09-12 08:58:24,scripts/13_kutu_bazinda_karsilastir.py
Taban-512,ZRI_HARIC,0.56,70,31,5,26,0.1613,olculmedi,olculmedi,az ornek,reports/test_kutu_bazinda.csv + reports/test_kutu_bazinda_model512.csv,yeni model taramasi yapilmadi; mevcut kutu bazinda kayitlardan turetildi,eslesen_skor >= esik; olculmus uc esikte birebir dogrulandi,Model-512: tahminler_model512.csv'den turetildi (tum esikler dolu). Taban-512: tahmin kaydi alinmadigi icin yalnizca olculmus uc esikte dolu.,50,3.13.1,8.4.144,0.12.6,2.14.0,2026-09-12 08:58:24,scripts/13_kutu_bazinda_karsilastir.py
Taban-512,ZRI_HARIC,0.57,70,31,5,26,0.1613,olculmedi,olculmedi,az ornek,reports/test_kutu_bazinda.csv + reports/test_kutu_bazinda_model512.csv,yeni model taramasi yapilmadi; mevcut kutu bazinda kayitlardan turetildi,eslesen_skor >= esik; olculmus uc esikte birebir dogrulandi,Model-512: tahminler_model512.csv'den turetildi (tum esikler dolu). Taban-512: tahmin kaydi alinmadigi icin yalnizca olculmus uc esikte dolu.,50,3.13.1,8.4.144,0.12.6,2.14.0,2026-09-12 08:58:24,scripts/13_kutu_bazinda_karsilastir.py
Taban-512,ZRI_HARIC,0.58,70,31,4,27,0.129,olculmedi,olculmedi,az ornek,reports/test_kutu_bazinda.csv + reports/test_kutu_bazinda_model512.csv,yeni model taramasi yapilmadi; mevcut kutu bazinda kayitlardan turetildi,eslesen_skor >= esik; olculmus uc esikte birebir dogrulandi,Model-512: tahminler_model512.csv'den turetildi (tum esikler dolu). Taban-512: tahmin kaydi alinmadigi icin yalnizca olculmus uc esikte dolu.,50,3.13.1,8.4.144,0.12.6,2.14.0,2026-09-12 08:58:24,scripts/13_kutu_bazinda_karsilastir.py
Taban-512,ZRI_HARIC,0.59,70,31,4,27,0.129,olculmedi,olculmedi,az ornek,reports/test_kutu_bazinda.csv + reports/test_kutu_bazinda_model512.csv,yeni model taramasi yapilmadi; mevcut kutu bazinda kayitlardan turetildi,eslesen_skor >= esik; olculmus uc esikte birebir dogrulandi,Model-512: tahminler_model512.csv'den turetildi (tum esikler dolu). Taban-512: tahmin kaydi alinmadigi icin yalnizca olculmus uc esikte dolu.,50,3.13.1,8.4.144,0.12.6,2.14.0,2026-09-12 08:58:24,scripts/13_kutu_bazinda_karsilastir.py
Taban-512,ZRI_HARIC,0.6,70,31,4,27,0.129,olculmedi,olculmedi,az ornek,reports/test_kutu_bazinda.csv + reports/test_kutu_bazinda_model512.csv,yeni model taramasi yapilmadi; mevcut kutu bazinda kayitlardan turetildi,eslesen_skor >= esik; olculmus uc esikte birebir dogrulandi,Model-512: tahminler_model512.csv'den turetildi (tum esikler dolu). Taban-512: tahmin kaydi alinmadigi icin yalnizca olculmus uc esikte dolu.,50,3.13.1,8.4.144,0.12.6,2.14.0,2026-09-12 08:58:24,scripts/13_kutu_bazinda_karsilastir.py
Taban-512,ZRI_HARIC,0.61,70,31,4,27,0.129,olculmedi,olculmedi,az ornek,reports/test_kutu_bazinda.csv + reports/test_kutu_bazinda_model512.csv,yeni model taramasi yapilmadi; mevcut kutu bazinda kayitlardan turetildi,eslesen_skor >= esik; olculmus uc esikte birebir dogrulandi,Model-512: tahminler_model512.csv'den turetildi (tum esikler dolu). Taban-512: tahmin kaydi alinmadigi icin yalnizca olculmus uc esikte dolu.,50,3.13.1,8.4.144,0.12.6,2.14.0,2026-09-12 08:58:24,scripts/13_kutu_bazinda_karsilastir.py
Taban-512,ZRI_HARIC,0.62,70,31,4,27,0.129,olculmedi,olculmedi,az ornek,reports/test_kutu_bazinda.csv + reports/test_kutu_bazinda_model512.csv,yeni model taramasi yapilmadi; mevcut kutu bazinda kayitlardan turetildi,eslesen_skor >= esik; olculmus uc esikte birebir dogrulandi,Model-512: tahminler_model512.csv'den turetildi (tum esikler dolu). Taban-512: tahmin kaydi alinmadigi icin yalnizca olculmus uc esikte dolu.,50,3.13.1,8.4.144,0.12.6,2.14.0,2026-09-12 08:58:24,scripts/13_kutu_bazinda_karsilastir.py
Taban-512,ZRI_HARIC,0.63,70,31,4,27,0.129,olculmedi,olculmedi,az ornek,reports/test_kutu_bazinda.csv + reports/test_kutu_bazinda_model512.csv,yeni model taramasi yapilmadi; mevcut kutu bazinda kayitlardan turetildi,eslesen_skor >= esik; olculmus uc esikte birebir dogrulandi,Model-512: tahminler_model512.csv'den turetildi (tum esikler dolu). Taban-512: tahmin kaydi alinmadigi icin yalnizca olculmus uc esikte dolu.,50,3.13.1,8.4.144,0.12.6,2.14.0,2026-09-12 08:58:24,scripts/13_kutu_bazinda_karsilastir.py
Taban-512,ZRI_HARIC,0.64,70,31,4,27,0.129,olculmedi,olculmedi,az ornek,reports/test_kutu_bazinda.csv + reports/test_kutu_bazinda_model512.csv,yeni model taramasi yapilmadi; mevcut kutu bazinda kayitlardan turetildi,eslesen_skor >= esik; olculmus uc esikte birebir dogrulandi,Model-512: tahminler_model512.csv'den turetildi (tum esikler dolu). Taban-512: tahmin kaydi alinmadigi icin yalnizca olculmus uc esikte dolu.,50,3.13.1,8.4.144,0.12.6,2.14.0,2026-09-12 08:58:24,scripts/13_kutu_bazinda_karsilastir.py
Taban-512,ZRI_HARIC,0.65,70,31,4,27,0.129,olculmedi,olculmedi,az ornek,reports/test_kutu_bazinda.csv + reports/test_kutu_bazinda_model512.csv,yeni model taramasi yapilmadi; mevcut kutu bazinda kayitlardan turetildi,eslesen_skor >= esik; olculmus uc esikte birebir dogrulandi,Model-512: tahminler_model512.csv'den turetildi (tum esikler dolu). Taban-512: tahmin kaydi alinmadigi icin yalnizca olculmus uc esikte dolu.,50,3.13.1,8.4.144,0.12.6,2.14.0,2026-09-12 08:58:24,scripts/13_kutu_bazinda_karsilastir.py
Taban-512,ZRI_HARIC,0.66,70,31,4,27,0.129,olculmedi,olculmedi,az ornek,reports/test_kutu_bazinda.csv + reports/test_kutu_bazinda_model512.csv,yeni model taramasi yapilmadi; mevcut kutu bazinda kayitlardan turetildi,eslesen_skor >= esik; olculmus uc esikte birebir dogrulandi,Model-512: tahminler_model512.csv'den turetildi (tum esikler dolu). Taban-512: tahmin kaydi alinmadigi icin yalnizca olculmus uc esikte dolu.,50,3.13.1,8.4.144,0.12.6,2.14.0,2026-09-12 08:58:24,scripts/13_kutu_bazinda_karsilastir.py
Taban-512,ZRI_HARIC,0.67,70,31,3,28,0.0968,olculmedi,olculmedi,az ornek,reports/test_kutu_bazinda.csv + reports/test_kutu_bazinda_model512.csv,yeni model taramasi yapilmadi; mevcut kutu bazinda kayitlardan turetildi,eslesen_skor >= esik; olculmus uc esikte birebir dogrulandi,Model-512: tahminler_model512.csv'den turetildi (tum esikler dolu). Taban-512: tahmin kaydi alinmadigi icin yalnizca olculmus uc esikte dolu.,50,3.13.1,8.4.144,0.12.6,2.14.0,2026-09-12 08:58:24,scripts/13_kutu_bazinda_karsilastir.py
Taban-512,ZRI_HARIC,0.68,70,31,3,28,0.0968,olculmedi,olculmedi,az ornek,reports/test_kutu_bazinda.csv + reports/test_kutu_bazinda_model512.csv,yeni model taramasi yapilmadi; mevcut kutu bazinda kayitlardan turetildi,eslesen_skor >= esik; olculmus uc esikte birebir dogrulandi,Model-512: tahminler_model512.csv'den turetildi (tum esikler dolu). Taban-512: tahmin kaydi alinmadigi icin yalnizca olculmus uc esikte dolu.,50,3.13.1,8.4.144,0.12.6,2.14.0,2026-09-12 08:58:24,scripts/13_kutu_bazinda_karsilastir.py
Taban-512,ZRI_HARIC,0.69,70,31,3,28,0.0968,olculmedi,olculmedi,az ornek,reports/test_kutu_bazinda.csv + reports/test_kutu_bazinda_model512.csv,yeni model taramasi yapilmadi; mevcut kutu bazinda kayitlardan turetildi,eslesen_skor >= esik; olculmus uc esikte birebir dogrulandi,Model-512: tahminler_model512.csv'den turetildi (tum esikler dolu). Taban-512: tahmin kaydi alinmadigi icin yalnizca olculmus uc esikte dolu.,50,3.13.1,8.4.144,0.12.6,2.14.0,2026-09-12 08:58:24,scripts/13_kutu_bazinda_karsilastir.py
Taban-512,ZRI_HARIC,0.7,70,31,3,28,0.0968,olculmedi,olculmedi,az ornek,reports/test_kutu_bazinda.csv + reports/test_kutu_bazinda_model512.csv,yeni model taramasi yapilmadi; mevcut kutu bazinda kayitlardan turetildi,eslesen_skor >= esik; olculmus uc esikte birebir dogrulandi,Model-512: tahminler_model512.csv'den turetildi (tum esikler dolu). Taban-512: tahmin kaydi alinmadigi icin yalnizca olculmus uc esikte dolu.,50,3.13.1,8.4.144,0.12.6,2.14.0,2026-09-12 08:58:24,scripts/13_kutu_bazinda_karsilastir.py
Taban-512,ZRI_HARIC,0.71,70,31,3,28,0.0968,olculmedi,olculmedi,az ornek,reports/test_kutu_bazinda.csv + reports/test_kutu_bazinda_model512.csv,yeni model taramasi yapilmadi; mevcut kutu bazinda kayitlardan turetildi,eslesen_skor >= esik; olculmus uc esikte birebir dogrulandi,Model-512: tahminler_model512.csv'den turetildi (tum esikler dolu). Taban-512: tahmin kaydi alinmadigi icin yalnizca olculmus uc esikte dolu.,50,3.13.1,8.4.144,0.12.6,2.14.0,2026-09-12 08:58:24,scripts/13_kutu_bazinda_karsilastir.py
Taban-512,ZRI_HARIC,0.72,70,31,3,28,0.0968,olculmedi,olculmedi,az ornek,reports/test_kutu_bazinda.csv + reports/test_kutu_bazinda_model512.csv,yeni model taramasi yapilmadi; mevcut kutu bazinda kayitlardan turetildi,eslesen_skor >= esik; olculmus uc esikte birebir dogrulandi,Model-512: tahminler_model512.csv'den turetildi (tum esikler dolu). Taban-512: tahmin kaydi alinmadigi icin yalnizca olculmus uc esikte dolu.,50,3.13.1,8.4.144,0.12.6,2.14.0,2026-09-12 08:58:24,scripts/13_kutu_bazinda_karsilastir.py
Taban-512,ZRI_HARIC,0.73,70,31,3,28,0.0968,olculmedi,olculmedi,az ornek,reports/test_kutu_bazinda.csv + reports/test_kutu_bazinda_model512.csv,yeni model taramasi yapilmadi; mevcut kutu bazinda kayitlardan turetildi,eslesen_skor >= esik; olculmus uc esikte birebir dogrulandi,Model-512: tahminler_model512.csv'den turetildi (tum esikler dolu). Taban-512: tahmin kaydi alinmadigi icin yalnizca olculmus uc esikte dolu.,50,3.13.1,8.4.144,0.12.6,2.14.0,2026-09-12 08:58:24,scripts/13_kutu_bazinda_karsilastir.py
Taban-512,ZRI_HARIC,0.74,70,31,2,29,0.0645,olculmedi,olculmedi,az ornek,reports/test_kutu_bazinda.csv + reports/test_kutu_bazinda_model512.csv,yeni model taramasi yapilmadi; mevcut kutu bazinda kayitlardan turetildi,eslesen_skor >= esik; olculmus uc esikte birebir dogrulandi,Model-512: tahminler_model512.csv'den turetildi (tum esikler dolu). Taban-512: tahmin kaydi alinmadigi icin yalnizca olculmus uc esikte dolu.,50,3.13.1,8.4.144,0.12.6,2.14.0,2026-09-12 08:58:24,scripts/13_kutu_bazinda_karsilastir.py
Taban-512,ZRI_HARIC,0.75,70,31,1,30,0.0323,olculmedi,olculmedi,az ornek,reports/test_kutu_bazinda.csv + reports/test_kutu_bazinda_model512.csv,yeni model taramasi yapilmadi; mevcut kutu bazinda kayitlardan turetildi,eslesen_skor >= esik; olculmus uc esikte birebir dogrulandi,Model-512: tahminler_model512.csv'den turetildi (tum esikler dolu). Taban-512: tahmin kaydi alinmadigi icin yalnizca olculmus uc esikte dolu.,50,3.13.1,8.4.144,0.12.6,2.14.0,2026-09-12 08:58:24,scripts/13_kutu_bazinda_karsilastir.py
Taban-512,ZRI_HARIC,0.76,70,31,1,30,0.0323,olculmedi,olculmedi,az ornek,reports/test_kutu_bazinda.csv + reports/test_kutu_bazinda_model512.csv,yeni model taramasi yapilmadi; mevcut kutu bazinda kayitlardan turetildi,eslesen_skor >= esik; olculmus uc esikte birebir dogrulandi,Model-512: tahminler_model512.csv'den turetildi (tum esikler dolu). Taban-512: tahmin kaydi alinmadigi icin yalnizca olculmus uc esikte dolu.,50,3.13.1,8.4.144,0.12.6,2.14.0,2026-09-12 08:58:24,scripts/13_kutu_bazinda_karsilastir.py
Taban-512,ZRI_HARIC,0.77,70,31,1,30,0.0323,olculmedi,olculmedi,az ornek,reports/test_kutu_bazinda.csv + reports/test_kutu_bazinda_model512.csv,yeni model taramasi yapilmadi; mevcut kutu bazinda kayitlardan turetildi,eslesen_skor >= esik; olculmus uc esikte birebir dogrulandi,Model-512: tahminler_model512.csv'den turetildi (tum esikler dolu). Taban-512: tahmin kaydi alinmadigi icin yalnizca olculmus uc esikte dolu.,50,3.13.1,8.4.144,0.12.6,2.14.0,2026-09-12 08:58:24,scripts/13_kutu_bazinda_karsilastir.py
Taban-512,ZRI_HARIC,0.78,70,31,1,30,0.0323,olculmedi,olculmedi,az ornek,reports/test_kutu_bazinda.csv + reports/test_kutu_bazinda_model512.csv,yeni model taramasi yapilmadi; mevcut kutu bazinda kayitlardan turetildi,eslesen_skor >= esik; olculmus uc esikte birebir dogrulandi,Model-512: tahminler_model512.csv'den turetildi (tum esikler dolu). Taban-512: tahmin kaydi alinmadigi icin yalnizca olculmus uc esikte dolu.,50,3.13.1,8.4.144,0.12.6,2.14.0,2026-09-12 08:58:24,scripts/13_kutu_bazinda_karsilastir.py
Taban-512,ZRI_HARIC,0.79,70,31,0,31,0.0,olculmedi,olculmedi,az ornek,reports/test_kutu_bazinda.csv + reports/test_kutu_bazinda_model512.csv,yeni model taramasi yapilmadi; mevcut kutu bazinda kayitlardan turetildi,eslesen_skor >= esik; olculmus uc esikte birebir dogrulandi,Model-512: tahminler_model512.csv'den turetildi (tum esikler dolu). Taban-512: tahmin kaydi alinmadigi icin yalnizca olculmus uc esikte dolu.,50,3.13.1,8.4.144,0.12.6,2.14.0,2026-09-12 08:58:24,scripts/13_kutu_bazinda_karsilastir.py
Taban-512,ZRI_HARIC,0.8,70,31,0,31,0.0,olculmedi,olculmedi,az ornek,reports/test_kutu_bazinda.csv + reports/test_kutu_bazinda_model512.csv,yeni model taramasi yapilmadi; mevcut kutu bazinda kayitlardan turetildi,eslesen_skor >= esik; olculmus uc esikte birebir dogrulandi,Model-512: tahminler_model512.csv'den turetildi (tum esikler dolu). Taban-512: tahmin kaydi alinmadigi icin yalnizca olculmus uc esikte dolu.,50,3.13.1,8.4.144,0.12.6,2.14.0,2026-09-12 08:58:24,scripts/13_kutu_bazinda_karsilastir.py
Taban-512,ZRI_HARIC,0.81,70,31,0,31,0.0,olculmedi,olculmedi,az ornek,reports/test_kutu_bazinda.csv + reports/test_kutu_bazinda_model512.csv,yeni model taramasi yapilmadi; mevcut kutu bazinda kayitlardan turetildi,eslesen_skor >= esik; olculmus uc esikte birebir dogrulandi,Model-512: tahminler_model512.csv'den turetildi (tum esikler dolu). Taban-512: tahmin kaydi alinmadigi icin yalnizca olculmus uc esikte dolu.,50,3.13.1,8.4.144,0.12.6,2.14.0,2026-09-12 08:58:24,scripts/13_kutu_bazinda_karsilastir.py
Taban-512,ZRI_HARIC,0.82,70,31,0,31,0.0,olculmedi,olculmedi,az ornek,reports/test_kutu_bazinda.csv + reports/test_kutu_bazinda_model512.csv,yeni model taramasi yapilmadi; mevcut kutu bazinda kayitlardan turetildi,eslesen_skor >= esik; olculmus uc esikte birebir dogrulandi,Model-512: tahminler_model512.csv'den turetildi (tum esikler dolu). Taban-512: tahmin kaydi alinmadigi icin yalnizca olculmus uc esikte dolu.,50,3.13.1,8.4.144,0.12.6,2.14.0,2026-09-12 08:58:24,scripts/13_kutu_bazinda_karsilastir.py
Taban-512,ZRI_HARIC,0.83,70,31,0,31,0.0,olculmedi,olculmedi,az ornek,reports/test_kutu_bazinda.csv + reports/test_kutu_bazinda_model512.csv,yeni model taramasi yapilmadi; mevcut kutu bazinda kayitlardan turetildi,eslesen_skor >= esik; olculmus uc esikte birebir dogrulandi,Model-512: tahminler_model512.csv'den turetildi (tum esikler dolu). Taban-512: tahmin kaydi alinmadigi icin yalnizca olculmus uc esikte dolu.,50,3.13.1,8.4.144,0.12.6,2.14.0,2026-09-12 08:58:24,scripts/13_kutu_bazinda_karsilastir.py
Taban-512,ZRI_HARIC,0.84,70,31,0,31,0.0,olculmedi,olculmedi,az ornek,reports/test_kutu_bazinda.csv + reports/test_kutu_bazinda_model512.csv,yeni model taramasi yapilmadi; mevcut kutu bazinda kayitlardan turetildi,eslesen_skor >= esik; olculmus uc esikte birebir dogrulandi,Model-512: tahminler_model512.csv'den turetildi (tum esikler dolu). Taban-512: tahmin kaydi alinmadigi icin yalnizca olculmus uc esikte dolu.,50,3.13.1,8.4.144,0.12.6,2.14.0,2026-09-12 08:58:24,scripts/13_kutu_bazinda_karsilastir.py
Taban-512,ZRI_HARIC,0.85,70,31,0,31,0.0,olculmedi,olculmedi,az ornek,reports/test_kutu_bazinda.csv + reports/test_kutu_bazinda_model512.csv,yeni model taramasi yapilmadi; mevcut kutu bazinda kayitlardan turetildi,eslesen_skor >= esik; olculmus uc esikte birebir dogrulandi,Model-512: tahminler_model512.csv'den turetildi (tum esikler dolu). Taban-512: tahmin kaydi alinmadigi icin yalnizca olculmus uc esikte dolu.,50,3.13.1,8.4.144,0.12.6,2.14.0,2026-09-12 08:58:24,scripts/13_kutu_bazinda_karsilastir.py
Taban-512,ZRI_HARIC,0.86,70,31,0,31,0.0,olculmedi,olculmedi,az ornek,reports/test_kutu_bazinda.csv + reports/test_kutu_bazinda_model512.csv,yeni model taramasi yapilmadi; mevcut kutu bazinda kayitlardan turetildi,eslesen_skor >= esik; olculmus uc esikte birebir dogrulandi,Model-512: tahminler_model512.csv'den turetildi (tum esikler dolu). Taban-512: tahmin kaydi alinmadigi icin yalnizca olculmus uc esikte dolu.,50,3.13.1,8.4.144,0.12.6,2.14.0,2026-09-12 08:58:24,scripts/13_kutu_bazinda_karsilastir.py
Taban-512,ZRI_HARIC,0.87,70,31,0,31,0.0,olculmedi,olculmedi,az ornek,reports/test_kutu_bazinda.csv + reports/test_kutu_bazinda_model512.csv,yeni model taramasi yapilmadi; mevcut kutu bazinda kayitlardan turetildi,eslesen_skor >= esik; olculmus uc esikte birebir dogrulandi,Model-512: tahminler_model512.csv'den turetildi (tum esikler dolu). Taban-512: tahmin kaydi alinmadigi icin yalnizca olculmus uc esikte dolu.,50,3.13.1,8.4.144,0.12.6,2.14.0,2026-09-12 08:58:24,scripts/13_kutu_bazinda_karsilastir.py
Taban-512,ZRI_HARIC,0.88,70,31,0,31,0.0,olculmedi,olculmedi,az ornek,reports/test_kutu_bazinda.csv + reports/test_kutu_bazinda_model512.csv,yeni model taramasi yapilmadi; mevcut kutu bazinda kayitlardan turetildi,eslesen_skor >= esik; olculmus uc esikte birebir dogrulandi,Model-512: tahminler_model512.csv'den turetildi (tum esikler dolu). Taban-512: tahmin kaydi alinmadigi icin yalnizca olculmus uc esikte dolu.,50,3.13.1,8.4.144,0.12.6,2.14.0,2026-09-12 08:58:24,scripts/13_kutu_bazinda_karsilastir.py
Taban-512,ZRI_HARIC,0.89,70,31,0,31,0.0,olculmedi,olculmedi,az ornek,reports/test_kutu_bazinda.csv + reports/test_kutu_bazinda_model512.csv,yeni model taramasi yapilmadi; mevcut kutu bazinda kayitlardan turetildi,eslesen_skor >= esik; olculmus uc esikte birebir dogrulandi,Model-512: tahminler_model512.csv'den turetildi (tum esikler dolu). Taban-512: tahmin kaydi alinmadigi icin yalnizca olculmus uc esikte dolu.,50,3.13.1,8.4.144,0.12.6,2.14.0,2026-09-12 08:58:24,scripts/13_kutu_bazinda_karsilastir.py
Taban-512,ZRI_HARIC,0.9,70,31,0,31,0.0,olculmedi,olculmedi,az ornek,reports/test_kutu_bazinda.csv + reports/test_kutu_bazinda_model512.csv,yeni model taramasi yapilmadi; mevcut kutu bazinda kayitlardan turetildi,eslesen_skor >= esik; olculmus uc esikte birebir dogrulandi,Model-512: tahminler_model512.csv'den turetildi (tum esikler dolu). Taban-512: tahmin kaydi alinmadigi icin yalnizca olculmus uc esikte dolu.,50,3.13.1,8.4.144,0.12.6,2.14.0,2026-09-12 08:58:24,scripts/13_kutu_bazinda_karsilastir.py
Taban-512,ZRI_HARIC,0.91,70,31,0,31,0.0,olculmedi,olculmedi,az ornek,reports/test_kutu_bazinda.csv + reports/test_kutu_bazinda_model512.csv,yeni model taramasi yapilmadi; mevcut kutu bazinda kayitlardan turetildi,eslesen_skor >= esik; olculmus uc esikte birebir dogrulandi,Model-512: tahminler_model512.csv'den turetildi (tum esikler dolu). Taban-512: tahmin kaydi alinmadigi icin yalnizca olculmus uc esikte dolu.,50,3.13.1,8.4.144,0.12.6,2.14.0,2026-09-12 08:58:24,scripts/13_kutu_bazinda_karsilastir.py
Taban-512,ZRI_HARIC,0.92,70,31,0,31,0.0,olculmedi,olculmedi,az ornek,reports/test_kutu_bazinda.csv + reports/test_kutu_bazinda_model512.csv,yeni model taramasi yapilmadi; mevcut kutu bazinda kayitlardan turetildi,eslesen_skor >= esik; olculmus uc esikte birebir dogrulandi,Model-512: tahminler_model512.csv'den turetildi (tum esikler dolu). Taban-512: tahmin kaydi alinmadigi icin yalnizca olculmus uc esikte dolu.,50,3.13.1,8.4.144,0.12.6,2.14.0,2026-09-12 08:58:24,scripts/13_kutu_bazinda_karsilastir.py
Taban-512,ZRI_HARIC,0.93,70,31,0,31,0.0,olculmedi,olculmedi,az ornek,reports/test_kutu_bazinda.csv + reports/test_kutu_bazinda_model512.csv,yeni model taramasi yapilmadi; mevcut kutu bazinda kayitlardan turetildi,eslesen_skor >= esik; olculmus uc esikte birebir dogrulandi,Model-512: tahminler_model512.csv'den turetildi (tum esikler dolu). Taban-512: tahmin kaydi alinmadigi icin yalnizca olculmus uc esikte dolu.,50,3.13.1,8.4.144,0.12.6,2.14.0,2026-09-12 08:58:24,scripts/13_kutu_bazinda_karsilastir.py
Taban-512,ZRI_HARIC,0.94,70,31,0,31,0.0,olculmedi,olculmedi,az ornek,reports/test_kutu_bazinda.csv + reports/test_kutu_bazinda_model512.csv,yeni model taramasi yapilmadi; mevcut kutu bazinda kayitlardan turetildi,eslesen_skor >= esik; olculmus uc esikte birebir dogrulandi,Model-512: tahminler_model512.csv'den turetildi (tum esikler dolu). Taban-512: tahmin kaydi alinmadigi icin yalnizca olculmus uc esikte dolu.,50,3.13.1,8.4.144,0.12.6,2.14.0,2026-09-12 08:58:24,scripts/13_kutu_bazinda_karsilastir.py
Taban-512,ZRI_HARIC,0.95,70,31,0,31,0.0,olculmedi,olculmedi,az ornek,reports/test_kutu_bazinda.csv + reports/test_kutu_bazinda_model512.csv,yeni model taramasi yapilmadi; mevcut kutu bazinda kayitlardan turetildi,eslesen_skor >= esik; olculmus uc esikte birebir dogrulandi,Model-512: tahminler_model512.csv'den turetildi (tum esikler dolu). Taban-512: tahmin kaydi alinmadigi icin yalnizca olculmus uc esikte dolu.,50,3.13.1,8.4.144,0.12.6,2.14.0,2026-09-12 08:58:24,scripts/13_kutu_bazinda_karsilastir.py
Model-512,TOPLAM,0.05,157,970,902,68,0.9299,13.59,tahmin kaydindan turetildi,,reports/test_kutu_bazinda.csv + reports/test_kutu_bazinda_model512.csv,yeni model taramasi yapilmadi; mevcut kutu bazinda kayitlardan turetildi,eslesen_skor >= esik; olculmus uc esikte birebir dogrulandi,Model-512: tahminler_model512.csv'den turetildi (tum esikler dolu). Taban-512: tahmin kaydi alinmadigi icin yalnizca olculmus uc esikte dolu.,50,3.13.1,8.4.144,0.12.6,2.14.0,2026-09-12 08:58:24,scripts/13_kutu_bazinda_karsilastir.py
Model-512,TOPLAM,0.06,157,970,897,73,0.9247,12.18,tahmin kaydindan turetildi,,reports/test_kutu_bazinda.csv + reports/test_kutu_bazinda_model512.csv,yeni model taramasi yapilmadi; mevcut kutu bazinda kayitlardan turetildi,eslesen_skor >= esik; olculmus uc esikte birebir dogrulandi,Model-512: tahminler_model512.csv'den turetildi (tum esikler dolu). Taban-512: tahmin kaydi alinmadigi icin yalnizca olculmus uc esikte dolu.,50,3.13.1,8.4.144,0.12.6,2.14.0,2026-09-12 08:58:24,scripts/13_kutu_bazinda_karsilastir.py
Model-512,TOPLAM,0.07,157,970,894,76,0.9216,11.1,tahmin kaydindan turetildi,,reports/test_kutu_bazinda.csv + reports/test_kutu_bazinda_model512.csv,yeni model taramasi yapilmadi; mevcut kutu bazinda kayitlardan turetildi,eslesen_skor >= esik; olculmus uc esikte birebir dogrulandi,Model-512: tahminler_model512.csv'den turetildi (tum esikler dolu). Taban-512: tahmin kaydi alinmadigi icin yalnizca olculmus uc esikte dolu.,50,3.13.1,8.4.144,0.12.6,2.14.0,2026-09-12 08:58:24,scripts/13_kutu_bazinda_karsilastir.py
Model-512,TOPLAM,0.08,157,970,889,81,0.9165,10.22,tahmin kaydindan turetildi,,reports/test_kutu_bazinda.csv + reports/test_kutu_bazinda_model512.csv,yeni model taramasi yapilmadi; mevcut kutu bazinda kayitlardan turetildi,eslesen_skor >= esik; olculmus uc esikte birebir dogrulandi,Model-512: tahminler_model512.csv'den turetildi (tum esikler dolu). Taban-512: tahmin kaydi alinmadigi icin yalnizca olculmus uc esikte dolu.,50,3.13.1,8.4.144,0.12.6,2.14.0,2026-09-12 08:58:24,scripts/13_kutu_bazinda_karsilastir.py
Model-512,TOPLAM,0.09,157,970,884,86,0.9113,9.62,tahmin kaydindan turetildi,,reports/test_kutu_bazinda.csv + reports/test_kutu_bazinda_model512.csv,yeni model taramasi yapilmadi; mevcut kutu bazinda kayitlardan turetildi,eslesen_skor >= esik; olculmus uc esikte birebir dogrulandi,Model-512: tahminler_model512.csv'den turetildi (tum esikler dolu). Taban-512: tahmin kaydi alinmadigi icin yalnizca olculmus uc esikte dolu.,50,3.13.1,8.4.144,0.12.6,2.14.0,2026-09-12 08:58:24,scripts/13_kutu_bazinda_karsilastir.py
Model-512,TOPLAM,0.1,157,970,879,91,0.9062,9.18,tahmin kaydindan turetildi,,reports/test_kutu_bazinda.csv + reports/test_kutu_bazinda_model512.csv,yeni model taramasi yapilmadi; mevcut kutu bazinda kayitlardan turetildi,eslesen_skor >= esik; olculmus uc esikte birebir dogrulandi,Model-512: tahminler_model512.csv'den turetildi (tum esikler dolu). Taban-512: tahmin kaydi alinmadigi icin yalnizca olculmus uc esikte dolu.,50,3.13.1,8.4.144,0.12.6,2.14.0,2026-09-12 08:58:24,scripts/13_kutu_bazinda_karsilastir.py
Model-512,TOPLAM,0.11,157,970,875,95,0.9021,8.71,tahmin kaydindan turetildi,,reports/test_kutu_bazinda.csv + reports/test_kutu_bazinda_model512.csv,yeni model taramasi yapilmadi; mevcut kutu bazinda kayitlardan turetildi,eslesen_skor >= esik; olculmus uc esikte birebir dogrulandi,Model-512: tahminler_model512.csv'den turetildi (tum esikler dolu). Taban-512: tahmin kaydi alinmadigi icin yalnizca olculmus uc esikte dolu.,50,3.13.1,8.4.144,0.12.6,2.14.0,2026-09-12 08:58:24,scripts/13_kutu_bazinda_karsilastir.py
Model-512,TOPLAM,0.12,157,970,874,96,0.901,8.31,tahmin kaydindan turetildi,,reports/test_kutu_bazinda.csv + reports/test_kutu_bazinda_model512.csv,yeni model taramasi yapilmadi; mevcut kutu bazinda kayitlardan turetildi,eslesen_skor >= esik; olculmus uc esikte birebir dogrulandi,Model-512: tahminler_model512.csv'den turetildi (tum esikler dolu). Taban-512: tahmin kaydi alinmadigi icin yalnizca olculmus uc esikte dolu.,50,3.13.1,8.4.144,0.12.6,2.14.0,2026-09-12 08:58:24,scripts/13_kutu_bazinda_karsilastir.py
Model-512,TOPLAM,0.13,157,970,872,98,0.899,7.85,tahmin kaydindan turetildi,,reports/test_kutu_bazinda.csv + reports/test_kutu_bazinda_model512.csv,yeni model taramasi yapilmadi; mevcut kutu bazinda kayitlardan turetildi,eslesen_skor >= esik; olculmus uc esikte birebir dogrulandi,Model-512: tahminler_model512.csv'den turetildi (tum esikler dolu). Taban-512: tahmin kaydi alinmadigi icin yalnizca olculmus uc esikte dolu.,50,3.13.1,8.4.144,0.12.6,2.14.0,2026-09-12 08:58:24,scripts/13_kutu_bazinda_karsilastir.py
Model-512,TOPLAM,0.14,157,970,865,105,0.8918,7.47,tahmin kaydindan turetildi,,reports/test_kutu_bazinda.csv + reports/test_kutu_bazinda_model512.csv,yeni model taramasi yapilmadi; mevcut kutu bazinda kayitlardan turetildi,eslesen_skor >= esik; olculmus uc esikte birebir dogrulandi,Model-512: tahminler_model512.csv'den turetildi (tum esikler dolu). Taban-512: tahmin kaydi alinmadigi icin yalnizca olculmus uc esikte dolu.,50,3.13.1,8.4.144,0.12.6,2.14.0,2026-09-12 08:58:24,scripts/13_kutu_bazinda_karsilastir.py
Model-512,TOPLAM,0.15,157,970,859,111,0.8856,7.07,tahmin kaydindan turetildi,,reports/test_kutu_bazinda.csv + reports/test_kutu_bazinda_model512.csv,yeni model taramasi yapilmadi; mevcut kutu bazinda kayitlardan turetildi,eslesen_skor >= esik; olculmus uc esikte birebir dogrulandi,Model-512: tahminler_model512.csv'den turetildi (tum esikler dolu). Taban-512: tahmin kaydi alinmadigi icin yalnizca olculmus uc esikte dolu.,50,3.13.1,8.4.144,0.12.6,2.14.0,2026-09-12 08:58:24,scripts/13_kutu_bazinda_karsilastir.py
Model-512,TOPLAM,0.16,157,970,856,114,0.8825,6.74,tahmin kaydindan turetildi,,reports/test_kutu_bazinda.csv + reports/test_kutu_bazinda_model512.csv,yeni model taramasi yapilmadi; mevcut kutu bazinda kayitlardan turetildi,eslesen_skor >= esik; olculmus uc esikte birebir dogrulandi,Model-512: tahminler_model512.csv'den turetildi (tum esikler dolu). Taban-512: tahmin kaydi alinmadigi icin yalnizca olculmus uc esikte dolu.,50,3.13.1,8.4.144,0.12.6,2.14.0,2026-09-12 08:58:24,scripts/13_kutu_bazinda_karsilastir.py
Model-512,TOPLAM,0.17,157,970,853,117,0.8794,6.44,tahmin kaydindan turetildi,,reports/test_kutu_bazinda.csv + reports/test_kutu_bazinda_model512.csv,yeni model taramasi yapilmadi; mevcut kutu bazinda kayitlardan turetildi,eslesen_skor >= esik; olculmus uc esikte birebir dogrulandi,Model-512: tahminler_model512.csv'den turetildi (tum esikler dolu). Taban-512: tahmin kaydi alinmadigi icin yalnizca olculmus uc esikte dolu.,50,3.13.1,8.4.144,0.12.6,2.14.0,2026-09-12 08:58:24,scripts/13_kutu_bazinda_karsilastir.py
Model-512,TOPLAM,0.18,157,970,848,122,0.8742,6.17,tahmin kaydindan turetildi,,reports/test_kutu_bazinda.csv + reports/test_kutu_bazinda_model512.csv,yeni model taramasi yapilmadi; mevcut kutu bazinda kayitlardan turetildi,eslesen_skor >= esik; olculmus uc esikte birebir dogrulandi,Model-512: tahminler_model512.csv'den turetildi (tum esikler dolu). Taban-512: tahmin kaydi alinmadigi icin yalnizca olculmus uc esikte dolu.,50,3.13.1,8.4.144,0.12.6,2.14.0,2026-09-12 08:58:24,scripts/13_kutu_bazinda_karsilastir.py
Model-512,TOPLAM,0.19,157,970,842,128,0.868,5.9,tahmin kaydindan turetildi,,reports/test_kutu_bazinda.csv + reports/test_kutu_bazinda_model512.csv,yeni model taramasi yapilmadi; mevcut kutu bazinda kayitlardan turetildi,eslesen_skor >= esik; olculmus uc esikte birebir dogrulandi,Model-512: tahminler_model512.csv'den turetildi (tum esikler dolu). Taban-512: tahmin kaydi alinmadigi icin yalnizca olculmus uc esikte dolu.,50,3.13.1,8.4.144,0.12.6,2.14.0,2026-09-12 08:58:24,scripts/13_kutu_bazinda_karsilastir.py
Model-512,TOPLAM,0.2,157,970,837,133,0.8629,5.73,tahmin kaydindan turetildi,,reports/test_kutu_bazinda.csv + reports/test_kutu_bazinda_model512.csv,yeni model taramasi yapilmadi; mevcut kutu bazinda kayitlardan turetildi,eslesen_skor >= esik; olculmus uc esikte birebir dogrulandi,Model-512: tahminler_model512.csv'den turetildi (tum esikler dolu). Taban-512: tahmin kaydi alinmadigi icin yalnizca olculmus uc esikte dolu.,50,3.13.1,8.4.144,0.12.6,2.14.0,2026-09-12 08:58:24,scripts/13_kutu_bazinda_karsilastir.py
Model-512,TOPLAM,0.21,157,970,831,139,0.8567,5.46,tahmin kaydindan turetildi,,reports/test_kutu_bazinda.csv + reports/test_kutu_bazinda_model512.csv,yeni model taramasi yapilmadi; mevcut kutu bazinda kayitlardan turetildi,eslesen_skor >= esik; olculmus uc esikte birebir dogrulandi,Model-512: tahminler_model512.csv'den turetildi (tum esikler dolu). Taban-512: tahmin kaydi alinmadigi icin yalnizca olculmus uc esikte dolu.,50,3.13.1,8.4.144,0.12.6,2.14.0,2026-09-12 08:58:24,scripts/13_kutu_bazinda_karsilastir.py
Model-512,TOPLAM,0.22,157,970,831,139,0.8567,5.27,tahmin kaydindan turetildi,,reports/test_kutu_bazinda.csv + reports/test_kutu_bazinda_model512.csv,yeni model taramasi yapilmadi; mevcut kutu bazinda kayitlardan turetildi,eslesen_skor >= esik; olculmus uc esikte birebir dogrulandi,Model-512: tahminler_model512.csv'den turetildi (tum esikler dolu). Taban-512: tahmin kaydi alinmadigi icin yalnizca olculmus uc esikte dolu.,50,3.13.1,8.4.144,0.12.6,2.14.0,2026-09-12 08:58:24,scripts/13_kutu_bazinda_karsilastir.py
Model-512,TOPLAM,0.23,157,970,828,142,0.8536,5.11,tahmin kaydindan turetildi,,reports/test_kutu_bazinda.csv + reports/test_kutu_bazinda_model512.csv,yeni model taramasi yapilmadi; mevcut kutu bazinda kayitlardan turetildi,eslesen_skor >= esik; olculmus uc esikte birebir dogrulandi,Model-512: tahminler_model512.csv'den turetildi (tum esikler dolu). Taban-512: tahmin kaydi alinmadigi icin yalnizca olculmus uc esikte dolu.,50,3.13.1,8.4.144,0.12.6,2.14.0,2026-09-12 08:58:24,scripts/13_kutu_bazinda_karsilastir.py
Model-512,TOPLAM,0.24,157,970,821,149,0.8464,4.92,tahmin kaydindan turetildi,,reports/test_kutu_bazinda.csv + reports/test_kutu_bazinda_model512.csv,yeni model taramasi yapilmadi; mevcut kutu bazinda kayitlardan turetildi,eslesen_skor >= esik; olculmus uc esikte birebir dogrulandi,Model-512: tahminler_model512.csv'den turetildi (tum esikler dolu). Taban-512: tahmin kaydi alinmadigi icin yalnizca olculmus uc esikte dolu.,50,3.13.1,8.4.144,0.12.6,2.14.0,2026-09-12 08:58:24,scripts/13_kutu_bazinda_karsilastir.py
Model-512,TOPLAM,0.25,157,970,816,154,0.8412,4.68,tahmin kaydindan turetildi,,reports/test_kutu_bazinda.csv + reports/test_kutu_bazinda_model512.csv,yeni model taramasi yapilmadi; mevcut kutu bazinda kayitlardan turetildi,eslesen_skor >= esik; olculmus uc esikte birebir dogrulandi,Model-512: tahminler_model512.csv'den turetildi (tum esikler dolu). Taban-512: tahmin kaydi alinmadigi icin yalnizca olculmus uc esikte dolu.,50,3.13.1,8.4.144,0.12.6,2.14.0,2026-09-12 08:58:24,scripts/13_kutu_bazinda_karsilastir.py
Model-512,TOPLAM,0.26,157,970,812,158,0.8371,4.5,tahmin kaydindan turetildi,,reports/test_kutu_bazinda.csv + reports/test_kutu_bazinda_model512.csv,yeni model taramasi yapilmadi; mevcut kutu bazinda kayitlardan turetildi,eslesen_skor >= esik; olculmus uc esikte birebir dogrulandi,Model-512: tahminler_model512.csv'den turetildi (tum esikler dolu). Taban-512: tahmin kaydi alinmadigi icin yalnizca olculmus uc esikte dolu.,50,3.13.1,8.4.144,0.12.6,2.14.0,2026-09-12 08:58:24,scripts/13_kutu_bazinda_karsilastir.py
Model-512,TOPLAM,0.27,157,970,801,169,0.8258,4.39,tahmin kaydindan turetildi,,reports/test_kutu_bazinda.csv + reports/test_kutu_bazinda_model512.csv,yeni model taramasi yapilmadi; mevcut kutu bazinda kayitlardan turetildi,eslesen_skor >= esik; olculmus uc esikte birebir dogrulandi,Model-512: tahminler_model512.csv'den turetildi (tum esikler dolu). Taban-512: tahmin kaydi alinmadigi icin yalnizca olculmus uc esikte dolu.,50,3.13.1,8.4.144,0.12.6,2.14.0,2026-09-12 08:58:24,scripts/13_kutu_bazinda_karsilastir.py
Model-512,TOPLAM,0.28,157,970,797,173,0.8216,4.22,tahmin kaydindan turetildi,,reports/test_kutu_bazinda.csv + reports/test_kutu_bazinda_model512.csv,yeni model taramasi yapilmadi; mevcut kutu bazinda kayitlardan turetildi,eslesen_skor >= esik; olculmus uc esikte birebir dogrulandi,Model-512: tahminler_model512.csv'den turetildi (tum esikler dolu). Taban-512: tahmin kaydi alinmadigi icin yalnizca olculmus uc esikte dolu.,50,3.13.1,8.4.144,0.12.6,2.14.0,2026-09-12 08:58:24,scripts/13_kutu_bazinda_karsilastir.py
Model-512,TOPLAM,0.29,157,970,791,179,0.8155,4.08,tahmin kaydindan turetildi,,reports/test_kutu_bazinda.csv + reports/test_kutu_bazinda_model512.csv,yeni model taramasi yapilmadi; mevcut kutu bazinda kayitlardan turetildi,eslesen_skor >= esik; olculmus uc esikte birebir dogrulandi,Model-512: tahminler_model512.csv'den turetildi (tum esikler dolu). Taban-512: tahmin kaydi alinmadigi icin yalnizca olculmus uc esikte dolu.,50,3.13.1,8.4.144,0.12.6,2.14.0,2026-09-12 08:58:24,scripts/13_kutu_bazinda_karsilastir.py
Model-512,TOPLAM,0.3,157,970,788,182,0.8124,3.94,tahmin kaydindan turetildi,,reports/test_kutu_bazinda.csv + reports/test_kutu_bazinda_model512.csv,yeni model taramasi yapilmadi; mevcut kutu bazinda kayitlardan turetildi,eslesen_skor >= esik; olculmus uc esikte birebir dogrulandi,Model-512: tahminler_model512.csv'den turetildi (tum esikler dolu). Taban-512: tahmin kaydi alinmadigi icin yalnizca olculmus uc esikte dolu.,50,3.13.1,8.4.144,0.12.6,2.14.0,2026-09-12 08:58:24,scripts/13_kutu_bazinda_karsilastir.py
Model-512,TOPLAM,0.31,157,970,782,188,0.8062,3.83,tahmin kaydindan turetildi,,reports/test_kutu_bazinda.csv + reports/test_kutu_bazinda_model512.csv,yeni model taramasi yapilmadi; mevcut kutu bazinda kayitlardan turetildi,eslesen_skor >= esik; olculmus uc esikte birebir dogrulandi,Model-512: tahminler_model512.csv'den turetildi (tum esikler dolu). Taban-512: tahmin kaydi alinmadigi icin yalnizca olculmus uc esikte dolu.,50,3.13.1,8.4.144,0.12.6,2.14.0,2026-09-12 08:58:24,scripts/13_kutu_bazinda_karsilastir.py
Model-512,TOPLAM,0.32,157,970,776,194,0.8,3.72,tahmin kaydindan turetildi,,reports/test_kutu_bazinda.csv + reports/test_kutu_bazinda_model512.csv,yeni model taramasi yapilmadi; mevcut kutu bazinda kayitlardan turetildi,eslesen_skor >= esik; olculmus uc esikte birebir dogrulandi,Model-512: tahminler_model512.csv'den turetildi (tum esikler dolu). Taban-512: tahmin kaydi alinmadigi icin yalnizca olculmus uc esikte dolu.,50,3.13.1,8.4.144,0.12.6,2.14.0,2026-09-12 08:58:24,scripts/13_kutu_bazinda_karsilastir.py
Model-512,TOPLAM,0.33,157,970,769,201,0.7928,3.63,tahmin kaydindan turetildi,,reports/test_kutu_bazinda.csv + reports/test_kutu_bazinda_model512.csv,yeni model taramasi yapilmadi; mevcut kutu bazinda kayitlardan turetildi,eslesen_skor >= esik; olculmus uc esikte birebir dogrulandi,Model-512: tahminler_model512.csv'den turetildi (tum esikler dolu). Taban-512: tahmin kaydi alinmadigi icin yalnizca olculmus uc esikte dolu.,50,3.13.1,8.4.144,0.12.6,2.14.0,2026-09-12 08:58:24,scripts/13_kutu_bazinda_karsilastir.py
Model-512,TOPLAM,0.34,157,970,767,203,0.7907,3.51,tahmin kaydindan turetildi,,reports/test_kutu_bazinda.csv + reports/test_kutu_bazinda_model512.csv,yeni model taramasi yapilmadi; mevcut kutu bazinda kayitlardan turetildi,eslesen_skor >= esik; olculmus uc esikte birebir dogrulandi,Model-512: tahminler_model512.csv'den turetildi (tum esikler dolu). Taban-512: tahmin kaydi alinmadigi icin yalnizca olculmus uc esikte dolu.,50,3.13.1,8.4.144,0.12.6,2.14.0,2026-09-12 08:58:24,scripts/13_kutu_bazinda_karsilastir.py
Model-512,TOPLAM,0.35,157,970,763,207,0.7866,3.41,tahmin kaydindan turetildi,,reports/test_kutu_bazinda.csv + reports/test_kutu_bazinda_model512.csv,yeni model taramasi yapilmadi; mevcut kutu bazinda kayitlardan turetildi,eslesen_skor >= esik; olculmus uc esikte birebir dogrulandi,Model-512: tahminler_model512.csv'den turetildi (tum esikler dolu). Taban-512: tahmin kaydi alinmadigi icin yalnizca olculmus uc esikte dolu.,50,3.13.1,8.4.144,0.12.6,2.14.0,2026-09-12 08:58:24,scripts/13_kutu_bazinda_karsilastir.py
Model-512,TOPLAM,0.36,157,970,759,211,0.7825,3.25,tahmin kaydindan turetildi,,reports/test_kutu_bazinda.csv + reports/test_kutu_bazinda_model512.csv,yeni model taramasi yapilmadi; mevcut kutu bazinda kayitlardan turetildi,eslesen_skor >= esik; olculmus uc esikte birebir dogrulandi,Model-512: tahminler_model512.csv'den turetildi (tum esikler dolu). Taban-512: tahmin kaydi alinmadigi icin yalnizca olculmus uc esikte dolu.,50,3.13.1,8.4.144,0.12.6,2.14.0,2026-09-12 08:58:24,scripts/13_kutu_bazinda_karsilastir.py
Model-512,TOPLAM,0.37,157,970,755,215,0.7784,3.09,tahmin kaydindan turetildi,,reports/test_kutu_bazinda.csv + reports/test_kutu_bazinda_model512.csv,yeni model taramasi yapilmadi; mevcut kutu bazinda kayitlardan turetildi,eslesen_skor >= esik; olculmus uc esikte birebir dogrulandi,Model-512: tahminler_model512.csv'den turetildi (tum esikler dolu). Taban-512: tahmin kaydi alinmadigi icin yalnizca olculmus uc esikte dolu.,50,3.13.1,8.4.144,0.12.6,2.14.0,2026-09-12 08:58:24,scripts/13_kutu_bazinda_karsilastir.py
Model-512,TOPLAM,0.38,157,970,751,219,0.7742,2.97,tahmin kaydindan turetildi,,reports/test_kutu_bazinda.csv + reports/test_kutu_bazinda_model512.csv,yeni model taramasi yapilmadi; mevcut kutu bazinda kayitlardan turetildi,eslesen_skor >= esik; olculmus uc esikte birebir dogrulandi,Model-512: tahminler_model512.csv'den turetildi (tum esikler dolu). Taban-512: tahmin kaydi alinmadigi icin yalnizca olculmus uc esikte dolu.,50,3.13.1,8.4.144,0.12.6,2.14.0,2026-09-12 08:58:24,scripts/13_kutu_bazinda_karsilastir.py
Model-512,TOPLAM,0.39,157,970,749,221,0.7722,2.86,tahmin kaydindan turetildi,,reports/test_kutu_bazinda.csv + reports/test_kutu_bazinda_model512.csv,yeni model taramasi yapilmadi; mevcut kutu bazinda kayitlardan turetildi,eslesen_skor >= esik; olculmus uc esikte birebir dogrulandi,Model-512: tahminler_model512.csv'den turetildi (tum esikler dolu). Taban-512: tahmin kaydi alinmadigi icin yalnizca olculmus uc esikte dolu.,50,3.13.1,8.4.144,0.12.6,2.14.0,2026-09-12 08:58:24,scripts/13_kutu_bazinda_karsilastir.py
Model-512,TOPLAM,0.4,157,970,737,233,0.7598,2.75,tahmin kaydindan turetildi,,reports/test_kutu_bazinda.csv + reports/test_kutu_bazinda_model512.csv,yeni model taramasi yapilmadi; mevcut kutu bazinda kayitlardan turetildi,eslesen_skor >= esik; olculmus uc esikte birebir dogrulandi,Model-512: tahminler_model512.csv'den turetildi (tum esikler dolu). Taban-512: tahmin kaydi alinmadigi icin yalnizca olculmus uc esikte dolu.,50,3.13.1,8.4.144,0.12.6,2.14.0,2026-09-12 08:58:24,scripts/13_kutu_bazinda_karsilastir.py
Model-512,TOPLAM,0.41,157,970,733,237,0.7557,2.69,tahmin kaydindan turetildi,,reports/test_kutu_bazinda.csv + reports/test_kutu_bazinda_model512.csv,yeni model taramasi yapilmadi; mevcut kutu bazinda kayitlardan turetildi,eslesen_skor >= esik; olculmus uc esikte birebir dogrulandi,Model-512: tahminler_model512.csv'den turetildi (tum esikler dolu). Taban-512: tahmin kaydi alinmadigi icin yalnizca olculmus uc esikte dolu.,50,3.13.1,8.4.144,0.12.6,2.14.0,2026-09-12 08:58:24,scripts/13_kutu_bazinda_karsilastir.py
Model-512,TOPLAM,0.42,157,970,725,245,0.7474,2.61,tahmin kaydindan turetildi,,reports/test_kutu_bazinda.csv + reports/test_kutu_bazinda_model512.csv,yeni model taramasi yapilmadi; mevcut kutu bazinda kayitlardan turetildi,eslesen_skor >= esik; olculmus uc esikte birebir dogrulandi,Model-512: tahminler_model512.csv'den turetildi (tum esikler dolu). Taban-512: tahmin kaydi alinmadigi icin yalnizca olculmus uc esikte dolu.,50,3.13.1,8.4.144,0.12.6,2.14.0,2026-09-12 08:58:24,scripts/13_kutu_bazinda_karsilastir.py
Model-512,TOPLAM,0.43,157,970,721,249,0.7433,2.54,tahmin kaydindan turetildi,,reports/test_kutu_bazinda.csv + reports/test_kutu_bazinda_model512.csv,yeni model taramasi yapilmadi; mevcut kutu bazinda kayitlardan turetildi,eslesen_skor >= esik; olculmus uc esikte birebir dogrulandi,Model-512: tahminler_model512.csv'den turetildi (tum esikler dolu). Taban-512: tahmin kaydi alinmadigi icin yalnizca olculmus uc esikte dolu.,50,3.13.1,8.4.144,0.12.6,2.14.0,2026-09-12 08:58:24,scripts/13_kutu_bazinda_karsilastir.py
Model-512,TOPLAM,0.44,157,970,717,253,0.7392,2.46,tahmin kaydindan turetildi,,reports/test_kutu_bazinda.csv + reports/test_kutu_bazinda_model512.csv,yeni model taramasi yapilmadi; mevcut kutu bazinda kayitlardan turetildi,eslesen_skor >= esik; olculmus uc esikte birebir dogrulandi,Model-512: tahminler_model512.csv'den turetildi (tum esikler dolu). Taban-512: tahmin kaydi alinmadigi icin yalnizca olculmus uc esikte dolu.,50,3.13.1,8.4.144,0.12.6,2.14.0,2026-09-12 08:58:24,scripts/13_kutu_bazinda_karsilastir.py
Model-512,TOPLAM,0.45,157,970,715,255,0.7371,2.39,tahmin kaydindan turetildi,,reports/test_kutu_bazinda.csv + reports/test_kutu_bazinda_model512.csv,yeni model taramasi yapilmadi; mevcut kutu bazinda kayitlardan turetildi,eslesen_skor >= esik; olculmus uc esikte birebir dogrulandi,Model-512: tahminler_model512.csv'den turetildi (tum esikler dolu). Taban-512: tahmin kaydi alinmadigi icin yalnizca olculmus uc esikte dolu.,50,3.13.1,8.4.144,0.12.6,2.14.0,2026-09-12 08:58:24,scripts/13_kutu_bazinda_karsilastir.py
Model-512,TOPLAM,0.46,157,970,705,265,0.7268,2.33,tahmin kaydindan turetildi,,reports/test_kutu_bazinda.csv + reports/test_kutu_bazinda_model512.csv,yeni model taramasi yapilmadi; mevcut kutu bazinda kayitlardan turetildi,eslesen_skor >= esik; olculmus uc esikte birebir dogrulandi,Model-512: tahminler_model512.csv'den turetildi (tum esikler dolu). Taban-512: tahmin kaydi alinmadigi icin yalnizca olculmus uc esikte dolu.,50,3.13.1,8.4.144,0.12.6,2.14.0,2026-09-12 08:58:24,scripts/13_kutu_bazinda_karsilastir.py
Model-512,TOPLAM,0.47,157,970,697,273,0.7186,2.27,tahmin kaydindan turetildi,,reports/test_kutu_bazinda.csv + reports/test_kutu_bazinda_model512.csv,yeni model taramasi yapilmadi; mevcut kutu bazinda kayitlardan turetildi,eslesen_skor >= esik; olculmus uc esikte birebir dogrulandi,Model-512: tahminler_model512.csv'den turetildi (tum esikler dolu). Taban-512: tahmin kaydi alinmadigi icin yalnizca olculmus uc esikte dolu.,50,3.13.1,8.4.144,0.12.6,2.14.0,2026-09-12 08:58:24,scripts/13_kutu_bazinda_karsilastir.py
Model-512,TOPLAM,0.48,157,970,692,278,0.7134,2.18,tahmin kaydindan turetildi,,reports/test_kutu_bazinda.csv + reports/test_kutu_bazinda_model512.csv,yeni model taramasi yapilmadi; mevcut kutu bazinda kayitlardan turetildi,eslesen_skor >= esik; olculmus uc esikte birebir dogrulandi,Model-512: tahminler_model512.csv'den turetildi (tum esikler dolu). Taban-512: tahmin kaydi alinmadigi icin yalnizca olculmus uc esikte dolu.,50,3.13.1,8.4.144,0.12.6,2.14.0,2026-09-12 08:58:24,scripts/13_kutu_bazinda_karsilastir.py
Model-512,TOPLAM,0.49,157,970,684,286,0.7052,2.08,tahmin kaydindan turetildi,,reports/test_kutu_bazinda.csv + reports/test_kutu_bazinda_model512.csv,yeni model taramasi yapilmadi; mevcut kutu bazinda kayitlardan turetildi,eslesen_skor >= esik; olculmus uc esikte birebir dogrulandi,Model-512: tahminler_model512.csv'den turetildi (tum esikler dolu). Taban-512: tahmin kaydi alinmadigi icin yalnizca olculmus uc esikte dolu.,50,3.13.1,8.4.144,0.12.6,2.14.0,2026-09-12 08:58:24,scripts/13_kutu_bazinda_karsilastir.py
Model-512,TOPLAM,0.5,157,970,673,297,0.6938,2.02,tahmin kaydindan turetildi,,reports/test_kutu_bazinda.csv + reports/test_kutu_bazinda_model512.csv,yeni model taramasi yapilmadi; mevcut kutu bazinda kayitlardan turetildi,eslesen_skor >= esik; olculmus uc esikte birebir dogrulandi,Model-512: tahminler_model512.csv'den turetildi (tum esikler dolu). Taban-512: tahmin kaydi alinmadigi icin yalnizca olculmus uc esikte dolu.,50,3.13.1,8.4.144,0.12.6,2.14.0,2026-09-12 08:58:24,scripts/13_kutu_bazinda_karsilastir.py
Model-512,TOPLAM,0.51,157,970,671,299,0.6918,1.91,tahmin kaydindan turetildi,,reports/test_kutu_bazinda.csv + reports/test_kutu_bazinda_model512.csv,yeni model taramasi yapilmadi; mevcut kutu bazinda kayitlardan turetildi,eslesen_skor >= esik; olculmus uc esikte birebir dogrulandi,Model-512: tahminler_model512.csv'den turetildi (tum esikler dolu). Taban-512: tahmin kaydi alinmadigi icin yalnizca olculmus uc esikte dolu.,50,3.13.1,8.4.144,0.12.6,2.14.0,2026-09-12 08:58:24,scripts/13_kutu_bazinda_karsilastir.py
Model-512,TOPLAM,0.52,157,970,667,303,0.6876,1.83,tahmin kaydindan turetildi,,reports/test_kutu_bazinda.csv + reports/test_kutu_bazinda_model512.csv,yeni model taramasi yapilmadi; mevcut kutu bazinda kayitlardan turetildi,eslesen_skor >= esik; olculmus uc esikte birebir dogrulandi,Model-512: tahminler_model512.csv'den turetildi (tum esikler dolu). Taban-512: tahmin kaydi alinmadigi icin yalnizca olculmus uc esikte dolu.,50,3.13.1,8.4.144,0.12.6,2.14.0,2026-09-12 08:58:24,scripts/13_kutu_bazinda_karsilastir.py
Model-512,TOPLAM,0.53,157,970,662,308,0.6825,1.75,tahmin kaydindan turetildi,,reports/test_kutu_bazinda.csv + reports/test_kutu_bazinda_model512.csv,yeni model taramasi yapilmadi; mevcut kutu bazinda kayitlardan turetildi,eslesen_skor >= esik; olculmus uc esikte birebir dogrulandi,Model-512: tahminler_model512.csv'den turetildi (tum esikler dolu). Taban-512: tahmin kaydi alinmadigi icin yalnizca olculmus uc esikte dolu.,50,3.13.1,8.4.144,0.12.6,2.14.0,2026-09-12 08:58:24,scripts/13_kutu_bazinda_karsilastir.py
Model-512,TOPLAM,0.54,157,970,655,315,0.6753,1.69,tahmin kaydindan turetildi,,reports/test_kutu_bazinda.csv + reports/test_kutu_bazinda_model512.csv,yeni model taramasi yapilmadi; mevcut kutu bazinda kayitlardan turetildi,eslesen_skor >= esik; olculmus uc esikte birebir dogrulandi,Model-512: tahminler_model512.csv'den turetildi (tum esikler dolu). Taban-512: tahmin kaydi alinmadigi icin yalnizca olculmus uc esikte dolu.,50,3.13.1,8.4.144,0.12.6,2.14.0,2026-09-12 08:58:24,scripts/13_kutu_bazinda_karsilastir.py
Model-512,TOPLAM,0.55,157,970,640,330,0.6598,1.62,tahmin kaydindan turetildi,,reports/test_kutu_bazinda.csv + reports/test_kutu_bazinda_model512.csv,yeni model taramasi yapilmadi; mevcut kutu bazinda kayitlardan turetildi,eslesen_skor >= esik; olculmus uc esikte birebir dogrulandi,Model-512: tahminler_model512.csv'den turetildi (tum esikler dolu). Taban-512: tahmin kaydi alinmadigi icin yalnizca olculmus uc esikte dolu.,50,3.13.1,8.4.144,0.12.6,2.14.0,2026-09-12 08:58:24,scripts/13_kutu_bazinda_karsilastir.py
Model-512,TOPLAM,0.56,157,970,636,334,0.6557,1.55,tahmin kaydindan turetildi,,reports/test_kutu_bazinda.csv + reports/test_kutu_bazinda_model512.csv,yeni model taramasi yapilmadi; mevcut kutu bazinda kayitlardan turetildi,eslesen_skor >= esik; olculmus uc esikte birebir dogrulandi,Model-512: tahminler_model512.csv'den turetildi (tum esikler dolu). Taban-512: tahmin kaydi alinmadigi icin yalnizca olculmus uc esikte dolu.,50,3.13.1,8.4.144,0.12.6,2.14.0,2026-09-12 08:58:24,scripts/13_kutu_bazinda_karsilastir.py
Model-512,TOPLAM,0.57,157,970,630,340,0.6495,1.44,tahmin kaydindan turetildi,,reports/test_kutu_bazinda.csv + reports/test_kutu_bazinda_model512.csv,yeni model taramasi yapilmadi; mevcut kutu bazinda kayitlardan turetildi,eslesen_skor >= esik; olculmus uc esikte birebir dogrulandi,Model-512: tahminler_model512.csv'den turetildi (tum esikler dolu). Taban-512: tahmin kaydi alinmadigi icin yalnizca olculmus uc esikte dolu.,50,3.13.1,8.4.144,0.12.6,2.14.0,2026-09-12 08:58:24,scripts/13_kutu_bazinda_karsilastir.py
Model-512,TOPLAM,0.58,157,970,624,346,0.6433,1.39,tahmin kaydindan turetildi,,reports/test_kutu_bazinda.csv + reports/test_kutu_bazinda_model512.csv,yeni model taramasi yapilmadi; mevcut kutu bazinda kayitlardan turetildi,eslesen_skor >= esik; olculmus uc esikte birebir dogrulandi,Model-512: tahminler_model512.csv'den turetildi (tum esikler dolu). Taban-512: tahmin kaydi alinmadigi icin yalnizca olculmus uc esikte dolu.,50,3.13.1,8.4.144,0.12.6,2.14.0,2026-09-12 08:58:24,scripts/13_kutu_bazinda_karsilastir.py
Model-512,TOPLAM,0.59,157,970,615,355,0.634,1.33,tahmin kaydindan turetildi,,reports/test_kutu_bazinda.csv + reports/test_kutu_bazinda_model512.csv,yeni model taramasi yapilmadi; mevcut kutu bazinda kayitlardan turetildi,eslesen_skor >= esik; olculmus uc esikte birebir dogrulandi,Model-512: tahminler_model512.csv'den turetildi (tum esikler dolu). Taban-512: tahmin kaydi alinmadigi icin yalnizca olculmus uc esikte dolu.,50,3.13.1,8.4.144,0.12.6,2.14.0,2026-09-12 08:58:24,scripts/13_kutu_bazinda_karsilastir.py
Model-512,TOPLAM,0.6,157,970,601,369,0.6196,1.27,tahmin kaydindan turetildi,,reports/test_kutu_bazinda.csv + reports/test_kutu_bazinda_model512.csv,yeni model taramasi yapilmadi; mevcut kutu bazinda kayitlardan turetildi,eslesen_skor >= esik; olculmus uc esikte birebir dogrulandi,Model-512: tahminler_model512.csv'den turetildi (tum esikler dolu). Taban-512: tahmin kaydi alinmadigi icin yalnizca olculmus uc esikte dolu.,50,3.13.1,8.4.144,0.12.6,2.14.0,2026-09-12 08:58:24,scripts/13_kutu_bazinda_karsilastir.py
Model-512,TOPLAM,0.61,157,970,592,378,0.6103,1.21,tahmin kaydindan turetildi,,reports/test_kutu_bazinda.csv + reports/test_kutu_bazinda_model512.csv,yeni model taramasi yapilmadi; mevcut kutu bazinda kayitlardan turetildi,eslesen_skor >= esik; olculmus uc esikte birebir dogrulandi,Model-512: tahminler_model512.csv'den turetildi (tum esikler dolu). Taban-512: tahmin kaydi alinmadigi icin yalnizca olculmus uc esikte dolu.,50,3.13.1,8.4.144,0.12.6,2.14.0,2026-09-12 08:58:24,scripts/13_kutu_bazinda_karsilastir.py
Model-512,TOPLAM,0.62,157,970,582,388,0.6,1.13,tahmin kaydindan turetildi,,reports/test_kutu_bazinda.csv + reports/test_kutu_bazinda_model512.csv,yeni model taramasi yapilmadi; mevcut kutu bazinda kayitlardan turetildi,eslesen_skor >= esik; olculmus uc esikte birebir dogrulandi,Model-512: tahminler_model512.csv'den turetildi (tum esikler dolu). Taban-512: tahmin kaydi alinmadigi icin yalnizca olculmus uc esikte dolu.,50,3.13.1,8.4.144,0.12.6,2.14.0,2026-09-12 08:58:24,scripts/13_kutu_bazinda_karsilastir.py
Model-512,TOPLAM,0.63,157,970,571,399,0.5887,1.1,tahmin kaydindan turetildi,,reports/test_kutu_bazinda.csv + reports/test_kutu_bazinda_model512.csv,yeni model taramasi yapilmadi; mevcut kutu bazinda kayitlardan turetildi,eslesen_skor >= esik; olculmus uc esikte birebir dogrulandi,Model-512: tahminler_model512.csv'den turetildi (tum esikler dolu). Taban-512: tahmin kaydi alinmadigi icin yalnizca olculmus uc esikte dolu.,50,3.13.1,8.4.144,0.12.6,2.14.0,2026-09-12 08:58:24,scripts/13_kutu_bazinda_karsilastir.py
Model-512,TOPLAM,0.64,157,970,551,419,0.568,1.06,tahmin kaydindan turetildi,,reports/test_kutu_bazinda.csv + reports/test_kutu_bazinda_model512.csv,yeni model taramasi yapilmadi; mevcut kutu bazinda kayitlardan turetildi,eslesen_skor >= esik; olculmus uc esikte birebir dogrulandi,Model-512: tahminler_model512.csv'den turetildi (tum esikler dolu). Taban-512: tahmin kaydi alinmadigi icin yalnizca olculmus uc esikte dolu.,50,3.13.1,8.4.144,0.12.6,2.14.0,2026-09-12 08:58:24,scripts/13_kutu_bazinda_karsilastir.py
Model-512,TOPLAM,0.65,157,970,538,432,0.5546,1.01,tahmin kaydindan turetildi,,reports/test_kutu_bazinda.csv + reports/test_kutu_bazinda_model512.csv,yeni model taramasi yapilmadi; mevcut kutu bazinda kayitlardan turetildi,eslesen_skor >= esik; olculmus uc esikte birebir dogrulandi,Model-512: tahminler_model512.csv'den turetildi (tum esikler dolu). Taban-512: tahmin kaydi alinmadigi icin yalnizca olculmus uc esikte dolu.,50,3.13.1,8.4.144,0.12.6,2.14.0,2026-09-12 08:58:24,scripts/13_kutu_bazinda_karsilastir.py
Model-512,TOPLAM,0.66,157,970,518,452,0.534,0.92,tahmin kaydindan turetildi,,reports/test_kutu_bazinda.csv + reports/test_kutu_bazinda_model512.csv,yeni model taramasi yapilmadi; mevcut kutu bazinda kayitlardan turetildi,eslesen_skor >= esik; olculmus uc esikte birebir dogrulandi,Model-512: tahminler_model512.csv'den turetildi (tum esikler dolu). Taban-512: tahmin kaydi alinmadigi icin yalnizca olculmus uc esikte dolu.,50,3.13.1,8.4.144,0.12.6,2.14.0,2026-09-12 08:58:24,scripts/13_kutu_bazinda_karsilastir.py
Model-512,TOPLAM,0.67,157,970,501,469,0.5165,0.86,tahmin kaydindan turetildi,,reports/test_kutu_bazinda.csv + reports/test_kutu_bazinda_model512.csv,yeni model taramasi yapilmadi; mevcut kutu bazinda kayitlardan turetildi,eslesen_skor >= esik; olculmus uc esikte birebir dogrulandi,Model-512: tahminler_model512.csv'den turetildi (tum esikler dolu). Taban-512: tahmin kaydi alinmadigi icin yalnizca olculmus uc esikte dolu.,50,3.13.1,8.4.144,0.12.6,2.14.0,2026-09-12 08:58:24,scripts/13_kutu_bazinda_karsilastir.py
Model-512,TOPLAM,0.68,157,970,480,490,0.4948,0.8,tahmin kaydindan turetildi,,reports/test_kutu_bazinda.csv + reports/test_kutu_bazinda_model512.csv,yeni model taramasi yapilmadi; mevcut kutu bazinda kayitlardan turetildi,eslesen_skor >= esik; olculmus uc esikte birebir dogrulandi,Model-512: tahminler_model512.csv'den turetildi (tum esikler dolu). Taban-512: tahmin kaydi alinmadigi icin yalnizca olculmus uc esikte dolu.,50,3.13.1,8.4.144,0.12.6,2.14.0,2026-09-12 08:58:24,scripts/13_kutu_bazinda_karsilastir.py
Model-512,TOPLAM,0.69,157,970,462,508,0.4763,0.73,tahmin kaydindan turetildi,,reports/test_kutu_bazinda.csv + reports/test_kutu_bazinda_model512.csv,yeni model taramasi yapilmadi; mevcut kutu bazinda kayitlardan turetildi,eslesen_skor >= esik; olculmus uc esikte birebir dogrulandi,Model-512: tahminler_model512.csv'den turetildi (tum esikler dolu). Taban-512: tahmin kaydi alinmadigi icin yalnizca olculmus uc esikte dolu.,50,3.13.1,8.4.144,0.12.6,2.14.0,2026-09-12 08:58:24,scripts/13_kutu_bazinda_karsilastir.py
Model-512,TOPLAM,0.7,157,970,447,523,0.4608,0.69,tahmin kaydindan turetildi,,reports/test_kutu_bazinda.csv + reports/test_kutu_bazinda_model512.csv,yeni model taramasi yapilmadi; mevcut kutu bazinda kayitlardan turetildi,eslesen_skor >= esik; olculmus uc esikte birebir dogrulandi,Model-512: tahminler_model512.csv'den turetildi (tum esikler dolu). Taban-512: tahmin kaydi alinmadigi icin yalnizca olculmus uc esikte dolu.,50,3.13.1,8.4.144,0.12.6,2.14.0,2026-09-12 08:58:24,scripts/13_kutu_bazinda_karsilastir.py
Model-512,TOPLAM,0.71,157,970,425,545,0.4381,0.62,tahmin kaydindan turetildi,,reports/test_kutu_bazinda.csv + reports/test_kutu_bazinda_model512.csv,yeni model taramasi yapilmadi; mevcut kutu bazinda kayitlardan turetildi,eslesen_skor >= esik; olculmus uc esikte birebir dogrulandi,Model-512: tahminler_model512.csv'den turetildi (tum esikler dolu). Taban-512: tahmin kaydi alinmadigi icin yalnizca olculmus uc esikte dolu.,50,3.13.1,8.4.144,0.12.6,2.14.0,2026-09-12 08:58:24,scripts/13_kutu_bazinda_karsilastir.py
Model-512,TOPLAM,0.72,157,970,403,567,0.4155,0.57,tahmin kaydindan turetildi,,reports/test_kutu_bazinda.csv + reports/test_kutu_bazinda_model512.csv,yeni model taramasi yapilmadi; mevcut kutu bazinda kayitlardan turetildi,eslesen_skor >= esik; olculmus uc esikte birebir dogrulandi,Model-512: tahminler_model512.csv'den turetildi (tum esikler dolu). Taban-512: tahmin kaydi alinmadigi icin yalnizca olculmus uc esikte dolu.,50,3.13.1,8.4.144,0.12.6,2.14.0,2026-09-12 08:58:24,scripts/13_kutu_bazinda_karsilastir.py
Model-512,TOPLAM,0.73,157,970,384,586,0.3959,0.53,tahmin kaydindan turetildi,,reports/test_kutu_bazinda.csv + reports/test_kutu_bazinda_model512.csv,yeni model taramasi yapilmadi; mevcut kutu bazinda kayitlardan turetildi,eslesen_skor >= esik; olculmus uc esikte birebir dogrulandi,Model-512: tahminler_model512.csv'den turetildi (tum esikler dolu). Taban-512: tahmin kaydi alinmadigi icin yalnizca olculmus uc esikte dolu.,50,3.13.1,8.4.144,0.12.6,2.14.0,2026-09-12 08:58:24,scripts/13_kutu_bazinda_karsilastir.py
Model-512,TOPLAM,0.74,157,970,356,614,0.367,0.49,tahmin kaydindan turetildi,,reports/test_kutu_bazinda.csv + reports/test_kutu_bazinda_model512.csv,yeni model taramasi yapilmadi; mevcut kutu bazinda kayitlardan turetildi,eslesen_skor >= esik; olculmus uc esikte birebir dogrulandi,Model-512: tahminler_model512.csv'den turetildi (tum esikler dolu). Taban-512: tahmin kaydi alinmadigi icin yalnizca olculmus uc esikte dolu.,50,3.13.1,8.4.144,0.12.6,2.14.0,2026-09-12 08:58:24,scripts/13_kutu_bazinda_karsilastir.py
Model-512,TOPLAM,0.75,157,970,329,641,0.3392,0.43,tahmin kaydindan turetildi,,reports/test_kutu_bazinda.csv + reports/test_kutu_bazinda_model512.csv,yeni model taramasi yapilmadi; mevcut kutu bazinda kayitlardan turetildi,eslesen_skor >= esik; olculmus uc esikte birebir dogrulandi,Model-512: tahminler_model512.csv'den turetildi (tum esikler dolu). Taban-512: tahmin kaydi alinmadigi icin yalnizca olculmus uc esikte dolu.,50,3.13.1,8.4.144,0.12.6,2.14.0,2026-09-12 08:58:24,scripts/13_kutu_bazinda_karsilastir.py
Model-512,TOPLAM,0.76,157,970,305,665,0.3144,0.36,tahmin kaydindan turetildi,,reports/test_kutu_bazinda.csv + reports/test_kutu_bazinda_model512.csv,yeni model taramasi yapilmadi; mevcut kutu bazinda kayitlardan turetildi,eslesen_skor >= esik; olculmus uc esikte birebir dogrulandi,Model-512: tahminler_model512.csv'den turetildi (tum esikler dolu). Taban-512: tahmin kaydi alinmadigi icin yalnizca olculmus uc esikte dolu.,50,3.13.1,8.4.144,0.12.6,2.14.0,2026-09-12 08:58:24,scripts/13_kutu_bazinda_karsilastir.py
Model-512,TOPLAM,0.77,157,970,278,692,0.2866,0.32,tahmin kaydindan turetildi,,reports/test_kutu_bazinda.csv + reports/test_kutu_bazinda_model512.csv,yeni model taramasi yapilmadi; mevcut kutu bazinda kayitlardan turetildi,eslesen_skor >= esik; olculmus uc esikte birebir dogrulandi,Model-512: tahminler_model512.csv'den turetildi (tum esikler dolu). Taban-512: tahmin kaydi alinmadigi icin yalnizca olculmus uc esikte dolu.,50,3.13.1,8.4.144,0.12.6,2.14.0,2026-09-12 08:58:24,scripts/13_kutu_bazinda_karsilastir.py
Model-512,TOPLAM,0.78,157,970,251,719,0.2588,0.31,tahmin kaydindan turetildi,,reports/test_kutu_bazinda.csv + reports/test_kutu_bazinda_model512.csv,yeni model taramasi yapilmadi; mevcut kutu bazinda kayitlardan turetildi,eslesen_skor >= esik; olculmus uc esikte birebir dogrulandi,Model-512: tahminler_model512.csv'den turetildi (tum esikler dolu). Taban-512: tahmin kaydi alinmadigi icin yalnizca olculmus uc esikte dolu.,50,3.13.1,8.4.144,0.12.6,2.14.0,2026-09-12 08:58:24,scripts/13_kutu_bazinda_karsilastir.py
Model-512,TOPLAM,0.79,157,970,201,769,0.2072,0.22,tahmin kaydindan turetildi,,reports/test_kutu_bazinda.csv + reports/test_kutu_bazinda_model512.csv,yeni model taramasi yapilmadi; mevcut kutu bazinda kayitlardan turetildi,eslesen_skor >= esik; olculmus uc esikte birebir dogrulandi,Model-512: tahminler_model512.csv'den turetildi (tum esikler dolu). Taban-512: tahmin kaydi alinmadigi icin yalnizca olculmus uc esikte dolu.,50,3.13.1,8.4.144,0.12.6,2.14.0,2026-09-12 08:58:24,scripts/13_kutu_bazinda_karsilastir.py
Model-512,TOPLAM,0.8,157,970,170,800,0.1753,0.13,tahmin kaydindan turetildi,,reports/test_kutu_bazinda.csv + reports/test_kutu_bazinda_model512.csv,yeni model taramasi yapilmadi; mevcut kutu bazinda kayitlardan turetildi,eslesen_skor >= esik; olculmus uc esikte birebir dogrulandi,Model-512: tahminler_model512.csv'den turetildi (tum esikler dolu). Taban-512: tahmin kaydi alinmadigi icin yalnizca olculmus uc esikte dolu.,50,3.13.1,8.4.144,0.12.6,2.14.0,2026-09-12 08:58:24,scripts/13_kutu_bazinda_karsilastir.py
Model-512,TOPLAM,0.81,157,970,127,843,0.1309,0.11,tahmin kaydindan turetildi,,reports/test_kutu_bazinda.csv + reports/test_kutu_bazinda_model512.csv,yeni model taramasi yapilmadi; mevcut kutu bazinda kayitlardan turetildi,eslesen_skor >= esik; olculmus uc esikte birebir dogrulandi,Model-512: tahminler_model512.csv'den turetildi (tum esikler dolu). Taban-512: tahmin kaydi alinmadigi icin yalnizca olculmus uc esikte dolu.,50,3.13.1,8.4.144,0.12.6,2.14.0,2026-09-12 08:58:24,scripts/13_kutu_bazinda_karsilastir.py
Model-512,TOPLAM,0.82,157,970,69,901,0.0711,0.07,tahmin kaydindan turetildi,,reports/test_kutu_bazinda.csv + reports/test_kutu_bazinda_model512.csv,yeni model taramasi yapilmadi; mevcut kutu bazinda kayitlardan turetildi,eslesen_skor >= esik; olculmus uc esikte birebir dogrulandi,Model-512: tahminler_model512.csv'den turetildi (tum esikler dolu). Taban-512: tahmin kaydi alinmadigi icin yalnizca olculmus uc esikte dolu.,50,3.13.1,8.4.144,0.12.6,2.14.0,2026-09-12 08:58:24,scripts/13_kutu_bazinda_karsilastir.py
Model-512,TOPLAM,0.83,157,970,37,933,0.0381,0.02,tahmin kaydindan turetildi,,reports/test_kutu_bazinda.csv + reports/test_kutu_bazinda_model512.csv,yeni model taramasi yapilmadi; mevcut kutu bazinda kayitlardan turetildi,eslesen_skor >= esik; olculmus uc esikte birebir dogrulandi,Model-512: tahminler_model512.csv'den turetildi (tum esikler dolu). Taban-512: tahmin kaydi alinmadigi icin yalnizca olculmus uc esikte dolu.,50,3.13.1,8.4.144,0.12.6,2.14.0,2026-09-12 08:58:24,scripts/13_kutu_bazinda_karsilastir.py
Model-512,TOPLAM,0.84,157,970,12,958,0.0124,0.01,tahmin kaydindan turetildi,,reports/test_kutu_bazinda.csv + reports/test_kutu_bazinda_model512.csv,yeni model taramasi yapilmadi; mevcut kutu bazinda kayitlardan turetildi,eslesen_skor >= esik; olculmus uc esikte birebir dogrulandi,Model-512: tahminler_model512.csv'den turetildi (tum esikler dolu). Taban-512: tahmin kaydi alinmadigi icin yalnizca olculmus uc esikte dolu.,50,3.13.1,8.4.144,0.12.6,2.14.0,2026-09-12 08:58:24,scripts/13_kutu_bazinda_karsilastir.py
Model-512,TOPLAM,0.85,157,970,2,968,0.0021,0.0,tahmin kaydindan turetildi,,reports/test_kutu_bazinda.csv + reports/test_kutu_bazinda_model512.csv,yeni model taramasi yapilmadi; mevcut kutu bazinda kayitlardan turetildi,eslesen_skor >= esik; olculmus uc esikte birebir dogrulandi,Model-512: tahminler_model512.csv'den turetildi (tum esikler dolu). Taban-512: tahmin kaydi alinmadigi icin yalnizca olculmus uc esikte dolu.,50,3.13.1,8.4.144,0.12.6,2.14.0,2026-09-12 08:58:24,scripts/13_kutu_bazinda_karsilastir.py
Model-512,TOPLAM,0.86,157,970,0,970,0.0,0.0,tahmin kaydindan turetildi,,reports/test_kutu_bazinda.csv + reports/test_kutu_bazinda_model512.csv,yeni model taramasi yapilmadi; mevcut kutu bazinda kayitlardan turetildi,eslesen_skor >= esik; olculmus uc esikte birebir dogrulandi,Model-512: tahminler_model512.csv'den turetildi (tum esikler dolu). Taban-512: tahmin kaydi alinmadigi icin yalnizca olculmus uc esikte dolu.,50,3.13.1,8.4.144,0.12.6,2.14.0,2026-09-12 08:58:24,scripts/13_kutu_bazinda_karsilastir.py
Model-512,TOPLAM,0.87,157,970,0,970,0.0,0.0,tahmin kaydindan turetildi,,reports/test_kutu_bazinda.csv + reports/test_kutu_bazinda_model512.csv,yeni model taramasi yapilmadi; mevcut kutu bazinda kayitlardan turetildi,eslesen_skor >= esik; olculmus uc esikte birebir dogrulandi,Model-512: tahminler_model512.csv'den turetildi (tum esikler dolu). Taban-512: tahmin kaydi alinmadigi icin yalnizca olculmus uc esikte dolu.,50,3.13.1,8.4.144,0.12.6,2.14.0,2026-09-12 08:58:24,scripts/13_kutu_bazinda_karsilastir.py
Model-512,TOPLAM,0.88,157,970,0,970,0.0,0.0,tahmin kaydindan turetildi,,reports/test_kutu_bazinda.csv + reports/test_kutu_bazinda_model512.csv,yeni model taramasi yapilmadi; mevcut kutu bazinda kayitlardan turetildi,eslesen_skor >= esik; olculmus uc esikte birebir dogrulandi,Model-512: tahminler_model512.csv'den turetildi (tum esikler dolu). Taban-512: tahmin kaydi alinmadigi icin yalnizca olculmus uc esikte dolu.,50,3.13.1,8.4.144,0.12.6,2.14.0,2026-09-12 08:58:24,scripts/13_kutu_bazinda_karsilastir.py
Model-512,TOPLAM,0.89,157,970,0,970,0.0,0.0,tahmin kaydindan turetildi,,reports/test_kutu_bazinda.csv + reports/test_kutu_bazinda_model512.csv,yeni model taramasi yapilmadi; mevcut kutu bazinda kayitlardan turetildi,eslesen_skor >= esik; olculmus uc esikte birebir dogrulandi,Model-512: tahminler_model512.csv'den turetildi (tum esikler dolu). Taban-512: tahmin kaydi alinmadigi icin yalnizca olculmus uc esikte dolu.,50,3.13.1,8.4.144,0.12.6,2.14.0,2026-09-12 08:58:24,scripts/13_kutu_bazinda_karsilastir.py
Model-512,TOPLAM,0.9,157,970,0,970,0.0,0.0,tahmin kaydindan turetildi,,reports/test_kutu_bazinda.csv + reports/test_kutu_bazinda_model512.csv,yeni model taramasi yapilmadi; mevcut kutu bazinda kayitlardan turetildi,eslesen_skor >= esik; olculmus uc esikte birebir dogrulandi,Model-512: tahminler_model512.csv'den turetildi (tum esikler dolu). Taban-512: tahmin kaydi alinmadigi icin yalnizca olculmus uc esikte dolu.,50,3.13.1,8.4.144,0.12.6,2.14.0,2026-09-12 08:58:24,scripts/13_kutu_bazinda_karsilastir.py
Model-512,TOPLAM,0.91,157,970,0,970,0.0,0.0,tahmin kaydindan turetildi,,reports/test_kutu_bazinda.csv + reports/test_kutu_bazinda_model512.csv,yeni model taramasi yapilmadi; mevcut kutu bazinda kayitlardan turetildi,eslesen_skor >= esik; olculmus uc esikte birebir dogrulandi,Model-512: tahminler_model512.csv'den turetildi (tum esikler dolu). Taban-512: tahmin kaydi alinmadigi icin yalnizca olculmus uc esikte dolu.,50,3.13.1,8.4.144,0.12.6,2.14.0,2026-09-12 08:58:24,scripts/13_kutu_bazinda_karsilastir.py
Model-512,TOPLAM,0.92,157,970,0,970,0.0,0.0,tahmin kaydindan turetildi,,reports/test_kutu_bazinda.csv + reports/test_kutu_bazinda_model512.csv,yeni model taramasi yapilmadi; mevcut kutu bazinda kayitlardan turetildi,eslesen_skor >= esik; olculmus uc esikte birebir dogrulandi,Model-512: tahminler_model512.csv'den turetildi (tum esikler dolu). Taban-512: tahmin kaydi alinmadigi icin yalnizca olculmus uc esikte dolu.,50,3.13.1,8.4.144,0.12.6,2.14.0,2026-09-12 08:58:24,scripts/13_kutu_bazinda_karsilastir.py
Model-512,TOPLAM,0.93,157,970,0,970,0.0,0.0,tahmin kaydindan turetildi,,reports/test_kutu_bazinda.csv + reports/test_kutu_bazinda_model512.csv,yeni model taramasi yapilmadi; mevcut kutu bazinda kayitlardan turetildi,eslesen_skor >= esik; olculmus uc esikte birebir dogrulandi,Model-512: tahminler_model512.csv'den turetildi (tum esikler dolu). Taban-512: tahmin kaydi alinmadigi icin yalnizca olculmus uc esikte dolu.,50,3.13.1,8.4.144,0.12.6,2.14.0,2026-09-12 08:58:24,scripts/13_kutu_bazinda_karsilastir.py
Model-512,TOPLAM,0.94,157,970,0,970,0.0,0.0,tahmin kaydindan turetildi,,reports/test_kutu_bazinda.csv + reports/test_kutu_bazinda_model512.csv,yeni model taramasi yapilmadi; mevcut kutu bazinda kayitlardan turetildi,eslesen_skor >= esik; olculmus uc esikte birebir dogrulandi,Model-512: tahminler_model512.csv'den turetildi (tum esikler dolu). Taban-512: tahmin kaydi alinmadigi icin yalnizca olculmus uc esikte dolu.,50,3.13.1,8.4.144,0.12.6,2.14.0,2026-09-12 08:58:24,scripts/13_kutu_bazinda_karsilastir.py
Model-512,TOPLAM,0.95,157,970,0,970,0.0,0.0,tahmin kaydindan turetildi,,reports/test_kutu_bazinda.csv + reports/test_kutu_bazinda_model512.csv,yeni model taramasi yapilmadi; mevcut kutu bazinda kayitlardan turetildi,eslesen_skor >= esik; olculmus uc esikte birebir dogrulandi,Model-512: tahminler_model512.csv'den turetildi (tum esikler dolu). Taban-512: tahmin kaydi alinmadigi icin yalnizca olculmus uc esikte dolu.,50,3.13.1,8.4.144,0.12.6,2.14.0,2026-09-12 08:58:24,scripts/13_kutu_bazinda_karsilastir.py
Model-512,ZRI,0.05,87,939,873,66,0.9297,22.93,tahmin kaydindan turetildi,,reports/test_kutu_bazinda.csv + reports/test_kutu_bazinda_model512.csv,yeni model taramasi yapilmadi; mevcut kutu bazinda kayitlardan turetildi,eslesen_skor >= esik; olculmus uc esikte birebir dogrulandi,Model-512: tahminler_model512.csv'den turetildi (tum esikler dolu). Taban-512: tahmin kaydi alinmadigi icin yalnizca olculmus uc esikte dolu.,50,3.13.1,8.4.144,0.12.6,2.14.0,2026-09-12 08:58:24,scripts/13_kutu_bazinda_karsilastir.py
Model-512,ZRI,0.06,87,939,869,70,0.9255,20.61,tahmin kaydindan turetildi,,reports/test_kutu_bazinda.csv + reports/test_kutu_bazinda_model512.csv,yeni model taramasi yapilmadi; mevcut kutu bazinda kayitlardan turetildi,eslesen_skor >= esik; olculmus uc esikte birebir dogrulandi,Model-512: tahminler_model512.csv'den turetildi (tum esikler dolu). Taban-512: tahmin kaydi alinmadigi icin yalnizca olculmus uc esikte dolu.,50,3.13.1,8.4.144,0.12.6,2.14.0,2026-09-12 08:58:24,scripts/13_kutu_bazinda_karsilastir.py
Model-512,ZRI,0.07,87,939,866,73,0.9223,18.9,tahmin kaydindan turetildi,,reports/test_kutu_bazinda.csv + reports/test_kutu_bazinda_model512.csv,yeni model taramasi yapilmadi; mevcut kutu bazinda kayitlardan turetildi,eslesen_skor >= esik; olculmus uc esikte birebir dogrulandi,Model-512: tahminler_model512.csv'den turetildi (tum esikler dolu). Taban-512: tahmin kaydi alinmadigi icin yalnizca olculmus uc esikte dolu.,50,3.13.1,8.4.144,0.12.6,2.14.0,2026-09-12 08:58:24,scripts/13_kutu_bazinda_karsilastir.py
Model-512,ZRI,0.08,87,939,861,78,0.9169,17.4,tahmin kaydindan turetildi,,reports/test_kutu_bazinda.csv + reports/test_kutu_bazinda_model512.csv,yeni model taramasi yapilmadi; mevcut kutu bazinda kayitlardan turetildi,eslesen_skor >= esik; olculmus uc esikte birebir dogrulandi,Model-512: tahminler_model512.csv'den turetildi (tum esikler dolu). Taban-512: tahmin kaydi alinmadigi icin yalnizca olculmus uc esikte dolu.,50,3.13.1,8.4.144,0.12.6,2.14.0,2026-09-12 08:58:24,scripts/13_kutu_bazinda_karsilastir.py
Model-512,ZRI,0.09,87,939,856,83,0.9116,16.43,tahmin kaydindan turetildi,,reports/test_kutu_bazinda.csv + reports/test_kutu_bazinda_model512.csv,yeni model taramasi yapilmadi; mevcut kutu bazinda kayitlardan turetildi,eslesen_skor >= esik; olculmus uc esikte birebir dogrulandi,Model-512: tahminler_model512.csv'den turetildi (tum esikler dolu). Taban-512: tahmin kaydi alinmadigi icin yalnizca olculmus uc esikte dolu.,50,3.13.1,8.4.144,0.12.6,2.14.0,2026-09-12 08:58:24,scripts/13_kutu_bazinda_karsilastir.py
Model-512,ZRI,0.1,87,939,851,88,0.9063,15.71,tahmin kaydindan turetildi,,reports/test_kutu_bazinda.csv + reports/test_kutu_bazinda_model512.csv,yeni model taramasi yapilmadi; mevcut kutu bazinda kayitlardan turetildi,eslesen_skor >= esik; olculmus uc esikte birebir dogrulandi,Model-512: tahminler_model512.csv'den turetildi (tum esikler dolu). Taban-512: tahmin kaydi alinmadigi icin yalnizca olculmus uc esikte dolu.,50,3.13.1,8.4.144,0.12.6,2.14.0,2026-09-12 08:58:24,scripts/13_kutu_bazinda_karsilastir.py
Model-512,ZRI,0.11,87,939,847,92,0.902,14.93,tahmin kaydindan turetildi,,reports/test_kutu_bazinda.csv + reports/test_kutu_bazinda_model512.csv,yeni model taramasi yapilmadi; mevcut kutu bazinda kayitlardan turetildi,eslesen_skor >= esik; olculmus uc esikte birebir dogrulandi,Model-512: tahminler_model512.csv'den turetildi (tum esikler dolu). Taban-512: tahmin kaydi alinmadigi icin yalnizca olculmus uc esikte dolu.,50,3.13.1,8.4.144,0.12.6,2.14.0,2026-09-12 08:58:24,scripts/13_kutu_bazinda_karsilastir.py
Model-512,ZRI,0.12,87,939,846,93,0.901,14.26,tahmin kaydindan turetildi,,reports/test_kutu_bazinda.csv + reports/test_kutu_bazinda_model512.csv,yeni model taramasi yapilmadi; mevcut kutu bazinda kayitlardan turetildi,eslesen_skor >= esik; olculmus uc esikte birebir dogrulandi,Model-512: tahminler_model512.csv'den turetildi (tum esikler dolu). Taban-512: tahmin kaydi alinmadigi icin yalnizca olculmus uc esikte dolu.,50,3.13.1,8.4.144,0.12.6,2.14.0,2026-09-12 08:58:24,scripts/13_kutu_bazinda_karsilastir.py
Model-512,ZRI,0.13,87,939,844,95,0.8988,13.51,tahmin kaydindan turetildi,,reports/test_kutu_bazinda.csv + reports/test_kutu_bazinda_model512.csv,yeni model taramasi yapilmadi; mevcut kutu bazinda kayitlardan turetildi,eslesen_skor >= esik; olculmus uc esikte birebir dogrulandi,Model-512: tahminler_model512.csv'den turetildi (tum esikler dolu). Taban-512: tahmin kaydi alinmadigi icin yalnizca olculmus uc esikte dolu.,50,3.13.1,8.4.144,0.12.6,2.14.0,2026-09-12 08:58:24,scripts/13_kutu_bazinda_karsilastir.py
Model-512,ZRI,0.14,87,939,837,102,0.8914,12.87,tahmin kaydindan turetildi,,reports/test_kutu_bazinda.csv + reports/test_kutu_bazinda_model512.csv,yeni model taramasi yapilmadi; mevcut kutu bazinda kayitlardan turetildi,eslesen_skor >= esik; olculmus uc esikte birebir dogrulandi,Model-512: tahminler_model512.csv'den turetildi (tum esikler dolu). Taban-512: tahmin kaydi alinmadigi icin yalnizca olculmus uc esikte dolu.,50,3.13.1,8.4.144,0.12.6,2.14.0,2026-09-12 08:58:24,scripts/13_kutu_bazinda_karsilastir.py
Model-512,ZRI,0.15,87,939,831,108,0.885,12.18,tahmin kaydindan turetildi,,reports/test_kutu_bazinda.csv + reports/test_kutu_bazinda_model512.csv,yeni model taramasi yapilmadi; mevcut kutu bazinda kayitlardan turetildi,eslesen_skor >= esik; olculmus uc esikte birebir dogrulandi,Model-512: tahminler_model512.csv'den turetildi (tum esikler dolu). Taban-512: tahmin kaydi alinmadigi icin yalnizca olculmus uc esikte dolu.,50,3.13.1,8.4.144,0.12.6,2.14.0,2026-09-12 08:58:24,scripts/13_kutu_bazinda_karsilastir.py
Model-512,ZRI,0.16,87,939,828,111,0.8818,11.59,tahmin kaydindan turetildi,,reports/test_kutu_bazinda.csv + reports/test_kutu_bazinda_model512.csv,yeni model taramasi yapilmadi; mevcut kutu bazinda kayitlardan turetildi,eslesen_skor >= esik; olculmus uc esikte birebir dogrulandi,Model-512: tahminler_model512.csv'den turetildi (tum esikler dolu). Taban-512: tahmin kaydi alinmadigi icin yalnizca olculmus uc esikte dolu.,50,3.13.1,8.4.144,0.12.6,2.14.0,2026-09-12 08:58:24,scripts/13_kutu_bazinda_karsilastir.py
Model-512,ZRI,0.17,87,939,825,114,0.8786,11.09,tahmin kaydindan turetildi,,reports/test_kutu_bazinda.csv + reports/test_kutu_bazinda_model512.csv,yeni model taramasi yapilmadi; mevcut kutu bazinda kayitlardan turetildi,eslesen_skor >= esik; olculmus uc esikte birebir dogrulandi,Model-512: tahminler_model512.csv'den turetildi (tum esikler dolu). Taban-512: tahmin kaydi alinmadigi icin yalnizca olculmus uc esikte dolu.,50,3.13.1,8.4.144,0.12.6,2.14.0,2026-09-12 08:58:24,scripts/13_kutu_bazinda_karsilastir.py
Model-512,ZRI,0.18,87,939,820,119,0.8733,10.66,tahmin kaydindan turetildi,,reports/test_kutu_bazinda.csv + reports/test_kutu_bazinda_model512.csv,yeni model taramasi yapilmadi; mevcut kutu bazinda kayitlardan turetildi,eslesen_skor >= esik; olculmus uc esikte birebir dogrulandi,Model-512: tahminler_model512.csv'den turetildi (tum esikler dolu). Taban-512: tahmin kaydi alinmadigi icin yalnizca olculmus uc esikte dolu.,50,3.13.1,8.4.144,0.12.6,2.14.0,2026-09-12 08:58:24,scripts/13_kutu_bazinda_karsilastir.py
Model-512,ZRI,0.19,87,939,814,125,0.8669,10.2,tahmin kaydindan turetildi,,reports/test_kutu_bazinda.csv + reports/test_kutu_bazinda_model512.csv,yeni model taramasi yapilmadi; mevcut kutu bazinda kayitlardan turetildi,eslesen_skor >= esik; olculmus uc esikte birebir dogrulandi,Model-512: tahminler_model512.csv'den turetildi (tum esikler dolu). Taban-512: tahmin kaydi alinmadigi icin yalnizca olculmus uc esikte dolu.,50,3.13.1,8.4.144,0.12.6,2.14.0,2026-09-12 08:58:24,scripts/13_kutu_bazinda_karsilastir.py
Model-512,ZRI,0.2,87,939,809,130,0.8616,9.89,tahmin kaydindan turetildi,,reports/test_kutu_bazinda.csv + reports/test_kutu_bazinda_model512.csv,yeni model taramasi yapilmadi; mevcut kutu bazinda kayitlardan turetildi,eslesen_skor >= esik; olculmus uc esikte birebir dogrulandi,Model-512: tahminler_model512.csv'den turetildi (tum esikler dolu). Taban-512: tahmin kaydi alinmadigi icin yalnizca olculmus uc esikte dolu.,50,3.13.1,8.4.144,0.12.6,2.14.0,2026-09-12 08:58:24,scripts/13_kutu_bazinda_karsilastir.py
Model-512,ZRI,0.21,87,939,803,136,0.8552,9.44,tahmin kaydindan turetildi,,reports/test_kutu_bazinda.csv + reports/test_kutu_bazinda_model512.csv,yeni model taramasi yapilmadi; mevcut kutu bazinda kayitlardan turetildi,eslesen_skor >= esik; olculmus uc esikte birebir dogrulandi,Model-512: tahminler_model512.csv'den turetildi (tum esikler dolu). Taban-512: tahmin kaydi alinmadigi icin yalnizca olculmus uc esikte dolu.,50,3.13.1,8.4.144,0.12.6,2.14.0,2026-09-12 08:58:24,scripts/13_kutu_bazinda_karsilastir.py
Model-512,ZRI,0.22,87,939,803,136,0.8552,9.11,tahmin kaydindan turetildi,,reports/test_kutu_bazinda.csv + reports/test_kutu_bazinda_model512.csv,yeni model taramasi yapilmadi; mevcut kutu bazinda kayitlardan turetildi,eslesen_skor >= esik; olculmus uc esikte birebir dogrulandi,Model-512: tahminler_model512.csv'den turetildi (tum esikler dolu). Taban-512: tahmin kaydi alinmadigi icin yalnizca olculmus uc esikte dolu.,50,3.13.1,8.4.144,0.12.6,2.14.0,2026-09-12 08:58:24,scripts/13_kutu_bazinda_karsilastir.py
Model-512,ZRI,0.23,87,939,800,139,0.852,8.84,tahmin kaydindan turetildi,,reports/test_kutu_bazinda.csv + reports/test_kutu_bazinda_model512.csv,yeni model taramasi yapilmadi; mevcut kutu bazinda kayitlardan turetildi,eslesen_skor >= esik; olculmus uc esikte birebir dogrulandi,Model-512: tahminler_model512.csv'den turetildi (tum esikler dolu). Taban-512: tahmin kaydi alinmadigi icin yalnizca olculmus uc esikte dolu.,50,3.13.1,8.4.144,0.12.6,2.14.0,2026-09-12 08:58:24,scripts/13_kutu_bazinda_karsilastir.py
Model-512,ZRI,0.24,87,939,793,146,0.8445,8.48,tahmin kaydindan turetildi,,reports/test_kutu_bazinda.csv + reports/test_kutu_bazinda_model512.csv,yeni model taramasi yapilmadi; mevcut kutu bazinda kayitlardan turetildi,eslesen_skor >= esik; olculmus uc esikte birebir dogrulandi,Model-512: tahminler_model512.csv'den turetildi (tum esikler dolu). Taban-512: tahmin kaydi alinmadigi icin yalnizca olculmus uc esikte dolu.,50,3.13.1,8.4.144,0.12.6,2.14.0,2026-09-12 08:58:24,scripts/13_kutu_bazinda_karsilastir.py
Model-512,ZRI,0.25,87,939,788,151,0.8392,8.09,tahmin kaydindan turetildi,,reports/test_kutu_bazinda.csv + reports/test_kutu_bazinda_model512.csv,yeni model taramasi yapilmadi; mevcut kutu bazinda kayitlardan turetildi,eslesen_skor >= esik; olculmus uc esikte birebir dogrulandi,Model-512: tahminler_model512.csv'den turetildi (tum esikler dolu). Taban-512: tahmin kaydi alinmadigi icin yalnizca olculmus uc esikte dolu.,50,3.13.1,8.4.144,0.12.6,2.14.0,2026-09-12 08:58:24,scripts/13_kutu_bazinda_karsilastir.py
Model-512,ZRI,0.26,87,939,784,155,0.8349,7.77,tahmin kaydindan turetildi,,reports/test_kutu_bazinda.csv + reports/test_kutu_bazinda_model512.csv,yeni model taramasi yapilmadi; mevcut kutu bazinda kayitlardan turetildi,eslesen_skor >= esik; olculmus uc esikte birebir dogrulandi,Model-512: tahminler_model512.csv'den turetildi (tum esikler dolu). Taban-512: tahmin kaydi alinmadigi icin yalnizca olculmus uc esikte dolu.,50,3.13.1,8.4.144,0.12.6,2.14.0,2026-09-12 08:58:24,scripts/13_kutu_bazinda_karsilastir.py
Model-512,ZRI,0.27,87,939,773,166,0.8232,7.59,tahmin kaydindan turetildi,,reports/test_kutu_bazinda.csv + reports/test_kutu_bazinda_model512.csv,yeni model taramasi yapilmadi; mevcut kutu bazinda kayitlardan turetildi,eslesen_skor >= esik; olculmus uc esikte birebir dogrulandi,Model-512: tahminler_model512.csv'den turetildi (tum esikler dolu). Taban-512: tahmin kaydi alinmadigi icin yalnizca olculmus uc esikte dolu.,50,3.13.1,8.4.144,0.12.6,2.14.0,2026-09-12 08:58:24,scripts/13_kutu_bazinda_karsilastir.py
Model-512,ZRI,0.28,87,939,769,170,0.819,7.31,tahmin kaydindan turetildi,,reports/test_kutu_bazinda.csv + reports/test_kutu_bazinda_model512.csv,yeni model taramasi yapilmadi; mevcut kutu bazinda kayitlardan turetildi,eslesen_skor >= esik; olculmus uc esikte birebir dogrulandi,Model-512: tahminler_model512.csv'den turetildi (tum esikler dolu). Taban-512: tahmin kaydi alinmadigi icin yalnizca olculmus uc esikte dolu.,50,3.13.1,8.4.144,0.12.6,2.14.0,2026-09-12 08:58:24,scripts/13_kutu_bazinda_karsilastir.py
Model-512,ZRI,0.29,87,939,763,176,0.8126,7.07,tahmin kaydindan turetildi,,reports/test_kutu_bazinda.csv + reports/test_kutu_bazinda_model512.csv,yeni model taramasi yapilmadi; mevcut kutu bazinda kayitlardan turetildi,eslesen_skor >= esik; olculmus uc esikte birebir dogrulandi,Model-512: tahminler_model512.csv'den turetildi (tum esikler dolu). Taban-512: tahmin kaydi alinmadigi icin yalnizca olculmus uc esikte dolu.,50,3.13.1,8.4.144,0.12.6,2.14.0,2026-09-12 08:58:24,scripts/13_kutu_bazinda_karsilastir.py
Model-512,ZRI,0.3,87,939,760,179,0.8094,6.82,tahmin kaydindan turetildi,,reports/test_kutu_bazinda.csv + reports/test_kutu_bazinda_model512.csv,yeni model taramasi yapilmadi; mevcut kutu bazinda kayitlardan turetildi,eslesen_skor >= esik; olculmus uc esikte birebir dogrulandi,Model-512: tahminler_model512.csv'den turetildi (tum esikler dolu). Taban-512: tahmin kaydi alinmadigi icin yalnizca olculmus uc esikte dolu.,50,3.13.1,8.4.144,0.12.6,2.14.0,2026-09-12 08:58:24,scripts/13_kutu_bazinda_karsilastir.py
Model-512,ZRI,0.31,87,939,754,185,0.803,6.62,tahmin kaydindan turetildi,,reports/test_kutu_bazinda.csv + reports/test_kutu_bazinda_model512.csv,yeni model taramasi yapilmadi; mevcut kutu bazinda kayitlardan turetildi,eslesen_skor >= esik; olculmus uc esikte birebir dogrulandi,Model-512: tahminler_model512.csv'den turetildi (tum esikler dolu). Taban-512: tahmin kaydi alinmadigi icin yalnizca olculmus uc esikte dolu.,50,3.13.1,8.4.144,0.12.6,2.14.0,2026-09-12 08:58:24,scripts/13_kutu_bazinda_karsilastir.py
Model-512,ZRI,0.32,87,939,748,191,0.7966,6.44,tahmin kaydindan turetildi,,reports/test_kutu_bazinda.csv + reports/test_kutu_bazinda_model512.csv,yeni model taramasi yapilmadi; mevcut kutu bazinda kayitlardan turetildi,eslesen_skor >= esik; olculmus uc esikte birebir dogrulandi,Model-512: tahminler_model512.csv'den turetildi (tum esikler dolu). Taban-512: tahmin kaydi alinmadigi icin yalnizca olculmus uc esikte dolu.,50,3.13.1,8.4.144,0.12.6,2.14.0,2026-09-12 08:58:24,scripts/13_kutu_bazinda_karsilastir.py
Model-512,ZRI,0.33,87,939,741,198,0.7891,6.3,tahmin kaydindan turetildi,,reports/test_kutu_bazinda.csv + reports/test_kutu_bazinda_model512.csv,yeni model taramasi yapilmadi; mevcut kutu bazinda kayitlardan turetildi,eslesen_skor >= esik; olculmus uc esikte birebir dogrulandi,Model-512: tahminler_model512.csv'den turetildi (tum esikler dolu). Taban-512: tahmin kaydi alinmadigi icin yalnizca olculmus uc esikte dolu.,50,3.13.1,8.4.144,0.12.6,2.14.0,2026-09-12 08:58:24,scripts/13_kutu_bazinda_karsilastir.py
Model-512,ZRI,0.34,87,939,739,200,0.787,6.09,tahmin kaydindan turetildi,,reports/test_kutu_bazinda.csv + reports/test_kutu_bazinda_model512.csv,yeni model taramasi yapilmadi; mevcut kutu bazinda kayitlardan turetildi,eslesen_skor >= esik; olculmus uc esikte birebir dogrulandi,Model-512: tahminler_model512.csv'den turetildi (tum esikler dolu). Taban-512: tahmin kaydi alinmadigi icin yalnizca olculmus uc esikte dolu.,50,3.13.1,8.4.144,0.12.6,2.14.0,2026-09-12 08:58:24,scripts/13_kutu_bazinda_karsilastir.py
Model-512,ZRI,0.35,87,939,735,204,0.7827,5.91,tahmin kaydindan turetildi,,reports/test_kutu_bazinda.csv + reports/test_kutu_bazinda_model512.csv,yeni model taramasi yapilmadi; mevcut kutu bazinda kayitlardan turetildi,eslesen_skor >= esik; olculmus uc esikte birebir dogrulandi,Model-512: tahminler_model512.csv'den turetildi (tum esikler dolu). Taban-512: tahmin kaydi alinmadigi icin yalnizca olculmus uc esikte dolu.,50,3.13.1,8.4.144,0.12.6,2.14.0,2026-09-12 08:58:24,scripts/13_kutu_bazinda_karsilastir.py
Model-512,ZRI,0.36,87,939,731,208,0.7785,5.64,tahmin kaydindan turetildi,,reports/test_kutu_bazinda.csv + reports/test_kutu_bazinda_model512.csv,yeni model taramasi yapilmadi; mevcut kutu bazinda kayitlardan turetildi,eslesen_skor >= esik; olculmus uc esikte birebir dogrulandi,Model-512: tahminler_model512.csv'den turetildi (tum esikler dolu). Taban-512: tahmin kaydi alinmadigi icin yalnizca olculmus uc esikte dolu.,50,3.13.1,8.4.144,0.12.6,2.14.0,2026-09-12 08:58:24,scripts/13_kutu_bazinda_karsilastir.py
Model-512,ZRI,0.37,87,939,727,212,0.7742,5.37,tahmin kaydindan turetildi,,reports/test_kutu_bazinda.csv + reports/test_kutu_bazinda_model512.csv,yeni model taramasi yapilmadi; mevcut kutu bazinda kayitlardan turetildi,eslesen_skor >= esik; olculmus uc esikte birebir dogrulandi,Model-512: tahminler_model512.csv'den turetildi (tum esikler dolu). Taban-512: tahmin kaydi alinmadigi icin yalnizca olculmus uc esikte dolu.,50,3.13.1,8.4.144,0.12.6,2.14.0,2026-09-12 08:58:24,scripts/13_kutu_bazinda_karsilastir.py
Model-512,ZRI,0.38,87,939,723,216,0.77,5.15,tahmin kaydindan turetildi,,reports/test_kutu_bazinda.csv + reports/test_kutu_bazinda_model512.csv,yeni model taramasi yapilmadi; mevcut kutu bazinda kayitlardan turetildi,eslesen_skor >= esik; olculmus uc esikte birebir dogrulandi,Model-512: tahminler_model512.csv'den turetildi (tum esikler dolu). Taban-512: tahmin kaydi alinmadigi icin yalnizca olculmus uc esikte dolu.,50,3.13.1,8.4.144,0.12.6,2.14.0,2026-09-12 08:58:24,scripts/13_kutu_bazinda_karsilastir.py
Model-512,ZRI,0.39,87,939,721,218,0.7678,4.95,tahmin kaydindan turetildi,,reports/test_kutu_bazinda.csv + reports/test_kutu_bazinda_model512.csv,yeni model taramasi yapilmadi; mevcut kutu bazinda kayitlardan turetildi,eslesen_skor >= esik; olculmus uc esikte birebir dogrulandi,Model-512: tahminler_model512.csv'den turetildi (tum esikler dolu). Taban-512: tahmin kaydi alinmadigi icin yalnizca olculmus uc esikte dolu.,50,3.13.1,8.4.144,0.12.6,2.14.0,2026-09-12 08:58:24,scripts/13_kutu_bazinda_karsilastir.py
Model-512,ZRI,0.4,87,939,709,230,0.7551,4.76,tahmin kaydindan turetildi,,reports/test_kutu_bazinda.csv + reports/test_kutu_bazinda_model512.csv,yeni model taramasi yapilmadi; mevcut kutu bazinda kayitlardan turetildi,eslesen_skor >= esik; olculmus uc esikte birebir dogrulandi,Model-512: tahminler_model512.csv'den turetildi (tum esikler dolu). Taban-512: tahmin kaydi alinmadigi icin yalnizca olculmus uc esikte dolu.,50,3.13.1,8.4.144,0.12.6,2.14.0,2026-09-12 08:58:24,scripts/13_kutu_bazinda_karsilastir.py
Model-512,ZRI,0.41,87,939,705,234,0.7508,4.64,tahmin kaydindan turetildi,,reports/test_kutu_bazinda.csv + reports/test_kutu_bazinda_model512.csv,yeni model taramasi yapilmadi; mevcut kutu bazinda kayitlardan turetildi,eslesen_skor >= esik; olculmus uc esikte birebir dogrulandi,Model-512: tahminler_model512.csv'den turetildi (tum esikler dolu). Taban-512: tahmin kaydi alinmadigi icin yalnizca olculmus uc esikte dolu.,50,3.13.1,8.4.144,0.12.6,2.14.0,2026-09-12 08:58:24,scripts/13_kutu_bazinda_karsilastir.py
Model-512,ZRI,0.42,87,939,697,242,0.7423,4.49,tahmin kaydindan turetildi,,reports/test_kutu_bazinda.csv + reports/test_kutu_bazinda_model512.csv,yeni model taramasi yapilmadi; mevcut kutu bazinda kayitlardan turetildi,eslesen_skor >= esik; olculmus uc esikte birebir dogrulandi,Model-512: tahminler_model512.csv'den turetildi (tum esikler dolu). Taban-512: tahmin kaydi alinmadigi icin yalnizca olculmus uc esikte dolu.,50,3.13.1,8.4.144,0.12.6,2.14.0,2026-09-12 08:58:24,scripts/13_kutu_bazinda_karsilastir.py
Model-512,ZRI,0.43,87,939,693,246,0.738,4.38,tahmin kaydindan turetildi,,reports/test_kutu_bazinda.csv + reports/test_kutu_bazinda_model512.csv,yeni model taramasi yapilmadi; mevcut kutu bazinda kayitlardan turetildi,eslesen_skor >= esik; olculmus uc esikte birebir dogrulandi,Model-512: tahminler_model512.csv'den turetildi (tum esikler dolu). Taban-512: tahmin kaydi alinmadigi icin yalnizca olculmus uc esikte dolu.,50,3.13.1,8.4.144,0.12.6,2.14.0,2026-09-12 08:58:24,scripts/13_kutu_bazinda_karsilastir.py
Model-512,ZRI,0.44,87,939,689,250,0.7338,4.25,tahmin kaydindan turetildi,,reports/test_kutu_bazinda.csv + reports/test_kutu_bazinda_model512.csv,yeni model taramasi yapilmadi; mevcut kutu bazinda kayitlardan turetildi,eslesen_skor >= esik; olculmus uc esikte birebir dogrulandi,Model-512: tahminler_model512.csv'den turetildi (tum esikler dolu). Taban-512: tahmin kaydi alinmadigi icin yalnizca olculmus uc esikte dolu.,50,3.13.1,8.4.144,0.12.6,2.14.0,2026-09-12 08:58:24,scripts/13_kutu_bazinda_karsilastir.py
Model-512,ZRI,0.45,87,939,687,252,0.7316,4.14,tahmin kaydindan turetildi,,reports/test_kutu_bazinda.csv + reports/test_kutu_bazinda_model512.csv,yeni model taramasi yapilmadi; mevcut kutu bazinda kayitlardan turetildi,eslesen_skor >= esik; olculmus uc esikte birebir dogrulandi,Model-512: tahminler_model512.csv'den turetildi (tum esikler dolu). Taban-512: tahmin kaydi alinmadigi icin yalnizca olculmus uc esikte dolu.,50,3.13.1,8.4.144,0.12.6,2.14.0,2026-09-12 08:58:24,scripts/13_kutu_bazinda_karsilastir.py
Model-512,ZRI,0.46,87,939,677,262,0.721,4.02,tahmin kaydindan turetildi,,reports/test_kutu_bazinda.csv + reports/test_kutu_bazinda_model512.csv,yeni model taramasi yapilmadi; mevcut kutu bazinda kayitlardan turetildi,eslesen_skor >= esik; olculmus uc esikte birebir dogrulandi,Model-512: tahminler_model512.csv'den turetildi (tum esikler dolu). Taban-512: tahmin kaydi alinmadigi icin yalnizca olculmus uc esikte dolu.,50,3.13.1,8.4.144,0.12.6,2.14.0,2026-09-12 08:58:24,scripts/13_kutu_bazinda_karsilastir.py
Model-512,ZRI,0.47,87,939,669,270,0.7125,3.93,tahmin kaydindan turetildi,,reports/test_kutu_bazinda.csv + reports/test_kutu_bazinda_model512.csv,yeni model taramasi yapilmadi; mevcut kutu bazinda kayitlardan turetildi,eslesen_skor >= esik; olculmus uc esikte birebir dogrulandi,Model-512: tahminler_model512.csv'den turetildi (tum esikler dolu). Taban-512: tahmin kaydi alinmadigi icin yalnizca olculmus uc esikte dolu.,50,3.13.1,8.4.144,0.12.6,2.14.0,2026-09-12 08:58:24,scripts/13_kutu_bazinda_karsilastir.py
Model-512,ZRI,0.48,87,939,664,275,0.7071,3.77,tahmin kaydindan turetildi,,reports/test_kutu_bazinda.csv + reports/test_kutu_bazinda_model512.csv,yeni model taramasi yapilmadi; mevcut kutu bazinda kayitlardan turetildi,eslesen_skor >= esik; olculmus uc esikte birebir dogrulandi,Model-512: tahminler_model512.csv'den turetildi (tum esikler dolu). Taban-512: tahmin kaydi alinmadigi icin yalnizca olculmus uc esikte dolu.,50,3.13.1,8.4.144,0.12.6,2.14.0,2026-09-12 08:58:24,scripts/13_kutu_bazinda_karsilastir.py
Model-512,ZRI,0.49,87,939,656,283,0.6986,3.59,tahmin kaydindan turetildi,,reports/test_kutu_bazinda.csv + reports/test_kutu_bazinda_model512.csv,yeni model taramasi yapilmadi; mevcut kutu bazinda kayitlardan turetildi,eslesen_skor >= esik; olculmus uc esikte birebir dogrulandi,Model-512: tahminler_model512.csv'den turetildi (tum esikler dolu). Taban-512: tahmin kaydi alinmadigi icin yalnizca olculmus uc esikte dolu.,50,3.13.1,8.4.144,0.12.6,2.14.0,2026-09-12 08:58:24,scripts/13_kutu_bazinda_karsilastir.py
Model-512,ZRI,0.5,87,939,645,294,0.6869,3.47,tahmin kaydindan turetildi,,reports/test_kutu_bazinda.csv + reports/test_kutu_bazinda_model512.csv,yeni model taramasi yapilmadi; mevcut kutu bazinda kayitlardan turetildi,eslesen_skor >= esik; olculmus uc esikte birebir dogrulandi,Model-512: tahminler_model512.csv'den turetildi (tum esikler dolu). Taban-512: tahmin kaydi alinmadigi icin yalnizca olculmus uc esikte dolu.,50,3.13.1,8.4.144,0.12.6,2.14.0,2026-09-12 08:58:24,scripts/13_kutu_bazinda_karsilastir.py
Model-512,ZRI,0.51,87,939,643,296,0.6848,3.29,tahmin kaydindan turetildi,,reports/test_kutu_bazinda.csv + reports/test_kutu_bazinda_model512.csv,yeni model taramasi yapilmadi; mevcut kutu bazinda kayitlardan turetildi,eslesen_skor >= esik; olculmus uc esikte birebir dogrulandi,Model-512: tahminler_model512.csv'den turetildi (tum esikler dolu). Taban-512: tahmin kaydi alinmadigi icin yalnizca olculmus uc esikte dolu.,50,3.13.1,8.4.144,0.12.6,2.14.0,2026-09-12 08:58:24,scripts/13_kutu_bazinda_karsilastir.py
Model-512,ZRI,0.52,87,939,639,300,0.6805,3.15,tahmin kaydindan turetildi,,reports/test_kutu_bazinda.csv + reports/test_kutu_bazinda_model512.csv,yeni model taramasi yapilmadi; mevcut kutu bazinda kayitlardan turetildi,eslesen_skor >= esik; olculmus uc esikte birebir dogrulandi,Model-512: tahminler_model512.csv'den turetildi (tum esikler dolu). Taban-512: tahmin kaydi alinmadigi icin yalnizca olculmus uc esikte dolu.,50,3.13.1,8.4.144,0.12.6,2.14.0,2026-09-12 08:58:24,scripts/13_kutu_bazinda_karsilastir.py
Model-512,ZRI,0.53,87,939,634,305,0.6752,3.01,tahmin kaydindan turetildi,,reports/test_kutu_bazinda.csv + reports/test_kutu_bazinda_model512.csv,yeni model taramasi yapilmadi; mevcut kutu bazinda kayitlardan turetildi,eslesen_skor >= esik; olculmus uc esikte birebir dogrulandi,Model-512: tahminler_model512.csv'den turetildi (tum esikler dolu). Taban-512: tahmin kaydi alinmadigi icin yalnizca olculmus uc esikte dolu.,50,3.13.1,8.4.144,0.12.6,2.14.0,2026-09-12 08:58:24,scripts/13_kutu_bazinda_karsilastir.py
Model-512,ZRI,0.54,87,939,627,312,0.6677,2.91,tahmin kaydindan turetildi,,reports/test_kutu_bazinda.csv + reports/test_kutu_bazinda_model512.csv,yeni model taramasi yapilmadi; mevcut kutu bazinda kayitlardan turetildi,eslesen_skor >= esik; olculmus uc esikte birebir dogrulandi,Model-512: tahminler_model512.csv'den turetildi (tum esikler dolu). Taban-512: tahmin kaydi alinmadigi icin yalnizca olculmus uc esikte dolu.,50,3.13.1,8.4.144,0.12.6,2.14.0,2026-09-12 08:58:24,scripts/13_kutu_bazinda_karsilastir.py
Model-512,ZRI,0.55,87,939,612,327,0.6518,2.78,tahmin kaydindan turetildi,,reports/test_kutu_bazinda.csv + reports/test_kutu_bazinda_model512.csv,yeni model taramasi yapilmadi; mevcut kutu bazinda kayitlardan turetildi,eslesen_skor >= esik; olculmus uc esikte birebir dogrulandi,Model-512: tahminler_model512.csv'den turetildi (tum esikler dolu). Taban-512: tahmin kaydi alinmadigi icin yalnizca olculmus uc esikte dolu.,50,3.13.1,8.4.144,0.12.6,2.14.0,2026-09-12 08:58:24,scripts/13_kutu_bazinda_karsilastir.py
Model-512,ZRI,0.56,87,939,608,331,0.6475,2.67,tahmin kaydindan turetildi,,reports/test_kutu_bazinda.csv + reports/test_kutu_bazinda_model512.csv,yeni model taramasi yapilmadi; mevcut kutu bazinda kayitlardan turetildi,eslesen_skor >= esik; olculmus uc esikte birebir dogrulandi,Model-512: tahminler_model512.csv'den turetildi (tum esikler dolu). Taban-512: tahmin kaydi alinmadigi icin yalnizca olculmus uc esikte dolu.,50,3.13.1,8.4.144,0.12.6,2.14.0,2026-09-12 08:58:24,scripts/13_kutu_bazinda_karsilastir.py
Model-512,ZRI,0.57,87,939,602,337,0.6411,2.46,tahmin kaydindan turetildi,,reports/test_kutu_bazinda.csv + reports/test_kutu_bazinda_model512.csv,yeni model taramasi yapilmadi; mevcut kutu bazinda kayitlardan turetildi,eslesen_skor >= esik; olculmus uc esikte birebir dogrulandi,Model-512: tahminler_model512.csv'den turetildi (tum esikler dolu). Taban-512: tahmin kaydi alinmadigi icin yalnizca olculmus uc esikte dolu.,50,3.13.1,8.4.144,0.12.6,2.14.0,2026-09-12 08:58:24,scripts/13_kutu_bazinda_karsilastir.py
Model-512,ZRI,0.58,87,939,596,343,0.6347,2.38,tahmin kaydindan turetildi,,reports/test_kutu_bazinda.csv + reports/test_kutu_bazinda_model512.csv,yeni model taramasi yapilmadi; mevcut kutu bazinda kayitlardan turetildi,eslesen_skor >= esik; olculmus uc esikte birebir dogrulandi,Model-512: tahminler_model512.csv'den turetildi (tum esikler dolu). Taban-512: tahmin kaydi alinmadigi icin yalnizca olculmus uc esikte dolu.,50,3.13.1,8.4.144,0.12.6,2.14.0,2026-09-12 08:58:24,scripts/13_kutu_bazinda_karsilastir.py
Model-512,ZRI,0.59,87,939,588,351,0.6262,2.28,tahmin kaydindan turetildi,,reports/test_kutu_bazinda.csv + reports/test_kutu_bazinda_model512.csv,yeni model taramasi yapilmadi; mevcut kutu bazinda kayitlardan turetildi,eslesen_skor >= esik; olculmus uc esikte birebir dogrulandi,Model-512: tahminler_model512.csv'den turetildi (tum esikler dolu). Taban-512: tahmin kaydi alinmadigi icin yalnizca olculmus uc esikte dolu.,50,3.13.1,8.4.144,0.12.6,2.14.0,2026-09-12 08:58:24,scripts/13_kutu_bazinda_karsilastir.py
Model-512,ZRI,0.6,87,939,575,364,0.6124,2.16,tahmin kaydindan turetildi,,reports/test_kutu_bazinda.csv + reports/test_kutu_bazinda_model512.csv,yeni model taramasi yapilmadi; mevcut kutu bazinda kayitlardan turetildi,eslesen_skor >= esik; olculmus uc esikte birebir dogrulandi,Model-512: tahminler_model512.csv'den turetildi (tum esikler dolu). Taban-512: tahmin kaydi alinmadigi icin yalnizca olculmus uc esikte dolu.,50,3.13.1,8.4.144,0.12.6,2.14.0,2026-09-12 08:58:24,scripts/13_kutu_bazinda_karsilastir.py
Model-512,ZRI,0.61,87,939,566,373,0.6028,2.07,tahmin kaydindan turetildi,,reports/test_kutu_bazinda.csv + reports/test_kutu_bazinda_model512.csv,yeni model taramasi yapilmadi; mevcut kutu bazinda kayitlardan turetildi,eslesen_skor >= esik; olculmus uc esikte birebir dogrulandi,Model-512: tahminler_model512.csv'den turetildi (tum esikler dolu). Taban-512: tahmin kaydi alinmadigi icin yalnizca olculmus uc esikte dolu.,50,3.13.1,8.4.144,0.12.6,2.14.0,2026-09-12 08:58:24,scripts/13_kutu_bazinda_karsilastir.py
Model-512,ZRI,0.62,87,939,556,383,0.5921,1.93,tahmin kaydindan turetildi,,reports/test_kutu_bazinda.csv + reports/test_kutu_bazinda_model512.csv,yeni model taramasi yapilmadi; mevcut kutu bazinda kayitlardan turetildi,eslesen_skor >= esik; olculmus uc esikte birebir dogrulandi,Model-512: tahminler_model512.csv'den turetildi (tum esikler dolu). Taban-512: tahmin kaydi alinmadigi icin yalnizca olculmus uc esikte dolu.,50,3.13.1,8.4.144,0.12.6,2.14.0,2026-09-12 08:58:24,scripts/13_kutu_bazinda_karsilastir.py
Model-512,ZRI,0.63,87,939,547,392,0.5825,1.89,tahmin kaydindan turetildi,,reports/test_kutu_bazinda.csv + reports/test_kutu_bazinda_model512.csv,yeni model taramasi yapilmadi; mevcut kutu bazinda kayitlardan turetildi,eslesen_skor >= esik; olculmus uc esikte birebir dogrulandi,Model-512: tahminler_model512.csv'den turetildi (tum esikler dolu). Taban-512: tahmin kaydi alinmadigi icin yalnizca olculmus uc esikte dolu.,50,3.13.1,8.4.144,0.12.6,2.14.0,2026-09-12 08:58:24,scripts/13_kutu_bazinda_karsilastir.py
Model-512,ZRI,0.64,87,939,528,411,0.5623,1.82,tahmin kaydindan turetildi,,reports/test_kutu_bazinda.csv + reports/test_kutu_bazinda_model512.csv,yeni model taramasi yapilmadi; mevcut kutu bazinda kayitlardan turetildi,eslesen_skor >= esik; olculmus uc esikte birebir dogrulandi,Model-512: tahminler_model512.csv'den turetildi (tum esikler dolu). Taban-512: tahmin kaydi alinmadigi icin yalnizca olculmus uc esikte dolu.,50,3.13.1,8.4.144,0.12.6,2.14.0,2026-09-12 08:58:24,scripts/13_kutu_bazinda_karsilastir.py
Model-512,ZRI,0.65,87,939,515,424,0.5485,1.71,tahmin kaydindan turetildi,,reports/test_kutu_bazinda.csv + reports/test_kutu_bazinda_model512.csv,yeni model taramasi yapilmadi; mevcut kutu bazinda kayitlardan turetildi,eslesen_skor >= esik; olculmus uc esikte birebir dogrulandi,Model-512: tahminler_model512.csv'den turetildi (tum esikler dolu). Taban-512: tahmin kaydi alinmadigi icin yalnizca olculmus uc esikte dolu.,50,3.13.1,8.4.144,0.12.6,2.14.0,2026-09-12 08:58:24,scripts/13_kutu_bazinda_karsilastir.py
Model-512,ZRI,0.66,87,939,495,444,0.5272,1.56,tahmin kaydindan turetildi,,reports/test_kutu_bazinda.csv + reports/test_kutu_bazinda_model512.csv,yeni model taramasi yapilmadi; mevcut kutu bazinda kayitlardan turetildi,eslesen_skor >= esik; olculmus uc esikte birebir dogrulandi,Model-512: tahminler_model512.csv'den turetildi (tum esikler dolu). Taban-512: tahmin kaydi alinmadigi icin yalnizca olculmus uc esikte dolu.,50,3.13.1,8.4.144,0.12.6,2.14.0,2026-09-12 08:58:24,scripts/13_kutu_bazinda_karsilastir.py
Model-512,ZRI,0.67,87,939,478,461,0.5091,1.48,tahmin kaydindan turetildi,,reports/test_kutu_bazinda.csv + reports/test_kutu_bazinda_model512.csv,yeni model taramasi yapilmadi; mevcut kutu bazinda kayitlardan turetildi,eslesen_skor >= esik; olculmus uc esikte birebir dogrulandi,Model-512: tahminler_model512.csv'den turetildi (tum esikler dolu). Taban-512: tahmin kaydi alinmadigi icin yalnizca olculmus uc esikte dolu.,50,3.13.1,8.4.144,0.12.6,2.14.0,2026-09-12 08:58:24,scripts/13_kutu_bazinda_karsilastir.py
Model-512,ZRI,0.68,87,939,457,482,0.4867,1.39,tahmin kaydindan turetildi,,reports/test_kutu_bazinda.csv + reports/test_kutu_bazinda_model512.csv,yeni model taramasi yapilmadi; mevcut kutu bazinda kayitlardan turetildi,eslesen_skor >= esik; olculmus uc esikte birebir dogrulandi,Model-512: tahminler_model512.csv'den turetildi (tum esikler dolu). Taban-512: tahmin kaydi alinmadigi icin yalnizca olculmus uc esikte dolu.,50,3.13.1,8.4.144,0.12.6,2.14.0,2026-09-12 08:58:24,scripts/13_kutu_bazinda_karsilastir.py
Model-512,ZRI,0.69,87,939,440,499,0.4686,1.25,tahmin kaydindan turetildi,,reports/test_kutu_bazinda.csv + reports/test_kutu_bazinda_model512.csv,yeni model taramasi yapilmadi; mevcut kutu bazinda kayitlardan turetildi,eslesen_skor >= esik; olculmus uc esikte birebir dogrulandi,Model-512: tahminler_model512.csv'den turetildi (tum esikler dolu). Taban-512: tahmin kaydi alinmadigi icin yalnizca olculmus uc esikte dolu.,50,3.13.1,8.4.144,0.12.6,2.14.0,2026-09-12 08:58:24,scripts/13_kutu_bazinda_karsilastir.py
Model-512,ZRI,0.7,87,939,425,514,0.4526,1.2,tahmin kaydindan turetildi,,reports/test_kutu_bazinda.csv + reports/test_kutu_bazinda_model512.csv,yeni model taramasi yapilmadi; mevcut kutu bazinda kayitlardan turetildi,eslesen_skor >= esik; olculmus uc esikte birebir dogrulandi,Model-512: tahminler_model512.csv'den turetildi (tum esikler dolu). Taban-512: tahmin kaydi alinmadigi icin yalnizca olculmus uc esikte dolu.,50,3.13.1,8.4.144,0.12.6,2.14.0,2026-09-12 08:58:24,scripts/13_kutu_bazinda_karsilastir.py
Model-512,ZRI,0.71,87,939,407,532,0.4334,1.08,tahmin kaydindan turetildi,,reports/test_kutu_bazinda.csv + reports/test_kutu_bazinda_model512.csv,yeni model taramasi yapilmadi; mevcut kutu bazinda kayitlardan turetildi,eslesen_skor >= esik; olculmus uc esikte birebir dogrulandi,Model-512: tahminler_model512.csv'den turetildi (tum esikler dolu). Taban-512: tahmin kaydi alinmadigi icin yalnizca olculmus uc esikte dolu.,50,3.13.1,8.4.144,0.12.6,2.14.0,2026-09-12 08:58:24,scripts/13_kutu_bazinda_karsilastir.py
Model-512,ZRI,0.72,87,939,387,552,0.4121,1.0,tahmin kaydindan turetildi,,reports/test_kutu_bazinda.csv + reports/test_kutu_bazinda_model512.csv,yeni model taramasi yapilmadi; mevcut kutu bazinda kayitlardan turetildi,eslesen_skor >= esik; olculmus uc esikte birebir dogrulandi,Model-512: tahminler_model512.csv'den turetildi (tum esikler dolu). Taban-512: tahmin kaydi alinmadigi icin yalnizca olculmus uc esikte dolu.,50,3.13.1,8.4.144,0.12.6,2.14.0,2026-09-12 08:58:24,scripts/13_kutu_bazinda_karsilastir.py
Model-512,ZRI,0.73,87,939,369,570,0.393,0.93,tahmin kaydindan turetildi,,reports/test_kutu_bazinda.csv + reports/test_kutu_bazinda_model512.csv,yeni model taramasi yapilmadi; mevcut kutu bazinda kayitlardan turetildi,eslesen_skor >= esik; olculmus uc esikte birebir dogrulandi,Model-512: tahminler_model512.csv'den turetildi (tum esikler dolu). Taban-512: tahmin kaydi alinmadigi icin yalnizca olculmus uc esikte dolu.,50,3.13.1,8.4.144,0.12.6,2.14.0,2026-09-12 08:58:24,scripts/13_kutu_bazinda_karsilastir.py
Model-512,ZRI,0.74,87,939,343,596,0.3653,0.86,tahmin kaydindan turetildi,,reports/test_kutu_bazinda.csv + reports/test_kutu_bazinda_model512.csv,yeni model taramasi yapilmadi; mevcut kutu bazinda kayitlardan turetildi,eslesen_skor >= esik; olculmus uc esikte birebir dogrulandi,Model-512: tahminler_model512.csv'den turetildi (tum esikler dolu). Taban-512: tahmin kaydi alinmadigi icin yalnizca olculmus uc esikte dolu.,50,3.13.1,8.4.144,0.12.6,2.14.0,2026-09-12 08:58:24,scripts/13_kutu_bazinda_karsilastir.py
Model-512,ZRI,0.75,87,939,318,621,0.3387,0.77,tahmin kaydindan turetildi,,reports/test_kutu_bazinda.csv + reports/test_kutu_bazinda_model512.csv,yeni model taramasi yapilmadi; mevcut kutu bazinda kayitlardan turetildi,eslesen_skor >= esik; olculmus uc esikte birebir dogrulandi,Model-512: tahminler_model512.csv'den turetildi (tum esikler dolu). Taban-512: tahmin kaydi alinmadigi icin yalnizca olculmus uc esikte dolu.,50,3.13.1,8.4.144,0.12.6,2.14.0,2026-09-12 08:58:24,scripts/13_kutu_bazinda_karsilastir.py
Model-512,ZRI,0.76,87,939,295,644,0.3142,0.64,tahmin kaydindan turetildi,,reports/test_kutu_bazinda.csv + reports/test_kutu_bazinda_model512.csv,yeni model taramasi yapilmadi; mevcut kutu bazinda kayitlardan turetildi,eslesen_skor >= esik; olculmus uc esikte birebir dogrulandi,Model-512: tahminler_model512.csv'den turetildi (tum esikler dolu). Taban-512: tahmin kaydi alinmadigi icin yalnizca olculmus uc esikte dolu.,50,3.13.1,8.4.144,0.12.6,2.14.0,2026-09-12 08:58:24,scripts/13_kutu_bazinda_karsilastir.py
Model-512,ZRI,0.77,87,939,269,670,0.2865,0.57,tahmin kaydindan turetildi,,reports/test_kutu_bazinda.csv + reports/test_kutu_bazinda_model512.csv,yeni model taramasi yapilmadi; mevcut kutu bazinda kayitlardan turetildi,eslesen_skor >= esik; olculmus uc esikte birebir dogrulandi,Model-512: tahminler_model512.csv'den turetildi (tum esikler dolu). Taban-512: tahmin kaydi alinmadigi icin yalnizca olculmus uc esikte dolu.,50,3.13.1,8.4.144,0.12.6,2.14.0,2026-09-12 08:58:24,scripts/13_kutu_bazinda_karsilastir.py
Model-512,ZRI,0.78,87,939,242,697,0.2577,0.55,tahmin kaydindan turetildi,,reports/test_kutu_bazinda.csv + reports/test_kutu_bazinda_model512.csv,yeni model taramasi yapilmadi; mevcut kutu bazinda kayitlardan turetildi,eslesen_skor >= esik; olculmus uc esikte birebir dogrulandi,Model-512: tahminler_model512.csv'den turetildi (tum esikler dolu). Taban-512: tahmin kaydi alinmadigi icin yalnizca olculmus uc esikte dolu.,50,3.13.1,8.4.144,0.12.6,2.14.0,2026-09-12 08:58:24,scripts/13_kutu_bazinda_karsilastir.py
Model-512,ZRI,0.79,87,939,196,743,0.2087,0.39,tahmin kaydindan turetildi,,reports/test_kutu_bazinda.csv + reports/test_kutu_bazinda_model512.csv,yeni model taramasi yapilmadi; mevcut kutu bazinda kayitlardan turetildi,eslesen_skor >= esik; olculmus uc esikte birebir dogrulandi,Model-512: tahminler_model512.csv'den turetildi (tum esikler dolu). Taban-512: tahmin kaydi alinmadigi icin yalnizca olculmus uc esikte dolu.,50,3.13.1,8.4.144,0.12.6,2.14.0,2026-09-12 08:58:24,scripts/13_kutu_bazinda_karsilastir.py
Model-512,ZRI,0.8,87,939,166,773,0.1768,0.23,tahmin kaydindan turetildi,,reports/test_kutu_bazinda.csv + reports/test_kutu_bazinda_model512.csv,yeni model taramasi yapilmadi; mevcut kutu bazinda kayitlardan turetildi,eslesen_skor >= esik; olculmus uc esikte birebir dogrulandi,Model-512: tahminler_model512.csv'den turetildi (tum esikler dolu). Taban-512: tahmin kaydi alinmadigi icin yalnizca olculmus uc esikte dolu.,50,3.13.1,8.4.144,0.12.6,2.14.0,2026-09-12 08:58:24,scripts/13_kutu_bazinda_karsilastir.py
Model-512,ZRI,0.81,87,939,125,814,0.1331,0.2,tahmin kaydindan turetildi,,reports/test_kutu_bazinda.csv + reports/test_kutu_bazinda_model512.csv,yeni model taramasi yapilmadi; mevcut kutu bazinda kayitlardan turetildi,eslesen_skor >= esik; olculmus uc esikte birebir dogrulandi,Model-512: tahminler_model512.csv'den turetildi (tum esikler dolu). Taban-512: tahmin kaydi alinmadigi icin yalnizca olculmus uc esikte dolu.,50,3.13.1,8.4.144,0.12.6,2.14.0,2026-09-12 08:58:24,scripts/13_kutu_bazinda_karsilastir.py
Model-512,ZRI,0.82,87,939,68,871,0.0724,0.13,tahmin kaydindan turetildi,,reports/test_kutu_bazinda.csv + reports/test_kutu_bazinda_model512.csv,yeni model taramasi yapilmadi; mevcut kutu bazinda kayitlardan turetildi,eslesen_skor >= esik; olculmus uc esikte birebir dogrulandi,Model-512: tahminler_model512.csv'den turetildi (tum esikler dolu). Taban-512: tahmin kaydi alinmadigi icin yalnizca olculmus uc esikte dolu.,50,3.13.1,8.4.144,0.12.6,2.14.0,2026-09-12 08:58:24,scripts/13_kutu_bazinda_karsilastir.py
Model-512,ZRI,0.83,87,939,37,902,0.0394,0.03,tahmin kaydindan turetildi,,reports/test_kutu_bazinda.csv + reports/test_kutu_bazinda_model512.csv,yeni model taramasi yapilmadi; mevcut kutu bazinda kayitlardan turetildi,eslesen_skor >= esik; olculmus uc esikte birebir dogrulandi,Model-512: tahminler_model512.csv'den turetildi (tum esikler dolu). Taban-512: tahmin kaydi alinmadigi icin yalnizca olculmus uc esikte dolu.,50,3.13.1,8.4.144,0.12.6,2.14.0,2026-09-12 08:58:24,scripts/13_kutu_bazinda_karsilastir.py
Model-512,ZRI,0.84,87,939,12,927,0.0128,0.01,tahmin kaydindan turetildi,,reports/test_kutu_bazinda.csv + reports/test_kutu_bazinda_model512.csv,yeni model taramasi yapilmadi; mevcut kutu bazinda kayitlardan turetildi,eslesen_skor >= esik; olculmus uc esikte birebir dogrulandi,Model-512: tahminler_model512.csv'den turetildi (tum esikler dolu). Taban-512: tahmin kaydi alinmadigi icin yalnizca olculmus uc esikte dolu.,50,3.13.1,8.4.144,0.12.6,2.14.0,2026-09-12 08:58:24,scripts/13_kutu_bazinda_karsilastir.py
Model-512,ZRI,0.85,87,939,2,937,0.0021,0.0,tahmin kaydindan turetildi,,reports/test_kutu_bazinda.csv + reports/test_kutu_bazinda_model512.csv,yeni model taramasi yapilmadi; mevcut kutu bazinda kayitlardan turetildi,eslesen_skor >= esik; olculmus uc esikte birebir dogrulandi,Model-512: tahminler_model512.csv'den turetildi (tum esikler dolu). Taban-512: tahmin kaydi alinmadigi icin yalnizca olculmus uc esikte dolu.,50,3.13.1,8.4.144,0.12.6,2.14.0,2026-09-12 08:58:24,scripts/13_kutu_bazinda_karsilastir.py
Model-512,ZRI,0.86,87,939,0,939,0.0,0.0,tahmin kaydindan turetildi,,reports/test_kutu_bazinda.csv + reports/test_kutu_bazinda_model512.csv,yeni model taramasi yapilmadi; mevcut kutu bazinda kayitlardan turetildi,eslesen_skor >= esik; olculmus uc esikte birebir dogrulandi,Model-512: tahminler_model512.csv'den turetildi (tum esikler dolu). Taban-512: tahmin kaydi alinmadigi icin yalnizca olculmus uc esikte dolu.,50,3.13.1,8.4.144,0.12.6,2.14.0,2026-09-12 08:58:24,scripts/13_kutu_bazinda_karsilastir.py
Model-512,ZRI,0.87,87,939,0,939,0.0,0.0,tahmin kaydindan turetildi,,reports/test_kutu_bazinda.csv + reports/test_kutu_bazinda_model512.csv,yeni model taramasi yapilmadi; mevcut kutu bazinda kayitlardan turetildi,eslesen_skor >= esik; olculmus uc esikte birebir dogrulandi,Model-512: tahminler_model512.csv'den turetildi (tum esikler dolu). Taban-512: tahmin kaydi alinmadigi icin yalnizca olculmus uc esikte dolu.,50,3.13.1,8.4.144,0.12.6,2.14.0,2026-09-12 08:58:24,scripts/13_kutu_bazinda_karsilastir.py
Model-512,ZRI,0.88,87,939,0,939,0.0,0.0,tahmin kaydindan turetildi,,reports/test_kutu_bazinda.csv + reports/test_kutu_bazinda_model512.csv,yeni model taramasi yapilmadi; mevcut kutu bazinda kayitlardan turetildi,eslesen_skor >= esik; olculmus uc esikte birebir dogrulandi,Model-512: tahminler_model512.csv'den turetildi (tum esikler dolu). Taban-512: tahmin kaydi alinmadigi icin yalnizca olculmus uc esikte dolu.,50,3.13.1,8.4.144,0.12.6,2.14.0,2026-09-12 08:58:24,scripts/13_kutu_bazinda_karsilastir.py
Model-512,ZRI,0.89,87,939,0,939,0.0,0.0,tahmin kaydindan turetildi,,reports/test_kutu_bazinda.csv + reports/test_kutu_bazinda_model512.csv,yeni model taramasi yapilmadi; mevcut kutu bazinda kayitlardan turetildi,eslesen_skor >= esik; olculmus uc esikte birebir dogrulandi,Model-512: tahminler_model512.csv'den turetildi (tum esikler dolu). Taban-512: tahmin kaydi alinmadigi icin yalnizca olculmus uc esikte dolu.,50,3.13.1,8.4.144,0.12.6,2.14.0,2026-09-12 08:58:24,scripts/13_kutu_bazinda_karsilastir.py
Model-512,ZRI,0.9,87,939,0,939,0.0,0.0,tahmin kaydindan turetildi,,reports/test_kutu_bazinda.csv + reports/test_kutu_bazinda_model512.csv,yeni model taramasi yapilmadi; mevcut kutu bazinda kayitlardan turetildi,eslesen_skor >= esik; olculmus uc esikte birebir dogrulandi,Model-512: tahminler_model512.csv'den turetildi (tum esikler dolu). Taban-512: tahmin kaydi alinmadigi icin yalnizca olculmus uc esikte dolu.,50,3.13.1,8.4.144,0.12.6,2.14.0,2026-09-12 08:58:24,scripts/13_kutu_bazinda_karsilastir.py
Model-512,ZRI,0.91,87,939,0,939,0.0,0.0,tahmin kaydindan turetildi,,reports/test_kutu_bazinda.csv + reports/test_kutu_bazinda_model512.csv,yeni model taramasi yapilmadi; mevcut kutu bazinda kayitlardan turetildi,eslesen_skor >= esik; olculmus uc esikte birebir dogrulandi,Model-512: tahminler_model512.csv'den turetildi (tum esikler dolu). Taban-512: tahmin kaydi alinmadigi icin yalnizca olculmus uc esikte dolu.,50,3.13.1,8.4.144,0.12.6,2.14.0,2026-09-12 08:58:24,scripts/13_kutu_bazinda_karsilastir.py
Model-512,ZRI,0.92,87,939,0,939,0.0,0.0,tahmin kaydindan turetildi,,reports/test_kutu_bazinda.csv + reports/test_kutu_bazinda_model512.csv,yeni model taramasi yapilmadi; mevcut kutu bazinda kayitlardan turetildi,eslesen_skor >= esik; olculmus uc esikte birebir dogrulandi,Model-512: tahminler_model512.csv'den turetildi (tum esikler dolu). Taban-512: tahmin kaydi alinmadigi icin yalnizca olculmus uc esikte dolu.,50,3.13.1,8.4.144,0.12.6,2.14.0,2026-09-12 08:58:24,scripts/13_kutu_bazinda_karsilastir.py
Model-512,ZRI,0.93,87,939,0,939,0.0,0.0,tahmin kaydindan turetildi,,reports/test_kutu_bazinda.csv + reports/test_kutu_bazinda_model512.csv,yeni model taramasi yapilmadi; mevcut kutu bazinda kayitlardan turetildi,eslesen_skor >= esik; olculmus uc esikte birebir dogrulandi,Model-512: tahminler_model512.csv'den turetildi (tum esikler dolu). Taban-512: tahmin kaydi alinmadigi icin yalnizca olculmus uc esikte dolu.,50,3.13.1,8.4.144,0.12.6,2.14.0,2026-09-12 08:58:24,scripts/13_kutu_bazinda_karsilastir.py
Model-512,ZRI,0.94,87,939,0,939,0.0,0.0,tahmin kaydindan turetildi,,reports/test_kutu_bazinda.csv + reports/test_kutu_bazinda_model512.csv,yeni model taramasi yapilmadi; mevcut kutu bazinda kayitlardan turetildi,eslesen_skor >= esik; olculmus uc esikte birebir dogrulandi,Model-512: tahminler_model512.csv'den turetildi (tum esikler dolu). Taban-512: tahmin kaydi alinmadigi icin yalnizca olculmus uc esikte dolu.,50,3.13.1,8.4.144,0.12.6,2.14.0,2026-09-12 08:58:24,scripts/13_kutu_bazinda_karsilastir.py
Model-512,ZRI,0.95,87,939,0,939,0.0,0.0,tahmin kaydindan turetildi,,reports/test_kutu_bazinda.csv + reports/test_kutu_bazinda_model512.csv,yeni model taramasi yapilmadi; mevcut kutu bazinda kayitlardan turetildi,eslesen_skor >= esik; olculmus uc esikte birebir dogrulandi,Model-512: tahminler_model512.csv'den turetildi (tum esikler dolu). Taban-512: tahmin kaydi alinmadigi icin yalnizca olculmus uc esikte dolu.,50,3.13.1,8.4.144,0.12.6,2.14.0,2026-09-12 08:58:24,scripts/13_kutu_bazinda_karsilastir.py
Model-512,ZRI_HARIC,0.05,70,31,29,2,0.9355,1.99,tahmin kaydindan turetildi,az ornek,reports/test_kutu_bazinda.csv + reports/test_kutu_bazinda_model512.csv,yeni model taramasi yapilmadi; mevcut kutu bazinda kayitlardan turetildi,eslesen_skor >= esik; olculmus uc esikte birebir dogrulandi,Model-512: tahminler_model512.csv'den turetildi (tum esikler dolu). Taban-512: tahmin kaydi alinmadigi icin yalnizca olculmus uc esikte dolu.,50,3.13.1,8.4.144,0.12.6,2.14.0,2026-09-12 08:58:24,scripts/13_kutu_bazinda_karsilastir.py
Model-512,ZRI_HARIC,0.06,70,31,28,3,0.9032,1.71,tahmin kaydindan turetildi,az ornek,reports/test_kutu_bazinda.csv + reports/test_kutu_bazinda_model512.csv,yeni model taramasi yapilmadi; mevcut kutu bazinda kayitlardan turetildi,eslesen_skor >= esik; olculmus uc esikte birebir dogrulandi,Model-512: tahminler_model512.csv'den turetildi (tum esikler dolu). Taban-512: tahmin kaydi alinmadigi icin yalnizca olculmus uc esikte dolu.,50,3.13.1,8.4.144,0.12.6,2.14.0,2026-09-12 08:58:24,scripts/13_kutu_bazinda_karsilastir.py
Model-512,ZRI_HARIC,0.07,70,31,28,3,0.9032,1.41,tahmin kaydindan turetildi,az ornek,reports/test_kutu_bazinda.csv + reports/test_kutu_bazinda_model512.csv,yeni model taramasi yapilmadi; mevcut kutu bazinda kayitlardan turetildi,eslesen_skor >= esik; olculmus uc esikte birebir dogrulandi,Model-512: tahminler_model512.csv'den turetildi (tum esikler dolu). Taban-512: tahmin kaydi alinmadigi icin yalnizca olculmus uc esikte dolu.,50,3.13.1,8.4.144,0.12.6,2.14.0,2026-09-12 08:58:24,scripts/13_kutu_bazinda_karsilastir.py
Model-512,ZRI_HARIC,0.08,70,31,28,3,0.9032,1.29,tahmin kaydindan turetildi,az ornek,reports/test_kutu_bazinda.csv + reports/test_kutu_bazinda_model512.csv,yeni model taramasi yapilmadi; mevcut kutu bazinda kayitlardan turetildi,eslesen_skor >= esik; olculmus uc esikte birebir dogrulandi,Model-512: tahminler_model512.csv'den turetildi (tum esikler dolu). Taban-512: tahmin kaydi alinmadigi icin yalnizca olculmus uc esikte dolu.,50,3.13.1,8.4.144,0.12.6,2.14.0,2026-09-12 08:58:24,scripts/13_kutu_bazinda_karsilastir.py
Model-512,ZRI_HARIC,0.09,70,31,28,3,0.9032,1.16,tahmin kaydindan turetildi,az ornek,reports/test_kutu_bazinda.csv + reports/test_kutu_bazinda_model512.csv,yeni model taramasi yapilmadi; mevcut kutu bazinda kayitlardan turetildi,eslesen_skor >= esik; olculmus uc esikte birebir dogrulandi,Model-512: tahminler_model512.csv'den turetildi (tum esikler dolu). Taban-512: tahmin kaydi alinmadigi icin yalnizca olculmus uc esikte dolu.,50,3.13.1,8.4.144,0.12.6,2.14.0,2026-09-12 08:58:24,scripts/13_kutu_bazinda_karsilastir.py
Model-512,ZRI_HARIC,0.1,70,31,28,3,0.9032,1.07,tahmin kaydindan turetildi,az ornek,reports/test_kutu_bazinda.csv + reports/test_kutu_bazinda_model512.csv,yeni model taramasi yapilmadi; mevcut kutu bazinda kayitlardan turetildi,eslesen_skor >= esik; olculmus uc esikte birebir dogrulandi,Model-512: tahminler_model512.csv'den turetildi (tum esikler dolu). Taban-512: tahmin kaydi alinmadigi icin yalnizca olculmus uc esikte dolu.,50,3.13.1,8.4.144,0.12.6,2.14.0,2026-09-12 08:58:24,scripts/13_kutu_bazinda_karsilastir.py
Model-512,ZRI_HARIC,0.11,70,31,28,3,0.9032,0.99,tahmin kaydindan turetildi,az ornek,reports/test_kutu_bazinda.csv + reports/test_kutu_bazinda_model512.csv,yeni model taramasi yapilmadi; mevcut kutu bazinda kayitlardan turetildi,eslesen_skor >= esik; olculmus uc esikte birebir dogrulandi,Model-512: tahminler_model512.csv'den turetildi (tum esikler dolu). Taban-512: tahmin kaydi alinmadigi icin yalnizca olculmus uc esikte dolu.,50,3.13.1,8.4.144,0.12.6,2.14.0,2026-09-12 08:58:24,scripts/13_kutu_bazinda_karsilastir.py
Model-512,ZRI_HARIC,0.12,70,31,28,3,0.9032,0.9,tahmin kaydindan turetildi,az ornek,reports/test_kutu_bazinda.csv + reports/test_kutu_bazinda_model512.csv,yeni model taramasi yapilmadi; mevcut kutu bazinda kayitlardan turetildi,eslesen_skor >= esik; olculmus uc esikte birebir dogrulandi,Model-512: tahminler_model512.csv'den turetildi (tum esikler dolu). Taban-512: tahmin kaydi alinmadigi icin yalnizca olculmus uc esikte dolu.,50,3.13.1,8.4.144,0.12.6,2.14.0,2026-09-12 08:58:24,scripts/13_kutu_bazinda_karsilastir.py
Model-512,ZRI_HARIC,0.13,70,31,28,3,0.9032,0.81,tahmin kaydindan turetildi,az ornek,reports/test_kutu_bazinda.csv + reports/test_kutu_bazinda_model512.csv,yeni model taramasi yapilmadi; mevcut kutu bazinda kayitlardan turetildi,eslesen_skor >= esik; olculmus uc esikte birebir dogrulandi,Model-512: tahminler_model512.csv'den turetildi (tum esikler dolu). Taban-512: tahmin kaydi alinmadigi icin yalnizca olculmus uc esikte dolu.,50,3.13.1,8.4.144,0.12.6,2.14.0,2026-09-12 08:58:24,scripts/13_kutu_bazinda_karsilastir.py
Model-512,ZRI_HARIC,0.14,70,31,28,3,0.9032,0.76,tahmin kaydindan turetildi,az ornek,reports/test_kutu_bazinda.csv + reports/test_kutu_bazinda_model512.csv,yeni model taramasi yapilmadi; mevcut kutu bazinda kayitlardan turetildi,eslesen_skor >= esik; olculmus uc esikte birebir dogrulandi,Model-512: tahminler_model512.csv'den turetildi (tum esikler dolu). Taban-512: tahmin kaydi alinmadigi icin yalnizca olculmus uc esikte dolu.,50,3.13.1,8.4.144,0.12.6,2.14.0,2026-09-12 08:58:24,scripts/13_kutu_bazinda_karsilastir.py
Model-512,ZRI_HARIC,0.15,70,31,28,3,0.9032,0.71,tahmin kaydindan turetildi,az ornek,reports/test_kutu_bazinda.csv + reports/test_kutu_bazinda_model512.csv,yeni model taramasi yapilmadi; mevcut kutu bazinda kayitlardan turetildi,eslesen_skor >= esik; olculmus uc esikte birebir dogrulandi,Model-512: tahminler_model512.csv'den turetildi (tum esikler dolu). Taban-512: tahmin kaydi alinmadigi icin yalnizca olculmus uc esikte dolu.,50,3.13.1,8.4.144,0.12.6,2.14.0,2026-09-12 08:58:24,scripts/13_kutu_bazinda_karsilastir.py
Model-512,ZRI_HARIC,0.16,70,31,28,3,0.9032,0.71,tahmin kaydindan turetildi,az ornek,reports/test_kutu_bazinda.csv + reports/test_kutu_bazinda_model512.csv,yeni model taramasi yapilmadi; mevcut kutu bazinda kayitlardan turetildi,eslesen_skor >= esik; olculmus uc esikte birebir dogrulandi,Model-512: tahminler_model512.csv'den turetildi (tum esikler dolu). Taban-512: tahmin kaydi alinmadigi icin yalnizca olculmus uc esikte dolu.,50,3.13.1,8.4.144,0.12.6,2.14.0,2026-09-12 08:58:24,scripts/13_kutu_bazinda_karsilastir.py
Model-512,ZRI_HARIC,0.17,70,31,28,3,0.9032,0.66,tahmin kaydindan turetildi,az ornek,reports/test_kutu_bazinda.csv + reports/test_kutu_bazinda_model512.csv,yeni model taramasi yapilmadi; mevcut kutu bazinda kayitlardan turetildi,eslesen_skor >= esik; olculmus uc esikte birebir dogrulandi,Model-512: tahminler_model512.csv'den turetildi (tum esikler dolu). Taban-512: tahmin kaydi alinmadigi icin yalnizca olculmus uc esikte dolu.,50,3.13.1,8.4.144,0.12.6,2.14.0,2026-09-12 08:58:24,scripts/13_kutu_bazinda_karsilastir.py
Model-512,ZRI_HARIC,0.18,70,31,28,3,0.9032,0.59,tahmin kaydindan turetildi,az ornek,reports/test_kutu_bazinda.csv + reports/test_kutu_bazinda_model512.csv,yeni model taramasi yapilmadi; mevcut kutu bazinda kayitlardan turetildi,eslesen_skor >= esik; olculmus uc esikte birebir dogrulandi,Model-512: tahminler_model512.csv'den turetildi (tum esikler dolu). Taban-512: tahmin kaydi alinmadigi icin yalnizca olculmus uc esikte dolu.,50,3.13.1,8.4.144,0.12.6,2.14.0,2026-09-12 08:58:24,scripts/13_kutu_bazinda_karsilastir.py
Model-512,ZRI_HARIC,0.19,70,31,28,3,0.9032,0.57,tahmin kaydindan turetildi,az ornek,reports/test_kutu_bazinda.csv + reports/test_kutu_bazinda_model512.csv,yeni model taramasi yapilmadi; mevcut kutu bazinda kayitlardan turetildi,eslesen_skor >= esik; olculmus uc esikte birebir dogrulandi,Model-512: tahminler_model512.csv'den turetildi (tum esikler dolu). Taban-512: tahmin kaydi alinmadigi icin yalnizca olculmus uc esikte dolu.,50,3.13.1,8.4.144,0.12.6,2.14.0,2026-09-12 08:58:24,scripts/13_kutu_bazinda_karsilastir.py
Model-512,ZRI_HARIC,0.2,70,31,28,3,0.9032,0.56,tahmin kaydindan turetildi,az ornek,reports/test_kutu_bazinda.csv + reports/test_kutu_bazinda_model512.csv,yeni model taramasi yapilmadi; mevcut kutu bazinda kayitlardan turetildi,eslesen_skor >= esik; olculmus uc esikte birebir dogrulandi,Model-512: tahminler_model512.csv'den turetildi (tum esikler dolu). Taban-512: tahmin kaydi alinmadigi icin yalnizca olculmus uc esikte dolu.,50,3.13.1,8.4.144,0.12.6,2.14.0,2026-09-12 08:58:24,scripts/13_kutu_bazinda_karsilastir.py
Model-512,ZRI_HARIC,0.21,70,31,28,3,0.9032,0.53,tahmin kaydindan turetildi,az ornek,reports/test_kutu_bazinda.csv + reports/test_kutu_bazinda_model512.csv,yeni model taramasi yapilmadi; mevcut kutu bazinda kayitlardan turetildi,eslesen_skor >= esik; olculmus uc esikte birebir dogrulandi,Model-512: tahminler_model512.csv'den turetildi (tum esikler dolu). Taban-512: tahmin kaydi alinmadigi icin yalnizca olculmus uc esikte dolu.,50,3.13.1,8.4.144,0.12.6,2.14.0,2026-09-12 08:58:24,scripts/13_kutu_bazinda_karsilastir.py
Model-512,ZRI_HARIC,0.22,70,31,28,3,0.9032,0.5,tahmin kaydindan turetildi,az ornek,reports/test_kutu_bazinda.csv + reports/test_kutu_bazinda_model512.csv,yeni model taramasi yapilmadi; mevcut kutu bazinda kayitlardan turetildi,eslesen_skor >= esik; olculmus uc esikte birebir dogrulandi,Model-512: tahminler_model512.csv'den turetildi (tum esikler dolu). Taban-512: tahmin kaydi alinmadigi icin yalnizca olculmus uc esikte dolu.,50,3.13.1,8.4.144,0.12.6,2.14.0,2026-09-12 08:58:24,scripts/13_kutu_bazinda_karsilastir.py
Model-512,ZRI_HARIC,0.23,70,31,28,3,0.9032,0.49,tahmin kaydindan turetildi,az ornek,reports/test_kutu_bazinda.csv + reports/test_kutu_bazinda_model512.csv,yeni model taramasi yapilmadi; mevcut kutu bazinda kayitlardan turetildi,eslesen_skor >= esik; olculmus uc esikte birebir dogrulandi,Model-512: tahminler_model512.csv'den turetildi (tum esikler dolu). Taban-512: tahmin kaydi alinmadigi icin yalnizca olculmus uc esikte dolu.,50,3.13.1,8.4.144,0.12.6,2.14.0,2026-09-12 08:58:24,scripts/13_kutu_bazinda_karsilastir.py
Model-512,ZRI_HARIC,0.24,70,31,28,3,0.9032,0.49,tahmin kaydindan turetildi,az ornek,reports/test_kutu_bazinda.csv + reports/test_kutu_bazinda_model512.csv,yeni model taramasi yapilmadi; mevcut kutu bazinda kayitlardan turetildi,eslesen_skor >= esik; olculmus uc esikte birebir dogrulandi,Model-512: tahminler_model512.csv'den turetildi (tum esikler dolu). Taban-512: tahmin kaydi alinmadigi icin yalnizca olculmus uc esikte dolu.,50,3.13.1,8.4.144,0.12.6,2.14.0,2026-09-12 08:58:24,scripts/13_kutu_bazinda_karsilastir.py
Model-512,ZRI_HARIC,0.25,70,31,28,3,0.9032,0.43,tahmin kaydindan turetildi,az ornek,reports/test_kutu_bazinda.csv + reports/test_kutu_bazinda_model512.csv,yeni model taramasi yapilmadi; mevcut kutu bazinda kayitlardan turetildi,eslesen_skor >= esik; olculmus uc esikte birebir dogrulandi,Model-512: tahminler_model512.csv'den turetildi (tum esikler dolu). Taban-512: tahmin kaydi alinmadigi icin yalnizca olculmus uc esikte dolu.,50,3.13.1,8.4.144,0.12.6,2.14.0,2026-09-12 08:58:24,scripts/13_kutu_bazinda_karsilastir.py
Model-512,ZRI_HARIC,0.26,70,31,28,3,0.9032,0.43,tahmin kaydindan turetildi,az ornek,reports/test_kutu_bazinda.csv + reports/test_kutu_bazinda_model512.csv,yeni model taramasi yapilmadi; mevcut kutu bazinda kayitlardan turetildi,eslesen_skor >= esik; olculmus uc esikte birebir dogrulandi,Model-512: tahminler_model512.csv'den turetildi (tum esikler dolu). Taban-512: tahmin kaydi alinmadigi icin yalnizca olculmus uc esikte dolu.,50,3.13.1,8.4.144,0.12.6,2.14.0,2026-09-12 08:58:24,scripts/13_kutu_bazinda_karsilastir.py
Model-512,ZRI_HARIC,0.27,70,31,28,3,0.9032,0.41,tahmin kaydindan turetildi,az ornek,reports/test_kutu_bazinda.csv + reports/test_kutu_bazinda_model512.csv,yeni model taramasi yapilmadi; mevcut kutu bazinda kayitlardan turetildi,eslesen_skor >= esik; olculmus uc esikte birebir dogrulandi,Model-512: tahminler_model512.csv'den turetildi (tum esikler dolu). Taban-512: tahmin kaydi alinmadigi icin yalnizca olculmus uc esikte dolu.,50,3.13.1,8.4.144,0.12.6,2.14.0,2026-09-12 08:58:24,scripts/13_kutu_bazinda_karsilastir.py
Model-512,ZRI_HARIC,0.28,70,31,28,3,0.9032,0.39,tahmin kaydindan turetildi,az ornek,reports/test_kutu_bazinda.csv + reports/test_kutu_bazinda_model512.csv,yeni model taramasi yapilmadi; mevcut kutu bazinda kayitlardan turetildi,eslesen_skor >= esik; olculmus uc esikte birebir dogrulandi,Model-512: tahminler_model512.csv'den turetildi (tum esikler dolu). Taban-512: tahmin kaydi alinmadigi icin yalnizca olculmus uc esikte dolu.,50,3.13.1,8.4.144,0.12.6,2.14.0,2026-09-12 08:58:24,scripts/13_kutu_bazinda_karsilastir.py
Model-512,ZRI_HARIC,0.29,70,31,28,3,0.9032,0.37,tahmin kaydindan turetildi,az ornek,reports/test_kutu_bazinda.csv + reports/test_kutu_bazinda_model512.csv,yeni model taramasi yapilmadi; mevcut kutu bazinda kayitlardan turetildi,eslesen_skor >= esik; olculmus uc esikte birebir dogrulandi,Model-512: tahminler_model512.csv'den turetildi (tum esikler dolu). Taban-512: tahmin kaydi alinmadigi icin yalnizca olculmus uc esikte dolu.,50,3.13.1,8.4.144,0.12.6,2.14.0,2026-09-12 08:58:24,scripts/13_kutu_bazinda_karsilastir.py
Model-512,ZRI_HARIC,0.3,70,31,28,3,0.9032,0.36,tahmin kaydindan turetildi,az ornek,reports/test_kutu_bazinda.csv + reports/test_kutu_bazinda_model512.csv,yeni model taramasi yapilmadi; mevcut kutu bazinda kayitlardan turetildi,eslesen_skor >= esik; olculmus uc esikte birebir dogrulandi,Model-512: tahminler_model512.csv'den turetildi (tum esikler dolu). Taban-512: tahmin kaydi alinmadigi icin yalnizca olculmus uc esikte dolu.,50,3.13.1,8.4.144,0.12.6,2.14.0,2026-09-12 08:58:24,scripts/13_kutu_bazinda_karsilastir.py
Model-512,ZRI_HARIC,0.31,70,31,28,3,0.9032,0.36,tahmin kaydindan turetildi,az ornek,reports/test_kutu_bazinda.csv + reports/test_kutu_bazinda_model512.csv,yeni model taramasi yapilmadi; mevcut kutu bazinda kayitlardan turetildi,eslesen_skor >= esik; olculmus uc esikte birebir dogrulandi,Model-512: tahminler_model512.csv'den turetildi (tum esikler dolu). Taban-512: tahmin kaydi alinmadigi icin yalnizca olculmus uc esikte dolu.,50,3.13.1,8.4.144,0.12.6,2.14.0,2026-09-12 08:58:24,scripts/13_kutu_bazinda_karsilastir.py
Model-512,ZRI_HARIC,0.32,70,31,28,3,0.9032,0.34,tahmin kaydindan turetildi,az ornek,reports/test_kutu_bazinda.csv + reports/test_kutu_bazinda_model512.csv,yeni model taramasi yapilmadi; mevcut kutu bazinda kayitlardan turetildi,eslesen_skor >= esik; olculmus uc esikte birebir dogrulandi,Model-512: tahminler_model512.csv'den turetildi (tum esikler dolu). Taban-512: tahmin kaydi alinmadigi icin yalnizca olculmus uc esikte dolu.,50,3.13.1,8.4.144,0.12.6,2.14.0,2026-09-12 08:58:24,scripts/13_kutu_bazinda_karsilastir.py
Model-512,ZRI_HARIC,0.33,70,31,28,3,0.9032,0.31,tahmin kaydindan turetildi,az ornek,reports/test_kutu_bazinda.csv + reports/test_kutu_bazinda_model512.csv,yeni model taramasi yapilmadi; mevcut kutu bazinda kayitlardan turetildi,eslesen_skor >= esik; olculmus uc esikte birebir dogrulandi,Model-512: tahminler_model512.csv'den turetildi (tum esikler dolu). Taban-512: tahmin kaydi alinmadigi icin yalnizca olculmus uc esikte dolu.,50,3.13.1,8.4.144,0.12.6,2.14.0,2026-09-12 08:58:24,scripts/13_kutu_bazinda_karsilastir.py
Model-512,ZRI_HARIC,0.34,70,31,28,3,0.9032,0.3,tahmin kaydindan turetildi,az ornek,reports/test_kutu_bazinda.csv + reports/test_kutu_bazinda_model512.csv,yeni model taramasi yapilmadi; mevcut kutu bazinda kayitlardan turetildi,eslesen_skor >= esik; olculmus uc esikte birebir dogrulandi,Model-512: tahminler_model512.csv'den turetildi (tum esikler dolu). Taban-512: tahmin kaydi alinmadigi icin yalnizca olculmus uc esikte dolu.,50,3.13.1,8.4.144,0.12.6,2.14.0,2026-09-12 08:58:24,scripts/13_kutu_bazinda_karsilastir.py
Model-512,ZRI_HARIC,0.35,70,31,28,3,0.9032,0.3,tahmin kaydindan turetildi,az ornek,reports/test_kutu_bazinda.csv + reports/test_kutu_bazinda_model512.csv,yeni model taramasi yapilmadi; mevcut kutu bazinda kayitlardan turetildi,eslesen_skor >= esik; olculmus uc esikte birebir dogrulandi,Model-512: tahminler_model512.csv'den turetildi (tum esikler dolu). Taban-512: tahmin kaydi alinmadigi icin yalnizca olculmus uc esikte dolu.,50,3.13.1,8.4.144,0.12.6,2.14.0,2026-09-12 08:58:24,scripts/13_kutu_bazinda_karsilastir.py
Model-512,ZRI_HARIC,0.36,70,31,28,3,0.9032,0.29,tahmin kaydindan turetildi,az ornek,reports/test_kutu_bazinda.csv + reports/test_kutu_bazinda_model512.csv,yeni model taramasi yapilmadi; mevcut kutu bazinda kayitlardan turetildi,eslesen_skor >= esik; olculmus uc esikte birebir dogrulandi,Model-512: tahminler_model512.csv'den turetildi (tum esikler dolu). Taban-512: tahmin kaydi alinmadigi icin yalnizca olculmus uc esikte dolu.,50,3.13.1,8.4.144,0.12.6,2.14.0,2026-09-12 08:58:24,scripts/13_kutu_bazinda_karsilastir.py
Model-512,ZRI_HARIC,0.37,70,31,28,3,0.9032,0.26,tahmin kaydindan turetildi,az ornek,reports/test_kutu_bazinda.csv + reports/test_kutu_bazinda_model512.csv,yeni model taramasi yapilmadi; mevcut kutu bazinda kayitlardan turetildi,eslesen_skor >= esik; olculmus uc esikte birebir dogrulandi,Model-512: tahminler_model512.csv'den turetildi (tum esikler dolu). Taban-512: tahmin kaydi alinmadigi icin yalnizca olculmus uc esikte dolu.,50,3.13.1,8.4.144,0.12.6,2.14.0,2026-09-12 08:58:24,scripts/13_kutu_bazinda_karsilastir.py
Model-512,ZRI_HARIC,0.38,70,31,28,3,0.9032,0.26,tahmin kaydindan turetildi,az ornek,reports/test_kutu_bazinda.csv + reports/test_kutu_bazinda_model512.csv,yeni model taramasi yapilmadi; mevcut kutu bazinda kayitlardan turetildi,eslesen_skor >= esik; olculmus uc esikte birebir dogrulandi,Model-512: tahminler_model512.csv'den turetildi (tum esikler dolu). Taban-512: tahmin kaydi alinmadigi icin yalnizca olculmus uc esikte dolu.,50,3.13.1,8.4.144,0.12.6,2.14.0,2026-09-12 08:58:24,scripts/13_kutu_bazinda_karsilastir.py
Model-512,ZRI_HARIC,0.39,70,31,28,3,0.9032,0.26,tahmin kaydindan turetildi,az ornek,reports/test_kutu_bazinda.csv + reports/test_kutu_bazinda_model512.csv,yeni model taramasi yapilmadi; mevcut kutu bazinda kayitlardan turetildi,eslesen_skor >= esik; olculmus uc esikte birebir dogrulandi,Model-512: tahminler_model512.csv'den turetildi (tum esikler dolu). Taban-512: tahmin kaydi alinmadigi icin yalnizca olculmus uc esikte dolu.,50,3.13.1,8.4.144,0.12.6,2.14.0,2026-09-12 08:58:24,scripts/13_kutu_bazinda_karsilastir.py
Model-512,ZRI_HARIC,0.4,70,31,28,3,0.9032,0.26,tahmin kaydindan turetildi,az ornek,reports/test_kutu_bazinda.csv + reports/test_kutu_bazinda_model512.csv,yeni model taramasi yapilmadi; mevcut kutu bazinda kayitlardan turetildi,eslesen_skor >= esik; olculmus uc esikte birebir dogrulandi,Model-512: tahminler_model512.csv'den turetildi (tum esikler dolu). Taban-512: tahmin kaydi alinmadigi icin yalnizca olculmus uc esikte dolu.,50,3.13.1,8.4.144,0.12.6,2.14.0,2026-09-12 08:58:24,scripts/13_kutu_bazinda_karsilastir.py
Model-512,ZRI_HARIC,0.41,70,31,28,3,0.9032,0.26,tahmin kaydindan turetildi,az ornek,reports/test_kutu_bazinda.csv + reports/test_kutu_bazinda_model512.csv,yeni model taramasi yapilmadi; mevcut kutu bazinda kayitlardan turetildi,eslesen_skor >= esik; olculmus uc esikte birebir dogrulandi,Model-512: tahminler_model512.csv'den turetildi (tum esikler dolu). Taban-512: tahmin kaydi alinmadigi icin yalnizca olculmus uc esikte dolu.,50,3.13.1,8.4.144,0.12.6,2.14.0,2026-09-12 08:58:24,scripts/13_kutu_bazinda_karsilastir.py
Model-512,ZRI_HARIC,0.42,70,31,28,3,0.9032,0.26,tahmin kaydindan turetildi,az ornek,reports/test_kutu_bazinda.csv + reports/test_kutu_bazinda_model512.csv,yeni model taramasi yapilmadi; mevcut kutu bazinda kayitlardan turetildi,eslesen_skor >= esik; olculmus uc esikte birebir dogrulandi,Model-512: tahminler_model512.csv'den turetildi (tum esikler dolu). Taban-512: tahmin kaydi alinmadigi icin yalnizca olculmus uc esikte dolu.,50,3.13.1,8.4.144,0.12.6,2.14.0,2026-09-12 08:58:24,scripts/13_kutu_bazinda_karsilastir.py
Model-512,ZRI_HARIC,0.43,70,31,28,3,0.9032,0.26,tahmin kaydindan turetildi,az ornek,reports/test_kutu_bazinda.csv + reports/test_kutu_bazinda_model512.csv,yeni model taramasi yapilmadi; mevcut kutu bazinda kayitlardan turetildi,eslesen_skor >= esik; olculmus uc esikte birebir dogrulandi,Model-512: tahminler_model512.csv'den turetildi (tum esikler dolu). Taban-512: tahmin kaydi alinmadigi icin yalnizca olculmus uc esikte dolu.,50,3.13.1,8.4.144,0.12.6,2.14.0,2026-09-12 08:58:24,scripts/13_kutu_bazinda_karsilastir.py
Model-512,ZRI_HARIC,0.44,70,31,28,3,0.9032,0.24,tahmin kaydindan turetildi,az ornek,reports/test_kutu_bazinda.csv + reports/test_kutu_bazinda_model512.csv,yeni model taramasi yapilmadi; mevcut kutu bazinda kayitlardan turetildi,eslesen_skor >= esik; olculmus uc esikte birebir dogrulandi,Model-512: tahminler_model512.csv'den turetildi (tum esikler dolu). Taban-512: tahmin kaydi alinmadigi icin yalnizca olculmus uc esikte dolu.,50,3.13.1,8.4.144,0.12.6,2.14.0,2026-09-12 08:58:24,scripts/13_kutu_bazinda_karsilastir.py
Model-512,ZRI_HARIC,0.45,70,31,28,3,0.9032,0.23,tahmin kaydindan turetildi,az ornek,reports/test_kutu_bazinda.csv + reports/test_kutu_bazinda_model512.csv,yeni model taramasi yapilmadi; mevcut kutu bazinda kayitlardan turetildi,eslesen_skor >= esik; olculmus uc esikte birebir dogrulandi,Model-512: tahminler_model512.csv'den turetildi (tum esikler dolu). Taban-512: tahmin kaydi alinmadigi icin yalnizca olculmus uc esikte dolu.,50,3.13.1,8.4.144,0.12.6,2.14.0,2026-09-12 08:58:24,scripts/13_kutu_bazinda_karsilastir.py
Model-512,ZRI_HARIC,0.46,70,31,28,3,0.9032,0.23,tahmin kaydindan turetildi,az ornek,reports/test_kutu_bazinda.csv + reports/test_kutu_bazinda_model512.csv,yeni model taramasi yapilmadi; mevcut kutu bazinda kayitlardan turetildi,eslesen_skor >= esik; olculmus uc esikte birebir dogrulandi,Model-512: tahminler_model512.csv'den turetildi (tum esikler dolu). Taban-512: tahmin kaydi alinmadigi icin yalnizca olculmus uc esikte dolu.,50,3.13.1,8.4.144,0.12.6,2.14.0,2026-09-12 08:58:24,scripts/13_kutu_bazinda_karsilastir.py
Model-512,ZRI_HARIC,0.47,70,31,28,3,0.9032,0.21,tahmin kaydindan turetildi,az ornek,reports/test_kutu_bazinda.csv + reports/test_kutu_bazinda_model512.csv,yeni model taramasi yapilmadi; mevcut kutu bazinda kayitlardan turetildi,eslesen_skor >= esik; olculmus uc esikte birebir dogrulandi,Model-512: tahminler_model512.csv'den turetildi (tum esikler dolu). Taban-512: tahmin kaydi alinmadigi icin yalnizca olculmus uc esikte dolu.,50,3.13.1,8.4.144,0.12.6,2.14.0,2026-09-12 08:58:24,scripts/13_kutu_bazinda_karsilastir.py
Model-512,ZRI_HARIC,0.48,70,31,28,3,0.9032,0.21,tahmin kaydindan turetildi,az ornek,reports/test_kutu_bazinda.csv + reports/test_kutu_bazinda_model512.csv,yeni model taramasi yapilmadi; mevcut kutu bazinda kayitlardan turetildi,eslesen_skor >= esik; olculmus uc esikte birebir dogrulandi,Model-512: tahminler_model512.csv'den turetildi (tum esikler dolu). Taban-512: tahmin kaydi alinmadigi icin yalnizca olculmus uc esikte dolu.,50,3.13.1,8.4.144,0.12.6,2.14.0,2026-09-12 08:58:24,scripts/13_kutu_bazinda_karsilastir.py
Model-512,ZRI_HARIC,0.49,70,31,28,3,0.9032,0.21,tahmin kaydindan turetildi,az ornek,reports/test_kutu_bazinda.csv + reports/test_kutu_bazinda_model512.csv,yeni model taramasi yapilmadi; mevcut kutu bazinda kayitlardan turetildi,eslesen_skor >= esik; olculmus uc esikte birebir dogrulandi,Model-512: tahminler_model512.csv'den turetildi (tum esikler dolu). Taban-512: tahmin kaydi alinmadigi icin yalnizca olculmus uc esikte dolu.,50,3.13.1,8.4.144,0.12.6,2.14.0,2026-09-12 08:58:24,scripts/13_kutu_bazinda_karsilastir.py
Model-512,ZRI_HARIC,0.5,70,31,28,3,0.9032,0.21,tahmin kaydindan turetildi,az ornek,reports/test_kutu_bazinda.csv + reports/test_kutu_bazinda_model512.csv,yeni model taramasi yapilmadi; mevcut kutu bazinda kayitlardan turetildi,eslesen_skor >= esik; olculmus uc esikte birebir dogrulandi,Model-512: tahminler_model512.csv'den turetildi (tum esikler dolu). Taban-512: tahmin kaydi alinmadigi icin yalnizca olculmus uc esikte dolu.,50,3.13.1,8.4.144,0.12.6,2.14.0,2026-09-12 08:58:24,scripts/13_kutu_bazinda_karsilastir.py
Model-512,ZRI_HARIC,0.51,70,31,28,3,0.9032,0.2,tahmin kaydindan turetildi,az ornek,reports/test_kutu_bazinda.csv + reports/test_kutu_bazinda_model512.csv,yeni model taramasi yapilmadi; mevcut kutu bazinda kayitlardan turetildi,eslesen_skor >= esik; olculmus uc esikte birebir dogrulandi,Model-512: tahminler_model512.csv'den turetildi (tum esikler dolu). Taban-512: tahmin kaydi alinmadigi icin yalnizca olculmus uc esikte dolu.,50,3.13.1,8.4.144,0.12.6,2.14.0,2026-09-12 08:58:24,scripts/13_kutu_bazinda_karsilastir.py
Model-512,ZRI_HARIC,0.52,70,31,28,3,0.9032,0.2,tahmin kaydindan turetildi,az ornek,reports/test_kutu_bazinda.csv + reports/test_kutu_bazinda_model512.csv,yeni model taramasi yapilmadi; mevcut kutu bazinda kayitlardan turetildi,eslesen_skor >= esik; olculmus uc esikte birebir dogrulandi,Model-512: tahminler_model512.csv'den turetildi (tum esikler dolu). Taban-512: tahmin kaydi alinmadigi icin yalnizca olculmus uc esikte dolu.,50,3.13.1,8.4.144,0.12.6,2.14.0,2026-09-12 08:58:24,scripts/13_kutu_bazinda_karsilastir.py
Model-512,ZRI_HARIC,0.53,70,31,28,3,0.9032,0.19,tahmin kaydindan turetildi,az ornek,reports/test_kutu_bazinda.csv + reports/test_kutu_bazinda_model512.csv,yeni model taramasi yapilmadi; mevcut kutu bazinda kayitlardan turetildi,eslesen_skor >= esik; olculmus uc esikte birebir dogrulandi,Model-512: tahminler_model512.csv'den turetildi (tum esikler dolu). Taban-512: tahmin kaydi alinmadigi icin yalnizca olculmus uc esikte dolu.,50,3.13.1,8.4.144,0.12.6,2.14.0,2026-09-12 08:58:24,scripts/13_kutu_bazinda_karsilastir.py
Model-512,ZRI_HARIC,0.54,70,31,28,3,0.9032,0.19,tahmin kaydindan turetildi,az ornek,reports/test_kutu_bazinda.csv + reports/test_kutu_bazinda_model512.csv,yeni model taramasi yapilmadi; mevcut kutu bazinda kayitlardan turetildi,eslesen_skor >= esik; olculmus uc esikte birebir dogrulandi,Model-512: tahminler_model512.csv'den turetildi (tum esikler dolu). Taban-512: tahmin kaydi alinmadigi icin yalnizca olculmus uc esikte dolu.,50,3.13.1,8.4.144,0.12.6,2.14.0,2026-09-12 08:58:24,scripts/13_kutu_bazinda_karsilastir.py
Model-512,ZRI_HARIC,0.55,70,31,28,3,0.9032,0.17,tahmin kaydindan turetildi,az ornek,reports/test_kutu_bazinda.csv + reports/test_kutu_bazinda_model512.csv,yeni model taramasi yapilmadi; mevcut kutu bazinda kayitlardan turetildi,eslesen_skor >= esik; olculmus uc esikte birebir dogrulandi,Model-512: tahminler_model512.csv'den turetildi (tum esikler dolu). Taban-512: tahmin kaydi alinmadigi icin yalnizca olculmus uc esikte dolu.,50,3.13.1,8.4.144,0.12.6,2.14.0,2026-09-12 08:58:24,scripts/13_kutu_bazinda_karsilastir.py
Model-512,ZRI_HARIC,0.56,70,31,28,3,0.9032,0.17,tahmin kaydindan turetildi,az ornek,reports/test_kutu_bazinda.csv + reports/test_kutu_bazinda_model512.csv,yeni model taramasi yapilmadi; mevcut kutu bazinda kayitlardan turetildi,eslesen_skor >= esik; olculmus uc esikte birebir dogrulandi,Model-512: tahminler_model512.csv'den turetildi (tum esikler dolu). Taban-512: tahmin kaydi alinmadigi icin yalnizca olculmus uc esikte dolu.,50,3.13.1,8.4.144,0.12.6,2.14.0,2026-09-12 08:58:24,scripts/13_kutu_bazinda_karsilastir.py
Model-512,ZRI_HARIC,0.57,70,31,28,3,0.9032,0.17,tahmin kaydindan turetildi,az ornek,reports/test_kutu_bazinda.csv + reports/test_kutu_bazinda_model512.csv,yeni model taramasi yapilmadi; mevcut kutu bazinda kayitlardan turetildi,eslesen_skor >= esik; olculmus uc esikte birebir dogrulandi,Model-512: tahminler_model512.csv'den turetildi (tum esikler dolu). Taban-512: tahmin kaydi alinmadigi icin yalnizca olculmus uc esikte dolu.,50,3.13.1,8.4.144,0.12.6,2.14.0,2026-09-12 08:58:24,scripts/13_kutu_bazinda_karsilastir.py
Model-512,ZRI_HARIC,0.58,70,31,28,3,0.9032,0.17,tahmin kaydindan turetildi,az ornek,reports/test_kutu_bazinda.csv + reports/test_kutu_bazinda_model512.csv,yeni model taramasi yapilmadi; mevcut kutu bazinda kayitlardan turetildi,eslesen_skor >= esik; olculmus uc esikte birebir dogrulandi,Model-512: tahminler_model512.csv'den turetildi (tum esikler dolu). Taban-512: tahmin kaydi alinmadigi icin yalnizca olculmus uc esikte dolu.,50,3.13.1,8.4.144,0.12.6,2.14.0,2026-09-12 08:58:24,scripts/13_kutu_bazinda_karsilastir.py
Model-512,ZRI_HARIC,0.59,70,31,27,4,0.871,0.16,tahmin kaydindan turetildi,az ornek,reports/test_kutu_bazinda.csv + reports/test_kutu_bazinda_model512.csv,yeni model taramasi yapilmadi; mevcut kutu bazinda kayitlardan turetildi,eslesen_skor >= esik; olculmus uc esikte birebir dogrulandi,Model-512: tahminler_model512.csv'den turetildi (tum esikler dolu). Taban-512: tahmin kaydi alinmadigi icin yalnizca olculmus uc esikte dolu.,50,3.13.1,8.4.144,0.12.6,2.14.0,2026-09-12 08:58:24,scripts/13_kutu_bazinda_karsilastir.py
Model-512,ZRI_HARIC,0.6,70,31,26,5,0.8387,0.16,tahmin kaydindan turetildi,az ornek,reports/test_kutu_bazinda.csv + reports/test_kutu_bazinda_model512.csv,yeni model taramasi yapilmadi; mevcut kutu bazinda kayitlardan turetildi,eslesen_skor >= esik; olculmus uc esikte birebir dogrulandi,Model-512: tahminler_model512.csv'den turetildi (tum esikler dolu). Taban-512: tahmin kaydi alinmadigi icin yalnizca olculmus uc esikte dolu.,50,3.13.1,8.4.144,0.12.6,2.14.0,2026-09-12 08:58:24,scripts/13_kutu_bazinda_karsilastir.py
Model-512,ZRI_HARIC,0.61,70,31,26,5,0.8387,0.14,tahmin kaydindan turetildi,az ornek,reports/test_kutu_bazinda.csv + reports/test_kutu_bazinda_model512.csv,yeni model taramasi yapilmadi; mevcut kutu bazinda kayitlardan turetildi,eslesen_skor >= esik; olculmus uc esikte birebir dogrulandi,Model-512: tahminler_model512.csv'den turetildi (tum esikler dolu). Taban-512: tahmin kaydi alinmadigi icin yalnizca olculmus uc esikte dolu.,50,3.13.1,8.4.144,0.12.6,2.14.0,2026-09-12 08:58:24,scripts/13_kutu_bazinda_karsilastir.py
Model-512,ZRI_HARIC,0.62,70,31,26,5,0.8387,0.13,tahmin kaydindan turetildi,az ornek,reports/test_kutu_bazinda.csv + reports/test_kutu_bazinda_model512.csv,yeni model taramasi yapilmadi; mevcut kutu bazinda kayitlardan turetildi,eslesen_skor >= esik; olculmus uc esikte birebir dogrulandi,Model-512: tahminler_model512.csv'den turetildi (tum esikler dolu). Taban-512: tahmin kaydi alinmadigi icin yalnizca olculmus uc esikte dolu.,50,3.13.1,8.4.144,0.12.6,2.14.0,2026-09-12 08:58:24,scripts/13_kutu_bazinda_karsilastir.py
Model-512,ZRI_HARIC,0.63,70,31,24,7,0.7742,0.13,tahmin kaydindan turetildi,az ornek,reports/test_kutu_bazinda.csv + reports/test_kutu_bazinda_model512.csv,yeni model taramasi yapilmadi; mevcut kutu bazinda kayitlardan turetildi,eslesen_skor >= esik; olculmus uc esikte birebir dogrulandi,Model-512: tahminler_model512.csv'den turetildi (tum esikler dolu). Taban-512: tahmin kaydi alinmadigi icin yalnizca olculmus uc esikte dolu.,50,3.13.1,8.4.144,0.12.6,2.14.0,2026-09-12 08:58:24,scripts/13_kutu_bazinda_karsilastir.py
Model-512,ZRI_HARIC,0.64,70,31,23,8,0.7419,0.13,tahmin kaydindan turetildi,az ornek,reports/test_kutu_bazinda.csv + reports/test_kutu_bazinda_model512.csv,yeni model taramasi yapilmadi; mevcut kutu bazinda kayitlardan turetildi,eslesen_skor >= esik; olculmus uc esikte birebir dogrulandi,Model-512: tahminler_model512.csv'den turetildi (tum esikler dolu). Taban-512: tahmin kaydi alinmadigi icin yalnizca olculmus uc esikte dolu.,50,3.13.1,8.4.144,0.12.6,2.14.0,2026-09-12 08:58:24,scripts/13_kutu_bazinda_karsilastir.py
Model-512,ZRI_HARIC,0.65,70,31,23,8,0.7419,0.13,tahmin kaydindan turetildi,az ornek,reports/test_kutu_bazinda.csv + reports/test_kutu_bazinda_model512.csv,yeni model taramasi yapilmadi; mevcut kutu bazinda kayitlardan turetildi,eslesen_skor >= esik; olculmus uc esikte birebir dogrulandi,Model-512: tahminler_model512.csv'den turetildi (tum esikler dolu). Taban-512: tahmin kaydi alinmadigi icin yalnizca olculmus uc esikte dolu.,50,3.13.1,8.4.144,0.12.6,2.14.0,2026-09-12 08:58:24,scripts/13_kutu_bazinda_karsilastir.py
Model-512,ZRI_HARIC,0.66,70,31,23,8,0.7419,0.11,tahmin kaydindan turetildi,az ornek,reports/test_kutu_bazinda.csv + reports/test_kutu_bazinda_model512.csv,yeni model taramasi yapilmadi; mevcut kutu bazinda kayitlardan turetildi,eslesen_skor >= esik; olculmus uc esikte birebir dogrulandi,Model-512: tahminler_model512.csv'den turetildi (tum esikler dolu). Taban-512: tahmin kaydi alinmadigi icin yalnizca olculmus uc esikte dolu.,50,3.13.1,8.4.144,0.12.6,2.14.0,2026-09-12 08:58:24,scripts/13_kutu_bazinda_karsilastir.py
Model-512,ZRI_HARIC,0.67,70,31,23,8,0.7419,0.09,tahmin kaydindan turetildi,az ornek,reports/test_kutu_bazinda.csv + reports/test_kutu_bazinda_model512.csv,yeni model taramasi yapilmadi; mevcut kutu bazinda kayitlardan turetildi,eslesen_skor >= esik; olculmus uc esikte birebir dogrulandi,Model-512: tahminler_model512.csv'den turetildi (tum esikler dolu). Taban-512: tahmin kaydi alinmadigi icin yalnizca olculmus uc esikte dolu.,50,3.13.1,8.4.144,0.12.6,2.14.0,2026-09-12 08:58:24,scripts/13_kutu_bazinda_karsilastir.py
Model-512,ZRI_HARIC,0.68,70,31,23,8,0.7419,0.07,tahmin kaydindan turetildi,az ornek,reports/test_kutu_bazinda.csv + reports/test_kutu_bazinda_model512.csv,yeni model taramasi yapilmadi; mevcut kutu bazinda kayitlardan turetildi,eslesen_skor >= esik; olculmus uc esikte birebir dogrulandi,Model-512: tahminler_model512.csv'den turetildi (tum esikler dolu). Taban-512: tahmin kaydi alinmadigi icin yalnizca olculmus uc esikte dolu.,50,3.13.1,8.4.144,0.12.6,2.14.0,2026-09-12 08:58:24,scripts/13_kutu_bazinda_karsilastir.py
Model-512,ZRI_HARIC,0.69,70,31,22,9,0.7097,0.07,tahmin kaydindan turetildi,az ornek,reports/test_kutu_bazinda.csv + reports/test_kutu_bazinda_model512.csv,yeni model taramasi yapilmadi; mevcut kutu bazinda kayitlardan turetildi,eslesen_skor >= esik; olculmus uc esikte birebir dogrulandi,Model-512: tahminler_model512.csv'den turetildi (tum esikler dolu). Taban-512: tahmin kaydi alinmadigi icin yalnizca olculmus uc esikte dolu.,50,3.13.1,8.4.144,0.12.6,2.14.0,2026-09-12 08:58:24,scripts/13_kutu_bazinda_karsilastir.py
Model-512,ZRI_HARIC,0.7,70,31,22,9,0.7097,0.07,tahmin kaydindan turetildi,az ornek,reports/test_kutu_bazinda.csv + reports/test_kutu_bazinda_model512.csv,yeni model taramasi yapilmadi; mevcut kutu bazinda kayitlardan turetildi,eslesen_skor >= esik; olculmus uc esikte birebir dogrulandi,Model-512: tahminler_model512.csv'den turetildi (tum esikler dolu). Taban-512: tahmin kaydi alinmadigi icin yalnizca olculmus uc esikte dolu.,50,3.13.1,8.4.144,0.12.6,2.14.0,2026-09-12 08:58:24,scripts/13_kutu_bazinda_karsilastir.py
Model-512,ZRI_HARIC,0.71,70,31,18,13,0.5806,0.04,tahmin kaydindan turetildi,az ornek,reports/test_kutu_bazinda.csv + reports/test_kutu_bazinda_model512.csv,yeni model taramasi yapilmadi; mevcut kutu bazinda kayitlardan turetildi,eslesen_skor >= esik; olculmus uc esikte birebir dogrulandi,Model-512: tahminler_model512.csv'den turetildi (tum esikler dolu). Taban-512: tahmin kaydi alinmadigi icin yalnizca olculmus uc esikte dolu.,50,3.13.1,8.4.144,0.12.6,2.14.0,2026-09-12 08:58:24,scripts/13_kutu_bazinda_karsilastir.py
Model-512,ZRI_HARIC,0.72,70,31,16,15,0.5161,0.03,tahmin kaydindan turetildi,az ornek,reports/test_kutu_bazinda.csv + reports/test_kutu_bazinda_model512.csv,yeni model taramasi yapilmadi; mevcut kutu bazinda kayitlardan turetildi,eslesen_skor >= esik; olculmus uc esikte birebir dogrulandi,Model-512: tahminler_model512.csv'den turetildi (tum esikler dolu). Taban-512: tahmin kaydi alinmadigi icin yalnizca olculmus uc esikte dolu.,50,3.13.1,8.4.144,0.12.6,2.14.0,2026-09-12 08:58:24,scripts/13_kutu_bazinda_karsilastir.py
Model-512,ZRI_HARIC,0.73,70,31,15,16,0.4839,0.03,tahmin kaydindan turetildi,az ornek,reports/test_kutu_bazinda.csv + reports/test_kutu_bazinda_model512.csv,yeni model taramasi yapilmadi; mevcut kutu bazinda kayitlardan turetildi,eslesen_skor >= esik; olculmus uc esikte birebir dogrulandi,Model-512: tahminler_model512.csv'den turetildi (tum esikler dolu). Taban-512: tahmin kaydi alinmadigi icin yalnizca olculmus uc esikte dolu.,50,3.13.1,8.4.144,0.12.6,2.14.0,2026-09-12 08:58:24,scripts/13_kutu_bazinda_karsilastir.py
Model-512,ZRI_HARIC,0.74,70,31,13,18,0.4194,0.03,tahmin kaydindan turetildi,az ornek,reports/test_kutu_bazinda.csv + reports/test_kutu_bazinda_model512.csv,yeni model taramasi yapilmadi; mevcut kutu bazinda kayitlardan turetildi,eslesen_skor >= esik; olculmus uc esikte birebir dogrulandi,Model-512: tahminler_model512.csv'den turetildi (tum esikler dolu). Taban-512: tahmin kaydi alinmadigi icin yalnizca olculmus uc esikte dolu.,50,3.13.1,8.4.144,0.12.6,2.14.0,2026-09-12 08:58:24,scripts/13_kutu_bazinda_karsilastir.py
Model-512,ZRI_HARIC,0.75,70,31,11,20,0.3548,0.01,tahmin kaydindan turetildi,az ornek,reports/test_kutu_bazinda.csv + reports/test_kutu_bazinda_model512.csv,yeni model taramasi yapilmadi; mevcut kutu bazinda kayitlardan turetildi,eslesen_skor >= esik; olculmus uc esikte birebir dogrulandi,Model-512: tahminler_model512.csv'den turetildi (tum esikler dolu). Taban-512: tahmin kaydi alinmadigi icin yalnizca olculmus uc esikte dolu.,50,3.13.1,8.4.144,0.12.6,2.14.0,2026-09-12 08:58:24,scripts/13_kutu_bazinda_karsilastir.py
Model-512,ZRI_HARIC,0.76,70,31,10,21,0.3226,0.01,tahmin kaydindan turetildi,az ornek,reports/test_kutu_bazinda.csv + reports/test_kutu_bazinda_model512.csv,yeni model taramasi yapilmadi; mevcut kutu bazinda kayitlardan turetildi,eslesen_skor >= esik; olculmus uc esikte birebir dogrulandi,Model-512: tahminler_model512.csv'den turetildi (tum esikler dolu). Taban-512: tahmin kaydi alinmadigi icin yalnizca olculmus uc esikte dolu.,50,3.13.1,8.4.144,0.12.6,2.14.0,2026-09-12 08:58:24,scripts/13_kutu_bazinda_karsilastir.py
Model-512,ZRI_HARIC,0.77,70,31,9,22,0.2903,0.0,tahmin kaydindan turetildi,az ornek,reports/test_kutu_bazinda.csv + reports/test_kutu_bazinda_model512.csv,yeni model taramasi yapilmadi; mevcut kutu bazinda kayitlardan turetildi,eslesen_skor >= esik; olculmus uc esikte birebir dogrulandi,Model-512: tahminler_model512.csv'den turetildi (tum esikler dolu). Taban-512: tahmin kaydi alinmadigi icin yalnizca olculmus uc esikte dolu.,50,3.13.1,8.4.144,0.12.6,2.14.0,2026-09-12 08:58:24,scripts/13_kutu_bazinda_karsilastir.py
Model-512,ZRI_HARIC,0.78,70,31,9,22,0.2903,0.0,tahmin kaydindan turetildi,az ornek,reports/test_kutu_bazinda.csv + reports/test_kutu_bazinda_model512.csv,yeni model taramasi yapilmadi; mevcut kutu bazinda kayitlardan turetildi,eslesen_skor >= esik; olculmus uc esikte birebir dogrulandi,Model-512: tahminler_model512.csv'den turetildi (tum esikler dolu). Taban-512: tahmin kaydi alinmadigi icin yalnizca olculmus uc esikte dolu.,50,3.13.1,8.4.144,0.12.6,2.14.0,2026-09-12 08:58:24,scripts/13_kutu_bazinda_karsilastir.py
Model-512,ZRI_HARIC,0.79,70,31,5,26,0.1613,0.0,tahmin kaydindan turetildi,az ornek,reports/test_kutu_bazinda.csv + reports/test_kutu_bazinda_model512.csv,yeni model taramasi yapilmadi; mevcut kutu bazinda kayitlardan turetildi,eslesen_skor >= esik; olculmus uc esikte birebir dogrulandi,Model-512: tahminler_model512.csv'den turetildi (tum esikler dolu). Taban-512: tahmin kaydi alinmadigi icin yalnizca olculmus uc esikte dolu.,50,3.13.1,8.4.144,0.12.6,2.14.0,2026-09-12 08:58:24,scripts/13_kutu_bazinda_karsilastir.py
Model-512,ZRI_HARIC,0.8,70,31,4,27,0.129,0.0,tahmin kaydindan turetildi,az ornek,reports/test_kutu_bazinda.csv + reports/test_kutu_bazinda_model512.csv,yeni model taramasi yapilmadi; mevcut kutu bazinda kayitlardan turetildi,eslesen_skor >= esik; olculmus uc esikte birebir dogrulandi,Model-512: tahminler_model512.csv'den turetildi (tum esikler dolu). Taban-512: tahmin kaydi alinmadigi icin yalnizca olculmus uc esikte dolu.,50,3.13.1,8.4.144,0.12.6,2.14.0,2026-09-12 08:58:24,scripts/13_kutu_bazinda_karsilastir.py
Model-512,ZRI_HARIC,0.81,70,31,2,29,0.0645,0.0,tahmin kaydindan turetildi,az ornek,reports/test_kutu_bazinda.csv + reports/test_kutu_bazinda_model512.csv,yeni model taramasi yapilmadi; mevcut kutu bazinda kayitlardan turetildi,eslesen_skor >= esik; olculmus uc esikte birebir dogrulandi,Model-512: tahminler_model512.csv'den turetildi (tum esikler dolu). Taban-512: tahmin kaydi alinmadigi icin yalnizca olculmus uc esikte dolu.,50,3.13.1,8.4.144,0.12.6,2.14.0,2026-09-12 08:58:24,scripts/13_kutu_bazinda_karsilastir.py
Model-512,ZRI_HARIC,0.82,70,31,1,30,0.0323,0.0,tahmin kaydindan turetildi,az ornek,reports/test_kutu_bazinda.csv + reports/test_kutu_bazinda_model512.csv,yeni model taramasi yapilmadi; mevcut kutu bazinda kayitlardan turetildi,eslesen_skor >= esik; olculmus uc esikte birebir dogrulandi,Model-512: tahminler_model512.csv'den turetildi (tum esikler dolu). Taban-512: tahmin kaydi alinmadigi icin yalnizca olculmus uc esikte dolu.,50,3.13.1,8.4.144,0.12.6,2.14.0,2026-09-12 08:58:24,scripts/13_kutu_bazinda_karsilastir.py
Model-512,ZRI_HARIC,0.83,70,31,0,31,0.0,0.0,tahmin kaydindan turetildi,az ornek,reports/test_kutu_bazinda.csv + reports/test_kutu_bazinda_model512.csv,yeni model taramasi yapilmadi; mevcut kutu bazinda kayitlardan turetildi,eslesen_skor >= esik; olculmus uc esikte birebir dogrulandi,Model-512: tahminler_model512.csv'den turetildi (tum esikler dolu). Taban-512: tahmin kaydi alinmadigi icin yalnizca olculmus uc esikte dolu.,50,3.13.1,8.4.144,0.12.6,2.14.0,2026-09-12 08:58:24,scripts/13_kutu_bazinda_karsilastir.py
Model-512,ZRI_HARIC,0.84,70,31,0,31,0.0,0.0,tahmin kaydindan turetildi,az ornek,reports/test_kutu_bazinda.csv + reports/test_kutu_bazinda_model512.csv,yeni model taramasi yapilmadi; mevcut kutu bazinda kayitlardan turetildi,eslesen_skor >= esik; olculmus uc esikte birebir dogrulandi,Model-512: tahminler_model512.csv'den turetildi (tum esikler dolu). Taban-512: tahmin kaydi alinmadigi icin yalnizca olculmus uc esikte dolu.,50,3.13.1,8.4.144,0.12.6,2.14.0,2026-09-12 08:58:24,scripts/13_kutu_bazinda_karsilastir.py
Model-512,ZRI_HARIC,0.85,70,31,0,31,0.0,0.0,tahmin kaydindan turetildi,az ornek,reports/test_kutu_bazinda.csv + reports/test_kutu_bazinda_model512.csv,yeni model taramasi yapilmadi; mevcut kutu bazinda kayitlardan turetildi,eslesen_skor >= esik; olculmus uc esikte birebir dogrulandi,Model-512: tahminler_model512.csv'den turetildi (tum esikler dolu). Taban-512: tahmin kaydi alinmadigi icin yalnizca olculmus uc esikte dolu.,50,3.13.1,8.4.144,0.12.6,2.14.0,2026-09-12 08:58:24,scripts/13_kutu_bazinda_karsilastir.py
Model-512,ZRI_HARIC,0.86,70,31,0,31,0.0,0.0,tahmin kaydindan turetildi,az ornek,reports/test_kutu_bazinda.csv + reports/test_kutu_bazinda_model512.csv,yeni model taramasi yapilmadi; mevcut kutu bazinda kayitlardan turetildi,eslesen_skor >= esik; olculmus uc esikte birebir dogrulandi,Model-512: tahminler_model512.csv'den turetildi (tum esikler dolu). Taban-512: tahmin kaydi alinmadigi icin yalnizca olculmus uc esikte dolu.,50,3.13.1,8.4.144,0.12.6,2.14.0,2026-09-12 08:58:24,scripts/13_kutu_bazinda_karsilastir.py
Model-512,ZRI_HARIC,0.87,70,31,0,31,0.0,0.0,tahmin kaydindan turetildi,az ornek,reports/test_kutu_bazinda.csv + reports/test_kutu_bazinda_model512.csv,yeni model taramasi yapilmadi; mevcut kutu bazinda kayitlardan turetildi,eslesen_skor >= esik; olculmus uc esikte birebir dogrulandi,Model-512: tahminler_model512.csv'den turetildi (tum esikler dolu). Taban-512: tahmin kaydi alinmadigi icin yalnizca olculmus uc esikte dolu.,50,3.13.1,8.4.144,0.12.6,2.14.0,2026-09-12 08:58:24,scripts/13_kutu_bazinda_karsilastir.py
Model-512,ZRI_HARIC,0.88,70,31,0,31,0.0,0.0,tahmin kaydindan turetildi,az ornek,reports/test_kutu_bazinda.csv + reports/test_kutu_bazinda_model512.csv,yeni model taramasi yapilmadi; mevcut kutu bazinda kayitlardan turetildi,eslesen_skor >= esik; olculmus uc esikte birebir dogrulandi,Model-512: tahminler_model512.csv'den turetildi (tum esikler dolu). Taban-512: tahmin kaydi alinmadigi icin yalnizca olculmus uc esikte dolu.,50,3.13.1,8.4.144,0.12.6,2.14.0,2026-09-12 08:58:24,scripts/13_kutu_bazinda_karsilastir.py
Model-512,ZRI_HARIC,0.89,70,31,0,31,0.0,0.0,tahmin kaydindan turetildi,az ornek,reports/test_kutu_bazinda.csv + reports/test_kutu_bazinda_model512.csv,yeni model taramasi yapilmadi; mevcut kutu bazinda kayitlardan turetildi,eslesen_skor >= esik; olculmus uc esikte birebir dogrulandi,Model-512: tahminler_model512.csv'den turetildi (tum esikler dolu). Taban-512: tahmin kaydi alinmadigi icin yalnizca olculmus uc esikte dolu.,50,3.13.1,8.4.144,0.12.6,2.14.0,2026-09-12 08:58:24,scripts/13_kutu_bazinda_karsilastir.py
Model-512,ZRI_HARIC,0.9,70,31,0,31,0.0,0.0,tahmin kaydindan turetildi,az ornek,reports/test_kutu_bazinda.csv + reports/test_kutu_bazinda_model512.csv,yeni model taramasi yapilmadi; mevcut kutu bazinda kayitlardan turetildi,eslesen_skor >= esik; olculmus uc esikte birebir dogrulandi,Model-512: tahminler_model512.csv'den turetildi (tum esikler dolu). Taban-512: tahmin kaydi alinmadigi icin yalnizca olculmus uc esikte dolu.,50,3.13.1,8.4.144,0.12.6,2.14.0,2026-09-12 08:58:24,scripts/13_kutu_bazinda_karsilastir.py
Model-512,ZRI_HARIC,0.91,70,31,0,31,0.0,0.0,tahmin kaydindan turetildi,az ornek,reports/test_kutu_bazinda.csv + reports/test_kutu_bazinda_model512.csv,yeni model taramasi yapilmadi; mevcut kutu bazinda kayitlardan turetildi,eslesen_skor >= esik; olculmus uc esikte birebir dogrulandi,Model-512: tahminler_model512.csv'den turetildi (tum esikler dolu). Taban-512: tahmin kaydi alinmadigi icin yalnizca olculmus uc esikte dolu.,50,3.13.1,8.4.144,0.12.6,2.14.0,2026-09-12 08:58:24,scripts/13_kutu_bazinda_karsilastir.py
Model-512,ZRI_HARIC,0.92,70,31,0,31,0.0,0.0,tahmin kaydindan turetildi,az ornek,reports/test_kutu_bazinda.csv + reports/test_kutu_bazinda_model512.csv,yeni model taramasi yapilmadi; mevcut kutu bazinda kayitlardan turetildi,eslesen_skor >= esik; olculmus uc esikte birebir dogrulandi,Model-512: tahminler_model512.csv'den turetildi (tum esikler dolu). Taban-512: tahmin kaydi alinmadigi icin yalnizca olculmus uc esikte dolu.,50,3.13.1,8.4.144,0.12.6,2.14.0,2026-09-12 08:58:24,scripts/13_kutu_bazinda_karsilastir.py
Model-512,ZRI_HARIC,0.93,70,31,0,31,0.0,0.0,tahmin kaydindan turetildi,az ornek,reports/test_kutu_bazinda.csv + reports/test_kutu_bazinda_model512.csv,yeni model taramasi yapilmadi; mevcut kutu bazinda kayitlardan turetildi,eslesen_skor >= esik; olculmus uc esikte birebir dogrulandi,Model-512: tahminler_model512.csv'den turetildi (tum esikler dolu). Taban-512: tahmin kaydi alinmadigi icin yalnizca olculmus uc esikte dolu.,50,3.13.1,8.4.144,0.12.6,2.14.0,2026-09-12 08:58:24,scripts/13_kutu_bazinda_karsilastir.py
Model-512,ZRI_HARIC,0.94,70,31,0,31,0.0,0.0,tahmin kaydindan turetildi,az ornek,reports/test_kutu_bazinda.csv + reports/test_kutu_bazinda_model512.csv,yeni model taramasi yapilmadi; mevcut kutu bazinda kayitlardan turetildi,eslesen_skor >= esik; olculmus uc esikte birebir dogrulandi,Model-512: tahminler_model512.csv'den turetildi (tum esikler dolu). Taban-512: tahmin kaydi alinmadigi icin yalnizca olculmus uc esikte dolu.,50,3.13.1,8.4.144,0.12.6,2.14.0,2026-09-12 08:58:24,scripts/13_kutu_bazinda_karsilastir.py
Model-512,ZRI_HARIC,0.95,70,31,0,31,0.0,0.0,tahmin kaydindan turetildi,az ornek,reports/test_kutu_bazinda.csv + reports/test_kutu_bazinda_model512.csv,yeni model taramasi yapilmadi; mevcut kutu bazinda kayitlardan turetildi,eslesen_skor >= esik; olculmus uc esikte birebir dogrulandi,Model-512: tahminler_model512.csv'den turetildi (tum esikler dolu). Taban-512: tahmin kaydi alinmadigi icin yalnizca olculmus uc esikte dolu.,50,3.13.1,8.4.144,0.12.6,2.14.0,2026-09-12 08:58:24,scripts/13_kutu_bazinda_karsilastir.py
