gorev_id,gorev_adi,kosu_id,frame_id,goreli_goruntu_yolu,frame_durumu,model_surumu,soguk_baslangic,oturum_kurulum_suresi,surec_kare_sirasi,surec_id,karo_sayisi,tespit_sayisi,hata_sinifi,kuyruk_bekleme,goruntu_okuma,karolama,onnx_cikarim,nms_koordinat,db_yazma,frame_toplam,uctan_uca_sure,kosu_gorev_adi,kosu_gorev_id,kosu_kosu_id,kosu_model_surumu,kosu_model_cercevesi,kosu_onnx_sha256,kosu_onnx_model_yolu,kosu_goruntu_dizini,kosu_olcum_yolu,kosu_olcum_secenegi,kosu_store_floor,kosu_surum_python,kosu_surum_ultralytics,kosu_surum_sahi,kosu_surum_torch,kosu_tarih,kosu_komut
10,olcum-onnx-tek-okuma-20260912-153715,8,342,data/heridal/test/images/test_ZRI_0004_JPG.rf.e913f73a55a644ae9b3e440de80f749d.jpg,done,model512-onnx,evet,0.0574,1,23,80,44,,0.0903,0.1017,0.0937,10.0386,0.1711,0.0111,10.4374,10.4374,olcum-onnx-tek-okuma-20260912-153715,10,8,model512-onnx,onnx,361731351703f4581f95871c26583eba760f08ed26493869cc864c8c57f55dbd,/models/model512_best.onnx,data/heridal/test/images,"gercek Celery kuyrugu; gorev fonksiyonu dogrudan cagrilmadi, isi calisan isci yapti (docker compose worker)",TASK_TIMING_LOG=/app/media/zamanlama.jsonl,0.05,3.13.1,8.4.144,0.12.6,2.14.0,2026-09-12 16:01:39,scripts/19_gercek_onnx_celery_sure.py --gorev-adi olcum-onnx-tek-okuma-20260912-153715 --kare-cikti reports/gercek_onnx_celery_sure_tek_okuma.csv --ozet-cikti reports/gercek_onnx_celery_sure_tek_okuma_ozet.csv
10,olcum-onnx-tek-okuma-20260912-153715,8,343,data/heridal/test/images/train_VRD_3055_JPG.rf.7d8b8bddf264b906d9c5f871a81f65dd.jpg,done,model512-onnx,evet,0.0518,1,24,80,0,,0.1469,0.1924,0.0764,9.7293,0.1338,0.0119,10.1579,10.158,olcum-onnx-tek-okuma-20260912-153715,10,8,model512-onnx,onnx,361731351703f4581f95871c26583eba760f08ed26493869cc864c8c57f55dbd,/models/model512_best.onnx,data/heridal/test/images,"gercek Celery kuyrugu; gorev fonksiyonu dogrudan cagrilmadi, isi calisan isci yapti (docker compose worker)",TASK_TIMING_LOG=/app/media/zamanlama.jsonl,0.05,3.13.1,8.4.144,0.12.6,2.14.0,2026-09-12 16:01:39,scripts/19_gercek_onnx_celery_sure.py --gorev-adi olcum-onnx-tek-okuma-20260912-153715 --kare-cikti reports/gercek_onnx_celery_sure_tek_okuma.csv --ozet-cikti reports/gercek_onnx_celery_sure_tek_okuma_ozet.csv
10,olcum-onnx-tek-okuma-20260912-153715,8,344,data/heridal/test/images/train_VRD_3056_JPG.rf.85cad2c23ad4c769419e21969be619b9.jpg,done,model512-onnx,hayir,0.0,2,24,80,0,,10.3351,0.2298,0.0003,10.4328,0.1445,0.0187,10.8599,10.86,olcum-onnx-tek-okuma-20260912-153715,10,8,model512-onnx,onnx,361731351703f4581f95871c26583eba760f08ed26493869cc864c8c57f55dbd,/models/model512_best.onnx,data/heridal/test/images,"gercek Celery kuyrugu; gorev fonksiyonu dogrudan cagrilmadi, isi calisan isci yapti (docker compose worker)",TASK_TIMING_LOG=/app/media/zamanlama.jsonl,0.05,3.13.1,8.4.144,0.12.6,2.14.0,2026-09-12 16:01:39,scripts/19_gercek_onnx_celery_sure.py --gorev-adi olcum-onnx-tek-okuma-20260912-153715 --kare-cikti reports/gercek_onnx_celery_sure_tek_okuma.csv --ozet-cikti reports/gercek_onnx_celery_sure_tek_okuma_ozet.csv
10,olcum-onnx-tek-okuma-20260912-153715,8,345,data/heridal/test/images/train_VRD_3057_JPG.rf.f86d02baf33b278e7ef0cdc4bc73d0a9.jpg,done,model512-onnx,hayir,0.0,2,23,80,0,,10.5331,0.1876,0.0002,11.852,0.1726,0.0175,12.2421,12.2421,olcum-onnx-tek-okuma-20260912-153715,10,8,model512-onnx,onnx,361731351703f4581f95871c26583eba760f08ed26493869cc864c8c57f55dbd,/models/model512_best.onnx,data/heridal/test/images,"gercek Celery kuyrugu; gorev fonksiyonu dogrudan cagrilmadi, isi calisan isci yapti (docker compose worker)",TASK_TIMING_LOG=/app/media/zamanlama.jsonl,0.05,3.13.1,8.4.144,0.12.6,2.14.0,2026-09-12 16:01:39,scripts/19_gercek_onnx_celery_sure.py --gorev-adi olcum-onnx-tek-okuma-20260912-153715 --kare-cikti reports/gercek_onnx_celery_sure_tek_okuma.csv --ozet-cikti reports/gercek_onnx_celery_sure_tek_okuma_ozet.csv
10,olcum-onnx-tek-okuma-20260912-153715,8,346,data/heridal/test/images/train_VRD_3058_JPG.rf.710ef627937d5c49e259cb163061ae33.jpg,done,model512-onnx,hayir,0.0,3,24,80,0,,21.2201,0.3008,0.0011,9.9992,0.1814,0.0255,10.5482,10.5482,olcum-onnx-tek-okuma-20260912-153715,10,8,model512-onnx,onnx,361731351703f4581f95871c26583eba760f08ed26493869cc864c8c57f55dbd,/models/model512_best.onnx,data/heridal/test/images,"gercek Celery kuyrugu; gorev fonksiyonu dogrudan cagrilmadi, isi calisan isci yapti (docker compose worker)",TASK_TIMING_LOG=/app/media/zamanlama.jsonl,0.05,3.13.1,8.4.144,0.12.6,2.14.0,2026-09-12 16:01:39,scripts/19_gercek_onnx_celery_sure.py --gorev-adi olcum-onnx-tek-okuma-20260912-153715 --kare-cikti reports/gercek_onnx_celery_sure_tek_okuma.csv --ozet-cikti reports/gercek_onnx_celery_sure_tek_okuma_ozet.csv
10,olcum-onnx-tek-okuma-20260912-153715,8,347,data/heridal/test/images/train_VRD_3059_JPG.rf.78cad432e65d7941f11b7dd4e904eb5f.jpg,done,model512-onnx,hayir,0.0,3,23,80,1,,22.8463,0.2338,0.0002,10.5454,0.1572,0.0322,11.0195,11.0195,olcum-onnx-tek-okuma-20260912-153715,10,8,model512-onnx,onnx,361731351703f4581f95871c26583eba760f08ed26493869cc864c8c57f55dbd,/models/model512_best.onnx,data/heridal/test/images,"gercek Celery kuyrugu; gorev fonksiyonu dogrudan cagrilmadi, isi calisan isci yapti (docker compose worker)",TASK_TIMING_LOG=/app/media/zamanlama.jsonl,0.05,3.13.1,8.4.144,0.12.6,2.14.0,2026-09-12 16:01:39,scripts/19_gercek_onnx_celery_sure.py --gorev-adi olcum-onnx-tek-okuma-20260912-153715 --kare-cikti reports/gercek_onnx_celery_sure_tek_okuma.csv --ozet-cikti reports/gercek_onnx_celery_sure_tek_okuma_ozet.csv
10,olcum-onnx-tek-okuma-20260912-153715,8,348,data/heridal/test/images/train_VRD_3061_JPG.rf.3be6b1547def39345610baf26c4570e8.jpg,done,model512-onnx,hayir,0.0,4,24,80,0,,31.8025,0.4357,0.0004,11.4671,0.1903,0.0536,12.1764,12.1765,olcum-onnx-tek-okuma-20260912-153715,10,8,model512-onnx,onnx,361731351703f4581f95871c26583eba760f08ed26493869cc864c8c57f55dbd,/models/model512_best.onnx,data/heridal/test/images,"gercek Celery kuyrugu; gorev fonksiyonu dogrudan cagrilmadi, isi calisan isci yapti (docker compose worker)",TASK_TIMING_LOG=/app/media/zamanlama.jsonl,0.05,3.13.1,8.4.144,0.12.6,2.14.0,2026-09-12 16:01:39,scripts/19_gercek_onnx_celery_sure.py --gorev-adi olcum-onnx-tek-okuma-20260912-153715 --kare-cikti reports/gercek_onnx_celery_sure_tek_okuma.csv --ozet-cikti reports/gercek_onnx_celery_sure_tek_okuma_ozet.csv
10,olcum-onnx-tek-okuma-20260912-153715,8,349,data/heridal/test/images/train_VRD_3062_JPG.rf.c7763470dd8621a18525ba51c08e6abe.jpg,done,model512-onnx,hayir,0.0,4,23,80,2,,33.8933,0.2928,0.0006,11.3625,0.1906,0.0195,11.8975,11.8975,olcum-onnx-tek-okuma-20260912-153715,10,8,model512-onnx,onnx,361731351703f4581f95871c26583eba760f08ed26493869cc864c8c57f55dbd,/models/model512_best.onnx,data/heridal/test/images,"gercek Celery kuyrugu; gorev fonksiyonu dogrudan cagrilmadi, isi calisan isci yapti (docker compose worker)",TASK_TIMING_LOG=/app/media/zamanlama.jsonl,0.05,3.13.1,8.4.144,0.12.6,2.14.0,2026-09-12 16:01:39,scripts/19_gercek_onnx_celery_sure.py --gorev-adi olcum-onnx-tek-okuma-20260912-153715 --kare-cikti reports/gercek_onnx_celery_sure_tek_okuma.csv --ozet-cikti reports/gercek_onnx_celery_sure_tek_okuma_ozet.csv
10,olcum-onnx-tek-okuma-20260912-153715,8,350,data/heridal/test/images/train_VRD_3063_JPG.rf.9fa84c4cacfdbcf9ea5e80ac5d4a9928.jpg,done,model512-onnx,hayir,0.0,5,24,80,1,,44.0484,0.2977,0.0005,10.813,0.1521,0.0257,11.3424,11.3424,olcum-onnx-tek-okuma-20260912-153715,10,8,model512-onnx,onnx,361731351703f4581f95871c26583eba760f08ed26493869cc864c8c57f55dbd,/models/model512_best.onnx,data/heridal/test/images,"gercek Celery kuyrugu; gorev fonksiyonu dogrudan cagrilmadi, isi calisan isci yapti (docker compose worker)",TASK_TIMING_LOG=/app/media/zamanlama.jsonl,0.05,3.13.1,8.4.144,0.12.6,2.14.0,2026-09-12 16:01:39,scripts/19_gercek_onnx_celery_sure.py --gorev-adi olcum-onnx-tek-okuma-20260912-153715 --kare-cikti reports/gercek_onnx_celery_sure_tek_okuma.csv --ozet-cikti reports/gercek_onnx_celery_sure_tek_okuma_ozet.csv
10,olcum-onnx-tek-okuma-20260912-153715,8,351,data/heridal/test/images/train_VRD_3064_JPG.rf.a3264a41566e7502902096b0c80661b5.jpg,done,model512-onnx,hayir,0.0,5,23,80,0,,45.8528,0.336,0.0005,10.2543,0.156,0.0183,10.8069,10.8069,olcum-onnx-tek-okuma-20260912-153715,10,8,model512-onnx,onnx,361731351703f4581f95871c26583eba760f08ed26493869cc864c8c57f55dbd,/models/model512_best.onnx,data/heridal/test/images,"gercek Celery kuyrugu; gorev fonksiyonu dogrudan cagrilmadi, isi calisan isci yapti (docker compose worker)",TASK_TIMING_LOG=/app/media/zamanlama.jsonl,0.05,3.13.1,8.4.144,0.12.6,2.14.0,2026-09-12 16:01:39,scripts/19_gercek_onnx_celery_sure.py --gorev-adi olcum-onnx-tek-okuma-20260912-153715 --kare-cikti reports/gercek_onnx_celery_sure_tek_okuma.csv --ozet-cikti reports/gercek_onnx_celery_sure_tek_okuma_ozet.csv
10,olcum-onnx-tek-okuma-20260912-153715,8,352,data/heridal/test/images/train_VRD_3065_JPG.rf.b2c5375c41d5f86e4fa5593a6a68844f.jpg,done,model512-onnx,hayir,0.0,6,24,80,0,,55.3974,0.2991,0.0007,10.4622,0.1511,0.0207,10.9908,10.9909,olcum-onnx-tek-okuma-20260912-153715,10,8,model512-onnx,onnx,361731351703f4581f95871c26583eba760f08ed26493869cc864c8c57f55dbd,/models/model512_best.onnx,data/heridal/test/images,"gercek Celery kuyrugu; gorev fonksiyonu dogrudan cagrilmadi, isi calisan isci yapti (docker compose worker)",TASK_TIMING_LOG=/app/media/zamanlama.jsonl,0.05,3.13.1,8.4.144,0.12.6,2.14.0,2026-09-12 16:01:39,scripts/19_gercek_onnx_celery_sure.py --gorev-adi olcum-onnx-tek-okuma-20260912-153715 --kare-cikti reports/gercek_onnx_celery_sure_tek_okuma.csv --ozet-cikti reports/gercek_onnx_celery_sure_tek_okuma_ozet.csv
10,olcum-onnx-tek-okuma-20260912-153715,8,353,data/heridal/test/images/train_VRD_3066_JPG.rf.05a12306e82cb14ed88911b9a335c5aa.jpg,done,model512-onnx,hayir,0.0,6,23,80,1,,56.6804,0.2749,0.0006,11.1682,0.1514,0.0094,11.6694,11.6694,olcum-onnx-tek-okuma-20260912-153715,10,8,model512-onnx,onnx,361731351703f4581f95871c26583eba760f08ed26493869cc864c8c57f55dbd,/models/model512_best.onnx,data/heridal/test/images,"gercek Celery kuyrugu; gorev fonksiyonu dogrudan cagrilmadi, isi calisan isci yapti (docker compose worker)",TASK_TIMING_LOG=/app/media/zamanlama.jsonl,0.05,3.13.1,8.4.144,0.12.6,2.14.0,2026-09-12 16:01:39,scripts/19_gercek_onnx_celery_sure.py --gorev-adi olcum-onnx-tek-okuma-20260912-153715 --kare-cikti reports/gercek_onnx_celery_sure_tek_okuma.csv --ozet-cikti reports/gercek_onnx_celery_sure_tek_okuma_ozet.csv
10,olcum-onnx-tek-okuma-20260912-153715,8,354,data/heridal/test/images/train_VRD_3067_JPG.rf.966d4d0e9adb57954394f085653cd1be.jpg,done,model512-onnx,hayir,0.0,7,24,80,2,,66.5019,0.256,0.0003,9.6713,0.1509,0.0329,10.144,10.144,olcum-onnx-tek-okuma-20260912-153715,10,8,model512-onnx,onnx,361731351703f4581f95871c26583eba760f08ed26493869cc864c8c57f55dbd,/models/model512_best.onnx,data/heridal/test/images,"gercek Celery kuyrugu; gorev fonksiyonu dogrudan cagrilmadi, isi calisan isci yapti (docker compose worker)",TASK_TIMING_LOG=/app/media/zamanlama.jsonl,0.05,3.13.1,8.4.144,0.12.6,2.14.0,2026-09-12 16:01:39,scripts/19_gercek_onnx_celery_sure.py --gorev-adi olcum-onnx-tek-okuma-20260912-153715 --kare-cikti reports/gercek_onnx_celery_sure_tek_okuma.csv --ozet-cikti reports/gercek_onnx_celery_sure_tek_okuma_ozet.csv
10,olcum-onnx-tek-okuma-20260912-153715,8,355,data/heridal/test/images/train_VRD_3068_JPG.rf.037ab67223e871ad9716e9aab2f4a197.jpg,done,model512-onnx,hayir,0.0,7,23,80,2,,68.4557,0.3426,0.0004,10.8887,0.3696,0.0287,11.668,11.6681,olcum-onnx-tek-okuma-20260912-153715,10,8,model512-onnx,onnx,361731351703f4581f95871c26583eba760f08ed26493869cc864c8c57f55dbd,/models/model512_best.onnx,data/heridal/test/images,"gercek Celery kuyrugu; gorev fonksiyonu dogrudan cagrilmadi, isi calisan isci yapti (docker compose worker)",TASK_TIMING_LOG=/app/media/zamanlama.jsonl,0.05,3.13.1,8.4.144,0.12.6,2.14.0,2026-09-12 16:01:39,scripts/19_gercek_onnx_celery_sure.py --gorev-adi olcum-onnx-tek-okuma-20260912-153715 --kare-cikti reports/gercek_onnx_celery_sure_tek_okuma.csv --ozet-cikti reports/gercek_onnx_celery_sure_tek_okuma_ozet.csv
10,olcum-onnx-tek-okuma-20260912-153715,8,356,data/heridal/test/images/train_VRD_3069_JPG.rf.04e8853d8c5e69c0c7602c01d1ac2079.jpg,done,model512-onnx,hayir,0.0,8,24,80,2,,76.7157,0.3536,0.0004,10.04,0.1598,0.0352,10.6333,10.6334,olcum-onnx-tek-okuma-20260912-153715,10,8,model512-onnx,onnx,361731351703f4581f95871c26583eba760f08ed26493869cc864c8c57f55dbd,/models/model512_best.onnx,data/heridal/test/images,"gercek Celery kuyrugu; gorev fonksiyonu dogrudan cagrilmadi, isi calisan isci yapti (docker compose worker)",TASK_TIMING_LOG=/app/media/zamanlama.jsonl,0.05,3.13.1,8.4.144,0.12.6,2.14.0,2026-09-12 16:01:39,scripts/19_gercek_onnx_celery_sure.py --gorev-adi olcum-onnx-tek-okuma-20260912-153715 --kare-cikti reports/gercek_onnx_celery_sure_tek_okuma.csv --ozet-cikti reports/gercek_onnx_celery_sure_tek_okuma_ozet.csv
10,olcum-onnx-tek-okuma-20260912-153715,8,357,data/heridal/test/images/train_VRD_3071_JPG.rf.a59713557794b2002fbb4e9b7abcd243.jpg,done,model512-onnx,hayir,0.0,8,23,80,0,,80.1829,0.2842,0.0004,10.6285,0.1518,0.0202,11.1327,11.1327,olcum-onnx-tek-okuma-20260912-153715,10,8,model512-onnx,onnx,361731351703f4581f95871c26583eba760f08ed26493869cc864c8c57f55dbd,/models/model512_best.onnx,data/heridal/test/images,"gercek Celery kuyrugu; gorev fonksiyonu dogrudan cagrilmadi, isi calisan isci yapti (docker compose worker)",TASK_TIMING_LOG=/app/media/zamanlama.jsonl,0.05,3.13.1,8.4.144,0.12.6,2.14.0,2026-09-12 16:01:39,scripts/19_gercek_onnx_celery_sure.py --gorev-adi olcum-onnx-tek-okuma-20260912-153715 --kare-cikti reports/gercek_onnx_celery_sure_tek_okuma.csv --ozet-cikti reports/gercek_onnx_celery_sure_tek_okuma_ozet.csv
10,olcum-onnx-tek-okuma-20260912-153715,8,358,data/heridal/test/images/train_VRD_3072_JPG.rf.06fc39e31769eaf6b500190ce6ad0525.jpg,done,model512-onnx,hayir,0.0,9,24,80,0,,87.3878,0.2691,0.0009,9.7096,0.1564,0.0145,10.1821,10.1821,olcum-onnx-tek-okuma-20260912-153715,10,8,model512-onnx,onnx,361731351703f4581f95871c26583eba760f08ed26493869cc864c8c57f55dbd,/models/model512_best.onnx,data/heridal/test/images,"gercek Celery kuyrugu; gorev fonksiyonu dogrudan cagrilmadi, isi calisan isci yapti (docker compose worker)",TASK_TIMING_LOG=/app/media/zamanlama.jsonl,0.05,3.13.1,8.4.144,0.12.6,2.14.0,2026-09-12 16:01:39,scripts/19_gercek_onnx_celery_sure.py --gorev-adi olcum-onnx-tek-okuma-20260912-153715 --kare-cikti reports/gercek_onnx_celery_sure_tek_okuma.csv --ozet-cikti reports/gercek_onnx_celery_sure_tek_okuma_ozet.csv
10,olcum-onnx-tek-okuma-20260912-153715,8,359,data/heridal/test/images/train_VRD_3073_JPG.rf.917c0804f5f988631aaf9e03cbc4eeb7.jpg,done,model512-onnx,hayir,0.0,9,23,80,0,,91.3567,0.2673,0.0002,11.2008,0.1409,0.0158,11.67,11.67,olcum-onnx-tek-okuma-20260912-153715,10,8,model512-onnx,onnx,361731351703f4581f95871c26583eba760f08ed26493869cc864c8c57f55dbd,/models/model512_best.onnx,data/heridal/test/images,"gercek Celery kuyrugu; gorev fonksiyonu dogrudan cagrilmadi, isi calisan isci yapti (docker compose worker)",TASK_TIMING_LOG=/app/media/zamanlama.jsonl,0.05,3.13.1,8.4.144,0.12.6,2.14.0,2026-09-12 16:01:39,scripts/19_gercek_onnx_celery_sure.py --gorev-adi olcum-onnx-tek-okuma-20260912-153715 --kare-cikti reports/gercek_onnx_celery_sure_tek_okuma.csv --ozet-cikti reports/gercek_onnx_celery_sure_tek_okuma_ozet.csv
10,olcum-onnx-tek-okuma-20260912-153715,8,360,data/heridal/test/images/train_VRD_3074_JPG.rf.1a2388ee72a44eb66a0b51ea7a9988fb.jpg,done,model512-onnx,hayir,0.0,10,24,80,0,,97.6093,0.2737,0.0004,11.4372,0.1614,0.0314,11.947,11.947,olcum-onnx-tek-okuma-20260912-153715,10,8,model512-onnx,onnx,361731351703f4581f95871c26583eba760f08ed26493869cc864c8c57f55dbd,/models/model512_best.onnx,data/heridal/test/images,"gercek Celery kuyrugu; gorev fonksiyonu dogrudan cagrilmadi, isi calisan isci yapti (docker compose worker)",TASK_TIMING_LOG=/app/media/zamanlama.jsonl,0.05,3.13.1,8.4.144,0.12.6,2.14.0,2026-09-12 16:01:39,scripts/19_gercek_onnx_celery_sure.py --gorev-adi olcum-onnx-tek-okuma-20260912-153715 --kare-cikti reports/gercek_onnx_celery_sure_tek_okuma.csv --ozet-cikti reports/gercek_onnx_celery_sure_tek_okuma_ozet.csv
10,olcum-onnx-tek-okuma-20260912-153715,8,361,data/heridal/test/images/train_VRD_3075_JPG.rf.7f77052a1776964fe9df6adf76396b06.jpg,done,model512-onnx,hayir,0.0,10,23,80,0,,103.0596,0.252,0.0003,10.8925,0.1391,0.0308,11.3431,11.3841,olcum-onnx-tek-okuma-20260912-153715,10,8,model512-onnx,onnx,361731351703f4581f95871c26583eba760f08ed26493869cc864c8c57f55dbd,/models/model512_best.onnx,data/heridal/test/images,"gercek Celery kuyrugu; gorev fonksiyonu dogrudan cagrilmadi, isi calisan isci yapti (docker compose worker)",TASK_TIMING_LOG=/app/media/zamanlama.jsonl,0.05,3.13.1,8.4.144,0.12.6,2.14.0,2026-09-12 16:01:39,scripts/19_gercek_onnx_celery_sure.py --gorev-adi olcum-onnx-tek-okuma-20260912-153715 --kare-cikti reports/gercek_onnx_celery_sure_tek_okuma.csv --ozet-cikti reports/gercek_onnx_celery_sure_tek_okuma_ozet.csv
10,olcum-onnx-tek-okuma-20260912-153715,8,362,data/heridal/test/images/train_VRD_3076_JPG.rf.cbd10ccb467fa6b6ba337d667d368063.jpg,done,model512-onnx,hayir,0.0,11,24,80,0,,109.6082,0.2483,0.0007,13.5822,0.1709,0.0388,14.0856,14.0857,olcum-onnx-tek-okuma-20260912-153715,10,8,model512-onnx,onnx,361731351703f4581f95871c26583eba760f08ed26493869cc864c8c57f55dbd,/models/model512_best.onnx,data/heridal/test/images,"gercek Celery kuyrugu; gorev fonksiyonu dogrudan cagrilmadi, isi calisan isci yapti (docker compose worker)",TASK_TIMING_LOG=/app/media/zamanlama.jsonl,0.05,3.13.1,8.4.144,0.12.6,2.14.0,2026-09-12 16:01:39,scripts/19_gercek_onnx_celery_sure.py --gorev-adi olcum-onnx-tek-okuma-20260912-153715 --kare-cikti reports/gercek_onnx_celery_sure_tek_okuma.csv --ozet-cikti reports/gercek_onnx_celery_sure_tek_okuma_ozet.csv
10,olcum-onnx-tek-okuma-20260912-153715,8,363,data/heridal/test/images/train_VRD_3077_JPG.rf.69bd8561b804b154d7c4b7d1c8858ef6.jpg,done,model512-onnx,hayir,0.0,11,23,80,0,,114.507,0.3904,0.001,13.0933,0.1819,0.0487,13.7918,13.7919,olcum-onnx-tek-okuma-20260912-153715,10,8,model512-onnx,onnx,361731351703f4581f95871c26583eba760f08ed26493869cc864c8c57f55dbd,/models/model512_best.onnx,data/heridal/test/images,"gercek Celery kuyrugu; gorev fonksiyonu dogrudan cagrilmadi, isi calisan isci yapti (docker compose worker)",TASK_TIMING_LOG=/app/media/zamanlama.jsonl,0.05,3.13.1,8.4.144,0.12.6,2.14.0,2026-09-12 16:01:39,scripts/19_gercek_onnx_celery_sure.py --gorev-adi olcum-onnx-tek-okuma-20260912-153715 --kare-cikti reports/gercek_onnx_celery_sure_tek_okuma.csv --ozet-cikti reports/gercek_onnx_celery_sure_tek_okuma_ozet.csv
10,olcum-onnx-tek-okuma-20260912-153715,8,364,data/heridal/test/images/train_VRD_3078_JPG.rf.8544dd75348329374f1b7e6fb35da7e9.jpg,done,model512-onnx,hayir,0.0,12,24,80,1,,123.794,0.5116,0.0045,13.7975,0.2098,0.0137,14.602,14.6021,olcum-onnx-tek-okuma-20260912-153715,10,8,model512-onnx,onnx,361731351703f4581f95871c26583eba760f08ed26493869cc864c8c57f55dbd,/models/model512_best.onnx,data/heridal/test/images,"gercek Celery kuyrugu; gorev fonksiyonu dogrudan cagrilmadi, isi calisan isci yapti (docker compose worker)",TASK_TIMING_LOG=/app/media/zamanlama.jsonl,0.05,3.13.1,8.4.144,0.12.6,2.14.0,2026-09-12 16:01:39,scripts/19_gercek_onnx_celery_sure.py --gorev-adi olcum-onnx-tek-okuma-20260912-153715 --kare-cikti reports/gercek_onnx_celery_sure_tek_okuma.csv --ozet-cikti reports/gercek_onnx_celery_sure_tek_okuma_ozet.csv
10,olcum-onnx-tek-okuma-20260912-153715,8,365,data/heridal/test/images/train_VRD_3080_JPG.rf.65c69a6ced7e067f983604965fc02362.jpg,done,model512-onnx,hayir,0.0,12,23,80,0,,128.4278,0.4264,0.0011,15.6321,0.1928,0.0458,16.3802,16.3803,olcum-onnx-tek-okuma-20260912-153715,10,8,model512-onnx,onnx,361731351703f4581f95871c26583eba760f08ed26493869cc864c8c57f55dbd,/models/model512_best.onnx,data/heridal/test/images,"gercek Celery kuyrugu; gorev fonksiyonu dogrudan cagrilmadi, isi calisan isci yapti (docker compose worker)",TASK_TIMING_LOG=/app/media/zamanlama.jsonl,0.05,3.13.1,8.4.144,0.12.6,2.14.0,2026-09-12 16:01:39,scripts/19_gercek_onnx_celery_sure.py --gorev-adi olcum-onnx-tek-okuma-20260912-153715 --kare-cikti reports/gercek_onnx_celery_sure_tek_okuma.csv --ozet-cikti reports/gercek_onnx_celery_sure_tek_okuma_ozet.csv
10,olcum-onnx-tek-okuma-20260912-153715,8,366,data/heridal/test/images/train_VRD_3081_JPG.rf.7a7c184e0287b3d9a8af06cd33b0a89e.jpg,done,model512-onnx,hayir,0.0,13,24,80,1,,138.4009,0.2588,0.0011,18.1207,0.2257,0.0204,18.657,18.6632,olcum-onnx-tek-okuma-20260912-153715,10,8,model512-onnx,onnx,361731351703f4581f95871c26583eba760f08ed26493869cc864c8c57f55dbd,/models/model512_best.onnx,data/heridal/test/images,"gercek Celery kuyrugu; gorev fonksiyonu dogrudan cagrilmadi, isi calisan isci yapti (docker compose worker)",TASK_TIMING_LOG=/app/media/zamanlama.jsonl,0.05,3.13.1,8.4.144,0.12.6,2.14.0,2026-09-12 16:01:39,scripts/19_gercek_onnx_celery_sure.py --gorev-adi olcum-onnx-tek-okuma-20260912-153715 --kare-cikti reports/gercek_onnx_celery_sure_tek_okuma.csv --ozet-cikti reports/gercek_onnx_celery_sure_tek_okuma_ozet.csv
10,olcum-onnx-tek-okuma-20260912-153715,8,367,data/heridal/test/images/train_VRD_3082_JPG.rf.bc32984470d6b81e6cda05017ace1730.jpg,done,model512-onnx,hayir,0.0,13,23,80,2,,144.8517,0.4734,0.0008,18.6069,0.3448,0.0293,19.4957,19.4957,olcum-onnx-tek-okuma-20260912-153715,10,8,model512-onnx,onnx,361731351703f4581f95871c26583eba760f08ed26493869cc864c8c57f55dbd,/models/model512_best.onnx,data/heridal/test/images,"gercek Celery kuyrugu; gorev fonksiyonu dogrudan cagrilmadi, isi calisan isci yapti (docker compose worker)",TASK_TIMING_LOG=/app/media/zamanlama.jsonl,0.05,3.13.1,8.4.144,0.12.6,2.14.0,2026-09-12 16:01:39,scripts/19_gercek_onnx_celery_sure.py --gorev-adi olcum-onnx-tek-okuma-20260912-153715 --kare-cikti reports/gercek_onnx_celery_sure_tek_okuma.csv --ozet-cikti reports/gercek_onnx_celery_sure_tek_okuma_ozet.csv
10,olcum-onnx-tek-okuma-20260912-153715,8,368,data/heridal/test/images/train_VRD_3083_JPG.rf.8af8b7ba2f81349640d3de9849199918.jpg,done,model512-onnx,hayir,0.0,14,24,80,2,,157.1858,0.5129,0.0016,14.0888,0.1791,0.0156,14.8794,14.8795,olcum-onnx-tek-okuma-20260912-153715,10,8,model512-onnx,onnx,361731351703f4581f95871c26583eba760f08ed26493869cc864c8c57f55dbd,/models/model512_best.onnx,data/heridal/test/images,"gercek Celery kuyrugu; gorev fonksiyonu dogrudan cagrilmadi, isi calisan isci yapti (docker compose worker)",TASK_TIMING_LOG=/app/media/zamanlama.jsonl,0.05,3.13.1,8.4.144,0.12.6,2.14.0,2026-09-12 16:01:39,scripts/19_gercek_onnx_celery_sure.py --gorev-adi olcum-onnx-tek-okuma-20260912-153715 --kare-cikti reports/gercek_onnx_celery_sure_tek_okuma.csv --ozet-cikti reports/gercek_onnx_celery_sure_tek_okuma_ozet.csv
10,olcum-onnx-tek-okuma-20260912-153715,8,369,data/heridal/test/images/train_VRD_3085_JPG.rf.1d6c6e8846eb0d17d57f80cd4adfc4cf.jpg,done,model512-onnx,hayir,0.0,14,23,80,2,,164.4327,0.382,0.0016,14.346,0.1872,0.0141,14.9977,14.9978,olcum-onnx-tek-okuma-20260912-153715,10,8,model512-onnx,onnx,361731351703f4581f95871c26583eba760f08ed26493869cc864c8c57f55dbd,/models/model512_best.onnx,data/heridal/test/images,"gercek Celery kuyrugu; gorev fonksiyonu dogrudan cagrilmadi, isi calisan isci yapti (docker compose worker)",TASK_TIMING_LOG=/app/media/zamanlama.jsonl,0.05,3.13.1,8.4.144,0.12.6,2.14.0,2026-09-12 16:01:39,scripts/19_gercek_onnx_celery_sure.py --gorev-adi olcum-onnx-tek-okuma-20260912-153715 --kare-cikti reports/gercek_onnx_celery_sure_tek_okuma.csv --ozet-cikti reports/gercek_onnx_celery_sure_tek_okuma_ozet.csv
10,olcum-onnx-tek-okuma-20260912-153715,8,370,data/heridal/test/images/train_VRD_3087_JPG.rf.77189923102c093b565f5ac08703611b.jpg,done,model512-onnx,hayir,0.0,15,24,80,2,,172.0543,0.2774,0.0006,10.9567,0.1799,0.0393,11.4858,11.4859,olcum-onnx-tek-okuma-20260912-153715,10,8,model512-onnx,onnx,361731351703f4581f95871c26583eba760f08ed26493869cc864c8c57f55dbd,/models/model512_best.onnx,data/heridal/test/images,"gercek Celery kuyrugu; gorev fonksiyonu dogrudan cagrilmadi, isi calisan isci yapti (docker compose worker)",TASK_TIMING_LOG=/app/media/zamanlama.jsonl,0.05,3.13.1,8.4.144,0.12.6,2.14.0,2026-09-12 16:01:39,scripts/19_gercek_onnx_celery_sure.py --gorev-adi olcum-onnx-tek-okuma-20260912-153715 --kare-cikti reports/gercek_onnx_celery_sure_tek_okuma.csv --ozet-cikti reports/gercek_onnx_celery_sure_tek_okuma_ozet.csv
10,olcum-onnx-tek-okuma-20260912-153715,8,371,data/heridal/test/images/train_VRD_3088_JPG.rf.4a825a8a092605758bec2c83c0d3fb41.jpg,done,model512-onnx,hayir,0.0,15,23,80,4,,179.4273,0.2337,0.0004,13.2227,0.1989,0.0588,13.7496,13.7496,olcum-onnx-tek-okuma-20260912-153715,10,8,model512-onnx,onnx,361731351703f4581f95871c26583eba760f08ed26493869cc864c8c57f55dbd,/models/model512_best.onnx,data/heridal/test/images,"gercek Celery kuyrugu; gorev fonksiyonu dogrudan cagrilmadi, isi calisan isci yapti (docker compose worker)",TASK_TIMING_LOG=/app/media/zamanlama.jsonl,0.05,3.13.1,8.4.144,0.12.6,2.14.0,2026-09-12 16:01:39,scripts/19_gercek_onnx_celery_sure.py --gorev-adi olcum-onnx-tek-okuma-20260912-153715 --kare-cikti reports/gercek_onnx_celery_sure_tek_okuma.csv --ozet-cikti reports/gercek_onnx_celery_sure_tek_okuma_ozet.csv
10,olcum-onnx-tek-okuma-20260912-153715,8,372,data/heridal/test/images/train_VRD_3090_JPG.rf.aae703cf6571719c2137410a8c314c47.jpg,done,model512-onnx,hayir,0.0,16,24,80,18,,183.5651,0.2845,0.0006,13.1594,0.1587,0.0891,13.7271,13.7271,olcum-onnx-tek-okuma-20260912-153715,10,8,model512-onnx,onnx,361731351703f4581f95871c26583eba760f08ed26493869cc864c8c57f55dbd,/models/model512_best.onnx,data/heridal/test/images,"gercek Celery kuyrugu; gorev fonksiyonu dogrudan cagrilmadi, isi calisan isci yapti (docker compose worker)",TASK_TIMING_LOG=/app/media/zamanlama.jsonl,0.05,3.13.1,8.4.144,0.12.6,2.14.0,2026-09-12 16:01:39,scripts/19_gercek_onnx_celery_sure.py --gorev-adi olcum-onnx-tek-okuma-20260912-153715 --kare-cikti reports/gercek_onnx_celery_sure_tek_okuma.csv --ozet-cikti reports/gercek_onnx_celery_sure_tek_okuma_ozet.csv
10,olcum-onnx-tek-okuma-20260912-153715,8,373,data/heridal/test/images/train_VRD_3091_JPG.rf.b2431f4f88816d9458553448073861a7.jpg,done,model512-onnx,hayir,0.0,16,23,80,3,,193.2515,0.5172,0.0006,14.9119,0.2189,0.0273,15.7298,15.7298,olcum-onnx-tek-okuma-20260912-153715,10,8,model512-onnx,onnx,361731351703f4581f95871c26583eba760f08ed26493869cc864c8c57f55dbd,/models/model512_best.onnx,data/heridal/test/images,"gercek Celery kuyrugu; gorev fonksiyonu dogrudan cagrilmadi, isi calisan isci yapti (docker compose worker)",TASK_TIMING_LOG=/app/media/zamanlama.jsonl,0.05,3.13.1,8.4.144,0.12.6,2.14.0,2026-09-12 16:01:39,scripts/19_gercek_onnx_celery_sure.py --gorev-adi olcum-onnx-tek-okuma-20260912-153715 --kare-cikti reports/gercek_onnx_celery_sure_tek_okuma.csv --ozet-cikti reports/gercek_onnx_celery_sure_tek_okuma_ozet.csv
10,olcum-onnx-tek-okuma-20260912-153715,8,374,data/heridal/test/images/train_VRD_3092_JPG.rf.b9c69f37389a1473f41b1882be71f72b.jpg,done,model512-onnx,hayir,0.0,17,24,80,1,,197.4273,0.3998,0.0008,15.5252,0.1955,0.0166,16.1968,16.1968,olcum-onnx-tek-okuma-20260912-153715,10,8,model512-onnx,onnx,361731351703f4581f95871c26583eba760f08ed26493869cc864c8c57f55dbd,/models/model512_best.onnx,data/heridal/test/images,"gercek Celery kuyrugu; gorev fonksiyonu dogrudan cagrilmadi, isi calisan isci yapti (docker compose worker)",TASK_TIMING_LOG=/app/media/zamanlama.jsonl,0.05,3.13.1,8.4.144,0.12.6,2.14.0,2026-09-12 16:01:39,scripts/19_gercek_onnx_celery_sure.py --gorev-adi olcum-onnx-tek-okuma-20260912-153715 --kare-cikti reports/gercek_onnx_celery_sure_tek_okuma.csv --ozet-cikti reports/gercek_onnx_celery_sure_tek_okuma_ozet.csv
10,olcum-onnx-tek-okuma-20260912-153715,8,375,data/heridal/test/images/train_VRD_3093_JPG.rf.383fb34adf6c2d01dbf36fbeca0343fa.jpg,done,model512-onnx,hayir,0.0,17,23,80,0,,209.0129,0.4373,0.0196,13.7019,0.2286,0.0253,14.4587,14.4588,olcum-onnx-tek-okuma-20260912-153715,10,8,model512-onnx,onnx,361731351703f4581f95871c26583eba760f08ed26493869cc864c8c57f55dbd,/models/model512_best.onnx,data/heridal/test/images,"gercek Celery kuyrugu; gorev fonksiyonu dogrudan cagrilmadi, isi calisan isci yapti (docker compose worker)",TASK_TIMING_LOG=/app/media/zamanlama.jsonl,0.05,3.13.1,8.4.144,0.12.6,2.14.0,2026-09-12 16:01:39,scripts/19_gercek_onnx_celery_sure.py --gorev-adi olcum-onnx-tek-okuma-20260912-153715 --kare-cikti reports/gercek_onnx_celery_sure_tek_okuma.csv --ozet-cikti reports/gercek_onnx_celery_sure_tek_okuma_ozet.csv
10,olcum-onnx-tek-okuma-20260912-153715,8,376,data/heridal/test/images/train_VRD_3094_JPG.rf.938850bbe10ccd22c932a807a494b757.jpg,done,model512-onnx,hayir,0.0,18,24,80,1,,213.6634,0.3799,0.0011,12.0386,0.1871,0.0512,12.7043,12.7043,olcum-onnx-tek-okuma-20260912-153715,10,8,model512-onnx,onnx,361731351703f4581f95871c26583eba760f08ed26493869cc864c8c57f55dbd,/models/model512_best.onnx,data/heridal/test/images,"gercek Celery kuyrugu; gorev fonksiyonu dogrudan cagrilmadi, isi calisan isci yapti (docker compose worker)",TASK_TIMING_LOG=/app/media/zamanlama.jsonl,0.05,3.13.1,8.4.144,0.12.6,2.14.0,2026-09-12 16:01:39,scripts/19_gercek_onnx_celery_sure.py --gorev-adi olcum-onnx-tek-okuma-20260912-153715 --kare-cikti reports/gercek_onnx_celery_sure_tek_okuma.csv --ozet-cikti reports/gercek_onnx_celery_sure_tek_okuma_ozet.csv
10,olcum-onnx-tek-okuma-20260912-153715,8,377,data/heridal/test/images/train_VRD_3095_JPG.rf.5379df8b29d8fbfac17f873f76d42e3f.jpg,done,model512-onnx,hayir,0.0,18,23,80,2,,223.52,0.3443,0.0005,12.2213,0.2353,0.0406,12.8774,12.8775,olcum-onnx-tek-okuma-20260912-153715,10,8,model512-onnx,onnx,361731351703f4581f95871c26583eba760f08ed26493869cc864c8c57f55dbd,/models/model512_best.onnx,data/heridal/test/images,"gercek Celery kuyrugu; gorev fonksiyonu dogrudan cagrilmadi, isi calisan isci yapti (docker compose worker)",TASK_TIMING_LOG=/app/media/zamanlama.jsonl,0.05,3.13.1,8.4.144,0.12.6,2.14.0,2026-09-12 16:01:39,scripts/19_gercek_onnx_celery_sure.py --gorev-adi olcum-onnx-tek-okuma-20260912-153715 --kare-cikti reports/gercek_onnx_celery_sure_tek_okuma.csv --ozet-cikti reports/gercek_onnx_celery_sure_tek_okuma_ozet.csv
10,olcum-onnx-tek-okuma-20260912-153715,8,378,data/heridal/test/images/train_VRD_3096_JPG.rf.1f45f33e005fb2d99c61b67d687d00b4.jpg,done,model512-onnx,hayir,0.0,19,24,80,9,,226.385,0.2888,0.0006,12.0926,0.2048,0.0207,12.641,12.641,olcum-onnx-tek-okuma-20260912-153715,10,8,model512-onnx,onnx,361731351703f4581f95871c26583eba760f08ed26493869cc864c8c57f55dbd,/models/model512_best.onnx,data/heridal/test/images,"gercek Celery kuyrugu; gorev fonksiyonu dogrudan cagrilmadi, isi calisan isci yapti (docker compose worker)",TASK_TIMING_LOG=/app/media/zamanlama.jsonl,0.05,3.13.1,8.4.144,0.12.6,2.14.0,2026-09-12 16:01:39,scripts/19_gercek_onnx_celery_sure.py --gorev-adi olcum-onnx-tek-okuma-20260912-153715 --kare-cikti reports/gercek_onnx_celery_sure_tek_okuma.csv --ozet-cikti reports/gercek_onnx_celery_sure_tek_okuma_ozet.csv
10,olcum-onnx-tek-okuma-20260912-153715,8,379,data/heridal/test/images/train_VRD_3097_JPG.rf.f8d2643399443f294c99f42f9f55d227.jpg,done,model512-onnx,hayir,0.0,19,23,80,2,,236.4291,0.4033,0.0004,12.5168,0.1854,0.0243,13.1707,13.1707,olcum-onnx-tek-okuma-20260912-153715,10,8,model512-onnx,onnx,361731351703f4581f95871c26583eba760f08ed26493869cc864c8c57f55dbd,/models/model512_best.onnx,data/heridal/test/images,"gercek Celery kuyrugu; gorev fonksiyonu dogrudan cagrilmadi, isi calisan isci yapti (docker compose worker)",TASK_TIMING_LOG=/app/media/zamanlama.jsonl,0.05,3.13.1,8.4.144,0.12.6,2.14.0,2026-09-12 16:01:39,scripts/19_gercek_onnx_celery_sure.py --gorev-adi olcum-onnx-tek-okuma-20260912-153715 --kare-cikti reports/gercek_onnx_celery_sure_tek_okuma.csv --ozet-cikti reports/gercek_onnx_celery_sure_tek_okuma_ozet.csv
10,olcum-onnx-tek-okuma-20260912-153715,8,380,data/heridal/test/images/train_VRD_3098_JPG.rf.201ddcde3a527d59604701647772ea1c.jpg,done,model512-onnx,hayir,0.0,20,24,80,9,,239.0551,0.2829,0.0008,14.1128,0.2046,0.0451,14.6746,14.6746,olcum-onnx-tek-okuma-20260912-153715,10,8,model512-onnx,onnx,361731351703f4581f95871c26583eba760f08ed26493869cc864c8c57f55dbd,/models/model512_best.onnx,data/heridal/test/images,"gercek Celery kuyrugu; gorev fonksiyonu dogrudan cagrilmadi, isi calisan isci yapti (docker compose worker)",TASK_TIMING_LOG=/app/media/zamanlama.jsonl,0.05,3.13.1,8.4.144,0.12.6,2.14.0,2026-09-12 16:01:39,scripts/19_gercek_onnx_celery_sure.py --gorev-adi olcum-onnx-tek-okuma-20260912-153715 --kare-cikti reports/gercek_onnx_celery_sure_tek_okuma.csv --ozet-cikti reports/gercek_onnx_celery_sure_tek_okuma_ozet.csv
10,olcum-onnx-tek-okuma-20260912-153715,8,381,data/heridal/test/images/train_VRD_3100_JPG.rf.3beba408a58b03a32b6f773893e86f7f.jpg,done,model512-onnx,hayir,0.0,20,23,80,3,,249.6413,0.6045,0.0002,29.6759,0.3993,0.0244,30.7504,30.7505,olcum-onnx-tek-okuma-20260912-153715,10,8,model512-onnx,onnx,361731351703f4581f95871c26583eba760f08ed26493869cc864c8c57f55dbd,/models/model512_best.onnx,data/heridal/test/images,"gercek Celery kuyrugu; gorev fonksiyonu dogrudan cagrilmadi, isi calisan isci yapti (docker compose worker)",TASK_TIMING_LOG=/app/media/zamanlama.jsonl,0.05,3.13.1,8.4.144,0.12.6,2.14.0,2026-09-12 16:01:39,scripts/19_gercek_onnx_celery_sure.py --gorev-adi olcum-onnx-tek-okuma-20260912-153715 --kare-cikti reports/gercek_onnx_celery_sure_tek_okuma.csv --ozet-cikti reports/gercek_onnx_celery_sure_tek_okuma_ozet.csv
10,olcum-onnx-tek-okuma-20260912-153715,8,382,data/heridal/test/images/train_VRD_3101_JPG.rf.74383de3abed53d829cbba01977e0624.jpg,done,model512-onnx,hayir,0.0,21,24,80,3,,253.8585,0.3916,0.0004,27.3913,0.3541,0.0417,28.2608,28.2609,olcum-onnx-tek-okuma-20260912-153715,10,8,model512-onnx,onnx,361731351703f4581f95871c26583eba760f08ed26493869cc864c8c57f55dbd,/models/model512_best.onnx,data/heridal/test/images,"gercek Celery kuyrugu; gorev fonksiyonu dogrudan cagrilmadi, isi calisan isci yapti (docker compose worker)",TASK_TIMING_LOG=/app/media/zamanlama.jsonl,0.05,3.13.1,8.4.144,0.12.6,2.14.0,2026-09-12 16:01:39,scripts/19_gercek_onnx_celery_sure.py --gorev-adi olcum-onnx-tek-okuma-20260912-153715 --kare-cikti reports/gercek_onnx_celery_sure_tek_okuma.csv --ozet-cikti reports/gercek_onnx_celery_sure_tek_okuma_ozet.csv
10,olcum-onnx-tek-okuma-20260912-153715,8,383,data/heridal/test/images/train_VRD_3102_JPG.rf.fdc890582108469dc32b301fab81d7f9.jpg,done,model512-onnx,hayir,0.0,21,23,80,2,,280.454,0.6948,0.0061,15.2407,0.2838,0.0196,16.2985,16.2985,olcum-onnx-tek-okuma-20260912-153715,10,8,model512-onnx,onnx,361731351703f4581f95871c26583eba760f08ed26493869cc864c8c57f55dbd,/models/model512_best.onnx,data/heridal/test/images,"gercek Celery kuyrugu; gorev fonksiyonu dogrudan cagrilmadi, isi calisan isci yapti (docker compose worker)",TASK_TIMING_LOG=/app/media/zamanlama.jsonl,0.05,3.13.1,8.4.144,0.12.6,2.14.0,2026-09-12 16:01:39,scripts/19_gercek_onnx_celery_sure.py --gorev-adi olcum-onnx-tek-okuma-20260912-153715 --kare-cikti reports/gercek_onnx_celery_sure_tek_okuma.csv --ozet-cikti reports/gercek_onnx_celery_sure_tek_okuma_ozet.csv
10,olcum-onnx-tek-okuma-20260912-153715,8,384,data/heridal/test/images/train_VRD_3104_JPG.rf.8d1a883acbd3ff04e414e42d5ed8e7f2.jpg,done,model512-onnx,hayir,0.0,22,24,80,3,,282.1224,0.4889,0.0009,14.0636,0.1892,0.0091,14.8074,14.8075,olcum-onnx-tek-okuma-20260912-153715,10,8,model512-onnx,onnx,361731351703f4581f95871c26583eba760f08ed26493869cc864c8c57f55dbd,/models/model512_best.onnx,data/heridal/test/images,"gercek Celery kuyrugu; gorev fonksiyonu dogrudan cagrilmadi, isi calisan isci yapti (docker compose worker)",TASK_TIMING_LOG=/app/media/zamanlama.jsonl,0.05,3.13.1,8.4.144,0.12.6,2.14.0,2026-09-12 16:01:39,scripts/19_gercek_onnx_celery_sure.py --gorev-adi olcum-onnx-tek-okuma-20260912-153715 --kare-cikti reports/gercek_onnx_celery_sure_tek_okuma.csv --ozet-cikti reports/gercek_onnx_celery_sure_tek_okuma_ozet.csv
10,olcum-onnx-tek-okuma-20260912-153715,8,385,data/heridal/test/images/train_VRD_3105_JPG.rf.25d358957c18ee832659deb2b6c764be.jpg,done,model512-onnx,hayir,0.0,22,23,80,2,,296.7529,0.2078,0.0002,12.0253,0.1944,0.0202,12.4836,12.4837,olcum-onnx-tek-okuma-20260912-153715,10,8,model512-onnx,onnx,361731351703f4581f95871c26583eba760f08ed26493869cc864c8c57f55dbd,/models/model512_best.onnx,data/heridal/test/images,"gercek Celery kuyrugu; gorev fonksiyonu dogrudan cagrilmadi, isi calisan isci yapti (docker compose worker)",TASK_TIMING_LOG=/app/media/zamanlama.jsonl,0.05,3.13.1,8.4.144,0.12.6,2.14.0,2026-09-12 16:01:39,scripts/19_gercek_onnx_celery_sure.py --gorev-adi olcum-onnx-tek-okuma-20260912-153715 --kare-cikti reports/gercek_onnx_celery_sure_tek_okuma.csv --ozet-cikti reports/gercek_onnx_celery_sure_tek_okuma_ozet.csv
10,olcum-onnx-tek-okuma-20260912-153715,8,386,data/heridal/test/images/train_VRD_3106_JPG.rf.3557705df7876ea896169f4322207bf5.jpg,done,model512-onnx,hayir,0.0,23,24,80,2,,296.9093,0.2194,0.0004,12.2647,0.2238,0.013,12.7397,12.7397,olcum-onnx-tek-okuma-20260912-153715,10,8,model512-onnx,onnx,361731351703f4581f95871c26583eba760f08ed26493869cc864c8c57f55dbd,/models/model512_best.onnx,data/heridal/test/images,"gercek Celery kuyrugu; gorev fonksiyonu dogrudan cagrilmadi, isi calisan isci yapti (docker compose worker)",TASK_TIMING_LOG=/app/media/zamanlama.jsonl,0.05,3.13.1,8.4.144,0.12.6,2.14.0,2026-09-12 16:01:39,scripts/19_gercek_onnx_celery_sure.py --gorev-adi olcum-onnx-tek-okuma-20260912-153715 --kare-cikti reports/gercek_onnx_celery_sure_tek_okuma.csv --ozet-cikti reports/gercek_onnx_celery_sure_tek_okuma_ozet.csv
10,olcum-onnx-tek-okuma-20260912-153715,8,387,data/heridal/test/images/train_VRD_3107_JPG.rf.578be187d472128edc05c898ca288a66.jpg,done,model512-onnx,hayir,0.0,23,23,80,1,,309.2711,0.2485,0.0004,12.8971,0.2157,0.0172,13.4139,13.4139,olcum-onnx-tek-okuma-20260912-153715,10,8,model512-onnx,onnx,361731351703f4581f95871c26583eba760f08ed26493869cc864c8c57f55dbd,/models/model512_best.onnx,data/heridal/test/images,"gercek Celery kuyrugu; gorev fonksiyonu dogrudan cagrilmadi, isi calisan isci yapti (docker compose worker)",TASK_TIMING_LOG=/app/media/zamanlama.jsonl,0.05,3.13.1,8.4.144,0.12.6,2.14.0,2026-09-12 16:01:39,scripts/19_gercek_onnx_celery_sure.py --gorev-adi olcum-onnx-tek-okuma-20260912-153715 --kare-cikti reports/gercek_onnx_celery_sure_tek_okuma.csv --ozet-cikti reports/gercek_onnx_celery_sure_tek_okuma_ozet.csv
10,olcum-onnx-tek-okuma-20260912-153715,8,388,data/heridal/test/images/train_VRD_3108_JPG.rf.821b5a74688d867642805bc9851a71cb.jpg,done,model512-onnx,hayir,0.0,24,24,80,5,,309.699,0.2715,0.0006,11.3827,0.1737,0.0097,11.8717,11.8717,olcum-onnx-tek-okuma-20260912-153715,10,8,model512-onnx,onnx,361731351703f4581f95871c26583eba760f08ed26493869cc864c8c57f55dbd,/models/model512_best.onnx,data/heridal/test/images,"gercek Celery kuyrugu; gorev fonksiyonu dogrudan cagrilmadi, isi calisan isci yapti (docker compose worker)",TASK_TIMING_LOG=/app/media/zamanlama.jsonl,0.05,3.13.1,8.4.144,0.12.6,2.14.0,2026-09-12 16:01:39,scripts/19_gercek_onnx_celery_sure.py --gorev-adi olcum-onnx-tek-okuma-20260912-153715 --kare-cikti reports/gercek_onnx_celery_sure_tek_okuma.csv --ozet-cikti reports/gercek_onnx_celery_sure_tek_okuma_ozet.csv
10,olcum-onnx-tek-okuma-20260912-153715,8,389,data/heridal/test/images/train_VRD_3109_JPG.rf.5fa41bdd3ec5cfe65c07425e947c2e94.jpg,done,model512-onnx,hayir,0.0,25,24,80,2,,321.593,0.1502,0.0006,10.6942,0.1396,0.0184,11.0289,11.0289,olcum-onnx-tek-okuma-20260912-153715,10,8,model512-onnx,onnx,361731351703f4581f95871c26583eba760f08ed26493869cc864c8c57f55dbd,/models/model512_best.onnx,data/heridal/test/images,"gercek Celery kuyrugu; gorev fonksiyonu dogrudan cagrilmadi, isi calisan isci yapti (docker compose worker)",TASK_TIMING_LOG=/app/media/zamanlama.jsonl,0.05,3.13.1,8.4.144,0.12.6,2.14.0,2026-09-12 16:01:39,scripts/19_gercek_onnx_celery_sure.py --gorev-adi olcum-onnx-tek-okuma-20260912-153715 --kare-cikti reports/gercek_onnx_celery_sure_tek_okuma.csv --ozet-cikti reports/gercek_onnx_celery_sure_tek_okuma_ozet.csv
10,olcum-onnx-tek-okuma-20260912-153715,8,390,data/heridal/test/images/train_VRD_3110_JPG.rf.17ea2b0db2c816522d5e132834e1645d.jpg,done,model512-onnx,hayir,0.0,24,23,80,4,,322.7062,0.3179,0.0004,12.2865,0.184,0.0095,12.8391,12.8392,olcum-onnx-tek-okuma-20260912-153715,10,8,model512-onnx,onnx,361731351703f4581f95871c26583eba760f08ed26493869cc864c8c57f55dbd,/models/model512_best.onnx,data/heridal/test/images,"gercek Celery kuyrugu; gorev fonksiyonu dogrudan cagrilmadi, isi calisan isci yapti (docker compose worker)",TASK_TIMING_LOG=/app/media/zamanlama.jsonl,0.05,3.13.1,8.4.144,0.12.6,2.14.0,2026-09-12 16:01:39,scripts/19_gercek_onnx_celery_sure.py --gorev-adi olcum-onnx-tek-okuma-20260912-153715 --kare-cikti reports/gercek_onnx_celery_sure_tek_okuma.csv --ozet-cikti reports/gercek_onnx_celery_sure_tek_okuma_ozet.csv
10,olcum-onnx-tek-okuma-20260912-153715,8,391,data/heridal/test/images/train_VRD_3111_JPG.rf.62ad8acc511c6bcc7e49b4b471a18703.jpg,done,model512-onnx,hayir,0.0,26,24,80,7,,332.6448,0.3106,0.0005,11.6816,0.1861,0.0151,12.2219,12.2219,olcum-onnx-tek-okuma-20260912-153715,10,8,model512-onnx,onnx,361731351703f4581f95871c26583eba760f08ed26493869cc864c8c57f55dbd,/models/model512_best.onnx,data/heridal/test/images,"gercek Celery kuyrugu; gorev fonksiyonu dogrudan cagrilmadi, isi calisan isci yapti (docker compose worker)",TASK_TIMING_LOG=/app/media/zamanlama.jsonl,0.05,3.13.1,8.4.144,0.12.6,2.14.0,2026-09-12 16:01:39,scripts/19_gercek_onnx_celery_sure.py --gorev-adi olcum-onnx-tek-okuma-20260912-153715 --kare-cikti reports/gercek_onnx_celery_sure_tek_okuma.csv --ozet-cikti reports/gercek_onnx_celery_sure_tek_okuma_ozet.csv
10,olcum-onnx-tek-okuma-20260912-153715,8,392,data/heridal/test/images/train_VRD_3112_JPG.rf.42608d3ed20187f499e1e1dfe8a5e719.jpg,done,model512-onnx,hayir,0.0,25,23,80,1,,335.5769,0.272,0.0003,11.2086,0.1733,0.0129,11.7077,11.7078,olcum-onnx-tek-okuma-20260912-153715,10,8,model512-onnx,onnx,361731351703f4581f95871c26583eba760f08ed26493869cc864c8c57f55dbd,/models/model512_best.onnx,data/heridal/test/images,"gercek Celery kuyrugu; gorev fonksiyonu dogrudan cagrilmadi, isi calisan isci yapti (docker compose worker)",TASK_TIMING_LOG=/app/media/zamanlama.jsonl,0.05,3.13.1,8.4.144,0.12.6,2.14.0,2026-09-12 16:01:39,scripts/19_gercek_onnx_celery_sure.py --gorev-adi olcum-onnx-tek-okuma-20260912-153715 --kare-cikti reports/gercek_onnx_celery_sure_tek_okuma.csv --ozet-cikti reports/gercek_onnx_celery_sure_tek_okuma_ozet.csv
10,olcum-onnx-tek-okuma-20260912-153715,8,393,data/heridal/test/images/train_VRD_3113_JPG.rf.14a826ead55e54f9d92a9bbae797e9eb.jpg,done,model512-onnx,hayir,0.0,27,24,80,2,,344.8827,0.3089,0.0005,13.0146,0.2053,0.0228,13.5909,13.591,olcum-onnx-tek-okuma-20260912-153715,10,8,model512-onnx,onnx,361731351703f4581f95871c26583eba760f08ed26493869cc864c8c57f55dbd,/models/model512_best.onnx,data/heridal/test/images,"gercek Celery kuyrugu; gorev fonksiyonu dogrudan cagrilmadi, isi calisan isci yapti (docker compose worker)",TASK_TIMING_LOG=/app/media/zamanlama.jsonl,0.05,3.13.1,8.4.144,0.12.6,2.14.0,2026-09-12 16:01:39,scripts/19_gercek_onnx_celery_sure.py --gorev-adi olcum-onnx-tek-okuma-20260912-153715 --kare-cikti reports/gercek_onnx_celery_sure_tek_okuma.csv --ozet-cikti reports/gercek_onnx_celery_sure_tek_okuma_ozet.csv
10,olcum-onnx-tek-okuma-20260912-153715,8,394,data/heridal/test/images/train_VRD_3114_JPG.rf.9a147f84039ceca3b663a3920ddea0cf.jpg,done,model512-onnx,hayir,0.0,26,23,80,0,,347.3147,0.3188,0.0004,12.1144,0.1922,0.0187,12.6887,12.6888,olcum-onnx-tek-okuma-20260912-153715,10,8,model512-onnx,onnx,361731351703f4581f95871c26583eba760f08ed26493869cc864c8c57f55dbd,/models/model512_best.onnx,data/heridal/test/images,"gercek Celery kuyrugu; gorev fonksiyonu dogrudan cagrilmadi, isi calisan isci yapti (docker compose worker)",TASK_TIMING_LOG=/app/media/zamanlama.jsonl,0.05,3.13.1,8.4.144,0.12.6,2.14.0,2026-09-12 16:01:39,scripts/19_gercek_onnx_celery_sure.py --gorev-adi olcum-onnx-tek-okuma-20260912-153715 --kare-cikti reports/gercek_onnx_celery_sure_tek_okuma.csv --ozet-cikti reports/gercek_onnx_celery_sure_tek_okuma_ozet.csv
10,olcum-onnx-tek-okuma-20260912-153715,8,395,data/heridal/test/images/train_VRD_3115_JPG.rf.531055216bbe5043677536f9eadf160a.jpg,done,model512-onnx,hayir,0.0,28,24,80,2,,358.4998,0.3222,0.0009,15.377,0.2415,0.0314,16.0092,16.0092,olcum-onnx-tek-okuma-20260912-153715,10,8,model512-onnx,onnx,361731351703f4581f95871c26583eba760f08ed26493869cc864c8c57f55dbd,/models/model512_best.onnx,data/heridal/test/images,"gercek Celery kuyrugu; gorev fonksiyonu dogrudan cagrilmadi, isi calisan isci yapti (docker compose worker)",TASK_TIMING_LOG=/app/media/zamanlama.jsonl,0.05,3.13.1,8.4.144,0.12.6,2.14.0,2026-09-12 16:01:39,scripts/19_gercek_onnx_celery_sure.py --gorev-adi olcum-onnx-tek-okuma-20260912-153715 --kare-cikti reports/gercek_onnx_celery_sure_tek_okuma.csv --ozet-cikti reports/gercek_onnx_celery_sure_tek_okuma_ozet.csv
10,olcum-onnx-tek-okuma-20260912-153715,8,396,data/heridal/test/images/train_VRD_3116_JPG.rf.32f5e658d3e3e927950ac4fd51d47684.jpg,done,model512-onnx,hayir,0.0,27,23,80,2,,360.0398,0.2981,0.0007,13.9562,0.1786,0.0154,14.4877,14.4878,olcum-onnx-tek-okuma-20260912-153715,10,8,model512-onnx,onnx,361731351703f4581f95871c26583eba760f08ed26493869cc864c8c57f55dbd,/models/model512_best.onnx,data/heridal/test/images,"gercek Celery kuyrugu; gorev fonksiyonu dogrudan cagrilmadi, isi calisan isci yapti (docker compose worker)",TASK_TIMING_LOG=/app/media/zamanlama.jsonl,0.05,3.13.1,8.4.144,0.12.6,2.14.0,2026-09-12 16:01:39,scripts/19_gercek_onnx_celery_sure.py --gorev-adi olcum-onnx-tek-okuma-20260912-153715 --kare-cikti reports/gercek_onnx_celery_sure_tek_okuma.csv --ozet-cikti reports/gercek_onnx_celery_sure_tek_okuma_ozet.csv
10,olcum-onnx-tek-okuma-20260912-153715,8,397,data/heridal/test/images/train_VRD_3117_JPG.rf.8ab5844cce96fa9c14d6df69b76ccd99.jpg,done,model512-onnx,hayir,0.0,29,24,80,1,,374.5354,0.1504,0.0004,19.1788,0.2483,0.0111,19.6109,19.611,olcum-onnx-tek-okuma-20260912-153715,10,8,model512-onnx,onnx,361731351703f4581f95871c26583eba760f08ed26493869cc864c8c57f55dbd,/models/model512_best.onnx,data/heridal/test/images,"gercek Celery kuyrugu; gorev fonksiyonu dogrudan cagrilmadi, isi calisan isci yapti (docker compose worker)",TASK_TIMING_LOG=/app/media/zamanlama.jsonl,0.05,3.13.1,8.4.144,0.12.6,2.14.0,2026-09-12 16:01:39,scripts/19_gercek_onnx_celery_sure.py --gorev-adi olcum-onnx-tek-okuma-20260912-153715 --kare-cikti reports/gercek_onnx_celery_sure_tek_okuma.csv --ozet-cikti reports/gercek_onnx_celery_sure_tek_okuma_ozet.csv
10,olcum-onnx-tek-okuma-20260912-153715,8,398,data/heridal/test/images/train_VRD_3118_JPG.rf.42c87f17626f4343222624a0dd95b3b2.jpg,done,model512-onnx,hayir,0.0,28,23,80,2,,374.5337,0.1753,0.0004,18.6181,0.2492,0.0745,19.1351,19.1352,olcum-onnx-tek-okuma-20260912-153715,10,8,model512-onnx,onnx,361731351703f4581f95871c26583eba760f08ed26493869cc864c8c57f55dbd,/models/model512_best.onnx,data/heridal/test/images,"gercek Celery kuyrugu; gorev fonksiyonu dogrudan cagrilmadi, isi calisan isci yapti (docker compose worker)",TASK_TIMING_LOG=/app/media/zamanlama.jsonl,0.05,3.13.1,8.4.144,0.12.6,2.14.0,2026-09-12 16:01:39,scripts/19_gercek_onnx_celery_sure.py --gorev-adi olcum-onnx-tek-okuma-20260912-153715 --kare-cikti reports/gercek_onnx_celery_sure_tek_okuma.csv --ozet-cikti reports/gercek_onnx_celery_sure_tek_okuma_ozet.csv
10,olcum-onnx-tek-okuma-20260912-153715,8,399,data/heridal/test/images/train_VRD_3119_JPG.rf.eee2ed354418a8bb7f151005a387e891.jpg,done,model512-onnx,hayir,0.0,29,23,80,1,,393.72,0.4211,0.0007,11.0111,0.1641,0.0229,11.6711,11.6711,olcum-onnx-tek-okuma-20260912-153715,10,8,model512-onnx,onnx,361731351703f4581f95871c26583eba760f08ed26493869cc864c8c57f55dbd,/models/model512_best.onnx,data/heridal/test/images,"gercek Celery kuyrugu; gorev fonksiyonu dogrudan cagrilmadi, isi calisan isci yapti (docker compose worker)",TASK_TIMING_LOG=/app/media/zamanlama.jsonl,0.05,3.13.1,8.4.144,0.12.6,2.14.0,2026-09-12 16:01:39,scripts/19_gercek_onnx_celery_sure.py --gorev-adi olcum-onnx-tek-okuma-20260912-153715 --kare-cikti reports/gercek_onnx_celery_sure_tek_okuma.csv --ozet-cikti reports/gercek_onnx_celery_sure_tek_okuma_ozet.csv
10,olcum-onnx-tek-okuma-20260912-153715,8,400,data/heridal/test/images/train_VRD_3120_JPG.rf.d5adf526c352ee6ddfedebda9f1cf247.jpg,done,model512-onnx,hayir,0.0,30,24,80,2,,394.1547,0.2929,0.0005,12.1455,0.2142,0.0182,12.6899,12.6899,olcum-onnx-tek-okuma-20260912-153715,10,8,model512-onnx,onnx,361731351703f4581f95871c26583eba760f08ed26493869cc864c8c57f55dbd,/models/model512_best.onnx,data/heridal/test/images,"gercek Celery kuyrugu; gorev fonksiyonu dogrudan cagrilmadi, isi calisan isci yapti (docker compose worker)",TASK_TIMING_LOG=/app/media/zamanlama.jsonl,0.05,3.13.1,8.4.144,0.12.6,2.14.0,2026-09-12 16:01:39,scripts/19_gercek_onnx_celery_sure.py --gorev-adi olcum-onnx-tek-okuma-20260912-153715 --kare-cikti reports/gercek_onnx_celery_sure_tek_okuma.csv --ozet-cikti reports/gercek_onnx_celery_sure_tek_okuma_ozet.csv
10,olcum-onnx-tek-okuma-20260912-153715,8,401,data/heridal/test/images/train_VRD_3121_JPG.rf.65694b92ef13c10b2ce4c5ff056df074.jpg,done,model512-onnx,hayir,0.0,30,23,80,4,,405.4143,0.2966,0.0003,12.0711,0.2321,0.033,12.6718,12.6719,olcum-onnx-tek-okuma-20260912-153715,10,8,model512-onnx,onnx,361731351703f4581f95871c26583eba760f08ed26493869cc864c8c57f55dbd,/models/model512_best.onnx,data/heridal/test/images,"gercek Celery kuyrugu; gorev fonksiyonu dogrudan cagrilmadi, isi calisan isci yapti (docker compose worker)",TASK_TIMING_LOG=/app/media/zamanlama.jsonl,0.05,3.13.1,8.4.144,0.12.6,2.14.0,2026-09-12 16:01:39,scripts/19_gercek_onnx_celery_sure.py --gorev-adi olcum-onnx-tek-okuma-20260912-153715 --kare-cikti reports/gercek_onnx_celery_sure_tek_okuma.csv --ozet-cikti reports/gercek_onnx_celery_sure_tek_okuma_ozet.csv
10,olcum-onnx-tek-okuma-20260912-153715,8,402,data/heridal/test/images/train_VRD_3122_JPG.rf.b5686dc29c278d051a3a1727a8e99068.jpg,done,model512-onnx,hayir,0.0,31,24,80,3,,406.8923,0.4084,0.0005,12.1993,0.1843,0.0183,12.8498,12.8498,olcum-onnx-tek-okuma-20260912-153715,10,8,model512-onnx,onnx,361731351703f4581f95871c26583eba760f08ed26493869cc864c8c57f55dbd,/models/model512_best.onnx,data/heridal/test/images,"gercek Celery kuyrugu; gorev fonksiyonu dogrudan cagrilmadi, isi calisan isci yapti (docker compose worker)",TASK_TIMING_LOG=/app/media/zamanlama.jsonl,0.05,3.13.1,8.4.144,0.12.6,2.14.0,2026-09-12 16:01:39,scripts/19_gercek_onnx_celery_sure.py --gorev-adi olcum-onnx-tek-okuma-20260912-153715 --kare-cikti reports/gercek_onnx_celery_sure_tek_okuma.csv --ozet-cikti reports/gercek_onnx_celery_sure_tek_okuma_ozet.csv
10,olcum-onnx-tek-okuma-20260912-153715,8,403,data/heridal/test/images/train_VRD_3123_JPG.rf.4ccc6225d48c3b146931cc32b4f55999.jpg,done,model512-onnx,hayir,0.0,31,23,80,2,,418.1262,0.2878,0.0004,11.9482,0.2086,0.022,12.5018,12.5019,olcum-onnx-tek-okuma-20260912-153715,10,8,model512-onnx,onnx,361731351703f4581f95871c26583eba760f08ed26493869cc864c8c57f55dbd,/models/model512_best.onnx,data/heridal/test/images,"gercek Celery kuyrugu; gorev fonksiyonu dogrudan cagrilmadi, isi calisan isci yapti (docker compose worker)",TASK_TIMING_LOG=/app/media/zamanlama.jsonl,0.05,3.13.1,8.4.144,0.12.6,2.14.0,2026-09-12 16:01:39,scripts/19_gercek_onnx_celery_sure.py --gorev-adi olcum-onnx-tek-okuma-20260912-153715 --kare-cikti reports/gercek_onnx_celery_sure_tek_okuma.csv --ozet-cikti reports/gercek_onnx_celery_sure_tek_okuma_ozet.csv
10,olcum-onnx-tek-okuma-20260912-153715,8,404,data/heridal/test/images/train_VRD_3124_JPG.rf.fab52f2a7b7199c993c908c5ecdca8df.jpg,done,model512-onnx,hayir,0.0,32,24,80,3,,419.7682,0.3127,0.0005,12.5496,0.1981,0.0162,13.1148,13.1149,olcum-onnx-tek-okuma-20260912-153715,10,8,model512-onnx,onnx,361731351703f4581f95871c26583eba760f08ed26493869cc864c8c57f55dbd,/models/model512_best.onnx,data/heridal/test/images,"gercek Celery kuyrugu; gorev fonksiyonu dogrudan cagrilmadi, isi calisan isci yapti (docker compose worker)",TASK_TIMING_LOG=/app/media/zamanlama.jsonl,0.05,3.13.1,8.4.144,0.12.6,2.14.0,2026-09-12 16:01:39,scripts/19_gercek_onnx_celery_sure.py --gorev-adi olcum-onnx-tek-okuma-20260912-153715 --kare-cikti reports/gercek_onnx_celery_sure_tek_okuma.csv --ozet-cikti reports/gercek_onnx_celery_sure_tek_okuma_ozet.csv
10,olcum-onnx-tek-okuma-20260912-153715,8,405,data/heridal/test/images/train_VRD_3125_JPG.rf.a7ce79e6a4ff9022cc776fa640648536.jpg,done,model512-onnx,hayir,0.0,32,23,80,1,,430.659,0.3192,0.0005,19.2677,0.2861,0.0456,19.9536,19.9536,olcum-onnx-tek-okuma-20260912-153715,10,8,model512-onnx,onnx,361731351703f4581f95871c26583eba760f08ed26493869cc864c8c57f55dbd,/models/model512_best.onnx,data/heridal/test/images,"gercek Celery kuyrugu; gorev fonksiyonu dogrudan cagrilmadi, isi calisan isci yapti (docker compose worker)",TASK_TIMING_LOG=/app/media/zamanlama.jsonl,0.05,3.13.1,8.4.144,0.12.6,2.14.0,2026-09-12 16:01:39,scripts/19_gercek_onnx_celery_sure.py --gorev-adi olcum-onnx-tek-okuma-20260912-153715 --kare-cikti reports/gercek_onnx_celery_sure_tek_okuma.csv --ozet-cikti reports/gercek_onnx_celery_sure_tek_okuma_ozet.csv
10,olcum-onnx-tek-okuma-20260912-153715,8,406,data/heridal/test/images/train_VRD_3126_JPG.rf.2a7cd9a05e38b616271f23bfc5fc0957.jpg,done,model512-onnx,hayir,0.0,33,24,80,0,,432.8821,0.2018,0.0011,18.5487,0.231,0.0292,19.029,19.029,olcum-onnx-tek-okuma-20260912-153715,10,8,model512-onnx,onnx,361731351703f4581f95871c26583eba760f08ed26493869cc864c8c57f55dbd,/models/model512_best.onnx,data/heridal/test/images,"gercek Celery kuyrugu; gorev fonksiyonu dogrudan cagrilmadi, isi calisan isci yapti (docker compose worker)",TASK_TIMING_LOG=/app/media/zamanlama.jsonl,0.05,3.13.1,8.4.144,0.12.6,2.14.0,2026-09-12 16:01:39,scripts/19_gercek_onnx_celery_sure.py --gorev-adi olcum-onnx-tek-okuma-20260912-153715 --kare-cikti reports/gercek_onnx_celery_sure_tek_okuma.csv --ozet-cikti reports/gercek_onnx_celery_sure_tek_okuma_ozet.csv
10,olcum-onnx-tek-okuma-20260912-153715,8,407,data/heridal/test/images/train_VRD_3127_JPG.rf.1bf22bcf6cef39b471447bbde44b75f4.jpg,done,model512-onnx,hayir,0.0,33,23,80,1,,450.6789,0.364,0.0004,27.0171,0.3836,0.0299,27.8502,27.8502,olcum-onnx-tek-okuma-20260912-153715,10,8,model512-onnx,onnx,361731351703f4581f95871c26583eba760f08ed26493869cc864c8c57f55dbd,/models/model512_best.onnx,data/heridal/test/images,"gercek Celery kuyrugu; gorev fonksiyonu dogrudan cagrilmadi, isi calisan isci yapti (docker compose worker)",TASK_TIMING_LOG=/app/media/zamanlama.jsonl,0.05,3.13.1,8.4.144,0.12.6,2.14.0,2026-09-12 16:01:39,scripts/19_gercek_onnx_celery_sure.py --gorev-adi olcum-onnx-tek-okuma-20260912-153715 --kare-cikti reports/gercek_onnx_celery_sure_tek_okuma.csv --ozet-cikti reports/gercek_onnx_celery_sure_tek_okuma_ozet.csv
10,olcum-onnx-tek-okuma-20260912-153715,8,408,data/heridal/test/images/train_VRD_3128_JPG.rf.abc33b9608b2f63f3c997ffeee124a97.jpg,done,model512-onnx,hayir,0.0,34,24,80,1,,451.9924,0.3897,0.0005,26.6611,0.2997,0.0149,27.4225,27.4225,olcum-onnx-tek-okuma-20260912-153715,10,8,model512-onnx,onnx,361731351703f4581f95871c26583eba760f08ed26493869cc864c8c57f55dbd,/models/model512_best.onnx,data/heridal/test/images,"gercek Celery kuyrugu; gorev fonksiyonu dogrudan cagrilmadi, isi calisan isci yapti (docker compose worker)",TASK_TIMING_LOG=/app/media/zamanlama.jsonl,0.05,3.13.1,8.4.144,0.12.6,2.14.0,2026-09-12 16:01:39,scripts/19_gercek_onnx_celery_sure.py --gorev-adi olcum-onnx-tek-okuma-20260912-153715 --kare-cikti reports/gercek_onnx_celery_sure_tek_okuma.csv --ozet-cikti reports/gercek_onnx_celery_sure_tek_okuma_ozet.csv
10,olcum-onnx-tek-okuma-20260912-153715,8,409,data/heridal/test/images/train_VRD_3129_JPG.rf.6ed4c82bd06dac4bc09b53d4eb550dd4.jpg,done,model512-onnx,hayir,0.0,34,23,80,2,,478.6554,0.3921,0.0003,29.1707,0.3264,0.0161,29.9634,29.9634,olcum-onnx-tek-okuma-20260912-153715,10,8,model512-onnx,onnx,361731351703f4581f95871c26583eba760f08ed26493869cc864c8c57f55dbd,/models/model512_best.onnx,data/heridal/test/images,"gercek Celery kuyrugu; gorev fonksiyonu dogrudan cagrilmadi, isi calisan isci yapti (docker compose worker)",TASK_TIMING_LOG=/app/media/zamanlama.jsonl,0.05,3.13.1,8.4.144,0.12.6,2.14.0,2026-09-12 16:01:39,scripts/19_gercek_onnx_celery_sure.py --gorev-adi olcum-onnx-tek-okuma-20260912-153715 --kare-cikti reports/gercek_onnx_celery_sure_tek_okuma.csv --ozet-cikti reports/gercek_onnx_celery_sure_tek_okuma_ozet.csv
10,olcum-onnx-tek-okuma-20260912-153715,8,410,data/heridal/test/images/train_VRD_3130_JPG.rf.fbf87c5c525bc90780bad0393a6f659b.jpg,done,model512-onnx,hayir,0.0,35,24,80,5,,479.4784,0.3649,0.0006,28.0748,0.3113,0.0364,28.8807,28.8808,olcum-onnx-tek-okuma-20260912-153715,10,8,model512-onnx,onnx,361731351703f4581f95871c26583eba760f08ed26493869cc864c8c57f55dbd,/models/model512_best.onnx,data/heridal/test/images,"gercek Celery kuyrugu; gorev fonksiyonu dogrudan cagrilmadi, isi calisan isci yapti (docker compose worker)",TASK_TIMING_LOG=/app/media/zamanlama.jsonl,0.05,3.13.1,8.4.144,0.12.6,2.14.0,2026-09-12 16:01:39,scripts/19_gercek_onnx_celery_sure.py --gorev-adi olcum-onnx-tek-okuma-20260912-153715 --kare-cikti reports/gercek_onnx_celery_sure_tek_okuma.csv --ozet-cikti reports/gercek_onnx_celery_sure_tek_okuma_ozet.csv
10,olcum-onnx-tek-okuma-20260912-153715,8,411,data/heridal/test/images/train_VRD_3131_JPG.rf.d3a5ac84f7a36ebe7329740f0f4a05d8.jpg,done,model512-onnx,hayir,0.0,36,24,80,2,,508.4061,0.2428,0.0004,27.4446,0.3266,0.0366,28.0981,28.0982,olcum-onnx-tek-okuma-20260912-153715,10,8,model512-onnx,onnx,361731351703f4581f95871c26583eba760f08ed26493869cc864c8c57f55dbd,/models/model512_best.onnx,data/heridal/test/images,"gercek Celery kuyrugu; gorev fonksiyonu dogrudan cagrilmadi, isi calisan isci yapti (docker compose worker)",TASK_TIMING_LOG=/app/media/zamanlama.jsonl,0.05,3.13.1,8.4.144,0.12.6,2.14.0,2026-09-12 16:01:39,scripts/19_gercek_onnx_celery_sure.py --gorev-adi olcum-onnx-tek-okuma-20260912-153715 --kare-cikti reports/gercek_onnx_celery_sure_tek_okuma.csv --ozet-cikti reports/gercek_onnx_celery_sure_tek_okuma_ozet.csv
10,olcum-onnx-tek-okuma-20260912-153715,8,412,data/heridal/test/images/train_VRD_3132_JPG.rf.4374019de6c5b2d9ec5996a99fe6bfe6.jpg,done,model512-onnx,hayir,0.0,35,23,80,4,,508.6194,0.2276,0.0002,26.2134,0.2589,0.0636,26.7828,26.7829,olcum-onnx-tek-okuma-20260912-153715,10,8,model512-onnx,onnx,361731351703f4581f95871c26583eba760f08ed26493869cc864c8c57f55dbd,/models/model512_best.onnx,data/heridal/test/images,"gercek Celery kuyrugu; gorev fonksiyonu dogrudan cagrilmadi, isi calisan isci yapti (docker compose worker)",TASK_TIMING_LOG=/app/media/zamanlama.jsonl,0.05,3.13.1,8.4.144,0.12.6,2.14.0,2026-09-12 16:01:39,scripts/19_gercek_onnx_celery_sure.py --gorev-adi olcum-onnx-tek-okuma-20260912-153715 --kare-cikti reports/gercek_onnx_celery_sure_tek_okuma.csv --ozet-cikti reports/gercek_onnx_celery_sure_tek_okuma_ozet.csv
10,olcum-onnx-tek-okuma-20260912-153715,8,413,data/heridal/test/images/train_ZRI_2003_JPG.rf.cdcf53b6f852c3d1bafc5636fd07b47b.jpg,done,model512-onnx,hayir,0.0,36,23,80,5,,535.4636,0.303,0.0002,26.2827,0.2505,0.0265,26.9241,26.9242,olcum-onnx-tek-okuma-20260912-153715,10,8,model512-onnx,onnx,361731351703f4581f95871c26583eba760f08ed26493869cc864c8c57f55dbd,/models/model512_best.onnx,data/heridal/test/images,"gercek Celery kuyrugu; gorev fonksiyonu dogrudan cagrilmadi, isi calisan isci yapti (docker compose worker)",TASK_TIMING_LOG=/app/media/zamanlama.jsonl,0.05,3.13.1,8.4.144,0.12.6,2.14.0,2026-09-12 16:01:39,scripts/19_gercek_onnx_celery_sure.py --gorev-adi olcum-onnx-tek-okuma-20260912-153715 --kare-cikti reports/gercek_onnx_celery_sure_tek_okuma.csv --ozet-cikti reports/gercek_onnx_celery_sure_tek_okuma_ozet.csv
10,olcum-onnx-tek-okuma-20260912-153715,8,414,data/heridal/test/images/train_ZRI_2004_JPG.rf.17ecf67abf998d9163d76ea212cee0d6.jpg,done,model512-onnx,hayir,0.0,37,24,80,11,,536.6208,0.283,0.0005,25.5097,0.2526,0.0243,26.1664,26.1664,olcum-onnx-tek-okuma-20260912-153715,10,8,model512-onnx,onnx,361731351703f4581f95871c26583eba760f08ed26493869cc864c8c57f55dbd,/models/model512_best.onnx,data/heridal/test/images,"gercek Celery kuyrugu; gorev fonksiyonu dogrudan cagrilmadi, isi calisan isci yapti (docker compose worker)",TASK_TIMING_LOG=/app/media/zamanlama.jsonl,0.05,3.13.1,8.4.144,0.12.6,2.14.0,2026-09-12 16:01:39,scripts/19_gercek_onnx_celery_sure.py --gorev-adi olcum-onnx-tek-okuma-20260912-153715 --kare-cikti reports/gercek_onnx_celery_sure_tek_okuma.csv --ozet-cikti reports/gercek_onnx_celery_sure_tek_okuma_ozet.csv
10,olcum-onnx-tek-okuma-20260912-153715,8,415,data/heridal/test/images/train_ZRI_2005_JPG.rf.d8ed37aeb06c21e824399fda50263493.jpg,done,model512-onnx,hayir,0.0,37,23,80,14,,562.4239,0.2929,0.0003,25.2124,0.3009,0.0296,25.8938,25.9009,olcum-onnx-tek-okuma-20260912-153715,10,8,model512-onnx,onnx,361731351703f4581f95871c26583eba760f08ed26493869cc864c8c57f55dbd,/models/model512_best.onnx,data/heridal/test/images,"gercek Celery kuyrugu; gorev fonksiyonu dogrudan cagrilmadi, isi calisan isci yapti (docker compose worker)",TASK_TIMING_LOG=/app/media/zamanlama.jsonl,0.05,3.13.1,8.4.144,0.12.6,2.14.0,2026-09-12 16:01:39,scripts/19_gercek_onnx_celery_sure.py --gorev-adi olcum-onnx-tek-okuma-20260912-153715 --kare-cikti reports/gercek_onnx_celery_sure_tek_okuma.csv --ozet-cikti reports/gercek_onnx_celery_sure_tek_okuma_ozet.csv
10,olcum-onnx-tek-okuma-20260912-153715,8,416,data/heridal/test/images/train_ZRI_2006_JPG.rf.d72e1e0ec64a7291daa8ebc254d5d13d.jpg,done,model512-onnx,hayir,0.0,38,24,80,21,,562.7648,0.2948,0.0004,25.7372,0.2333,0.0363,26.3518,26.3518,olcum-onnx-tek-okuma-20260912-153715,10,8,model512-onnx,onnx,361731351703f4581f95871c26583eba760f08ed26493869cc864c8c57f55dbd,/models/model512_best.onnx,data/heridal/test/images,"gercek Celery kuyrugu; gorev fonksiyonu dogrudan cagrilmadi, isi calisan isci yapti (docker compose worker)",TASK_TIMING_LOG=/app/media/zamanlama.jsonl,0.05,3.13.1,8.4.144,0.12.6,2.14.0,2026-09-12 16:01:39,scripts/19_gercek_onnx_celery_sure.py --gorev-adi olcum-onnx-tek-okuma-20260912-153715 --kare-cikti reports/gercek_onnx_celery_sure_tek_okuma.csv --ozet-cikti reports/gercek_onnx_celery_sure_tek_okuma_ozet.csv
10,olcum-onnx-tek-okuma-20260912-153715,8,417,data/heridal/test/images/train_ZRI_2007_JPG.rf.80e11b79e6dead246b35d741fce18b16.jpg,done,model512-onnx,hayir,0.0,38,23,80,31,,588.3474,0.3328,0.0004,25.3413,0.2888,0.0466,26.0508,26.0509,olcum-onnx-tek-okuma-20260912-153715,10,8,model512-onnx,onnx,361731351703f4581f95871c26583eba760f08ed26493869cc864c8c57f55dbd,/models/model512_best.onnx,data/heridal/test/images,"gercek Celery kuyrugu; gorev fonksiyonu dogrudan cagrilmadi, isi calisan isci yapti (docker compose worker)",TASK_TIMING_LOG=/app/media/zamanlama.jsonl,0.05,3.13.1,8.4.144,0.12.6,2.14.0,2026-09-12 16:01:39,scripts/19_gercek_onnx_celery_sure.py --gorev-adi olcum-onnx-tek-okuma-20260912-153715 --kare-cikti reports/gercek_onnx_celery_sure_tek_okuma.csv --ozet-cikti reports/gercek_onnx_celery_sure_tek_okuma_ozet.csv
10,olcum-onnx-tek-okuma-20260912-153715,8,418,data/heridal/test/images/train_ZRI_2008_JPG.rf.1f537af4185be73382914fecdb099ac7.jpg,done,model512-onnx,hayir,0.0,39,24,80,24,,589.1704,0.3105,0.0007,24.1198,0.2512,0.0359,24.7693,24.7693,olcum-onnx-tek-okuma-20260912-153715,10,8,model512-onnx,onnx,361731351703f4581f95871c26583eba760f08ed26493869cc864c8c57f55dbd,/models/model512_best.onnx,data/heridal/test/images,"gercek Celery kuyrugu; gorev fonksiyonu dogrudan cagrilmadi, isi calisan isci yapti (docker compose worker)",TASK_TIMING_LOG=/app/media/zamanlama.jsonl,0.05,3.13.1,8.4.144,0.12.6,2.14.0,2026-09-12 16:01:39,scripts/19_gercek_onnx_celery_sure.py --gorev-adi olcum-onnx-tek-okuma-20260912-153715 --kare-cikti reports/gercek_onnx_celery_sure_tek_okuma.csv --ozet-cikti reports/gercek_onnx_celery_sure_tek_okuma_ozet.csv
10,olcum-onnx-tek-okuma-20260912-153715,8,419,data/heridal/test/images/train_ZRI_2009_JPG.rf.3a1b822b8e0ae6472b18a24dee3300a8.jpg,done,model512-onnx,hayir,0.0,40,24,80,18,,613.9549,0.2837,0.0004,24.4902,0.2851,0.0273,25.1515,25.1515,olcum-onnx-tek-okuma-20260912-153715,10,8,model512-onnx,onnx,361731351703f4581f95871c26583eba760f08ed26493869cc864c8c57f55dbd,/models/model512_best.onnx,data/heridal/test/images,"gercek Celery kuyrugu; gorev fonksiyonu dogrudan cagrilmadi, isi calisan isci yapti (docker compose worker)",TASK_TIMING_LOG=/app/media/zamanlama.jsonl,0.05,3.13.1,8.4.144,0.12.6,2.14.0,2026-09-12 16:01:39,scripts/19_gercek_onnx_celery_sure.py --gorev-adi olcum-onnx-tek-okuma-20260912-153715 --kare-cikti reports/gercek_onnx_celery_sure_tek_okuma.csv --ozet-cikti reports/gercek_onnx_celery_sure_tek_okuma_ozet.csv
10,olcum-onnx-tek-okuma-20260912-153715,8,420,data/heridal/test/images/train_ZRI_2010_JPG.rf.dffe80870459dc66572904359072a194.jpg,done,model512-onnx,hayir,0.0,39,23,80,22,,614.465,0.2209,0.0003,23.7367,0.2971,0.0406,24.3444,24.3444,olcum-onnx-tek-okuma-20260912-153715,10,8,model512-onnx,onnx,361731351703f4581f95871c26583eba760f08ed26493869cc864c8c57f55dbd,/models/model512_best.onnx,data/heridal/test/images,"gercek Celery kuyrugu; gorev fonksiyonu dogrudan cagrilmadi, isi calisan isci yapti (docker compose worker)",TASK_TIMING_LOG=/app/media/zamanlama.jsonl,0.05,3.13.1,8.4.144,0.12.6,2.14.0,2026-09-12 16:01:39,scripts/19_gercek_onnx_celery_sure.py --gorev-adi olcum-onnx-tek-okuma-20260912-153715 --kare-cikti reports/gercek_onnx_celery_sure_tek_okuma.csv --ozet-cikti reports/gercek_onnx_celery_sure_tek_okuma_ozet.csv
10,olcum-onnx-tek-okuma-20260912-153715,8,421,data/heridal/test/images/train_ZRI_2011_JPG.rf.0650e1a725e5029a0f5806e9ead4ec01.jpg,done,model512-onnx,hayir,0.0,40,23,80,43,,638.8656,0.2276,0.0004,23.4038,0.3353,0.0385,24.0385,24.0386,olcum-onnx-tek-okuma-20260912-153715,10,8,model512-onnx,onnx,361731351703f4581f95871c26583eba760f08ed26493869cc864c8c57f55dbd,/models/model512_best.onnx,data/heridal/test/images,"gercek Celery kuyrugu; gorev fonksiyonu dogrudan cagrilmadi, isi calisan isci yapti (docker compose worker)",TASK_TIMING_LOG=/app/media/zamanlama.jsonl,0.05,3.13.1,8.4.144,0.12.6,2.14.0,2026-09-12 16:01:39,scripts/19_gercek_onnx_celery_sure.py --gorev-adi olcum-onnx-tek-okuma-20260912-153715 --kare-cikti reports/gercek_onnx_celery_sure_tek_okuma.csv --ozet-cikti reports/gercek_onnx_celery_sure_tek_okuma_ozet.csv
10,olcum-onnx-tek-okuma-20260912-153715,8,422,data/heridal/test/images/train_ZRI_2012_JPG.rf.c05e4c2bd31f79c57174d2c7484d907c.jpg,done,model512-onnx,hayir,0.0,41,24,80,71,,639.1146,0.3437,0.0005,23.6685,0.273,0.0284,24.3792,24.3793,olcum-onnx-tek-okuma-20260912-153715,10,8,model512-onnx,onnx,361731351703f4581f95871c26583eba760f08ed26493869cc864c8c57f55dbd,/models/model512_best.onnx,data/heridal/test/images,"gercek Celery kuyrugu; gorev fonksiyonu dogrudan cagrilmadi, isi calisan isci yapti (docker compose worker)",TASK_TIMING_LOG=/app/media/zamanlama.jsonl,0.05,3.13.1,8.4.144,0.12.6,2.14.0,2026-09-12 16:01:39,scripts/19_gercek_onnx_celery_sure.py --gorev-adi olcum-onnx-tek-okuma-20260912-153715 --kare-cikti reports/gercek_onnx_celery_sure_tek_okuma.csv --ozet-cikti reports/gercek_onnx_celery_sure_tek_okuma_ozet.csv
10,olcum-onnx-tek-okuma-20260912-153715,8,423,data/heridal/test/images/train_ZRI_2013_JPG.rf.fb6345ef2d790171d3f7e759f7e8a077.jpg,done,model512-onnx,hayir,0.0,41,23,80,75,,662.9473,0.2729,0.0002,23.0267,0.2971,0.0403,23.6771,23.6772,olcum-onnx-tek-okuma-20260912-153715,10,8,model512-onnx,onnx,361731351703f4581f95871c26583eba760f08ed26493869cc864c8c57f55dbd,/models/model512_best.onnx,data/heridal/test/images,"gercek Celery kuyrugu; gorev fonksiyonu dogrudan cagrilmadi, isi calisan isci yapti (docker compose worker)",TASK_TIMING_LOG=/app/media/zamanlama.jsonl,0.05,3.13.1,8.4.144,0.12.6,2.14.0,2026-09-12 16:01:39,scripts/19_gercek_onnx_celery_sure.py --gorev-adi olcum-onnx-tek-okuma-20260912-153715 --kare-cikti reports/gercek_onnx_celery_sure_tek_okuma.csv --ozet-cikti reports/gercek_onnx_celery_sure_tek_okuma_ozet.csv
10,olcum-onnx-tek-okuma-20260912-153715,8,424,data/heridal/test/images/train_ZRI_2014_JPG.rf.95f28aeba5b563f69c9b10bbb6758285.jpg,done,model512-onnx,hayir,0.0,42,24,80,53,,663.5112,0.2438,0.0005,22.5565,0.2583,0.02,23.1229,23.1229,olcum-onnx-tek-okuma-20260912-153715,10,8,model512-onnx,onnx,361731351703f4581f95871c26583eba760f08ed26493869cc864c8c57f55dbd,/models/model512_best.onnx,data/heridal/test/images,"gercek Celery kuyrugu; gorev fonksiyonu dogrudan cagrilmadi, isi calisan isci yapti (docker compose worker)",TASK_TIMING_LOG=/app/media/zamanlama.jsonl,0.05,3.13.1,8.4.144,0.12.6,2.14.0,2026-09-12 16:01:39,scripts/19_gercek_onnx_celery_sure.py --gorev-adi olcum-onnx-tek-okuma-20260912-153715 --kare-cikti reports/gercek_onnx_celery_sure_tek_okuma.csv --ozet-cikti reports/gercek_onnx_celery_sure_tek_okuma_ozet.csv
10,olcum-onnx-tek-okuma-20260912-153715,8,425,data/heridal/test/images/train_ZRI_2015_JPG.rf.f377a3f68327562d2a7718cc6a1c4022.jpg,done,model512-onnx,hayir,0.0,43,24,80,32,,686.6384,0.1607,0.0009,21.9885,0.2882,0.0597,22.5235,22.5236,olcum-onnx-tek-okuma-20260912-153715,10,8,model512-onnx,onnx,361731351703f4581f95871c26583eba760f08ed26493869cc864c8c57f55dbd,/models/model512_best.onnx,data/heridal/test/images,"gercek Celery kuyrugu; gorev fonksiyonu dogrudan cagrilmadi, isi calisan isci yapti (docker compose worker)",TASK_TIMING_LOG=/app/media/zamanlama.jsonl,0.05,3.13.1,8.4.144,0.12.6,2.14.0,2026-09-12 16:01:39,scripts/19_gercek_onnx_celery_sure.py --gorev-adi olcum-onnx-tek-okuma-20260912-153715 --kare-cikti reports/gercek_onnx_celery_sure_tek_okuma.csv --ozet-cikti reports/gercek_onnx_celery_sure_tek_okuma_ozet.csv
10,olcum-onnx-tek-okuma-20260912-153715,8,426,data/heridal/test/images/train_ZRI_2016_JPG.rf.4ddcf0bba1f6f523b5bdb548b5037f06.jpg,done,model512-onnx,hayir,0.0,42,23,80,24,,686.6324,0.1527,0.0003,22.2442,0.32,0.0209,22.7618,22.7618,olcum-onnx-tek-okuma-20260912-153715,10,8,model512-onnx,onnx,361731351703f4581f95871c26583eba760f08ed26493869cc864c8c57f55dbd,/models/model512_best.onnx,data/heridal/test/images,"gercek Celery kuyrugu; gorev fonksiyonu dogrudan cagrilmadi, isi calisan isci yapti (docker compose worker)",TASK_TIMING_LOG=/app/media/zamanlama.jsonl,0.05,3.13.1,8.4.144,0.12.6,2.14.0,2026-09-12 16:01:39,scripts/19_gercek_onnx_celery_sure.py --gorev-adi olcum-onnx-tek-okuma-20260912-153715 --kare-cikti reports/gercek_onnx_celery_sure_tek_okuma.csv --ozet-cikti reports/gercek_onnx_celery_sure_tek_okuma_ozet.csv
10,olcum-onnx-tek-okuma-20260912-153715,8,427,data/heridal/test/images/train_ZRI_2017_JPG.rf.b924658b0f4a78544464d8eea0846909.jpg,done,model512-onnx,hayir,0.0,44,24,80,22,,709.2382,0.2288,0.0006,19.9817,0.2545,0.039,20.5674,20.5675,olcum-onnx-tek-okuma-20260912-153715,10,8,model512-onnx,onnx,361731351703f4581f95871c26583eba760f08ed26493869cc864c8c57f55dbd,/models/model512_best.onnx,data/heridal/test/images,"gercek Celery kuyrugu; gorev fonksiyonu dogrudan cagrilmadi, isi calisan isci yapti (docker compose worker)",TASK_TIMING_LOG=/app/media/zamanlama.jsonl,0.05,3.13.1,8.4.144,0.12.6,2.14.0,2026-09-12 16:01:39,scripts/19_gercek_onnx_celery_sure.py --gorev-adi olcum-onnx-tek-okuma-20260912-153715 --kare-cikti reports/gercek_onnx_celery_sure_tek_okuma.csv --ozet-cikti reports/gercek_onnx_celery_sure_tek_okuma_ozet.csv
10,olcum-onnx-tek-okuma-20260912-153715,8,428,data/heridal/test/images/train_ZRI_2018_JPG.rf.27cb350cd0ded58a0121e9813680c024.jpg,done,model512-onnx,hayir,0.0,43,23,80,36,,709.4248,0.211,0.0006,20.1632,0.2712,0.0322,20.7105,20.7106,olcum-onnx-tek-okuma-20260912-153715,10,8,model512-onnx,onnx,361731351703f4581f95871c26583eba760f08ed26493869cc864c8c57f55dbd,/models/model512_best.onnx,data/heridal/test/images,"gercek Celery kuyrugu; gorev fonksiyonu dogrudan cagrilmadi, isi calisan isci yapti (docker compose worker)",TASK_TIMING_LOG=/app/media/zamanlama.jsonl,0.05,3.13.1,8.4.144,0.12.6,2.14.0,2026-09-12 16:01:39,scripts/19_gercek_onnx_celery_sure.py --gorev-adi olcum-onnx-tek-okuma-20260912-153715 --kare-cikti reports/gercek_onnx_celery_sure_tek_okuma.csv --ozet-cikti reports/gercek_onnx_celery_sure_tek_okuma_ozet.csv
10,olcum-onnx-tek-okuma-20260912-153715,8,429,data/heridal/test/images/train_ZRI_2019_JPG.rf.b8e630f248c9a0965ceaaa661193f34a.jpg,done,model512-onnx,hayir,0.0,45,24,80,27,,729.8072,0.2738,0.0008,21.2497,0.2353,0.0364,21.8333,21.8334,olcum-onnx-tek-okuma-20260912-153715,10,8,model512-onnx,onnx,361731351703f4581f95871c26583eba760f08ed26493869cc864c8c57f55dbd,/models/model512_best.onnx,data/heridal/test/images,"gercek Celery kuyrugu; gorev fonksiyonu dogrudan cagrilmadi, isi calisan isci yapti (docker compose worker)",TASK_TIMING_LOG=/app/media/zamanlama.jsonl,0.05,3.13.1,8.4.144,0.12.6,2.14.0,2026-09-12 16:01:39,scripts/19_gercek_onnx_celery_sure.py --gorev-adi olcum-onnx-tek-okuma-20260912-153715 --kare-cikti reports/gercek_onnx_celery_sure_tek_okuma.csv --ozet-cikti reports/gercek_onnx_celery_sure_tek_okuma_ozet.csv
10,olcum-onnx-tek-okuma-20260912-153715,8,430,data/heridal/test/images/train_ZRI_2020_JPG.rf.fe7697b61c88cbd4b1212ec7a618942e.jpg,done,model512-onnx,hayir,0.0,44,23,80,23,,730.1634,0.2688,0.0002,22.3317,0.2544,0.0318,22.9229,22.9229,olcum-onnx-tek-okuma-20260912-153715,10,8,model512-onnx,onnx,361731351703f4581f95871c26583eba760f08ed26493869cc864c8c57f55dbd,/models/model512_best.onnx,data/heridal/test/images,"gercek Celery kuyrugu; gorev fonksiyonu dogrudan cagrilmadi, isi calisan isci yapti (docker compose worker)",TASK_TIMING_LOG=/app/media/zamanlama.jsonl,0.05,3.13.1,8.4.144,0.12.6,2.14.0,2026-09-12 16:01:39,scripts/19_gercek_onnx_celery_sure.py --gorev-adi olcum-onnx-tek-okuma-20260912-153715 --kare-cikti reports/gercek_onnx_celery_sure_tek_okuma.csv --ozet-cikti reports/gercek_onnx_celery_sure_tek_okuma_ozet.csv
10,olcum-onnx-tek-okuma-20260912-153715,8,431,data/heridal/test/images/train_ZRI_2021_JPG.rf.0acf422827cbc011716ca38b5cc5892d.jpg,done,model512-onnx,hayir,0.0,46,24,80,30,,751.6684,0.3165,0.0006,18.6273,0.2931,0.0375,19.3206,19.3206,olcum-onnx-tek-okuma-20260912-153715,10,8,model512-onnx,onnx,361731351703f4581f95871c26583eba760f08ed26493869cc864c8c57f55dbd,/models/model512_best.onnx,data/heridal/test/images,"gercek Celery kuyrugu; gorev fonksiyonu dogrudan cagrilmadi, isi calisan isci yapti (docker compose worker)",TASK_TIMING_LOG=/app/media/zamanlama.jsonl,0.05,3.13.1,8.4.144,0.12.6,2.14.0,2026-09-12 16:01:39,scripts/19_gercek_onnx_celery_sure.py --gorev-adi olcum-onnx-tek-okuma-20260912-153715 --kare-cikti reports/gercek_onnx_celery_sure_tek_okuma.csv --ozet-cikti reports/gercek_onnx_celery_sure_tek_okuma_ozet.csv
10,olcum-onnx-tek-okuma-20260912-153715,8,432,data/heridal/test/images/train_ZRI_2022_JPG.rf.afe9ce3ac8fd51e28fc46734dc3d4db5.jpg,done,model512-onnx,hayir,0.0,45,23,80,10,,753.1175,0.3139,0.0002,19.2918,0.2728,0.0122,19.9278,19.9278,olcum-onnx-tek-okuma-20260912-153715,10,8,model512-onnx,onnx,361731351703f4581f95871c26583eba760f08ed26493869cc864c8c57f55dbd,/models/model512_best.onnx,data/heridal/test/images,"gercek Celery kuyrugu; gorev fonksiyonu dogrudan cagrilmadi, isi calisan isci yapti (docker compose worker)",TASK_TIMING_LOG=/app/media/zamanlama.jsonl,0.05,3.13.1,8.4.144,0.12.6,2.14.0,2026-09-12 16:01:39,scripts/19_gercek_onnx_celery_sure.py --gorev-adi olcum-onnx-tek-okuma-20260912-153715 --kare-cikti reports/gercek_onnx_celery_sure_tek_okuma.csv --ozet-cikti reports/gercek_onnx_celery_sure_tek_okuma_ozet.csv
10,olcum-onnx-tek-okuma-20260912-153715,8,433,data/heridal/test/images/train_ZRI_2023_JPG.rf.22a40d9e64542136b8adc0938d870534.jpg,done,model512-onnx,hayir,0.0,47,24,80,17,,771.0275,0.2747,0.0004,17.7348,0.246,0.026,18.3248,18.3249,olcum-onnx-tek-okuma-20260912-153715,10,8,model512-onnx,onnx,361731351703f4581f95871c26583eba760f08ed26493869cc864c8c57f55dbd,/models/model512_best.onnx,data/heridal/test/images,"gercek Celery kuyrugu; gorev fonksiyonu dogrudan cagrilmadi, isi calisan isci yapti (docker compose worker)",TASK_TIMING_LOG=/app/media/zamanlama.jsonl,0.05,3.13.1,8.4.144,0.12.6,2.14.0,2026-09-12 16:01:39,scripts/19_gercek_onnx_celery_sure.py --gorev-adi olcum-onnx-tek-okuma-20260912-153715 --kare-cikti reports/gercek_onnx_celery_sure_tek_okuma.csv --ozet-cikti reports/gercek_onnx_celery_sure_tek_okuma_ozet.csv
10,olcum-onnx-tek-okuma-20260912-153715,8,434,data/heridal/test/images/train_ZRI_2024_JPG.rf.34d34a2e83f81ad9b0acaff5a330cad8.jpg,done,model512-onnx,hayir,0.0,46,23,80,30,,773.0735,0.2213,0.0003,16.8053,0.2446,0.0114,17.3308,17.3309,olcum-onnx-tek-okuma-20260912-153715,10,8,model512-onnx,onnx,361731351703f4581f95871c26583eba760f08ed26493869cc864c8c57f55dbd,/models/model512_best.onnx,data/heridal/test/images,"gercek Celery kuyrugu; gorev fonksiyonu dogrudan cagrilmadi, isi calisan isci yapti (docker compose worker)",TASK_TIMING_LOG=/app/media/zamanlama.jsonl,0.05,3.13.1,8.4.144,0.12.6,2.14.0,2026-09-12 16:01:39,scripts/19_gercek_onnx_celery_sure.py --gorev-adi olcum-onnx-tek-okuma-20260912-153715 --kare-cikti reports/gercek_onnx_celery_sure_tek_okuma.csv --ozet-cikti reports/gercek_onnx_celery_sure_tek_okuma_ozet.csv
10,olcum-onnx-tek-okuma-20260912-153715,8,435,data/heridal/test/images/train_ZRI_2025_JPG.rf.67fe730a69c4e3e025dac0ba8a60f0bd.jpg,done,model512-onnx,hayir,0.0,48,24,80,29,,789.4017,0.2336,0.0006,16.1953,0.2383,0.0392,16.74,16.7401,olcum-onnx-tek-okuma-20260912-153715,10,8,model512-onnx,onnx,361731351703f4581f95871c26583eba760f08ed26493869cc864c8c57f55dbd,/models/model512_best.onnx,data/heridal/test/images,"gercek Celery kuyrugu; gorev fonksiyonu dogrudan cagrilmadi, isi calisan isci yapti (docker compose worker)",TASK_TIMING_LOG=/app/media/zamanlama.jsonl,0.05,3.13.1,8.4.144,0.12.6,2.14.0,2026-09-12 16:01:39,scripts/19_gercek_onnx_celery_sure.py --gorev-adi olcum-onnx-tek-okuma-20260912-153715 --kare-cikti reports/gercek_onnx_celery_sure_tek_okuma.csv --ozet-cikti reports/gercek_onnx_celery_sure_tek_okuma_ozet.csv
10,olcum-onnx-tek-okuma-20260912-153715,8,436,data/heridal/test/images/train_ZRI_2026_JPG.rf.244d506f042253e60c59419f79524686.jpg,done,model512-onnx,hayir,0.0,47,23,80,22,,790.4116,0.2739,0.0002,15.7533,0.2169,0.0156,16.3098,16.3099,olcum-onnx-tek-okuma-20260912-153715,10,8,model512-onnx,onnx,361731351703f4581f95871c26583eba760f08ed26493869cc864c8c57f55dbd,/models/model512_best.onnx,data/heridal/test/images,"gercek Celery kuyrugu; gorev fonksiyonu dogrudan cagrilmadi, isi calisan isci yapti (docker compose worker)",TASK_TIMING_LOG=/app/media/zamanlama.jsonl,0.05,3.13.1,8.4.144,0.12.6,2.14.0,2026-09-12 16:01:39,scripts/19_gercek_onnx_celery_sure.py --gorev-adi olcum-onnx-tek-okuma-20260912-153715 --kare-cikti reports/gercek_onnx_celery_sure_tek_okuma.csv --ozet-cikti reports/gercek_onnx_celery_sure_tek_okuma_ozet.csv
10,olcum-onnx-tek-okuma-20260912-153715,8,437,data/heridal/test/images/train_ZRI_2027_JPG.rf.20f6586039a8c1a6dc397e439913444e.jpg,done,model512-onnx,hayir,0.0,49,24,80,31,,806.1777,0.2574,0.0004,15.5101,0.2151,0.025,16.0438,16.0439,olcum-onnx-tek-okuma-20260912-153715,10,8,model512-onnx,onnx,361731351703f4581f95871c26583eba760f08ed26493869cc864c8c57f55dbd,/models/model512_best.onnx,data/heridal/test/images,"gercek Celery kuyrugu; gorev fonksiyonu dogrudan cagrilmadi, isi calisan isci yapti (docker compose worker)",TASK_TIMING_LOG=/app/media/zamanlama.jsonl,0.05,3.13.1,8.4.144,0.12.6,2.14.0,2026-09-12 16:01:39,scripts/19_gercek_onnx_celery_sure.py --gorev-adi olcum-onnx-tek-okuma-20260912-153715 --kare-cikti reports/gercek_onnx_celery_sure_tek_okuma.csv --ozet-cikti reports/gercek_onnx_celery_sure_tek_okuma_ozet.csv
10,olcum-onnx-tek-okuma-20260912-153715,8,438,data/heridal/test/images/train_ZRI_2028_JPG.rf.db47a839f5e1f87c7602db7e8ec148b9.jpg,done,model512-onnx,hayir,0.0,48,23,80,16,,806.7577,0.2277,0.0002,15.285,0.2054,0.0139,15.7841,15.7841,olcum-onnx-tek-okuma-20260912-153715,10,8,model512-onnx,onnx,361731351703f4581f95871c26583eba760f08ed26493869cc864c8c57f55dbd,/models/model512_best.onnx,data/heridal/test/images,"gercek Celery kuyrugu; gorev fonksiyonu dogrudan cagrilmadi, isi calisan isci yapti (docker compose worker)",TASK_TIMING_LOG=/app/media/zamanlama.jsonl,0.05,3.13.1,8.4.144,0.12.6,2.14.0,2026-09-12 16:01:39,scripts/19_gercek_onnx_celery_sure.py --gorev-adi olcum-onnx-tek-okuma-20260912-153715 --kare-cikti reports/gercek_onnx_celery_sure_tek_okuma.csv --ozet-cikti reports/gercek_onnx_celery_sure_tek_okuma_ozet.csv
10,olcum-onnx-tek-okuma-20260912-153715,8,439,data/heridal/test/images/train_ZRI_2029_JPG.rf.7b352d771a36f6ad3f74519584833482.jpg,done,model512-onnx,hayir,0.0,50,24,80,11,,822.2348,0.2606,0.0008,15.1507,0.2088,0.0442,15.7048,15.7048,olcum-onnx-tek-okuma-20260912-153715,10,8,model512-onnx,onnx,361731351703f4581f95871c26583eba760f08ed26493869cc864c8c57f55dbd,/models/model512_best.onnx,data/heridal/test/images,"gercek Celery kuyrugu; gorev fonksiyonu dogrudan cagrilmadi, isi calisan isci yapti (docker compose worker)",TASK_TIMING_LOG=/app/media/zamanlama.jsonl,0.05,3.13.1,8.4.144,0.12.6,2.14.0,2026-09-12 16:01:39,scripts/19_gercek_onnx_celery_sure.py --gorev-adi olcum-onnx-tek-okuma-20260912-153715 --kare-cikti reports/gercek_onnx_celery_sure_tek_okuma.csv --ozet-cikti reports/gercek_onnx_celery_sure_tek_okuma_ozet.csv
10,olcum-onnx-tek-okuma-20260912-153715,8,440,data/heridal/test/images/train_ZRI_2030_JPG.rf.f5be72b3ce51a5abe5717ec467beb983.jpg,done,model512-onnx,hayir,0.0,49,23,80,11,,822.5658,0.2457,0.0004,15.2323,0.2198,0.0129,15.7536,15.7537,olcum-onnx-tek-okuma-20260912-153715,10,8,model512-onnx,onnx,361731351703f4581f95871c26583eba760f08ed26493869cc864c8c57f55dbd,/models/model512_best.onnx,data/heridal/test/images,"gercek Celery kuyrugu; gorev fonksiyonu dogrudan cagrilmadi, isi calisan isci yapti (docker compose worker)",TASK_TIMING_LOG=/app/media/zamanlama.jsonl,0.05,3.13.1,8.4.144,0.12.6,2.14.0,2026-09-12 16:01:39,scripts/19_gercek_onnx_celery_sure.py --gorev-adi olcum-onnx-tek-okuma-20260912-153715 --kare-cikti reports/gercek_onnx_celery_sure_tek_okuma.csv --ozet-cikti reports/gercek_onnx_celery_sure_tek_okuma_ozet.csv
10,olcum-onnx-tek-okuma-20260912-153715,8,441,data/heridal/test/images/train_ZRI_2031_JPG.rf.6637eeede974d137c26c06f05e71de95.jpg,done,model512-onnx,hayir,0.0,51,24,80,32,,837.9669,0.2363,0.0007,14.2229,0.2069,0.0232,14.7327,14.7328,olcum-onnx-tek-okuma-20260912-153715,10,8,model512-onnx,onnx,361731351703f4581f95871c26583eba760f08ed26493869cc864c8c57f55dbd,/models/model512_best.onnx,data/heridal/test/images,"gercek Celery kuyrugu; gorev fonksiyonu dogrudan cagrilmadi, isi calisan isci yapti (docker compose worker)",TASK_TIMING_LOG=/app/media/zamanlama.jsonl,0.05,3.13.1,8.4.144,0.12.6,2.14.0,2026-09-12 16:01:39,scripts/19_gercek_onnx_celery_sure.py --gorev-adi olcum-onnx-tek-okuma-20260912-153715 --kare-cikti reports/gercek_onnx_celery_sure_tek_okuma.csv --ozet-cikti reports/gercek_onnx_celery_sure_tek_okuma_ozet.csv
10,olcum-onnx-tek-okuma-20260912-153715,8,442,data/heridal/test/images/train_ZRI_2032_JPG.rf.49927cb43742154fd5f0f8aa302575b6.jpg,done,model512-onnx,hayir,0.0,50,23,80,25,,838.3451,0.2298,0.0003,14.5844,0.2433,0.0322,15.1402,15.1403,olcum-onnx-tek-okuma-20260912-153715,10,8,model512-onnx,onnx,361731351703f4581f95871c26583eba760f08ed26493869cc864c8c57f55dbd,/models/model512_best.onnx,data/heridal/test/images,"gercek Celery kuyrugu; gorev fonksiyonu dogrudan cagrilmadi, isi calisan isci yapti (docker compose worker)",TASK_TIMING_LOG=/app/media/zamanlama.jsonl,0.05,3.13.1,8.4.144,0.12.6,2.14.0,2026-09-12 16:01:39,scripts/19_gercek_onnx_celery_sure.py --gorev-adi olcum-onnx-tek-okuma-20260912-153715 --kare-cikti reports/gercek_onnx_celery_sure_tek_okuma.csv --ozet-cikti reports/gercek_onnx_celery_sure_tek_okuma_ozet.csv
10,olcum-onnx-tek-okuma-20260912-153715,8,443,data/heridal/test/images/train_ZRI_2033_JPG.rf.9a239a616f9277852538bd95edcc770e.jpg,done,model512-onnx,hayir,0.0,52,24,80,35,,852.7219,0.2144,0.0007,15.5639,0.2811,0.0409,16.1405,16.1405,olcum-onnx-tek-okuma-20260912-153715,10,8,model512-onnx,onnx,361731351703f4581f95871c26583eba760f08ed26493869cc864c8c57f55dbd,/models/model512_best.onnx,data/heridal/test/images,"gercek Celery kuyrugu; gorev fonksiyonu dogrudan cagrilmadi, isi calisan isci yapti (docker compose worker)",TASK_TIMING_LOG=/app/media/zamanlama.jsonl,0.05,3.13.1,8.4.144,0.12.6,2.14.0,2026-09-12 16:01:39,scripts/19_gercek_onnx_celery_sure.py --gorev-adi olcum-onnx-tek-okuma-20260912-153715 --kare-cikti reports/gercek_onnx_celery_sure_tek_okuma.csv --ozet-cikti reports/gercek_onnx_celery_sure_tek_okuma_ozet.csv
10,olcum-onnx-tek-okuma-20260912-153715,8,444,data/heridal/test/images/train_ZRI_2034_JPG.rf.f46e467586e3c5aa8c16eaf4382ce56f.jpg,done,model512-onnx,hayir,0.0,51,23,80,49,,853.5059,0.2607,0.0004,15.355,0.2476,0.0181,15.9258,15.9258,olcum-onnx-tek-okuma-20260912-153715,10,8,model512-onnx,onnx,361731351703f4581f95871c26583eba760f08ed26493869cc864c8c57f55dbd,/models/model512_best.onnx,data/heridal/test/images,"gercek Celery kuyrugu; gorev fonksiyonu dogrudan cagrilmadi, isi calisan isci yapti (docker compose worker)",TASK_TIMING_LOG=/app/media/zamanlama.jsonl,0.05,3.13.1,8.4.144,0.12.6,2.14.0,2026-09-12 16:01:39,scripts/19_gercek_onnx_celery_sure.py --gorev-adi olcum-onnx-tek-okuma-20260912-153715 --kare-cikti reports/gercek_onnx_celery_sure_tek_okuma.csv --ozet-cikti reports/gercek_onnx_celery_sure_tek_okuma_ozet.csv
10,olcum-onnx-tek-okuma-20260912-153715,8,445,data/heridal/test/images/train_ZRI_2035_JPG.rf.59dfa568de01527e83d9b4b52c088911.jpg,done,model512-onnx,hayir,0.0,53,24,80,39,,868.8871,0.3024,0.0006,14.466,0.1794,0.0325,15.0308,15.0308,olcum-onnx-tek-okuma-20260912-153715,10,8,model512-onnx,onnx,361731351703f4581f95871c26583eba760f08ed26493869cc864c8c57f55dbd,/models/model512_best.onnx,data/heridal/test/images,"gercek Celery kuyrugu; gorev fonksiyonu dogrudan cagrilmadi, isi calisan isci yapti (docker compose worker)",TASK_TIMING_LOG=/app/media/zamanlama.jsonl,0.05,3.13.1,8.4.144,0.12.6,2.14.0,2026-09-12 16:01:39,scripts/19_gercek_onnx_celery_sure.py --gorev-adi olcum-onnx-tek-okuma-20260912-153715 --kare-cikti reports/gercek_onnx_celery_sure_tek_okuma.csv --ozet-cikti reports/gercek_onnx_celery_sure_tek_okuma_ozet.csv
10,olcum-onnx-tek-okuma-20260912-153715,8,446,data/heridal/test/images/train_ZRI_2041_JPG.rf.2cc2c9d12200696c5f7b5eba4cdcf3df.jpg,done,model512-onnx,hayir,0.0,52,23,80,10,,869.4559,0.2468,0.0003,14.8273,0.2205,0.0351,15.3856,15.3856,olcum-onnx-tek-okuma-20260912-153715,10,8,model512-onnx,onnx,361731351703f4581f95871c26583eba760f08ed26493869cc864c8c57f55dbd,/models/model512_best.onnx,data/heridal/test/images,"gercek Celery kuyrugu; gorev fonksiyonu dogrudan cagrilmadi, isi calisan isci yapti (docker compose worker)",TASK_TIMING_LOG=/app/media/zamanlama.jsonl,0.05,3.13.1,8.4.144,0.12.6,2.14.0,2026-09-12 16:01:39,scripts/19_gercek_onnx_celery_sure.py --gorev-adi olcum-onnx-tek-okuma-20260912-153715 --kare-cikti reports/gercek_onnx_celery_sure_tek_okuma.csv --ozet-cikti reports/gercek_onnx_celery_sure_tek_okuma_ozet.csv
10,olcum-onnx-tek-okuma-20260912-153715,8,447,data/heridal/test/images/train_ZRI_2042_JPG.rf.f93dac15f1ae723890c10805241087d8.jpg,done,model512-onnx,hayir,0.0,54,24,80,13,,883.9376,0.2049,0.0005,15.1155,0.2482,0.0092,15.6225,15.6225,olcum-onnx-tek-okuma-20260912-153715,10,8,model512-onnx,onnx,361731351703f4581f95871c26583eba760f08ed26493869cc864c8c57f55dbd,/models/model512_best.onnx,data/heridal/test/images,"gercek Celery kuyrugu; gorev fonksiyonu dogrudan cagrilmadi, isi calisan isci yapti (docker compose worker)",TASK_TIMING_LOG=/app/media/zamanlama.jsonl,0.05,3.13.1,8.4.144,0.12.6,2.14.0,2026-09-12 16:01:39,scripts/19_gercek_onnx_celery_sure.py --gorev-adi olcum-onnx-tek-okuma-20260912-153715 --kare-cikti reports/gercek_onnx_celery_sure_tek_okuma.csv --ozet-cikti reports/gercek_onnx_celery_sure_tek_okuma_ozet.csv
10,olcum-onnx-tek-okuma-20260912-153715,8,448,data/heridal/test/images/train_ZRI_2046_JPG.rf.6e0e88c5239bc031fcd5636dc1b42f80.jpg,done,model512-onnx,hayir,0.0,53,23,80,43,,884.8595,0.2201,0.0004,14.0369,0.2326,0.0371,14.5694,14.5694,olcum-onnx-tek-okuma-20260912-153715,10,8,model512-onnx,onnx,361731351703f4581f95871c26583eba760f08ed26493869cc864c8c57f55dbd,/models/model512_best.onnx,data/heridal/test/images,"gercek Celery kuyrugu; gorev fonksiyonu dogrudan cagrilmadi, isi calisan isci yapti (docker compose worker)",TASK_TIMING_LOG=/app/media/zamanlama.jsonl,0.05,3.13.1,8.4.144,0.12.6,2.14.0,2026-09-12 16:01:39,scripts/19_gercek_onnx_celery_sure.py --gorev-adi olcum-onnx-tek-okuma-20260912-153715 --kare-cikti reports/gercek_onnx_celery_sure_tek_okuma.csv --ozet-cikti reports/gercek_onnx_celery_sure_tek_okuma_ozet.csv
10,olcum-onnx-tek-okuma-20260912-153715,8,449,data/heridal/test/images/train_ZRI_2047_JPG.rf.28100fb3bc7c0eb615dea5cc673ffa75.jpg,done,model512-onnx,hayir,0.0,54,23,80,52,,899.4435,0.1909,0.0002,13.567,0.1906,0.0163,14.0032,14.0032,olcum-onnx-tek-okuma-20260912-153715,10,8,model512-onnx,onnx,361731351703f4581f95871c26583eba760f08ed26493869cc864c8c57f55dbd,/models/model512_best.onnx,data/heridal/test/images,"gercek Celery kuyrugu; gorev fonksiyonu dogrudan cagrilmadi, isi calisan isci yapti (docker compose worker)",TASK_TIMING_LOG=/app/media/zamanlama.jsonl,0.05,3.13.1,8.4.144,0.12.6,2.14.0,2026-09-12 16:01:39,scripts/19_gercek_onnx_celery_sure.py --gorev-adi olcum-onnx-tek-okuma-20260912-153715 --kare-cikti reports/gercek_onnx_celery_sure_tek_okuma.csv --ozet-cikti reports/gercek_onnx_celery_sure_tek_okuma_ozet.csv
10,olcum-onnx-tek-okuma-20260912-153715,8,450,data/heridal/test/images/train_ZRI_2048_JPG.rf.0fae12d6c534313cce3f628106f8d597.jpg,done,model512-onnx,hayir,0.0,55,24,80,45,,899.5695,0.1858,0.0007,15.9748,0.2332,0.0216,16.4384,16.4385,olcum-onnx-tek-okuma-20260912-153715,10,8,model512-onnx,onnx,361731351703f4581f95871c26583eba760f08ed26493869cc864c8c57f55dbd,/models/model512_best.onnx,data/heridal/test/images,"gercek Celery kuyrugu; gorev fonksiyonu dogrudan cagrilmadi, isi calisan isci yapti (docker compose worker)",TASK_TIMING_LOG=/app/media/zamanlama.jsonl,0.05,3.13.1,8.4.144,0.12.6,2.14.0,2026-09-12 16:01:39,scripts/19_gercek_onnx_celery_sure.py --gorev-adi olcum-onnx-tek-okuma-20260912-153715 --kare-cikti reports/gercek_onnx_celery_sure_tek_okuma.csv --ozet-cikti reports/gercek_onnx_celery_sure_tek_okuma_ozet.csv
10,olcum-onnx-tek-okuma-20260912-153715,8,451,data/heridal/test/images/train_ZRI_2049_JPG.rf.35c07c1208f36c275450d0a1f718410a.jpg,done,model512-onnx,hayir,0.0,55,23,80,38,,913.492,0.2213,0.0004,14.2684,0.2149,0.0179,14.7798,14.7799,olcum-onnx-tek-okuma-20260912-153715,10,8,model512-onnx,onnx,361731351703f4581f95871c26583eba760f08ed26493869cc864c8c57f55dbd,/models/model512_best.onnx,data/heridal/test/images,"gercek Celery kuyrugu; gorev fonksiyonu dogrudan cagrilmadi, isi calisan isci yapti (docker compose worker)",TASK_TIMING_LOG=/app/media/zamanlama.jsonl,0.05,3.13.1,8.4.144,0.12.6,2.14.0,2026-09-12 16:01:39,scripts/19_gercek_onnx_celery_sure.py --gorev-adi olcum-onnx-tek-okuma-20260912-153715 --kare-cikti reports/gercek_onnx_celery_sure_tek_okuma.csv --ozet-cikti reports/gercek_onnx_celery_sure_tek_okuma_ozet.csv
10,olcum-onnx-tek-okuma-20260912-153715,8,452,data/heridal/test/images/train_ZRI_2050_JPG.rf.6921c2273a748f4edbc0852aa24bddca.jpg,done,model512-onnx,hayir,0.0,56,24,80,32,,916.0476,0.2351,0.0006,16.0089,0.2423,0.0225,16.5513,16.5514,olcum-onnx-tek-okuma-20260912-153715,10,8,model512-onnx,onnx,361731351703f4581f95871c26583eba760f08ed26493869cc864c8c57f55dbd,/models/model512_best.onnx,data/heridal/test/images,"gercek Celery kuyrugu; gorev fonksiyonu dogrudan cagrilmadi, isi calisan isci yapti (docker compose worker)",TASK_TIMING_LOG=/app/media/zamanlama.jsonl,0.05,3.13.1,8.4.144,0.12.6,2.14.0,2026-09-12 16:01:39,scripts/19_gercek_onnx_celery_sure.py --gorev-adi olcum-onnx-tek-okuma-20260912-153715 --kare-cikti reports/gercek_onnx_celery_sure_tek_okuma.csv --ozet-cikti reports/gercek_onnx_celery_sure_tek_okuma_ozet.csv
10,olcum-onnx-tek-okuma-20260912-153715,8,453,data/heridal/test/images/train_ZRI_2051_JPG.rf.c6b80d7c803e9e8d6c0e97620237f374.jpg,done,model512-onnx,hayir,0.0,56,23,80,37,,928.2726,0.1198,0.0003,12.7894,0.2041,0.0364,13.1878,13.1879,olcum-onnx-tek-okuma-20260912-153715,10,8,model512-onnx,onnx,361731351703f4581f95871c26583eba760f08ed26493869cc864c8c57f55dbd,/models/model512_best.onnx,data/heridal/test/images,"gercek Celery kuyrugu; gorev fonksiyonu dogrudan cagrilmadi, isi calisan isci yapti (docker compose worker)",TASK_TIMING_LOG=/app/media/zamanlama.jsonl,0.05,3.13.1,8.4.144,0.12.6,2.14.0,2026-09-12 16:01:39,scripts/19_gercek_onnx_celery_sure.py --gorev-adi olcum-onnx-tek-okuma-20260912-153715 --kare-cikti reports/gercek_onnx_celery_sure_tek_okuma.csv --ozet-cikti reports/gercek_onnx_celery_sure_tek_okuma_ozet.csv
10,olcum-onnx-tek-okuma-20260912-153715,8,454,data/heridal/test/images/train_ZRI_2052_JPG.rf.50c49144f7a8de99bbafb62bb04d74fb.jpg,done,model512-onnx,hayir,0.0,57,24,80,37,,932.6427,0.2306,0.0005,12.6301,0.2037,0.039,13.1356,13.1357,olcum-onnx-tek-okuma-20260912-153715,10,8,model512-onnx,onnx,361731351703f4581f95871c26583eba760f08ed26493869cc864c8c57f55dbd,/models/model512_best.onnx,data/heridal/test/images,"gercek Celery kuyrugu; gorev fonksiyonu dogrudan cagrilmadi, isi calisan isci yapti (docker compose worker)",TASK_TIMING_LOG=/app/media/zamanlama.jsonl,0.05,3.13.1,8.4.144,0.12.6,2.14.0,2026-09-12 16:01:39,scripts/19_gercek_onnx_celery_sure.py --gorev-adi olcum-onnx-tek-okuma-20260912-153715 --kare-cikti reports/gercek_onnx_celery_sure_tek_okuma.csv --ozet-cikti reports/gercek_onnx_celery_sure_tek_okuma_ozet.csv
10,olcum-onnx-tek-okuma-20260912-153715,8,455,data/heridal/test/images/train_ZRI_2053_JPG.rf.18a77a9247976767870670bd190baa49.jpg,done,model512-onnx,hayir,0.0,57,23,80,35,,941.4887,0.257,0.0008,14.0528,0.1836,0.0198,14.5553,14.5554,olcum-onnx-tek-okuma-20260912-153715,10,8,model512-onnx,onnx,361731351703f4581f95871c26583eba760f08ed26493869cc864c8c57f55dbd,/models/model512_best.onnx,data/heridal/test/images,"gercek Celery kuyrugu; gorev fonksiyonu dogrudan cagrilmadi, isi calisan isci yapti (docker compose worker)",TASK_TIMING_LOG=/app/media/zamanlama.jsonl,0.05,3.13.1,8.4.144,0.12.6,2.14.0,2026-09-12 16:01:39,scripts/19_gercek_onnx_celery_sure.py --gorev-adi olcum-onnx-tek-okuma-20260912-153715 --kare-cikti reports/gercek_onnx_celery_sure_tek_okuma.csv --ozet-cikti reports/gercek_onnx_celery_sure_tek_okuma_ozet.csv
10,olcum-onnx-tek-okuma-20260912-153715,8,456,data/heridal/test/images/train_ZRI_2055_JPG.rf.154bfc1b929f89683a1aed3dc94e76b3.jpg,done,model512-onnx,hayir,0.0,58,24,80,9,,945.8008,0.2361,0.0005,14.9976,0.2168,0.0111,15.508,15.508,olcum-onnx-tek-okuma-20260912-153715,10,8,model512-onnx,onnx,361731351703f4581f95871c26583eba760f08ed26493869cc864c8c57f55dbd,/models/model512_best.onnx,data/heridal/test/images,"gercek Celery kuyrugu; gorev fonksiyonu dogrudan cagrilmadi, isi calisan isci yapti (docker compose worker)",TASK_TIMING_LOG=/app/media/zamanlama.jsonl,0.05,3.13.1,8.4.144,0.12.6,2.14.0,2026-09-12 16:01:39,scripts/19_gercek_onnx_celery_sure.py --gorev-adi olcum-onnx-tek-okuma-20260912-153715 --kare-cikti reports/gercek_onnx_celery_sure_tek_okuma.csv --ozet-cikti reports/gercek_onnx_celery_sure_tek_okuma_ozet.csv
10,olcum-onnx-tek-okuma-20260912-153715,8,457,data/heridal/test/images/train_ZRI_2056_JPG.rf.39ae2ff97fdcb96cc6aacd3f1010aa2a.jpg,done,model512-onnx,hayir,0.0,58,23,80,16,,956.0578,0.2494,0.0002,20.1213,0.4629,0.0632,20.9298,20.9299,olcum-onnx-tek-okuma-20260912-153715,10,8,model512-onnx,onnx,361731351703f4581f95871c26583eba760f08ed26493869cc864c8c57f55dbd,/models/model512_best.onnx,data/heridal/test/images,"gercek Celery kuyrugu; gorev fonksiyonu dogrudan cagrilmadi, isi calisan isci yapti (docker compose worker)",TASK_TIMING_LOG=/app/media/zamanlama.jsonl,0.05,3.13.1,8.4.144,0.12.6,2.14.0,2026-09-12 16:01:39,scripts/19_gercek_onnx_celery_sure.py --gorev-adi olcum-onnx-tek-okuma-20260912-153715 --kare-cikti reports/gercek_onnx_celery_sure_tek_okuma.csv --ozet-cikti reports/gercek_onnx_celery_sure_tek_okuma_ozet.csv
10,olcum-onnx-tek-okuma-20260912-153715,8,458,data/heridal/test/images/train_ZRI_2058_JPG.rf.34e7e941d692239be5f03263699cf42f.jpg,done,model512-onnx,hayir,0.0,59,24,80,58,,961.34,0.3192,0.0019,20.5524,0.2964,0.1197,21.3452,21.3453,olcum-onnx-tek-okuma-20260912-153715,10,8,model512-onnx,onnx,361731351703f4581f95871c26583eba760f08ed26493869cc864c8c57f55dbd,/models/model512_best.onnx,data/heridal/test/images,"gercek Celery kuyrugu; gorev fonksiyonu dogrudan cagrilmadi, isi calisan isci yapti (docker compose worker)",TASK_TIMING_LOG=/app/media/zamanlama.jsonl,0.05,3.13.1,8.4.144,0.12.6,2.14.0,2026-09-12 16:01:39,scripts/19_gercek_onnx_celery_sure.py --gorev-adi olcum-onnx-tek-okuma-20260912-153715 --kare-cikti reports/gercek_onnx_celery_sure_tek_okuma.csv --ozet-cikti reports/gercek_onnx_celery_sure_tek_okuma_ozet.csv
10,olcum-onnx-tek-okuma-20260912-153715,8,459,data/heridal/test/images/train_ZRI_2065_JPG.rf.830ac62cc7542ba9b85d03b76e773cef.jpg,done,model512-onnx,hayir,0.0,59,23,80,36,,977.2842,0.6735,0.0013,29.3692,0.3037,0.0383,30.5465,30.5466,olcum-onnx-tek-okuma-20260912-153715,10,8,model512-onnx,onnx,361731351703f4581f95871c26583eba760f08ed26493869cc864c8c57f55dbd,/models/model512_best.onnx,data/heridal/test/images,"gercek Celery kuyrugu; gorev fonksiyonu dogrudan cagrilmadi, isi calisan isci yapti (docker compose worker)",TASK_TIMING_LOG=/app/media/zamanlama.jsonl,0.05,3.13.1,8.4.144,0.12.6,2.14.0,2026-09-12 16:01:39,scripts/19_gercek_onnx_celery_sure.py --gorev-adi olcum-onnx-tek-okuma-20260912-153715 --kare-cikti reports/gercek_onnx_celery_sure_tek_okuma.csv --ozet-cikti reports/gercek_onnx_celery_sure_tek_okuma_ozet.csv
10,olcum-onnx-tek-okuma-20260912-153715,8,460,data/heridal/test/images/train_ZRI_2066_JPG.rf.6c0b5d1549d2bce7c67ce607ffb519ee.jpg,done,model512-onnx,hayir,0.0,60,24,80,44,,982.7763,0.6464,0.001,30.3035,0.277,0.0321,31.3775,31.3775,olcum-onnx-tek-okuma-20260912-153715,10,8,model512-onnx,onnx,361731351703f4581f95871c26583eba760f08ed26493869cc864c8c57f55dbd,/models/model512_best.onnx,data/heridal/test/images,"gercek Celery kuyrugu; gorev fonksiyonu dogrudan cagrilmadi, isi calisan isci yapti (docker compose worker)",TASK_TIMING_LOG=/app/media/zamanlama.jsonl,0.05,3.13.1,8.4.144,0.12.6,2.14.0,2026-09-12 16:01:39,scripts/19_gercek_onnx_celery_sure.py --gorev-adi olcum-onnx-tek-okuma-20260912-153715 --kare-cikti reports/gercek_onnx_celery_sure_tek_okuma.csv --ozet-cikti reports/gercek_onnx_celery_sure_tek_okuma_ozet.csv
10,olcum-onnx-tek-okuma-20260912-153715,8,461,data/heridal/test/images/train_ZRI_2069_JPG.rf.6a409d8c56d0318e69673369fd6d2678.jpg,done,model512-onnx,hayir,0.0,60,23,80,37,,1007.8157,0.4948,0.0005,25.1771,0.26,0.0387,26.0114,26.0114,olcum-onnx-tek-okuma-20260912-153715,10,8,model512-onnx,onnx,361731351703f4581f95871c26583eba760f08ed26493869cc864c8c57f55dbd,/models/model512_best.onnx,data/heridal/test/images,"gercek Celery kuyrugu; gorev fonksiyonu dogrudan cagrilmadi, isi calisan isci yapti (docker compose worker)",TASK_TIMING_LOG=/app/media/zamanlama.jsonl,0.05,3.13.1,8.4.144,0.12.6,2.14.0,2026-09-12 16:01:39,scripts/19_gercek_onnx_celery_sure.py --gorev-adi olcum-onnx-tek-okuma-20260912-153715 --kare-cikti reports/gercek_onnx_celery_sure_tek_okuma.csv --ozet-cikti reports/gercek_onnx_celery_sure_tek_okuma_ozet.csv
10,olcum-onnx-tek-okuma-20260912-153715,8,462,data/heridal/test/images/train_ZRI_2071_JPG.rf.fcdb961ab586bb519156035e5c925048.jpg,done,model512-onnx,hayir,0.0,61,24,80,30,,1014.1394,0.2489,0.0005,20.1731,0.2754,0.026,20.7459,20.7459,olcum-onnx-tek-okuma-20260912-153715,10,8,model512-onnx,onnx,361731351703f4581f95871c26583eba760f08ed26493869cc864c8c57f55dbd,/models/model512_best.onnx,data/heridal/test/images,"gercek Celery kuyrugu; gorev fonksiyonu dogrudan cagrilmadi, isi calisan isci yapti (docker compose worker)",TASK_TIMING_LOG=/app/media/zamanlama.jsonl,0.05,3.13.1,8.4.144,0.12.6,2.14.0,2026-09-12 16:01:39,scripts/19_gercek_onnx_celery_sure.py --gorev-adi olcum-onnx-tek-okuma-20260912-153715 --kare-cikti reports/gercek_onnx_celery_sure_tek_okuma.csv --ozet-cikti reports/gercek_onnx_celery_sure_tek_okuma_ozet.csv
10,olcum-onnx-tek-okuma-20260912-153715,8,463,data/heridal/test/images/train_ZRI_2077_JPG.rf.4d76c4ca04fa80302c2f7619779966c5.jpg,done,model512-onnx,hayir,0.0,61,23,80,23,,1033.9045,0.2326,0.0004,24.4806,0.226,0.013,24.9881,24.9881,olcum-onnx-tek-okuma-20260912-153715,10,8,model512-onnx,onnx,361731351703f4581f95871c26583eba760f08ed26493869cc864c8c57f55dbd,/models/model512_best.onnx,data/heridal/test/images,"gercek Celery kuyrugu; gorev fonksiyonu dogrudan cagrilmadi, isi calisan isci yapti (docker compose worker)",TASK_TIMING_LOG=/app/media/zamanlama.jsonl,0.05,3.13.1,8.4.144,0.12.6,2.14.0,2026-09-12 16:01:39,scripts/19_gercek_onnx_celery_sure.py --gorev-adi olcum-onnx-tek-okuma-20260912-153715 --kare-cikti reports/gercek_onnx_celery_sure_tek_okuma.csv --ozet-cikti reports/gercek_onnx_celery_sure_tek_okuma_ozet.csv
10,olcum-onnx-tek-okuma-20260912-153715,8,464,data/heridal/test/images/train_ZRI_2087_JPG.rf.25e89ef6f3583ab049f69cd7ff8a86f7.jpg,done,model512-onnx,hayir,0.0,62,24,80,17,,1034.9733,0.2573,0.0004,29.0772,0.2737,0.0685,29.7214,29.7214,olcum-onnx-tek-okuma-20260912-153715,10,8,model512-onnx,onnx,361731351703f4581f95871c26583eba760f08ed26493869cc864c8c57f55dbd,/models/model512_best.onnx,data/heridal/test/images,"gercek Celery kuyrugu; gorev fonksiyonu dogrudan cagrilmadi, isi calisan isci yapti (docker compose worker)",TASK_TIMING_LOG=/app/media/zamanlama.jsonl,0.05,3.13.1,8.4.144,0.12.6,2.14.0,2026-09-12 16:01:39,scripts/19_gercek_onnx_celery_sure.py --gorev-adi olcum-onnx-tek-okuma-20260912-153715 --kare-cikti reports/gercek_onnx_celery_sure_tek_okuma.csv --ozet-cikti reports/gercek_onnx_celery_sure_tek_okuma_ozet.csv
10,olcum-onnx-tek-okuma-20260912-153715,8,465,data/heridal/test/images/train_ZRI_3001_JPG.rf.87934c388c284001e56188d171bf0641.jpg,done,model512-onnx,hayir,0.0,62,23,80,28,,1058.9439,0.3749,0.0003,34.177,0.3232,0.0456,34.9847,34.9848,olcum-onnx-tek-okuma-20260912-153715,10,8,model512-onnx,onnx,361731351703f4581f95871c26583eba760f08ed26493869cc864c8c57f55dbd,/models/model512_best.onnx,data/heridal/test/images,"gercek Celery kuyrugu; gorev fonksiyonu dogrudan cagrilmadi, isi calisan isci yapti (docker compose worker)",TASK_TIMING_LOG=/app/media/zamanlama.jsonl,0.05,3.13.1,8.4.144,0.12.6,2.14.0,2026-09-12 16:01:39,scripts/19_gercek_onnx_celery_sure.py --gorev-adi olcum-onnx-tek-okuma-20260912-153715 --kare-cikti reports/gercek_onnx_celery_sure_tek_okuma.csv --ozet-cikti reports/gercek_onnx_celery_sure_tek_okuma_ozet.csv
10,olcum-onnx-tek-okuma-20260912-153715,8,466,data/heridal/test/images/train_ZRI_3002_JPG.rf.419b179d91d72e79b60547b3c2bfdfb1.jpg,done,model512-onnx,hayir,0.0,63,24,80,27,,1064.7438,0.2884,0.0004,29.3311,0.2759,0.0331,29.9687,29.9688,olcum-onnx-tek-okuma-20260912-153715,10,8,model512-onnx,onnx,361731351703f4581f95871c26583eba760f08ed26493869cc864c8c57f55dbd,/models/model512_best.onnx,data/heridal/test/images,"gercek Celery kuyrugu; gorev fonksiyonu dogrudan cagrilmadi, isi calisan isci yapti (docker compose worker)",TASK_TIMING_LOG=/app/media/zamanlama.jsonl,0.05,3.13.1,8.4.144,0.12.6,2.14.0,2026-09-12 16:01:39,scripts/19_gercek_onnx_celery_sure.py --gorev-adi olcum-onnx-tek-okuma-20260912-153715 --kare-cikti reports/gercek_onnx_celery_sure_tek_okuma.csv --ozet-cikti reports/gercek_onnx_celery_sure_tek_okuma_ozet.csv
10,olcum-onnx-tek-okuma-20260912-153715,8,467,data/heridal/test/images/train_ZRI_3003_JPG.rf.d28000a3014df2b27372c17bb2d7b1f4.jpg,done,model512-onnx,hayir,0.0,63,23,80,21,,1094.117,0.4289,0.0005,32.2652,0.4381,0.0157,33.3205,33.3206,olcum-onnx-tek-okuma-20260912-153715,10,8,model512-onnx,onnx,361731351703f4581f95871c26583eba760f08ed26493869cc864c8c57f55dbd,/models/model512_best.onnx,data/heridal/test/images,"gercek Celery kuyrugu; gorev fonksiyonu dogrudan cagrilmadi, isi calisan isci yapti (docker compose worker)",TASK_TIMING_LOG=/app/media/zamanlama.jsonl,0.05,3.13.1,8.4.144,0.12.6,2.14.0,2026-09-12 16:01:39,scripts/19_gercek_onnx_celery_sure.py --gorev-adi olcum-onnx-tek-okuma-20260912-153715 --kare-cikti reports/gercek_onnx_celery_sure_tek_okuma.csv --ozet-cikti reports/gercek_onnx_celery_sure_tek_okuma_ozet.csv
10,olcum-onnx-tek-okuma-20260912-153715,8,468,data/heridal/test/images/train_ZRI_3004_JPG.rf.478fe98972b9067b88a1482ac43c1599.jpg,done,model512-onnx,hayir,0.0,64,24,80,13,,1094.8303,0.4851,0.0004,34.6279,0.2899,0.1623,35.6625,35.6625,olcum-onnx-tek-okuma-20260912-153715,10,8,model512-onnx,onnx,361731351703f4581f95871c26583eba760f08ed26493869cc864c8c57f55dbd,/models/model512_best.onnx,data/heridal/test/images,"gercek Celery kuyrugu; gorev fonksiyonu dogrudan cagrilmadi, isi calisan isci yapti (docker compose worker)",TASK_TIMING_LOG=/app/media/zamanlama.jsonl,0.05,3.13.1,8.4.144,0.12.6,2.14.0,2026-09-12 16:01:39,scripts/19_gercek_onnx_celery_sure.py --gorev-adi olcum-onnx-tek-okuma-20260912-153715 --kare-cikti reports/gercek_onnx_celery_sure_tek_okuma.csv --ozet-cikti reports/gercek_onnx_celery_sure_tek_okuma_ozet.csv
10,olcum-onnx-tek-okuma-20260912-153715,8,469,data/heridal/test/images/train_ZRI_3005_JPG.rf.8f1c33d04181cef15f01d0171934347d.jpg,done,model512-onnx,hayir,0.0,64,23,80,19,,1127.4265,0.5105,0.0003,32.6177,0.2964,0.0535,33.5387,33.5387,olcum-onnx-tek-okuma-20260912-153715,10,8,model512-onnx,onnx,361731351703f4581f95871c26583eba760f08ed26493869cc864c8c57f55dbd,/models/model512_best.onnx,data/heridal/test/images,"gercek Celery kuyrugu; gorev fonksiyonu dogrudan cagrilmadi, isi calisan isci yapti (docker compose worker)",TASK_TIMING_LOG=/app/media/zamanlama.jsonl,0.05,3.13.1,8.4.144,0.12.6,2.14.0,2026-09-12 16:01:39,scripts/19_gercek_onnx_celery_sure.py --gorev-adi olcum-onnx-tek-okuma-20260912-153715 --kare-cikti reports/gercek_onnx_celery_sure_tek_okuma.csv --ozet-cikti reports/gercek_onnx_celery_sure_tek_okuma_ozet.csv
10,olcum-onnx-tek-okuma-20260912-153715,8,470,data/heridal/test/images/train_ZRI_3006_JPG.rf.bf10ed09f4f2ac910abbb51be21dcaca.jpg,done,model512-onnx,hayir,0.0,65,24,80,17,,1130.6325,0.4405,0.0006,30.4715,0.4854,0.017,31.6284,31.6285,olcum-onnx-tek-okuma-20260912-153715,10,8,model512-onnx,onnx,361731351703f4581f95871c26583eba760f08ed26493869cc864c8c57f55dbd,/models/model512_best.onnx,data/heridal/test/images,"gercek Celery kuyrugu; gorev fonksiyonu dogrudan cagrilmadi, isi calisan isci yapti (docker compose worker)",TASK_TIMING_LOG=/app/media/zamanlama.jsonl,0.05,3.13.1,8.4.144,0.12.6,2.14.0,2026-09-12 16:01:39,scripts/19_gercek_onnx_celery_sure.py --gorev-adi olcum-onnx-tek-okuma-20260912-153715 --kare-cikti reports/gercek_onnx_celery_sure_tek_okuma.csv --ozet-cikti reports/gercek_onnx_celery_sure_tek_okuma_ozet.csv
10,olcum-onnx-tek-okuma-20260912-153715,8,471,data/heridal/test/images/train_ZRI_3007_JPG.rf.9aaa808230b7b9af324a301c05899671.jpg,done,model512-onnx,hayir,0.0,65,23,80,29,,1161.0242,0.267,0.0002,32.557,0.357,0.0342,33.2672,33.2672,olcum-onnx-tek-okuma-20260912-153715,10,8,model512-onnx,onnx,361731351703f4581f95871c26583eba760f08ed26493869cc864c8c57f55dbd,/models/model512_best.onnx,data/heridal/test/images,"gercek Celery kuyrugu; gorev fonksiyonu dogrudan cagrilmadi, isi calisan isci yapti (docker compose worker)",TASK_TIMING_LOG=/app/media/zamanlama.jsonl,0.05,3.13.1,8.4.144,0.12.6,2.14.0,2026-09-12 16:01:39,scripts/19_gercek_onnx_celery_sure.py --gorev-adi olcum-onnx-tek-okuma-20260912-153715 --kare-cikti reports/gercek_onnx_celery_sure_tek_okuma.csv --ozet-cikti reports/gercek_onnx_celery_sure_tek_okuma_ozet.csv
10,olcum-onnx-tek-okuma-20260912-153715,8,472,data/heridal/test/images/train_ZRI_3008_JPG.rf.183af878bc7881b534b79d94d74b2f23.jpg,done,model512-onnx,hayir,0.0,66,24,80,32,,1162.2797,0.3603,0.0006,32.2254,0.4122,0.037,33.1698,33.1699,olcum-onnx-tek-okuma-20260912-153715,10,8,model512-onnx,onnx,361731351703f4581f95871c26583eba760f08ed26493869cc864c8c57f55dbd,/models/model512_best.onnx,data/heridal/test/images,"gercek Celery kuyrugu; gorev fonksiyonu dogrudan cagrilmadi, isi calisan isci yapti (docker compose worker)",TASK_TIMING_LOG=/app/media/zamanlama.jsonl,0.05,3.13.1,8.4.144,0.12.6,2.14.0,2026-09-12 16:01:39,scripts/19_gercek_onnx_celery_sure.py --gorev-adi olcum-onnx-tek-okuma-20260912-153715 --kare-cikti reports/gercek_onnx_celery_sure_tek_okuma.csv --ozet-cikti reports/gercek_onnx_celery_sure_tek_okuma_ozet.csv
10,olcum-onnx-tek-okuma-20260912-153715,8,473,data/heridal/test/images/train_ZRI_3009_JPG.rf.5a29177c9c62ef46d522a5cb0a8865da.jpg,done,model512-onnx,hayir,0.0,66,23,80,13,,1194.3289,0.3173,0.0004,28.6173,0.3288,0.0148,29.3288,29.3289,olcum-onnx-tek-okuma-20260912-153715,10,8,model512-onnx,onnx,361731351703f4581f95871c26583eba760f08ed26493869cc864c8c57f55dbd,/models/model512_best.onnx,data/heridal/test/images,"gercek Celery kuyrugu; gorev fonksiyonu dogrudan cagrilmadi, isi calisan isci yapti (docker compose worker)",TASK_TIMING_LOG=/app/media/zamanlama.jsonl,0.05,3.13.1,8.4.144,0.12.6,2.14.0,2026-09-12 16:01:39,scripts/19_gercek_onnx_celery_sure.py --gorev-adi olcum-onnx-tek-okuma-20260912-153715 --kare-cikti reports/gercek_onnx_celery_sure_tek_okuma.csv --ozet-cikti reports/gercek_onnx_celery_sure_tek_okuma_ozet.csv
10,olcum-onnx-tek-okuma-20260912-153715,8,474,data/heridal/test/images/train_ZRI_3010_JPG.rf.7d93f21911b164c740d9757de3848d4b.jpg,done,model512-onnx,hayir,0.0,67,24,80,14,,1195.4619,0.2774,0.0005,23.9772,0.2461,0.0409,24.579,24.579,olcum-onnx-tek-okuma-20260912-153715,10,8,model512-onnx,onnx,361731351703f4581f95871c26583eba760f08ed26493869cc864c8c57f55dbd,/models/model512_best.onnx,data/heridal/test/images,"gercek Celery kuyrugu; gorev fonksiyonu dogrudan cagrilmadi, isi calisan isci yapti (docker compose worker)",TASK_TIMING_LOG=/app/media/zamanlama.jsonl,0.05,3.13.1,8.4.144,0.12.6,2.14.0,2026-09-12 16:01:39,scripts/19_gercek_onnx_celery_sure.py --gorev-adi olcum-onnx-tek-okuma-20260912-153715 --kare-cikti reports/gercek_onnx_celery_sure_tek_okuma.csv --ozet-cikti reports/gercek_onnx_celery_sure_tek_okuma_ozet.csv
10,olcum-onnx-tek-okuma-20260912-153715,8,475,data/heridal/test/images/train_ZRI_3011_JPG.rf.17d4eef4ec23427de8b43cec1a2f4bf7.jpg,done,model512-onnx,hayir,0.0,68,24,80,12,,1220.1029,0.2984,0.0006,34.201,0.3895,0.0359,34.9727,34.9728,olcum-onnx-tek-okuma-20260912-153715,10,8,model512-onnx,onnx,361731351703f4581f95871c26583eba760f08ed26493869cc864c8c57f55dbd,/models/model512_best.onnx,data/heridal/test/images,"gercek Celery kuyrugu; gorev fonksiyonu dogrudan cagrilmadi, isi calisan isci yapti (docker compose worker)",TASK_TIMING_LOG=/app/media/zamanlama.jsonl,0.05,3.13.1,8.4.144,0.12.6,2.14.0,2026-09-12 16:01:39,scripts/19_gercek_onnx_celery_sure.py --gorev-adi olcum-onnx-tek-okuma-20260912-153715 --kare-cikti reports/gercek_onnx_celery_sure_tek_okuma.csv --ozet-cikti reports/gercek_onnx_celery_sure_tek_okuma_ozet.csv
10,olcum-onnx-tek-okuma-20260912-153715,8,476,data/heridal/test/images/train_ZRI_3012_JPG.rf.1e9e9801c76d218506e789eb7e0eb27c.jpg,done,model512-onnx,hayir,0.0,67,23,80,16,,1223.7484,0.272,0.0007,30.9069,0.4629,0.0224,31.7515,31.7516,olcum-onnx-tek-okuma-20260912-153715,10,8,model512-onnx,onnx,361731351703f4581f95871c26583eba760f08ed26493869cc864c8c57f55dbd,/models/model512_best.onnx,data/heridal/test/images,"gercek Celery kuyrugu; gorev fonksiyonu dogrudan cagrilmadi, isi calisan isci yapti (docker compose worker)",TASK_TIMING_LOG=/app/media/zamanlama.jsonl,0.05,3.13.1,8.4.144,0.12.6,2.14.0,2026-09-12 16:01:39,scripts/19_gercek_onnx_celery_sure.py --gorev-adi olcum-onnx-tek-okuma-20260912-153715 --kare-cikti reports/gercek_onnx_celery_sure_tek_okuma.csv --ozet-cikti reports/gercek_onnx_celery_sure_tek_okuma_ozet.csv
10,olcum-onnx-tek-okuma-20260912-153715,8,477,data/heridal/test/images/train_ZRI_3013_JPG.rf.90b359eea73da3195af444d6fcf35683.jpg,done,model512-onnx,hayir,0.0,69,24,80,19,,1255.122,0.265,0.0006,18.9187,0.2245,0.0352,19.4772,19.4772,olcum-onnx-tek-okuma-20260912-153715,10,8,model512-onnx,onnx,361731351703f4581f95871c26583eba760f08ed26493869cc864c8c57f55dbd,/models/model512_best.onnx,data/heridal/test/images,"gercek Celery kuyrugu; gorev fonksiyonu dogrudan cagrilmadi, isi calisan isci yapti (docker compose worker)",TASK_TIMING_LOG=/app/media/zamanlama.jsonl,0.05,3.13.1,8.4.144,0.12.6,2.14.0,2026-09-12 16:01:39,scripts/19_gercek_onnx_celery_sure.py --gorev-adi olcum-onnx-tek-okuma-20260912-153715 --kare-cikti reports/gercek_onnx_celery_sure_tek_okuma.csv --ozet-cikti reports/gercek_onnx_celery_sure_tek_okuma_ozet.csv
10,olcum-onnx-tek-okuma-20260912-153715,8,478,data/heridal/test/images/train_ZRI_3015_JPG.rf.b1e5f01a18e7e5febc08aebe16c4741c.jpg,done,model512-onnx,hayir,0.0,68,23,80,20,,1255.5034,0.3035,0.0003,23.6669,0.3252,0.0431,24.3872,24.3872,olcum-onnx-tek-okuma-20260912-153715,10,8,model512-onnx,onnx,361731351703f4581f95871c26583eba760f08ed26493869cc864c8c57f55dbd,/models/model512_best.onnx,data/heridal/test/images,"gercek Celery kuyrugu; gorev fonksiyonu dogrudan cagrilmadi, isi calisan isci yapti (docker compose worker)",TASK_TIMING_LOG=/app/media/zamanlama.jsonl,0.05,3.13.1,8.4.144,0.12.6,2.14.0,2026-09-12 16:01:39,scripts/19_gercek_onnx_celery_sure.py --gorev-adi olcum-onnx-tek-okuma-20260912-153715 --kare-cikti reports/gercek_onnx_celery_sure_tek_okuma.csv --ozet-cikti reports/gercek_onnx_celery_sure_tek_okuma_ozet.csv
10,olcum-onnx-tek-okuma-20260912-153715,8,479,data/heridal/test/images/train_ZRI_3016_JPG.rf.e55d832df94150161e141df12c0b1999.jpg,done,model512-onnx,hayir,0.0,70,24,80,20,,1274.6303,0.4348,0.0023,27.6874,0.3325,0.0393,28.5288,28.5288,olcum-onnx-tek-okuma-20260912-153715,10,8,model512-onnx,onnx,361731351703f4581f95871c26583eba760f08ed26493869cc864c8c57f55dbd,/models/model512_best.onnx,data/heridal/test/images,"gercek Celery kuyrugu; gorev fonksiyonu dogrudan cagrilmadi, isi calisan isci yapti (docker compose worker)",TASK_TIMING_LOG=/app/media/zamanlama.jsonl,0.05,3.13.1,8.4.144,0.12.6,2.14.0,2026-09-12 16:01:39,scripts/19_gercek_onnx_celery_sure.py --gorev-adi olcum-onnx-tek-okuma-20260912-153715 --kare-cikti reports/gercek_onnx_celery_sure_tek_okuma.csv --ozet-cikti reports/gercek_onnx_celery_sure_tek_okuma_ozet.csv
10,olcum-onnx-tek-okuma-20260912-153715,8,480,data/heridal/test/images/train_ZRI_3017_JPG.rf.5007898a1182a140b1486a2353f22912.jpg,done,model512-onnx,hayir,0.0,69,23,80,6,,1280.2444,0.5832,0.0004,25.9611,0.3398,0.0286,27.098,27.098,olcum-onnx-tek-okuma-20260912-153715,10,8,model512-onnx,onnx,361731351703f4581f95871c26583eba760f08ed26493869cc864c8c57f55dbd,/models/model512_best.onnx,data/heridal/test/images,"gercek Celery kuyrugu; gorev fonksiyonu dogrudan cagrilmadi, isi calisan isci yapti (docker compose worker)",TASK_TIMING_LOG=/app/media/zamanlama.jsonl,0.05,3.13.1,8.4.144,0.12.6,2.14.0,2026-09-12 16:01:39,scripts/19_gercek_onnx_celery_sure.py --gorev-adi olcum-onnx-tek-okuma-20260912-153715 --kare-cikti reports/gercek_onnx_celery_sure_tek_okuma.csv --ozet-cikti reports/gercek_onnx_celery_sure_tek_okuma_ozet.csv
10,olcum-onnx-tek-okuma-20260912-153715,8,481,data/heridal/test/images/train_ZRI_3018_JPG.rf.7d3c3d9dd3130ea8882712a0ef220c3f.jpg,done,model512-onnx,hayir,0.0,71,24,80,14,,1303.1766,0.2796,0.0005,22.2433,0.2122,0.0203,22.8028,22.8028,olcum-onnx-tek-okuma-20260912-153715,10,8,model512-onnx,onnx,361731351703f4581f95871c26583eba760f08ed26493869cc864c8c57f55dbd,/models/model512_best.onnx,data/heridal/test/images,"gercek Celery kuyrugu; gorev fonksiyonu dogrudan cagrilmadi, isi calisan isci yapti (docker compose worker)",TASK_TIMING_LOG=/app/media/zamanlama.jsonl,0.05,3.13.1,8.4.144,0.12.6,2.14.0,2026-09-12 16:01:39,scripts/19_gercek_onnx_celery_sure.py --gorev-adi olcum-onnx-tek-okuma-20260912-153715 --kare-cikti reports/gercek_onnx_celery_sure_tek_okuma.csv --ozet-cikti reports/gercek_onnx_celery_sure_tek_okuma_ozet.csv
10,olcum-onnx-tek-okuma-20260912-153715,8,482,data/heridal/test/images/train_ZRI_3019_JPG.rf.0717ec5bd3af4d0e32b2c1de5e2575cf.jpg,done,model512-onnx,hayir,0.0,70,23,80,33,,1307.2697,0.2967,0.0004,27.8722,0.3126,0.0502,28.5999,28.5999,olcum-onnx-tek-okuma-20260912-153715,10,8,model512-onnx,onnx,361731351703f4581f95871c26583eba760f08ed26493869cc864c8c57f55dbd,/models/model512_best.onnx,data/heridal/test/images,"gercek Celery kuyrugu; gorev fonksiyonu dogrudan cagrilmadi, isi calisan isci yapti (docker compose worker)",TASK_TIMING_LOG=/app/media/zamanlama.jsonl,0.05,3.13.1,8.4.144,0.12.6,2.14.0,2026-09-12 16:01:39,scripts/19_gercek_onnx_celery_sure.py --gorev-adi olcum-onnx-tek-okuma-20260912-153715 --kare-cikti reports/gercek_onnx_celery_sure_tek_okuma.csv --ozet-cikti reports/gercek_onnx_celery_sure_tek_okuma_ozet.csv
10,olcum-onnx-tek-okuma-20260912-153715,8,483,data/heridal/test/images/train_ZRI_3020_JPG.rf.755a92000e873bc5de222da850f53ffe.jpg,done,model512-onnx,hayir,0.0,72,24,80,33,,1325.9951,0.2477,0.0004,18.6502,0.2006,0.034,19.1718,19.1718,olcum-onnx-tek-okuma-20260912-153715,10,8,model512-onnx,onnx,361731351703f4581f95871c26583eba760f08ed26493869cc864c8c57f55dbd,/models/model512_best.onnx,data/heridal/test/images,"gercek Celery kuyrugu; gorev fonksiyonu dogrudan cagrilmadi, isi calisan isci yapti (docker compose worker)",TASK_TIMING_LOG=/app/media/zamanlama.jsonl,0.05,3.13.1,8.4.144,0.12.6,2.14.0,2026-09-12 16:01:39,scripts/19_gercek_onnx_celery_sure.py --gorev-adi olcum-onnx-tek-okuma-20260912-153715 --kare-cikti reports/gercek_onnx_celery_sure_tek_okuma.csv --ozet-cikti reports/gercek_onnx_celery_sure_tek_okuma_ozet.csv
10,olcum-onnx-tek-okuma-20260912-153715,8,484,data/heridal/test/images/train_ZRI_3021_JPG.rf.de50a726e16c7075eedea7d52769769b.jpg,done,model512-onnx,hayir,0.0,71,23,80,20,,1335.876,0.202,0.0003,16.1051,0.2088,0.0166,16.5707,16.5708,olcum-onnx-tek-okuma-20260912-153715,10,8,model512-onnx,onnx,361731351703f4581f95871c26583eba760f08ed26493869cc864c8c57f55dbd,/models/model512_best.onnx,data/heridal/test/images,"gercek Celery kuyrugu; gorev fonksiyonu dogrudan cagrilmadi, isi calisan isci yapti (docker compose worker)",TASK_TIMING_LOG=/app/media/zamanlama.jsonl,0.05,3.13.1,8.4.144,0.12.6,2.14.0,2026-09-12 16:01:39,scripts/19_gercek_onnx_celery_sure.py --gorev-adi olcum-onnx-tek-okuma-20260912-153715 --kare-cikti reports/gercek_onnx_celery_sure_tek_okuma.csv --ozet-cikti reports/gercek_onnx_celery_sure_tek_okuma_ozet.csv
10,olcum-onnx-tek-okuma-20260912-153715,8,485,data/heridal/test/images/train_ZRI_3022_JPG.rf.d115c4fe72b775641f52aadcf9d5236f.jpg,done,model512-onnx,hayir,0.0,73,24,80,19,,1345.2096,0.2445,0.0006,16.7694,0.2164,0.0251,17.2878,17.2878,olcum-onnx-tek-okuma-20260912-153715,10,8,model512-onnx,onnx,361731351703f4581f95871c26583eba760f08ed26493869cc864c8c57f55dbd,/models/model512_best.onnx,data/heridal/test/images,"gercek Celery kuyrugu; gorev fonksiyonu dogrudan cagrilmadi, isi calisan isci yapti (docker compose worker)",TASK_TIMING_LOG=/app/media/zamanlama.jsonl,0.05,3.13.1,8.4.144,0.12.6,2.14.0,2026-09-12 16:01:39,scripts/19_gercek_onnx_celery_sure.py --gorev-adi olcum-onnx-tek-okuma-20260912-153715 --kare-cikti reports/gercek_onnx_celery_sure_tek_okuma.csv --ozet-cikti reports/gercek_onnx_celery_sure_tek_okuma_ozet.csv
10,olcum-onnx-tek-okuma-20260912-153715,8,486,data/heridal/test/images/train_ZRI_3023_JPG.rf.53c979cc18817a0169dc7a3d0aa70e4d.jpg,done,model512-onnx,hayir,0.0,72,23,80,24,,1352.4739,0.2629,0.0002,15.1379,0.2207,0.0331,15.6973,15.6973,olcum-onnx-tek-okuma-20260912-153715,10,8,model512-onnx,onnx,361731351703f4581f95871c26583eba760f08ed26493869cc864c8c57f55dbd,/models/model512_best.onnx,data/heridal/test/images,"gercek Celery kuyrugu; gorev fonksiyonu dogrudan cagrilmadi, isi calisan isci yapti (docker compose worker)",TASK_TIMING_LOG=/app/media/zamanlama.jsonl,0.05,3.13.1,8.4.144,0.12.6,2.14.0,2026-09-12 16:01:39,scripts/19_gercek_onnx_celery_sure.py --gorev-adi olcum-onnx-tek-okuma-20260912-153715 --kare-cikti reports/gercek_onnx_celery_sure_tek_okuma.csv --ozet-cikti reports/gercek_onnx_celery_sure_tek_okuma_ozet.csv
10,olcum-onnx-tek-okuma-20260912-153715,8,487,data/heridal/test/images/train_ZRI_3024_JPG.rf.d9829573e67bca0f8b2b0001749feb1d.jpg,done,model512-onnx,hayir,0.0,74,24,80,24,,1362.545,0.2504,0.0007,15.2991,0.1989,0.0208,15.8249,15.8249,olcum-onnx-tek-okuma-20260912-153715,10,8,model512-onnx,onnx,361731351703f4581f95871c26583eba760f08ed26493869cc864c8c57f55dbd,/models/model512_best.onnx,data/heridal/test/images,"gercek Celery kuyrugu; gorev fonksiyonu dogrudan cagrilmadi, isi calisan isci yapti (docker compose worker)",TASK_TIMING_LOG=/app/media/zamanlama.jsonl,0.05,3.13.1,8.4.144,0.12.6,2.14.0,2026-09-12 16:01:39,scripts/19_gercek_onnx_celery_sure.py --gorev-adi olcum-onnx-tek-okuma-20260912-153715 --kare-cikti reports/gercek_onnx_celery_sure_tek_okuma.csv --ozet-cikti reports/gercek_onnx_celery_sure_tek_okuma_ozet.csv
10,olcum-onnx-tek-okuma-20260912-153715,8,488,data/heridal/test/images/train_ZRI_3025_JPG.rf.bec9752c53ca7b71a9d3b682bdbe850f.jpg,done,model512-onnx,hayir,0.0,73,23,80,23,,1368.2019,0.2377,0.0003,16.5773,0.2344,0.0282,17.1078,17.1078,olcum-onnx-tek-okuma-20260912-153715,10,8,model512-onnx,onnx,361731351703f4581f95871c26583eba760f08ed26493869cc864c8c57f55dbd,/models/model512_best.onnx,data/heridal/test/images,"gercek Celery kuyrugu; gorev fonksiyonu dogrudan cagrilmadi, isi calisan isci yapti (docker compose worker)",TASK_TIMING_LOG=/app/media/zamanlama.jsonl,0.05,3.13.1,8.4.144,0.12.6,2.14.0,2026-09-12 16:01:39,scripts/19_gercek_onnx_celery_sure.py --gorev-adi olcum-onnx-tek-okuma-20260912-153715 --kare-cikti reports/gercek_onnx_celery_sure_tek_okuma.csv --ozet-cikti reports/gercek_onnx_celery_sure_tek_okuma_ozet.csv
10,olcum-onnx-tek-okuma-20260912-153715,8,489,data/heridal/test/images/train_ZRI_3026_JPG.rf.1503e7f8824e0cca340091e680501e12.jpg,done,model512-onnx,hayir,0.0,75,24,80,20,,1378.402,0.2671,0.0006,15.909,0.2338,0.0332,16.4837,16.4837,olcum-onnx-tek-okuma-20260912-153715,10,8,model512-onnx,onnx,361731351703f4581f95871c26583eba760f08ed26493869cc864c8c57f55dbd,/models/model512_best.onnx,data/heridal/test/images,"gercek Celery kuyrugu; gorev fonksiyonu dogrudan cagrilmadi, isi calisan isci yapti (docker compose worker)",TASK_TIMING_LOG=/app/media/zamanlama.jsonl,0.05,3.13.1,8.4.144,0.12.6,2.14.0,2026-09-12 16:01:39,scripts/19_gercek_onnx_celery_sure.py --gorev-adi olcum-onnx-tek-okuma-20260912-153715 --kare-cikti reports/gercek_onnx_celery_sure_tek_okuma.csv --ozet-cikti reports/gercek_onnx_celery_sure_tek_okuma_ozet.csv
10,olcum-onnx-tek-okuma-20260912-153715,8,490,data/heridal/test/images/train_ZRI_3027_JPG.rf.99f697df2ae83d2ef77dd3effe2b5f2a.jpg,done,model512-onnx,hayir,0.0,74,23,80,20,,1385.3719,0.2448,0.0003,15.9034,0.2215,0.031,16.448,16.448,olcum-onnx-tek-okuma-20260912-153715,10,8,model512-onnx,onnx,361731351703f4581f95871c26583eba760f08ed26493869cc864c8c57f55dbd,/models/model512_best.onnx,data/heridal/test/images,"gercek Celery kuyrugu; gorev fonksiyonu dogrudan cagrilmadi, isi calisan isci yapti (docker compose worker)",TASK_TIMING_LOG=/app/media/zamanlama.jsonl,0.05,3.13.1,8.4.144,0.12.6,2.14.0,2026-09-12 16:01:39,scripts/19_gercek_onnx_celery_sure.py --gorev-adi olcum-onnx-tek-okuma-20260912-153715 --kare-cikti reports/gercek_onnx_celery_sure_tek_okuma.csv --ozet-cikti reports/gercek_onnx_celery_sure_tek_okuma_ozet.csv
10,olcum-onnx-tek-okuma-20260912-153715,8,491,data/heridal/test/images/train_ZRI_3028_JPG.rf.6f2d87609e30294e48a83028d72e8e46.jpg,done,model512-onnx,hayir,0.0,76,24,80,3,,1394.916,0.3066,0.0007,15.3232,0.2119,0.0156,15.9012,15.9012,olcum-onnx-tek-okuma-20260912-153715,10,8,model512-onnx,onnx,361731351703f4581f95871c26583eba760f08ed26493869cc864c8c57f55dbd,/models/model512_best.onnx,data/heridal/test/images,"gercek Celery kuyrugu; gorev fonksiyonu dogrudan cagrilmadi, isi calisan isci yapti (docker compose worker)",TASK_TIMING_LOG=/app/media/zamanlama.jsonl,0.05,3.13.1,8.4.144,0.12.6,2.14.0,2026-09-12 16:01:39,scripts/19_gercek_onnx_celery_sure.py --gorev-adi olcum-onnx-tek-okuma-20260912-153715 --kare-cikti reports/gercek_onnx_celery_sure_tek_okuma.csv --ozet-cikti reports/gercek_onnx_celery_sure_tek_okuma_ozet.csv
10,olcum-onnx-tek-okuma-20260912-153715,8,492,data/heridal/test/images/train_ZRI_3029_JPG.rf.df6ca3b2f702815ad76cfdd43cebd8c2.jpg,done,model512-onnx,hayir,0.0,75,23,80,2,,1401.8549,0.3013,0.0003,16.3405,0.245,0.0192,16.9538,16.9539,olcum-onnx-tek-okuma-20260912-153715,10,8,model512-onnx,onnx,361731351703f4581f95871c26583eba760f08ed26493869cc864c8c57f55dbd,/models/model512_best.onnx,data/heridal/test/images,"gercek Celery kuyrugu; gorev fonksiyonu dogrudan cagrilmadi, isi calisan isci yapti (docker compose worker)",TASK_TIMING_LOG=/app/media/zamanlama.jsonl,0.05,3.13.1,8.4.144,0.12.6,2.14.0,2026-09-12 16:01:39,scripts/19_gercek_onnx_celery_sure.py --gorev-adi olcum-onnx-tek-okuma-20260912-153715 --kare-cikti reports/gercek_onnx_celery_sure_tek_okuma.csv --ozet-cikti reports/gercek_onnx_celery_sure_tek_okuma_ozet.csv
10,olcum-onnx-tek-okuma-20260912-153715,8,493,data/heridal/test/images/train_ZRI_3030_JPG.rf.cd2f9a5414e77b121e0373a683d08cff.jpg,done,model512-onnx,hayir,0.0,77,24,80,12,,1410.8501,0.2412,0.0008,12.871,0.1994,0.0175,13.3676,13.3677,olcum-onnx-tek-okuma-20260912-153715,10,8,model512-onnx,onnx,361731351703f4581f95871c26583eba760f08ed26493869cc864c8c57f55dbd,/models/model512_best.onnx,data/heridal/test/images,"gercek Celery kuyrugu; gorev fonksiyonu dogrudan cagrilmadi, isi calisan isci yapti (docker compose worker)",TASK_TIMING_LOG=/app/media/zamanlama.jsonl,0.05,3.13.1,8.4.144,0.12.6,2.14.0,2026-09-12 16:01:39,scripts/19_gercek_onnx_celery_sure.py --gorev-adi olcum-onnx-tek-okuma-20260912-153715 --kare-cikti reports/gercek_onnx_celery_sure_tek_okuma.csv --ozet-cikti reports/gercek_onnx_celery_sure_tek_okuma_ozet.csv
10,olcum-onnx-tek-okuma-20260912-153715,8,494,data/heridal/test/images/train_ZRI_3031_JPG.rf.77fb682816ff2a80876429e205b7da83.jpg,done,model512-onnx,hayir,0.0,76,23,80,20,,1418.8477,0.2971,0.0002,13.4825,0.2117,0.0245,14.0538,14.0538,olcum-onnx-tek-okuma-20260912-153715,10,8,model512-onnx,onnx,361731351703f4581f95871c26583eba760f08ed26493869cc864c8c57f55dbd,/models/model512_best.onnx,data/heridal/test/images,"gercek Celery kuyrugu; gorev fonksiyonu dogrudan cagrilmadi, isi calisan isci yapti (docker compose worker)",TASK_TIMING_LOG=/app/media/zamanlama.jsonl,0.05,3.13.1,8.4.144,0.12.6,2.14.0,2026-09-12 16:01:39,scripts/19_gercek_onnx_celery_sure.py --gorev-adi olcum-onnx-tek-okuma-20260912-153715 --kare-cikti reports/gercek_onnx_celery_sure_tek_okuma.csv --ozet-cikti reports/gercek_onnx_celery_sure_tek_okuma_ozet.csv
10,olcum-onnx-tek-okuma-20260912-153715,8,495,data/heridal/test/images/train_ZRI_3032_JPG.rf.5b893bf74c6c8d1404e9c805950090de.jpg,done,model512-onnx,hayir,0.0,78,24,80,29,,1424.2677,0.2635,0.0006,14.6003,0.2091,0.0315,15.1444,15.1444,olcum-onnx-tek-okuma-20260912-153715,10,8,model512-onnx,onnx,361731351703f4581f95871c26583eba760f08ed26493869cc864c8c57f55dbd,/models/model512_best.onnx,data/heridal/test/images,"gercek Celery kuyrugu; gorev fonksiyonu dogrudan cagrilmadi, isi calisan isci yapti (docker compose worker)",TASK_TIMING_LOG=/app/media/zamanlama.jsonl,0.05,3.13.1,8.4.144,0.12.6,2.14.0,2026-09-12 16:01:39,scripts/19_gercek_onnx_celery_sure.py --gorev-adi olcum-onnx-tek-okuma-20260912-153715 --kare-cikti reports/gercek_onnx_celery_sure_tek_okuma.csv --ozet-cikti reports/gercek_onnx_celery_sure_tek_okuma_ozet.csv
10,olcum-onnx-tek-okuma-20260912-153715,8,496,data/heridal/test/images/train_ZRI_3033_JPG.rf.061b302ec23b9197ab18d5202a0e2d2c.jpg,done,model512-onnx,hayir,0.0,77,23,80,29,,1432.9368,0.2478,0.0002,12.9538,0.2348,0.0194,13.4868,13.4868,olcum-onnx-tek-okuma-20260912-153715,10,8,model512-onnx,onnx,361731351703f4581f95871c26583eba760f08ed26493869cc864c8c57f55dbd,/models/model512_best.onnx,data/heridal/test/images,"gercek Celery kuyrugu; gorev fonksiyonu dogrudan cagrilmadi, isi calisan isci yapti (docker compose worker)",TASK_TIMING_LOG=/app/media/zamanlama.jsonl,0.05,3.13.1,8.4.144,0.12.6,2.14.0,2026-09-12 16:01:39,scripts/19_gercek_onnx_celery_sure.py --gorev-adi olcum-onnx-tek-okuma-20260912-153715 --kare-cikti reports/gercek_onnx_celery_sure_tek_okuma.csv --ozet-cikti reports/gercek_onnx_celery_sure_tek_okuma_ozet.csv
10,olcum-onnx-tek-okuma-20260912-153715,8,497,data/heridal/test/images/train_ZRI_3034_JPG.rf.cee0854389f8063b3f091fb1512b223b.jpg,done,model512-onnx,hayir,0.0,79,24,80,40,,1439.4377,0.261,0.0004,14.5661,0.1934,0.0231,15.0858,15.0858,olcum-onnx-tek-okuma-20260912-153715,10,8,model512-onnx,onnx,361731351703f4581f95871c26583eba760f08ed26493869cc864c8c57f55dbd,/models/model512_best.onnx,data/heridal/test/images,"gercek Celery kuyrugu; gorev fonksiyonu dogrudan cagrilmadi, isi calisan isci yapti (docker compose worker)",TASK_TIMING_LOG=/app/media/zamanlama.jsonl,0.05,3.13.1,8.4.144,0.12.6,2.14.0,2026-09-12 16:01:39,scripts/19_gercek_onnx_celery_sure.py --gorev-adi olcum-onnx-tek-okuma-20260912-153715 --kare-cikti reports/gercek_onnx_celery_sure_tek_okuma.csv --ozet-cikti reports/gercek_onnx_celery_sure_tek_okuma_ozet.csv
10,olcum-onnx-tek-okuma-20260912-153715,8,498,data/heridal/test/images/train_ZRI_3035_JPG.rf.200735874c12e560a2d58814a77819f8.jpg,done,model512-onnx,hayir,0.0,78,23,80,39,,1446.4497,0.2538,0.0002,9.3125,0.1788,0.01,9.7925,9.7925,olcum-onnx-tek-okuma-20260912-153715,10,8,model512-onnx,onnx,361731351703f4581f95871c26583eba760f08ed26493869cc864c8c57f55dbd,/models/model512_best.onnx,data/heridal/test/images,"gercek Celery kuyrugu; gorev fonksiyonu dogrudan cagrilmadi, isi calisan isci yapti (docker compose worker)",TASK_TIMING_LOG=/app/media/zamanlama.jsonl,0.05,3.13.1,8.4.144,0.12.6,2.14.0,2026-09-12 16:01:39,scripts/19_gercek_onnx_celery_sure.py --gorev-adi olcum-onnx-tek-okuma-20260912-153715 --kare-cikti reports/gercek_onnx_celery_sure_tek_okuma.csv --ozet-cikti reports/gercek_onnx_celery_sure_tek_okuma_ozet.csv
