gorev_id,gorev_adi,kosu_id,frame_id,goreli_goruntu_yolu,frame_durumu,model_surumu,soguk_baslangic,oturum_kurulum_suresi,surec_kare_sirasi,karo_sayisi,tespit_sayisi,hata_sinifi,kuyruk_bekleme,goruntu_okuma,karolama,onnx_cikarim,nms_koordinat,db_yazma,frame_toplam,uctan_uca_sure,kosu_gorev_adi,kosu_gorev_id,kosu_kosu_id,kosu_model_surumu,kosu_model_cercevesi,kosu_onnx_sha256,kosu_onnx_model_yolu,kosu_goruntu_dizini,kosu_olcum_yolu,kosu_olcum_secenegi,kosu_store_floor,kosu_surum_python,kosu_surum_ultralytics,kosu_surum_sahi,kosu_surum_torch,kosu_tarih,kosu_komut
7,olcum-onnx-sure-20260912-142859,5,177,data/heridal/test/images/test_ZRI_0004_JPG.rf.e913f73a55a644ae9b3e440de80f749d.jpg,done,model512-onnx,evet,0.0721,1,80,44,,0.2179,11.0806,0.1334,18.0256,0.5621,0.0485,29.8992,29.8993,olcum-onnx-sure-20260912-142859,7,5,model512-onnx,onnx,361731351703f4581f95871c26583eba760f08ed26493869cc864c8c57f55dbd,/models/model512_best.onnx,data/heridal/test/images,"gercek Celery kuyrugu; gorev fonksiyonu dogrudan cagrilmadi, isi calisan isci yapti (docker compose worker)",TASK_TIMING_LOG=/app/media/zamanlama.jsonl,0.05,3.13.1,8.4.144,0.12.6,2.14.0,2026-09-12 14:56:27,scripts/19_gercek_onnx_celery_sure.py
7,olcum-onnx-sure-20260912-142859,5,178,data/heridal/test/images/train_VRD_3055_JPG.rf.7d8b8bddf264b906d9c5f871a81f65dd.jpg,done,model512-onnx,evet,0.1077,1,80,0,,0.3427,19.5873,0.164,17.0597,0.5162,0.0272,37.3691,37.3692,olcum-onnx-sure-20260912-142859,7,5,model512-onnx,onnx,361731351703f4581f95871c26583eba760f08ed26493869cc864c8c57f55dbd,/models/model512_best.onnx,data/heridal/test/images,"gercek Celery kuyrugu; gorev fonksiyonu dogrudan cagrilmadi, isi calisan isci yapti (docker compose worker)",TASK_TIMING_LOG=/app/media/zamanlama.jsonl,0.05,3.13.1,8.4.144,0.12.6,2.14.0,2026-09-12 14:56:27,scripts/19_gercek_onnx_celery_sure.py
7,olcum-onnx-sure-20260912-142859,5,179,data/heridal/test/images/train_VRD_3056_JPG.rf.85cad2c23ad4c769419e21969be619b9.jpg,done,model512-onnx,hayir,0.0,2,80,0,,30.3268,15.5502,0.0001,11.7681,0.4361,0.0344,27.9148,27.9149,olcum-onnx-sure-20260912-142859,7,5,model512-onnx,onnx,361731351703f4581f95871c26583eba760f08ed26493869cc864c8c57f55dbd,/models/model512_best.onnx,data/heridal/test/images,"gercek Celery kuyrugu; gorev fonksiyonu dogrudan cagrilmadi, isi calisan isci yapti (docker compose worker)",TASK_TIMING_LOG=/app/media/zamanlama.jsonl,0.05,3.13.1,8.4.144,0.12.6,2.14.0,2026-09-12 14:56:27,scripts/19_gercek_onnx_celery_sure.py
7,olcum-onnx-sure-20260912-142859,5,180,data/heridal/test/images/train_VRD_3057_JPG.rf.f86d02baf33b278e7ef0cdc4bc73d0a9.jpg,done,model512-onnx,hayir,0.0,2,80,0,,37.7344,14.6666,0.0001,13.6722,0.5045,0.024,28.8818,28.8819,olcum-onnx-sure-20260912-142859,7,5,model512-onnx,onnx,361731351703f4581f95871c26583eba760f08ed26493869cc864c8c57f55dbd,/models/model512_best.onnx,data/heridal/test/images,"gercek Celery kuyrugu; gorev fonksiyonu dogrudan cagrilmadi, isi calisan isci yapti (docker compose worker)",TASK_TIMING_LOG=/app/media/zamanlama.jsonl,0.05,3.13.1,8.4.144,0.12.6,2.14.0,2026-09-12 14:56:27,scripts/19_gercek_onnx_celery_sure.py
7,olcum-onnx-sure-20260912-142859,5,181,data/heridal/test/images/train_VRD_3058_JPG.rf.710ef627937d5c49e259cb163061ae33.jpg,done,model512-onnx,hayir,0.0,3,80,0,,58.2553,14.506,0.0002,11.2163,0.3818,0.0229,26.1534,26.1534,olcum-onnx-sure-20260912-142859,7,5,model512-onnx,onnx,361731351703f4581f95871c26583eba760f08ed26493869cc864c8c57f55dbd,/models/model512_best.onnx,data/heridal/test/images,"gercek Celery kuyrugu; gorev fonksiyonu dogrudan cagrilmadi, isi calisan isci yapti (docker compose worker)",TASK_TIMING_LOG=/app/media/zamanlama.jsonl,0.05,3.13.1,8.4.144,0.12.6,2.14.0,2026-09-12 14:56:27,scripts/19_gercek_onnx_celery_sure.py
7,olcum-onnx-sure-20260912-142859,5,182,data/heridal/test/images/train_VRD_3059_JPG.rf.78cad432e65d7941f11b7dd4e904eb5f.jpg,done,model512-onnx,hayir,0.0,3,80,1,,66.6356,14.314,0.0001,11.7878,0.4355,0.0096,26.561,26.561,olcum-onnx-sure-20260912-142859,7,5,model512-onnx,onnx,361731351703f4581f95871c26583eba760f08ed26493869cc864c8c57f55dbd,/models/model512_best.onnx,data/heridal/test/images,"gercek Celery kuyrugu; gorev fonksiyonu dogrudan cagrilmadi, isi calisan isci yapti (docker compose worker)",TASK_TIMING_LOG=/app/media/zamanlama.jsonl,0.05,3.13.1,8.4.144,0.12.6,2.14.0,2026-09-12 14:56:27,scripts/19_gercek_onnx_celery_sure.py
7,olcum-onnx-sure-20260912-142859,5,183,data/heridal/test/images/train_VRD_3061_JPG.rf.3be6b1547def39345610baf26c4570e8.jpg,done,model512-onnx,hayir,0.0,4,80,0,,84.4744,14.6154,0.0001,13.1522,0.5498,0.0187,28.3654,28.3655,olcum-onnx-sure-20260912-142859,7,5,model512-onnx,onnx,361731351703f4581f95871c26583eba760f08ed26493869cc864c8c57f55dbd,/models/model512_best.onnx,data/heridal/test/images,"gercek Celery kuyrugu; gorev fonksiyonu dogrudan cagrilmadi, isi calisan isci yapti (docker compose worker)",TASK_TIMING_LOG=/app/media/zamanlama.jsonl,0.05,3.13.1,8.4.144,0.12.6,2.14.0,2026-09-12 14:56:27,scripts/19_gercek_onnx_celery_sure.py
7,olcum-onnx-sure-20260912-142859,5,184,data/heridal/test/images/train_VRD_3062_JPG.rf.c7763470dd8621a18525ba51c08e6abe.jpg,done,model512-onnx,hayir,0.0,4,80,2,,93.2047,14.7605,0.0001,12.9322,0.3786,0.0164,28.107,28.1071,olcum-onnx-sure-20260912-142859,7,5,model512-onnx,onnx,361731351703f4581f95871c26583eba760f08ed26493869cc864c8c57f55dbd,/models/model512_best.onnx,data/heridal/test/images,"gercek Celery kuyrugu; gorev fonksiyonu dogrudan cagrilmadi, isi calisan isci yapti (docker compose worker)",TASK_TIMING_LOG=/app/media/zamanlama.jsonl,0.05,3.13.1,8.4.144,0.12.6,2.14.0,2026-09-12 14:56:27,scripts/19_gercek_onnx_celery_sure.py
7,olcum-onnx-sure-20260912-142859,5,185,data/heridal/test/images/train_VRD_3063_JPG.rf.9fa84c4cacfdbcf9ea5e80ac5d4a9928.jpg,done,model512-onnx,hayir,0.0,5,80,1,,112.8606,15.5992,0.0002,12.2439,0.3895,0.026,28.2732,28.2733,olcum-onnx-sure-20260912-142859,7,5,model512-onnx,onnx,361731351703f4581f95871c26583eba760f08ed26493869cc864c8c57f55dbd,/models/model512_best.onnx,data/heridal/test/images,"gercek Celery kuyrugu; gorev fonksiyonu dogrudan cagrilmadi, isi calisan isci yapti (docker compose worker)",TASK_TIMING_LOG=/app/media/zamanlama.jsonl,0.05,3.13.1,8.4.144,0.12.6,2.14.0,2026-09-12 14:56:27,scripts/19_gercek_onnx_celery_sure.py
7,olcum-onnx-sure-20260912-142859,5,186,data/heridal/test/images/train_VRD_3064_JPG.rf.a3264a41566e7502902096b0c80661b5.jpg,done,model512-onnx,hayir,0.0,5,80,0,,121.3268,15.4007,0.0001,11.6631,0.4517,0.006,27.5343,27.5343,olcum-onnx-sure-20260912-142859,7,5,model512-onnx,onnx,361731351703f4581f95871c26583eba760f08ed26493869cc864c8c57f55dbd,/models/model512_best.onnx,data/heridal/test/images,"gercek Celery kuyrugu; gorev fonksiyonu dogrudan cagrilmadi, isi calisan isci yapti (docker compose worker)",TASK_TIMING_LOG=/app/media/zamanlama.jsonl,0.05,3.13.1,8.4.144,0.12.6,2.14.0,2026-09-12 14:56:27,scripts/19_gercek_onnx_celery_sure.py
7,olcum-onnx-sure-20260912-142859,5,187,data/heridal/test/images/train_VRD_3065_JPG.rf.b2c5375c41d5f86e4fa5593a6a68844f.jpg,done,model512-onnx,hayir,0.0,6,80,0,,141.1423,15.9672,0.0001,12.3085,0.4034,0.023,28.7301,28.7301,olcum-onnx-sure-20260912-142859,7,5,model512-onnx,onnx,361731351703f4581f95871c26583eba760f08ed26493869cc864c8c57f55dbd,/models/model512_best.onnx,data/heridal/test/images,"gercek Celery kuyrugu; gorev fonksiyonu dogrudan cagrilmadi, isi calisan isci yapti (docker compose worker)",TASK_TIMING_LOG=/app/media/zamanlama.jsonl,0.05,3.13.1,8.4.144,0.12.6,2.14.0,2026-09-12 14:56:27,scripts/19_gercek_onnx_celery_sure.py
7,olcum-onnx-sure-20260912-142859,5,188,data/heridal/test/images/train_VRD_3066_JPG.rf.05a12306e82cb14ed88911b9a335c5aa.jpg,done,model512-onnx,hayir,0.0,6,80,1,,148.8722,15.7525,0.0001,12.4619,0.4548,0.0122,28.6945,28.6946,olcum-onnx-sure-20260912-142859,7,5,model512-onnx,onnx,361731351703f4581f95871c26583eba760f08ed26493869cc864c8c57f55dbd,/models/model512_best.onnx,data/heridal/test/images,"gercek Celery kuyrugu; gorev fonksiyonu dogrudan cagrilmadi, isi calisan isci yapti (docker compose worker)",TASK_TIMING_LOG=/app/media/zamanlama.jsonl,0.05,3.13.1,8.4.144,0.12.6,2.14.0,2026-09-12 14:56:27,scripts/19_gercek_onnx_celery_sure.py
7,olcum-onnx-sure-20260912-142859,5,189,data/heridal/test/images/train_VRD_3067_JPG.rf.966d4d0e9adb57954394f085653cd1be.jpg,done,model512-onnx,hayir,0.0,7,80,2,,169.8706,15.1679,0.0001,13.3472,0.4871,0.028,29.067,29.067,olcum-onnx-sure-20260912-142859,7,5,model512-onnx,onnx,361731351703f4581f95871c26583eba760f08ed26493869cc864c8c57f55dbd,/models/model512_best.onnx,data/heridal/test/images,"gercek Celery kuyrugu; gorev fonksiyonu dogrudan cagrilmadi, isi calisan isci yapti (docker compose worker)",TASK_TIMING_LOG=/app/media/zamanlama.jsonl,0.05,3.13.1,8.4.144,0.12.6,2.14.0,2026-09-12 14:56:27,scripts/19_gercek_onnx_celery_sure.py
7,olcum-onnx-sure-20260912-142859,5,190,data/heridal/test/images/train_VRD_3068_JPG.rf.037ab67223e871ad9716e9aab2f4a197.jpg,done,model512-onnx,hayir,0.0,7,80,2,,177.6306,15.1051,0.0001,12.465,0.5144,0.0241,28.2255,28.2255,olcum-onnx-sure-20260912-142859,7,5,model512-onnx,onnx,361731351703f4581f95871c26583eba760f08ed26493869cc864c8c57f55dbd,/models/model512_best.onnx,data/heridal/test/images,"gercek Celery kuyrugu; gorev fonksiyonu dogrudan cagrilmadi, isi calisan isci yapti (docker compose worker)",TASK_TIMING_LOG=/app/media/zamanlama.jsonl,0.05,3.13.1,8.4.144,0.12.6,2.14.0,2026-09-12 14:56:27,scripts/19_gercek_onnx_celery_sure.py
7,olcum-onnx-sure-20260912-142859,5,191,data/heridal/test/images/train_VRD_3069_JPG.rf.04e8853d8c5e69c0c7602c01d1ac2079.jpg,done,model512-onnx,hayir,0.0,8,80,2,,199.0225,15.3661,0.0,12.6627,0.4015,0.0171,28.5007,28.5007,olcum-onnx-sure-20260912-142859,7,5,model512-onnx,onnx,361731351703f4581f95871c26583eba760f08ed26493869cc864c8c57f55dbd,/models/model512_best.onnx,data/heridal/test/images,"gercek Celery kuyrugu; gorev fonksiyonu dogrudan cagrilmadi, isi calisan isci yapti (docker compose worker)",TASK_TIMING_LOG=/app/media/zamanlama.jsonl,0.05,3.13.1,8.4.144,0.12.6,2.14.0,2026-09-12 14:56:27,scripts/19_gercek_onnx_celery_sure.py
7,olcum-onnx-sure-20260912-142859,5,192,data/heridal/test/images/train_VRD_3071_JPG.rf.a59713557794b2002fbb4e9b7abcd243.jpg,done,model512-onnx,hayir,0.0,8,80,0,,205.8215,14.767,0.0,12.5122,0.573,0.019,27.8876,27.8876,olcum-onnx-sure-20260912-142859,7,5,model512-onnx,onnx,361731351703f4581f95871c26583eba760f08ed26493869cc864c8c57f55dbd,/models/model512_best.onnx,data/heridal/test/images,"gercek Celery kuyrugu; gorev fonksiyonu dogrudan cagrilmadi, isi calisan isci yapti (docker compose worker)",TASK_TIMING_LOG=/app/media/zamanlama.jsonl,0.05,3.13.1,8.4.144,0.12.6,2.14.0,2026-09-12 14:56:27,scripts/19_gercek_onnx_celery_sure.py
7,olcum-onnx-sure-20260912-142859,5,193,data/heridal/test/images/train_VRD_3072_JPG.rf.06fc39e31769eaf6b500190ce6ad0525.jpg,done,model512-onnx,hayir,0.0,9,80,0,,227.5246,14.73,0.0001,11.1878,0.3854,0.0113,26.3308,26.3308,olcum-onnx-sure-20260912-142859,7,5,model512-onnx,onnx,361731351703f4581f95871c26583eba760f08ed26493869cc864c8c57f55dbd,/models/model512_best.onnx,data/heridal/test/images,"gercek Celery kuyrugu; gorev fonksiyonu dogrudan cagrilmadi, isi calisan isci yapti (docker compose worker)",TASK_TIMING_LOG=/app/media/zamanlama.jsonl,0.05,3.13.1,8.4.144,0.12.6,2.14.0,2026-09-12 14:56:27,scripts/19_gercek_onnx_celery_sure.py
7,olcum-onnx-sure-20260912-142859,5,194,data/heridal/test/images/train_VRD_3073_JPG.rf.917c0804f5f988631aaf9e03cbc4eeb7.jpg,done,model512-onnx,hayir,0.0,9,80,0,,233.7546,13.8953,0.0001,11.4591,0.4157,0.0137,25.8516,25.8516,olcum-onnx-sure-20260912-142859,7,5,model512-onnx,onnx,361731351703f4581f95871c26583eba760f08ed26493869cc864c8c57f55dbd,/models/model512_best.onnx,data/heridal/test/images,"gercek Celery kuyrugu; gorev fonksiyonu dogrudan cagrilmadi, isi calisan isci yapti (docker compose worker)",TASK_TIMING_LOG=/app/media/zamanlama.jsonl,0.05,3.13.1,8.4.144,0.12.6,2.14.0,2026-09-12 14:56:27,scripts/19_gercek_onnx_celery_sure.py
7,olcum-onnx-sure-20260912-142859,5,195,data/heridal/test/images/train_VRD_3074_JPG.rf.1a2388ee72a44eb66a0b51ea7a9988fb.jpg,done,model512-onnx,hayir,0.0,10,80,0,,253.8628,12.2748,0.0001,9.6269,0.4083,0.0118,22.3341,22.3341,olcum-onnx-sure-20260912-142859,7,5,model512-onnx,onnx,361731351703f4581f95871c26583eba760f08ed26493869cc864c8c57f55dbd,/models/model512_best.onnx,data/heridal/test/images,"gercek Celery kuyrugu; gorev fonksiyonu dogrudan cagrilmadi, isi calisan isci yapti (docker compose worker)",TASK_TIMING_LOG=/app/media/zamanlama.jsonl,0.05,3.13.1,8.4.144,0.12.6,2.14.0,2026-09-12 14:56:27,scripts/19_gercek_onnx_celery_sure.py
7,olcum-onnx-sure-20260912-142859,5,196,data/heridal/test/images/train_VRD_3075_JPG.rf.7f77052a1776964fe9df6adf76396b06.jpg,done,model512-onnx,hayir,0.0,10,80,0,,259.5809,13.0664,0.0,9.4389,0.3219,0.0071,22.85,22.85,olcum-onnx-sure-20260912-142859,7,5,model512-onnx,onnx,361731351703f4581f95871c26583eba760f08ed26493869cc864c8c57f55dbd,/models/model512_best.onnx,data/heridal/test/images,"gercek Celery kuyrugu; gorev fonksiyonu dogrudan cagrilmadi, isi calisan isci yapti (docker compose worker)",TASK_TIMING_LOG=/app/media/zamanlama.jsonl,0.05,3.13.1,8.4.144,0.12.6,2.14.0,2026-09-12 14:56:27,scripts/19_gercek_onnx_celery_sure.py
7,olcum-onnx-sure-20260912-142859,5,197,data/heridal/test/images/train_VRD_3076_JPG.rf.cbd10ccb467fa6b6ba337d667d368063.jpg,done,model512-onnx,hayir,0.0,11,80,0,,276.2312,13.1334,0.0001,8.6031,0.3435,0.0194,22.1309,22.1309,olcum-onnx-sure-20260912-142859,7,5,model512-onnx,onnx,361731351703f4581f95871c26583eba760f08ed26493869cc864c8c57f55dbd,/models/model512_best.onnx,data/heridal/test/images,"gercek Celery kuyrugu; gorev fonksiyonu dogrudan cagrilmadi, isi calisan isci yapti (docker compose worker)",TASK_TIMING_LOG=/app/media/zamanlama.jsonl,0.05,3.13.1,8.4.144,0.12.6,2.14.0,2026-09-12 14:56:27,scripts/19_gercek_onnx_celery_sure.py
7,olcum-onnx-sure-20260912-142859,5,198,data/heridal/test/images/train_VRD_3077_JPG.rf.69bd8561b804b154d7c4b7d1c8858ef6.jpg,done,model512-onnx,hayir,0.0,11,80,0,,282.4483,12.5066,0.0001,8.3845,0.3592,0.0088,21.2787,21.2787,olcum-onnx-sure-20260912-142859,7,5,model512-onnx,onnx,361731351703f4581f95871c26583eba760f08ed26493869cc864c8c57f55dbd,/models/model512_best.onnx,data/heridal/test/images,"gercek Celery kuyrugu; gorev fonksiyonu dogrudan cagrilmadi, isi calisan isci yapti (docker compose worker)",TASK_TIMING_LOG=/app/media/zamanlama.jsonl,0.05,3.13.1,8.4.144,0.12.6,2.14.0,2026-09-12 14:56:27,scripts/19_gercek_onnx_celery_sure.py
7,olcum-onnx-sure-20260912-142859,5,199,data/heridal/test/images/train_VRD_3078_JPG.rf.8544dd75348329374f1b7e6fb35da7e9.jpg,done,model512-onnx,hayir,0.0,12,80,1,,298.3569,12.3807,0.0001,7.8413,0.3852,0.0162,20.6726,20.6727,olcum-onnx-sure-20260912-142859,7,5,model512-onnx,onnx,361731351703f4581f95871c26583eba760f08ed26493869cc864c8c57f55dbd,/models/model512_best.onnx,data/heridal/test/images,"gercek Celery kuyrugu; gorev fonksiyonu dogrudan cagrilmadi, isi calisan isci yapti (docker compose worker)",TASK_TIMING_LOG=/app/media/zamanlama.jsonl,0.05,3.13.1,8.4.144,0.12.6,2.14.0,2026-09-12 14:56:27,scripts/19_gercek_onnx_celery_sure.py
7,olcum-onnx-sure-20260912-142859,5,200,data/heridal/test/images/train_VRD_3080_JPG.rf.65c69a6ced7e067f983604965fc02362.jpg,done,model512-onnx,hayir,0.0,12,80,0,,303.7548,12.3098,0.0001,7.9147,0.351,0.0094,20.632,20.6321,olcum-onnx-sure-20260912-142859,7,5,model512-onnx,onnx,361731351703f4581f95871c26583eba760f08ed26493869cc864c8c57f55dbd,/models/model512_best.onnx,data/heridal/test/images,"gercek Celery kuyrugu; gorev fonksiyonu dogrudan cagrilmadi, isi calisan isci yapti (docker compose worker)",TASK_TIMING_LOG=/app/media/zamanlama.jsonl,0.05,3.13.1,8.4.144,0.12.6,2.14.0,2026-09-12 14:56:27,scripts/19_gercek_onnx_celery_sure.py
7,olcum-onnx-sure-20260912-142859,5,201,data/heridal/test/images/train_VRD_3081_JPG.rf.7a7c184e0287b3d9a8af06cd33b0a89e.jpg,done,model512-onnx,hayir,0.0,13,80,1,,319.0321,11.4359,0.0,7.6593,0.342,0.0132,19.463,19.463,olcum-onnx-sure-20260912-142859,7,5,model512-onnx,onnx,361731351703f4581f95871c26583eba760f08ed26493869cc864c8c57f55dbd,/models/model512_best.onnx,data/heridal/test/images,"gercek Celery kuyrugu; gorev fonksiyonu dogrudan cagrilmadi, isi calisan isci yapti (docker compose worker)",TASK_TIMING_LOG=/app/media/zamanlama.jsonl,0.05,3.13.1,8.4.144,0.12.6,2.14.0,2026-09-12 14:56:27,scripts/19_gercek_onnx_celery_sure.py
7,olcum-onnx-sure-20260912-142859,5,202,data/heridal/test/images/train_VRD_3082_JPG.rf.bc32984470d6b81e6cda05017ace1730.jpg,done,model512-onnx,hayir,0.0,13,80,2,,324.3887,12.0358,0.0001,7.2632,0.3348,0.0202,19.6682,19.6682,olcum-onnx-sure-20260912-142859,7,5,model512-onnx,onnx,361731351703f4581f95871c26583eba760f08ed26493869cc864c8c57f55dbd,/models/model512_best.onnx,data/heridal/test/images,"gercek Celery kuyrugu; gorev fonksiyonu dogrudan cagrilmadi, isi calisan isci yapti (docker compose worker)",TASK_TIMING_LOG=/app/media/zamanlama.jsonl,0.05,3.13.1,8.4.144,0.12.6,2.14.0,2026-09-12 14:56:27,scripts/19_gercek_onnx_celery_sure.py
7,olcum-onnx-sure-20260912-142859,5,203,data/heridal/test/images/train_VRD_3083_JPG.rf.8af8b7ba2f81349640d3de9849199918.jpg,done,model512-onnx,hayir,0.0,14,80,2,,338.5046,11.3325,0.0001,7.8383,0.3487,0.0118,19.5439,19.5439,olcum-onnx-sure-20260912-142859,7,5,model512-onnx,onnx,361731351703f4581f95871c26583eba760f08ed26493869cc864c8c57f55dbd,/models/model512_best.onnx,data/heridal/test/images,"gercek Celery kuyrugu; gorev fonksiyonu dogrudan cagrilmadi, isi calisan isci yapti (docker compose worker)",TASK_TIMING_LOG=/app/media/zamanlama.jsonl,0.05,3.13.1,8.4.144,0.12.6,2.14.0,2026-09-12 14:56:27,scripts/19_gercek_onnx_celery_sure.py
7,olcum-onnx-sure-20260912-142859,5,204,data/heridal/test/images/train_VRD_3085_JPG.rf.1d6c6e8846eb0d17d57f80cd4adfc4cf.jpg,done,model512-onnx,hayir,0.0,14,80,2,,344.0619,11.2149,0.0,7.1932,0.3372,0.0215,18.7789,18.779,olcum-onnx-sure-20260912-142859,7,5,model512-onnx,onnx,361731351703f4581f95871c26583eba760f08ed26493869cc864c8c57f55dbd,/models/model512_best.onnx,data/heridal/test/images,"gercek Celery kuyrugu; gorev fonksiyonu dogrudan cagrilmadi, isi calisan isci yapti (docker compose worker)",TASK_TIMING_LOG=/app/media/zamanlama.jsonl,0.05,3.13.1,8.4.144,0.12.6,2.14.0,2026-09-12 14:56:27,scripts/19_gercek_onnx_celery_sure.py
7,olcum-onnx-sure-20260912-142859,5,205,data/heridal/test/images/train_VRD_3087_JPG.rf.77189923102c093b565f5ac08703611b.jpg,done,model512-onnx,hayir,0.0,15,80,2,,358.0651,11.2302,0.0001,7.5497,0.3611,0.0183,19.2032,19.2032,olcum-onnx-sure-20260912-142859,7,5,model512-onnx,onnx,361731351703f4581f95871c26583eba760f08ed26493869cc864c8c57f55dbd,/models/model512_best.onnx,data/heridal/test/images,"gercek Celery kuyrugu; gorev fonksiyonu dogrudan cagrilmadi, isi calisan isci yapti (docker compose worker)",TASK_TIMING_LOG=/app/media/zamanlama.jsonl,0.05,3.13.1,8.4.144,0.12.6,2.14.0,2026-09-12 14:56:27,scripts/19_gercek_onnx_celery_sure.py
7,olcum-onnx-sure-20260912-142859,5,206,data/heridal/test/images/train_VRD_3088_JPG.rf.4a825a8a092605758bec2c83c0d3fb41.jpg,done,model512-onnx,hayir,0.0,15,80,4,,362.8455,11.1624,0.0,7.7496,0.3489,0.0066,19.2785,19.2786,olcum-onnx-sure-20260912-142859,7,5,model512-onnx,onnx,361731351703f4581f95871c26583eba760f08ed26493869cc864c8c57f55dbd,/models/model512_best.onnx,data/heridal/test/images,"gercek Celery kuyrugu; gorev fonksiyonu dogrudan cagrilmadi, isi calisan isci yapti (docker compose worker)",TASK_TIMING_LOG=/app/media/zamanlama.jsonl,0.05,3.13.1,8.4.144,0.12.6,2.14.0,2026-09-12 14:56:27,scripts/19_gercek_onnx_celery_sure.py
7,olcum-onnx-sure-20260912-142859,5,207,data/heridal/test/images/train_VRD_3090_JPG.rf.aae703cf6571719c2137410a8c314c47.jpg,done,model512-onnx,hayir,0.0,16,80,18,,377.2658,11.1804,0.0,8.5266,0.403,0.0187,20.1397,20.1398,olcum-onnx-sure-20260912-142859,7,5,model512-onnx,onnx,361731351703f4581f95871c26583eba760f08ed26493869cc864c8c57f55dbd,/models/model512_best.onnx,data/heridal/test/images,"gercek Celery kuyrugu; gorev fonksiyonu dogrudan cagrilmadi, isi calisan isci yapti (docker compose worker)",TASK_TIMING_LOG=/app/media/zamanlama.jsonl,0.05,3.13.1,8.4.144,0.12.6,2.14.0,2026-09-12 14:56:27,scripts/19_gercek_onnx_celery_sure.py
7,olcum-onnx-sure-20260912-142859,5,208,data/heridal/test/images/train_VRD_3091_JPG.rf.b2431f4f88816d9458553448073861a7.jpg,done,model512-onnx,hayir,0.0,16,80,3,,382.1299,11.4261,0.0001,8.4426,0.3516,0.0317,20.2678,20.2678,olcum-onnx-sure-20260912-142859,7,5,model512-onnx,onnx,361731351703f4581f95871c26583eba760f08ed26493869cc864c8c57f55dbd,/models/model512_best.onnx,data/heridal/test/images,"gercek Celery kuyrugu; gorev fonksiyonu dogrudan cagrilmadi, isi calisan isci yapti (docker compose worker)",TASK_TIMING_LOG=/app/media/zamanlama.jsonl,0.05,3.13.1,8.4.144,0.12.6,2.14.0,2026-09-12 14:56:27,scripts/19_gercek_onnx_celery_sure.py
7,olcum-onnx-sure-20260912-142859,5,209,data/heridal/test/images/train_VRD_3092_JPG.rf.b9c69f37389a1473f41b1882be71f72b.jpg,done,model512-onnx,hayir,0.0,17,80,1,,397.4112,12.1304,0.0,7.6977,0.325,0.0096,20.1733,20.1733,olcum-onnx-sure-20260912-142859,7,5,model512-onnx,onnx,361731351703f4581f95871c26583eba760f08ed26493869cc864c8c57f55dbd,/models/model512_best.onnx,data/heridal/test/images,"gercek Celery kuyrugu; gorev fonksiyonu dogrudan cagrilmadi, isi calisan isci yapti (docker compose worker)",TASK_TIMING_LOG=/app/media/zamanlama.jsonl,0.05,3.13.1,8.4.144,0.12.6,2.14.0,2026-09-12 14:56:27,scripts/19_gercek_onnx_celery_sure.py
7,olcum-onnx-sure-20260912-142859,5,210,data/heridal/test/images/train_VRD_3093_JPG.rf.383fb34adf6c2d01dbf36fbeca0343fa.jpg,done,model512-onnx,hayir,0.0,17,80,0,,402.4532,11.2035,0.0,8.2621,0.4245,0.0159,19.9226,19.9226,olcum-onnx-sure-20260912-142859,7,5,model512-onnx,onnx,361731351703f4581f95871c26583eba760f08ed26493869cc864c8c57f55dbd,/models/model512_best.onnx,data/heridal/test/images,"gercek Celery kuyrugu; gorev fonksiyonu dogrudan cagrilmadi, isi calisan isci yapti (docker compose worker)",TASK_TIMING_LOG=/app/media/zamanlama.jsonl,0.05,3.13.1,8.4.144,0.12.6,2.14.0,2026-09-12 14:56:27,scripts/19_gercek_onnx_celery_sure.py
7,olcum-onnx-sure-20260912-142859,5,211,data/heridal/test/images/train_VRD_3094_JPG.rf.938850bbe10ccd22c932a807a494b757.jpg,done,model512-onnx,hayir,0.0,18,80,1,,417.5977,11.7544,0.0,7.8315,0.3406,0.0173,19.9543,19.9544,olcum-onnx-sure-20260912-142859,7,5,model512-onnx,onnx,361731351703f4581f95871c26583eba760f08ed26493869cc864c8c57f55dbd,/models/model512_best.onnx,data/heridal/test/images,"gercek Celery kuyrugu; gorev fonksiyonu dogrudan cagrilmadi, isi calisan isci yapti (docker compose worker)",TASK_TIMING_LOG=/app/media/zamanlama.jsonl,0.05,3.13.1,8.4.144,0.12.6,2.14.0,2026-09-12 14:56:27,scripts/19_gercek_onnx_celery_sure.py
7,olcum-onnx-sure-20260912-142859,5,212,data/heridal/test/images/train_VRD_3095_JPG.rf.5379df8b29d8fbfac17f873f76d42e3f.jpg,done,model512-onnx,hayir,0.0,18,80,2,,422.3764,10.8056,0.0,8.1693,0.3437,0.0085,19.3387,19.3387,olcum-onnx-sure-20260912-142859,7,5,model512-onnx,onnx,361731351703f4581f95871c26583eba760f08ed26493869cc864c8c57f55dbd,/models/model512_best.onnx,data/heridal/test/images,"gercek Celery kuyrugu; gorev fonksiyonu dogrudan cagrilmadi, isi calisan isci yapti (docker compose worker)",TASK_TIMING_LOG=/app/media/zamanlama.jsonl,0.05,3.13.1,8.4.144,0.12.6,2.14.0,2026-09-12 14:56:27,scripts/19_gercek_onnx_celery_sure.py
7,olcum-onnx-sure-20260912-142859,5,213,data/heridal/test/images/train_VRD_3096_JPG.rf.1f45f33e005fb2d99c61b67d687d00b4.jpg,done,model512-onnx,hayir,0.0,19,80,9,,437.5939,11.056,0.0,8.5283,0.3484,0.0112,19.9645,19.9645,olcum-onnx-sure-20260912-142859,7,5,model512-onnx,onnx,361731351703f4581f95871c26583eba760f08ed26493869cc864c8c57f55dbd,/models/model512_best.onnx,data/heridal/test/images,"gercek Celery kuyrugu; gorev fonksiyonu dogrudan cagrilmadi, isi calisan isci yapti (docker compose worker)",TASK_TIMING_LOG=/app/media/zamanlama.jsonl,0.05,3.13.1,8.4.144,0.12.6,2.14.0,2026-09-12 14:56:27,scripts/19_gercek_onnx_celery_sure.py
7,olcum-onnx-sure-20260912-142859,5,214,data/heridal/test/images/train_VRD_3097_JPG.rf.f8d2643399443f294c99f42f9f55d227.jpg,done,model512-onnx,hayir,0.0,19,80,2,,441.7588,11.2168,0.0001,7.6051,0.3429,0.0111,19.2156,19.2156,olcum-onnx-sure-20260912-142859,7,5,model512-onnx,onnx,361731351703f4581f95871c26583eba760f08ed26493869cc864c8c57f55dbd,/models/model512_best.onnx,data/heridal/test/images,"gercek Celery kuyrugu; gorev fonksiyonu dogrudan cagrilmadi, isi calisan isci yapti (docker compose worker)",TASK_TIMING_LOG=/app/media/zamanlama.jsonl,0.05,3.13.1,8.4.144,0.12.6,2.14.0,2026-09-12 14:56:27,scripts/19_gercek_onnx_celery_sure.py
7,olcum-onnx-sure-20260912-142859,5,215,data/heridal/test/images/train_VRD_3098_JPG.rf.201ddcde3a527d59604701647772ea1c.jpg,done,model512-onnx,hayir,0.0,20,80,9,,457.5592,11.6212,0.0,7.5476,0.3376,0.0172,19.537,19.537,olcum-onnx-sure-20260912-142859,7,5,model512-onnx,onnx,361731351703f4581f95871c26583eba760f08ed26493869cc864c8c57f55dbd,/models/model512_best.onnx,data/heridal/test/images,"gercek Celery kuyrugu; gorev fonksiyonu dogrudan cagrilmadi, isi calisan isci yapti (docker compose worker)",TASK_TIMING_LOG=/app/media/zamanlama.jsonl,0.05,3.13.1,8.4.144,0.12.6,2.14.0,2026-09-12 14:56:27,scripts/19_gercek_onnx_celery_sure.py
7,olcum-onnx-sure-20260912-142859,5,216,data/heridal/test/images/train_VRD_3100_JPG.rf.3beba408a58b03a32b6f773893e86f7f.jpg,done,model512-onnx,hayir,0.0,20,80,3,,460.9678,11.6053,0.0001,7.262,0.3362,0.0409,19.2599,19.2599,olcum-onnx-sure-20260912-142859,7,5,model512-onnx,onnx,361731351703f4581f95871c26583eba760f08ed26493869cc864c8c57f55dbd,/models/model512_best.onnx,data/heridal/test/images,"gercek Celery kuyrugu; gorev fonksiyonu dogrudan cagrilmadi, isi calisan isci yapti (docker compose worker)",TASK_TIMING_LOG=/app/media/zamanlama.jsonl,0.05,3.13.1,8.4.144,0.12.6,2.14.0,2026-09-12 14:56:27,scripts/19_gercek_onnx_celery_sure.py
7,olcum-onnx-sure-20260912-142859,5,217,data/heridal/test/images/train_VRD_3101_JPG.rf.74383de3abed53d829cbba01977e0624.jpg,done,model512-onnx,hayir,0.0,21,80,3,,477.1451,11.5432,0.0001,6.8708,0.2949,0.0559,18.81,18.81,olcum-onnx-sure-20260912-142859,7,5,model512-onnx,onnx,361731351703f4581f95871c26583eba760f08ed26493869cc864c8c57f55dbd,/models/model512_best.onnx,data/heridal/test/images,"gercek Celery kuyrugu; gorev fonksiyonu dogrudan cagrilmadi, isi calisan isci yapti (docker compose worker)",TASK_TIMING_LOG=/app/media/zamanlama.jsonl,0.05,3.13.1,8.4.144,0.12.6,2.14.0,2026-09-12 14:56:27,scripts/19_gercek_onnx_celery_sure.py
7,olcum-onnx-sure-20260912-142859,5,218,data/heridal/test/images/train_VRD_3102_JPG.rf.fdc890582108469dc32b301fab81d7f9.jpg,done,model512-onnx,hayir,0.0,21,80,2,,480.2847,10.6109,0.0001,7.4045,0.3733,0.0277,18.4399,18.4399,olcum-onnx-sure-20260912-142859,7,5,model512-onnx,onnx,361731351703f4581f95871c26583eba760f08ed26493869cc864c8c57f55dbd,/models/model512_best.onnx,data/heridal/test/images,"gercek Celery kuyrugu; gorev fonksiyonu dogrudan cagrilmadi, isi calisan isci yapti (docker compose worker)",TASK_TIMING_LOG=/app/media/zamanlama.jsonl,0.05,3.13.1,8.4.144,0.12.6,2.14.0,2026-09-12 14:56:27,scripts/19_gercek_onnx_celery_sure.py
7,olcum-onnx-sure-20260912-142859,5,219,data/heridal/test/images/train_VRD_3104_JPG.rf.8d1a883acbd3ff04e414e42d5ed8e7f2.jpg,done,model512-onnx,hayir,0.0,22,80,3,,495.9696,9.9133,0.0,6.3205,0.3469,0.0082,16.613,16.613,olcum-onnx-sure-20260912-142859,7,5,model512-onnx,onnx,361731351703f4581f95871c26583eba760f08ed26493869cc864c8c57f55dbd,/models/model512_best.onnx,data/heridal/test/images,"gercek Celery kuyrugu; gorev fonksiyonu dogrudan cagrilmadi, isi calisan isci yapti (docker compose worker)",TASK_TIMING_LOG=/app/media/zamanlama.jsonl,0.05,3.13.1,8.4.144,0.12.6,2.14.0,2026-09-12 14:56:27,scripts/19_gercek_onnx_celery_sure.py
7,olcum-onnx-sure-20260912-142859,5,220,data/heridal/test/images/train_VRD_3105_JPG.rf.25d358957c18ee832659deb2b6c764be.jpg,done,model512-onnx,hayir,0.0,22,80,2,,498.7701,10.1721,0.0001,6.3612,0.3508,0.0085,16.9248,16.9248,olcum-onnx-sure-20260912-142859,7,5,model512-onnx,onnx,361731351703f4581f95871c26583eba760f08ed26493869cc864c8c57f55dbd,/models/model512_best.onnx,data/heridal/test/images,"gercek Celery kuyrugu; gorev fonksiyonu dogrudan cagrilmadi, isi calisan isci yapti (docker compose worker)",TASK_TIMING_LOG=/app/media/zamanlama.jsonl,0.05,3.13.1,8.4.144,0.12.6,2.14.0,2026-09-12 14:56:27,scripts/19_gercek_onnx_celery_sure.py
7,olcum-onnx-sure-20260912-142859,5,221,data/heridal/test/images/train_VRD_3106_JPG.rf.3557705df7876ea896169f4322207bf5.jpg,done,model512-onnx,hayir,0.0,23,80,2,,512.5871,10.3966,0.0,7.2109,0.3605,0.0054,17.9875,17.9876,olcum-onnx-sure-20260912-142859,7,5,model512-onnx,onnx,361731351703f4581f95871c26583eba760f08ed26493869cc864c8c57f55dbd,/models/model512_best.onnx,data/heridal/test/images,"gercek Celery kuyrugu; gorev fonksiyonu dogrudan cagrilmadi, isi calisan isci yapti (docker compose worker)",TASK_TIMING_LOG=/app/media/zamanlama.jsonl,0.05,3.13.1,8.4.144,0.12.6,2.14.0,2026-09-12 14:56:27,scripts/19_gercek_onnx_celery_sure.py
7,olcum-onnx-sure-20260912-142859,5,222,data/heridal/test/images/train_VRD_3107_JPG.rf.578be187d472128edc05c898ca288a66.jpg,done,model512-onnx,hayir,0.0,23,80,1,,515.6917,8.7415,0.0,6.5768,0.3433,0.0161,15.6919,15.6919,olcum-onnx-sure-20260912-142859,7,5,model512-onnx,onnx,361731351703f4581f95871c26583eba760f08ed26493869cc864c8c57f55dbd,/models/model512_best.onnx,data/heridal/test/images,"gercek Celery kuyrugu; gorev fonksiyonu dogrudan cagrilmadi, isi calisan isci yapti (docker compose worker)",TASK_TIMING_LOG=/app/media/zamanlama.jsonl,0.05,3.13.1,8.4.144,0.12.6,2.14.0,2026-09-12 14:56:27,scripts/19_gercek_onnx_celery_sure.py
7,olcum-onnx-sure-20260912-142859,5,223,data/heridal/test/images/train_VRD_3108_JPG.rf.821b5a74688d867642805bc9851a71cb.jpg,done,model512-onnx,hayir,0.0,24,80,5,,530.5934,11.9534,0.0,8.88,0.4033,0.0226,21.2743,21.2744,olcum-onnx-sure-20260912-142859,7,5,model512-onnx,onnx,361731351703f4581f95871c26583eba760f08ed26493869cc864c8c57f55dbd,/models/model512_best.onnx,data/heridal/test/images,"gercek Celery kuyrugu; gorev fonksiyonu dogrudan cagrilmadi, isi calisan isci yapti (docker compose worker)",TASK_TIMING_LOG=/app/media/zamanlama.jsonl,0.05,3.13.1,8.4.144,0.12.6,2.14.0,2026-09-12 14:56:27,scripts/19_gercek_onnx_celery_sure.py
7,olcum-onnx-sure-20260912-142859,5,224,data/heridal/test/images/train_VRD_3109_JPG.rf.5fa41bdd3ec5cfe65c07425e947c2e94.jpg,done,model512-onnx,hayir,0.0,24,80,2,,531.4086,12.2116,0.0001,8.259,0.3631,0.0183,20.8919,20.8919,olcum-onnx-sure-20260912-142859,7,5,model512-onnx,onnx,361731351703f4581f95871c26583eba760f08ed26493869cc864c8c57f55dbd,/models/model512_best.onnx,data/heridal/test/images,"gercek Celery kuyrugu; gorev fonksiyonu dogrudan cagrilmadi, isi calisan isci yapti (docker compose worker)",TASK_TIMING_LOG=/app/media/zamanlama.jsonl,0.05,3.13.1,8.4.144,0.12.6,2.14.0,2026-09-12 14:56:27,scripts/19_gercek_onnx_celery_sure.py
7,olcum-onnx-sure-20260912-142859,5,225,data/heridal/test/images/train_VRD_3110_JPG.rf.17ea2b0db2c816522d5e132834e1645d.jpg,done,model512-onnx,hayir,0.0,25,80,4,,551.885,12.4946,0.0006,7.175,0.3723,0.0197,20.0785,20.0786,olcum-onnx-sure-20260912-142859,7,5,model512-onnx,onnx,361731351703f4581f95871c26583eba760f08ed26493869cc864c8c57f55dbd,/models/model512_best.onnx,data/heridal/test/images,"gercek Celery kuyrugu; gorev fonksiyonu dogrudan cagrilmadi, isi calisan isci yapti (docker compose worker)",TASK_TIMING_LOG=/app/media/zamanlama.jsonl,0.05,3.13.1,8.4.144,0.12.6,2.14.0,2026-09-12 14:56:27,scripts/19_gercek_onnx_celery_sure.py
7,olcum-onnx-sure-20260912-142859,5,226,data/heridal/test/images/train_VRD_3111_JPG.rf.62ad8acc511c6bcc7e49b4b471a18703.jpg,done,model512-onnx,hayir,0.0,25,80,7,,552.2917,12.1792,0.0001,7.3894,0.4387,0.0131,20.0371,20.0372,olcum-onnx-sure-20260912-142859,7,5,model512-onnx,onnx,361731351703f4581f95871c26583eba760f08ed26493869cc864c8c57f55dbd,/models/model512_best.onnx,data/heridal/test/images,"gercek Celery kuyrugu; gorev fonksiyonu dogrudan cagrilmadi, isi calisan isci yapti (docker compose worker)",TASK_TIMING_LOG=/app/media/zamanlama.jsonl,0.05,3.13.1,8.4.144,0.12.6,2.14.0,2026-09-12 14:56:27,scripts/19_gercek_onnx_celery_sure.py
7,olcum-onnx-sure-20260912-142859,5,227,data/heridal/test/images/train_VRD_3112_JPG.rf.42608d3ed20187f499e1e1dfe8a5e719.jpg,done,model512-onnx,hayir,0.0,26,80,1,,571.9644,11.6018,0.0,8.3633,0.3567,0.0266,20.3589,20.359,olcum-onnx-sure-20260912-142859,7,5,model512-onnx,onnx,361731351703f4581f95871c26583eba760f08ed26493869cc864c8c57f55dbd,/models/model512_best.onnx,data/heridal/test/images,"gercek Celery kuyrugu; gorev fonksiyonu dogrudan cagrilmadi, isi calisan isci yapti (docker compose worker)",TASK_TIMING_LOG=/app/media/zamanlama.jsonl,0.05,3.13.1,8.4.144,0.12.6,2.14.0,2026-09-12 14:56:27,scripts/19_gercek_onnx_celery_sure.py
7,olcum-onnx-sure-20260912-142859,5,228,data/heridal/test/images/train_VRD_3113_JPG.rf.14a826ead55e54f9d92a9bbae797e9eb.jpg,done,model512-onnx,hayir,0.0,26,80,2,,572.3446,11.4566,0.0001,9.4271,0.4212,0.0185,21.3421,21.3421,olcum-onnx-sure-20260912-142859,7,5,model512-onnx,onnx,361731351703f4581f95871c26583eba760f08ed26493869cc864c8c57f55dbd,/models/model512_best.onnx,data/heridal/test/images,"gercek Celery kuyrugu; gorev fonksiyonu dogrudan cagrilmadi, isi calisan isci yapti (docker compose worker)",TASK_TIMING_LOG=/app/media/zamanlama.jsonl,0.05,3.13.1,8.4.144,0.12.6,2.14.0,2026-09-12 14:56:27,scripts/19_gercek_onnx_celery_sure.py
7,olcum-onnx-sure-20260912-142859,5,229,data/heridal/test/images/train_VRD_3114_JPG.rf.9a147f84039ceca3b663a3920ddea0cf.jpg,done,model512-onnx,hayir,0.0,27,80,0,,592.3764,11.9065,0.0001,7.6144,0.3319,0.013,19.8929,19.8929,olcum-onnx-sure-20260912-142859,7,5,model512-onnx,onnx,361731351703f4581f95871c26583eba760f08ed26493869cc864c8c57f55dbd,/models/model512_best.onnx,data/heridal/test/images,"gercek Celery kuyrugu; gorev fonksiyonu dogrudan cagrilmadi, isi calisan isci yapti (docker compose worker)",TASK_TIMING_LOG=/app/media/zamanlama.jsonl,0.05,3.13.1,8.4.144,0.12.6,2.14.0,2026-09-12 14:56:27,scripts/19_gercek_onnx_celery_sure.py
7,olcum-onnx-sure-20260912-142859,5,230,data/heridal/test/images/train_VRD_3115_JPG.rf.531055216bbe5043677536f9eadf160a.jpg,done,model512-onnx,hayir,0.0,27,80,2,,593.6916,11.8347,0.0001,8.1933,0.3384,0.0144,20.3913,20.3914,olcum-onnx-sure-20260912-142859,7,5,model512-onnx,onnx,361731351703f4581f95871c26583eba760f08ed26493869cc864c8c57f55dbd,/models/model512_best.onnx,data/heridal/test/images,"gercek Celery kuyrugu; gorev fonksiyonu dogrudan cagrilmadi, isi calisan isci yapti (docker compose worker)",TASK_TIMING_LOG=/app/media/zamanlama.jsonl,0.05,3.13.1,8.4.144,0.12.6,2.14.0,2026-09-12 14:56:27,scripts/19_gercek_onnx_celery_sure.py
7,olcum-onnx-sure-20260912-142859,5,231,data/heridal/test/images/train_VRD_3116_JPG.rf.32f5e658d3e3e927950ac4fd51d47684.jpg,done,model512-onnx,hayir,0.0,28,80,2,,612.2739,12.0955,0.0001,7.7915,0.3386,0.0123,20.2509,20.251,olcum-onnx-sure-20260912-142859,7,5,model512-onnx,onnx,361731351703f4581f95871c26583eba760f08ed26493869cc864c8c57f55dbd,/models/model512_best.onnx,data/heridal/test/images,"gercek Celery kuyrugu; gorev fonksiyonu dogrudan cagrilmadi, isi calisan isci yapti (docker compose worker)",TASK_TIMING_LOG=/app/media/zamanlama.jsonl,0.05,3.13.1,8.4.144,0.12.6,2.14.0,2026-09-12 14:56:27,scripts/19_gercek_onnx_celery_sure.py
7,olcum-onnx-sure-20260912-142859,5,232,data/heridal/test/images/train_VRD_3117_JPG.rf.8ab5844cce96fa9c14d6df69b76ccd99.jpg,done,model512-onnx,hayir,0.0,28,80,1,,614.1246,11.9998,0.0001,8.0658,0.3775,0.0221,20.4814,20.4814,olcum-onnx-sure-20260912-142859,7,5,model512-onnx,onnx,361731351703f4581f95871c26583eba760f08ed26493869cc864c8c57f55dbd,/models/model512_best.onnx,data/heridal/test/images,"gercek Celery kuyrugu; gorev fonksiyonu dogrudan cagrilmadi, isi calisan isci yapti (docker compose worker)",TASK_TIMING_LOG=/app/media/zamanlama.jsonl,0.05,3.13.1,8.4.144,0.12.6,2.14.0,2026-09-12 14:56:27,scripts/19_gercek_onnx_celery_sure.py
7,olcum-onnx-sure-20260912-142859,5,233,data/heridal/test/images/train_VRD_3118_JPG.rf.42c87f17626f4343222624a0dd95b3b2.jpg,done,model512-onnx,hayir,0.0,29,80,2,,632.536,11.597,0.0,8.0875,0.3948,0.007,20.1032,20.1032,olcum-onnx-sure-20260912-142859,7,5,model512-onnx,onnx,361731351703f4581f95871c26583eba760f08ed26493869cc864c8c57f55dbd,/models/model512_best.onnx,data/heridal/test/images,"gercek Celery kuyrugu; gorev fonksiyonu dogrudan cagrilmadi, isi calisan isci yapti (docker compose worker)",TASK_TIMING_LOG=/app/media/zamanlama.jsonl,0.05,3.13.1,8.4.144,0.12.6,2.14.0,2026-09-12 14:56:27,scripts/19_gercek_onnx_celery_sure.py
7,olcum-onnx-sure-20260912-142859,5,234,data/heridal/test/images/train_VRD_3119_JPG.rf.eee2ed354418a8bb7f151005a387e891.jpg,done,model512-onnx,hayir,0.0,29,80,1,,634.6517,12.3957,0.0001,7.0538,0.2946,0.0219,19.8021,19.8022,olcum-onnx-sure-20260912-142859,7,5,model512-onnx,onnx,361731351703f4581f95871c26583eba760f08ed26493869cc864c8c57f55dbd,/models/model512_best.onnx,data/heridal/test/images,"gercek Celery kuyrugu; gorev fonksiyonu dogrudan cagrilmadi, isi calisan isci yapti (docker compose worker)",TASK_TIMING_LOG=/app/media/zamanlama.jsonl,0.05,3.13.1,8.4.144,0.12.6,2.14.0,2026-09-12 14:56:27,scripts/19_gercek_onnx_celery_sure.py
7,olcum-onnx-sure-20260912-142859,5,235,data/heridal/test/images/train_VRD_3120_JPG.rf.d5adf526c352ee6ddfedebda9f1cf247.jpg,done,model512-onnx,hayir,0.0,30,80,2,,652.6431,12.0694,0.0,7.1404,0.3327,0.0306,19.5859,19.5859,olcum-onnx-sure-20260912-142859,7,5,model512-onnx,onnx,361731351703f4581f95871c26583eba760f08ed26493869cc864c8c57f55dbd,/models/model512_best.onnx,data/heridal/test/images,"gercek Celery kuyrugu; gorev fonksiyonu dogrudan cagrilmadi, isi calisan isci yapti (docker compose worker)",TASK_TIMING_LOG=/app/media/zamanlama.jsonl,0.05,3.13.1,8.4.144,0.12.6,2.14.0,2026-09-12 14:56:27,scripts/19_gercek_onnx_celery_sure.py
7,olcum-onnx-sure-20260912-142859,5,236,data/heridal/test/images/train_VRD_3121_JPG.rf.65694b92ef13c10b2ce4c5ff056df074.jpg,done,model512-onnx,hayir,0.0,30,80,4,,654.4872,11.121,0.0001,7.9006,0.4167,0.0096,19.4857,19.4857,olcum-onnx-sure-20260912-142859,7,5,model512-onnx,onnx,361731351703f4581f95871c26583eba760f08ed26493869cc864c8c57f55dbd,/models/model512_best.onnx,data/heridal/test/images,"gercek Celery kuyrugu; gorev fonksiyonu dogrudan cagrilmadi, isi calisan isci yapti (docker compose worker)",TASK_TIMING_LOG=/app/media/zamanlama.jsonl,0.05,3.13.1,8.4.144,0.12.6,2.14.0,2026-09-12 14:56:27,scripts/19_gercek_onnx_celery_sure.py
7,olcum-onnx-sure-20260912-142859,5,237,data/heridal/test/images/train_VRD_3122_JPG.rf.b5686dc29c278d051a3a1727a8e99068.jpg,done,model512-onnx,hayir,0.0,31,80,3,,672.2708,11.9699,0.0001,9.0503,0.3444,0.0093,21.4287,21.4287,olcum-onnx-sure-20260912-142859,7,5,model512-onnx,onnx,361731351703f4581f95871c26583eba760f08ed26493869cc864c8c57f55dbd,/models/model512_best.onnx,data/heridal/test/images,"gercek Celery kuyrugu; gorev fonksiyonu dogrudan cagrilmadi, isi calisan isci yapti (docker compose worker)",TASK_TIMING_LOG=/app/media/zamanlama.jsonl,0.05,3.13.1,8.4.144,0.12.6,2.14.0,2026-09-12 14:56:27,scripts/19_gercek_onnx_celery_sure.py
7,olcum-onnx-sure-20260912-142859,5,238,data/heridal/test/images/train_VRD_3123_JPG.rf.4ccc6225d48c3b146931cc32b4f55999.jpg,done,model512-onnx,hayir,0.0,31,80,2,,673.9656,9.7771,0.0001,8.8602,0.3929,0.0056,19.0526,19.0526,olcum-onnx-sure-20260912-142859,7,5,model512-onnx,onnx,361731351703f4581f95871c26583eba760f08ed26493869cc864c8c57f55dbd,/models/model512_best.onnx,data/heridal/test/images,"gercek Celery kuyrugu; gorev fonksiyonu dogrudan cagrilmadi, isi calisan isci yapti (docker compose worker)",TASK_TIMING_LOG=/app/media/zamanlama.jsonl,0.05,3.13.1,8.4.144,0.12.6,2.14.0,2026-09-12 14:56:27,scripts/19_gercek_onnx_celery_sure.py
7,olcum-onnx-sure-20260912-142859,5,239,data/heridal/test/images/train_VRD_3124_JPG.rf.fab52f2a7b7199c993c908c5ecdca8df.jpg,done,model512-onnx,hayir,0.0,32,80,3,,693.0454,11.5292,0.0001,7.4343,0.3712,0.0175,19.3818,19.3818,olcum-onnx-sure-20260912-142859,7,5,model512-onnx,onnx,361731351703f4581f95871c26583eba760f08ed26493869cc864c8c57f55dbd,/models/model512_best.onnx,data/heridal/test/images,"gercek Celery kuyrugu; gorev fonksiyonu dogrudan cagrilmadi, isi calisan isci yapti (docker compose worker)",TASK_TIMING_LOG=/app/media/zamanlama.jsonl,0.05,3.13.1,8.4.144,0.12.6,2.14.0,2026-09-12 14:56:27,scripts/19_gercek_onnx_celery_sure.py
7,olcum-onnx-sure-20260912-142859,5,240,data/heridal/test/images/train_VRD_3125_JPG.rf.a7ce79e6a4ff9022cc776fa640648536.jpg,done,model512-onnx,hayir,0.0,32,80,1,,693.7134,12.0553,0.0001,6.9552,0.3182,0.01,19.4047,19.4048,olcum-onnx-sure-20260912-142859,7,5,model512-onnx,onnx,361731351703f4581f95871c26583eba760f08ed26493869cc864c8c57f55dbd,/models/model512_best.onnx,data/heridal/test/images,"gercek Celery kuyrugu; gorev fonksiyonu dogrudan cagrilmadi, isi calisan isci yapti (docker compose worker)",TASK_TIMING_LOG=/app/media/zamanlama.jsonl,0.05,3.13.1,8.4.144,0.12.6,2.14.0,2026-09-12 14:56:27,scripts/19_gercek_onnx_celery_sure.py
7,olcum-onnx-sure-20260912-142859,5,241,data/heridal/test/images/train_VRD_3126_JPG.rf.2a7cd9a05e38b616271f23bfc5fc0957.jpg,done,model512-onnx,hayir,0.0,33,80,0,,712.4445,11.7804,0.0001,7.7022,0.3331,0.015,19.8886,19.8886,olcum-onnx-sure-20260912-142859,7,5,model512-onnx,onnx,361731351703f4581f95871c26583eba760f08ed26493869cc864c8c57f55dbd,/models/model512_best.onnx,data/heridal/test/images,"gercek Celery kuyrugu; gorev fonksiyonu dogrudan cagrilmadi, isi calisan isci yapti (docker compose worker)",TASK_TIMING_LOG=/app/media/zamanlama.jsonl,0.05,3.13.1,8.4.144,0.12.6,2.14.0,2026-09-12 14:56:27,scripts/19_gercek_onnx_celery_sure.py
7,olcum-onnx-sure-20260912-142859,5,242,data/heridal/test/images/train_VRD_3127_JPG.rf.1bf22bcf6cef39b471447bbde44b75f4.jpg,done,model512-onnx,hayir,0.0,33,80,1,,713.1114,11.7844,0.0,7.8874,0.3199,0.02,20.0229,20.0229,olcum-onnx-sure-20260912-142859,7,5,model512-onnx,onnx,361731351703f4581f95871c26583eba760f08ed26493869cc864c8c57f55dbd,/models/model512_best.onnx,data/heridal/test/images,"gercek Celery kuyrugu; gorev fonksiyonu dogrudan cagrilmadi, isi calisan isci yapti (docker compose worker)",TASK_TIMING_LOG=/app/media/zamanlama.jsonl,0.05,3.13.1,8.4.144,0.12.6,2.14.0,2026-09-12 14:56:27,scripts/19_gercek_onnx_celery_sure.py
7,olcum-onnx-sure-20260912-142859,5,243,data/heridal/test/images/train_VRD_3128_JPG.rf.abc33b9608b2f63f3c997ffeee124a97.jpg,done,model512-onnx,hayir,0.0,34,80,1,,732.3265,11.1763,0.0001,7.9398,0.4009,0.0106,19.5386,19.5386,olcum-onnx-sure-20260912-142859,7,5,model512-onnx,onnx,361731351703f4581f95871c26583eba760f08ed26493869cc864c8c57f55dbd,/models/model512_best.onnx,data/heridal/test/images,"gercek Celery kuyrugu; gorev fonksiyonu dogrudan cagrilmadi, isi calisan isci yapti (docker compose worker)",TASK_TIMING_LOG=/app/media/zamanlama.jsonl,0.05,3.13.1,8.4.144,0.12.6,2.14.0,2026-09-12 14:56:27,scripts/19_gercek_onnx_celery_sure.py
7,olcum-onnx-sure-20260912-142859,5,244,data/heridal/test/images/train_VRD_3129_JPG.rf.6ed4c82bd06dac4bc09b53d4eb550dd4.jpg,done,model512-onnx,hayir,0.0,34,80,2,,733.141,11.7979,0.0,7.4138,0.3336,0.0103,19.5663,19.5663,olcum-onnx-sure-20260912-142859,7,5,model512-onnx,onnx,361731351703f4581f95871c26583eba760f08ed26493869cc864c8c57f55dbd,/models/model512_best.onnx,data/heridal/test/images,"gercek Celery kuyrugu; gorev fonksiyonu dogrudan cagrilmadi, isi calisan isci yapti (docker compose worker)",TASK_TIMING_LOG=/app/media/zamanlama.jsonl,0.05,3.13.1,8.4.144,0.12.6,2.14.0,2026-09-12 14:56:27,scripts/19_gercek_onnx_celery_sure.py
7,olcum-onnx-sure-20260912-142859,5,245,data/heridal/test/images/train_VRD_3130_JPG.rf.fbf87c5c525bc90780bad0393a6f659b.jpg,done,model512-onnx,hayir,0.0,35,80,5,,751.8789,11.924,0.0001,8.492,0.3256,0.0234,20.7764,20.7764,olcum-onnx-sure-20260912-142859,7,5,model512-onnx,onnx,361731351703f4581f95871c26583eba760f08ed26493869cc864c8c57f55dbd,/models/model512_best.onnx,data/heridal/test/images,"gercek Celery kuyrugu; gorev fonksiyonu dogrudan cagrilmadi, isi calisan isci yapti (docker compose worker)",TASK_TIMING_LOG=/app/media/zamanlama.jsonl,0.05,3.13.1,8.4.144,0.12.6,2.14.0,2026-09-12 14:56:27,scripts/19_gercek_onnx_celery_sure.py
7,olcum-onnx-sure-20260912-142859,5,246,data/heridal/test/images/train_VRD_3131_JPG.rf.d3a5ac84f7a36ebe7329740f0f4a05d8.jpg,done,model512-onnx,hayir,0.0,35,80,2,,752.7266,10.1325,0.0001,7.8103,0.363,0.0126,18.3462,18.3463,olcum-onnx-sure-20260912-142859,7,5,model512-onnx,onnx,361731351703f4581f95871c26583eba760f08ed26493869cc864c8c57f55dbd,/models/model512_best.onnx,data/heridal/test/images,"gercek Celery kuyrugu; gorev fonksiyonu dogrudan cagrilmadi, isi calisan isci yapti (docker compose worker)",TASK_TIMING_LOG=/app/media/zamanlama.jsonl,0.05,3.13.1,8.4.144,0.12.6,2.14.0,2026-09-12 14:56:27,scripts/19_gercek_onnx_celery_sure.py
7,olcum-onnx-sure-20260912-142859,5,247,data/heridal/test/images/train_VRD_3132_JPG.rf.4374019de6c5b2d9ec5996a99fe6bfe6.jpg,done,model512-onnx,hayir,0.0,36,80,4,,771.0921,12.1367,0.0,10.4191,0.3834,0.0118,22.9674,22.9675,olcum-onnx-sure-20260912-142859,7,5,model512-onnx,onnx,361731351703f4581f95871c26583eba760f08ed26493869cc864c8c57f55dbd,/models/model512_best.onnx,data/heridal/test/images,"gercek Celery kuyrugu; gorev fonksiyonu dogrudan cagrilmadi, isi calisan isci yapti (docker compose worker)",TASK_TIMING_LOG=/app/media/zamanlama.jsonl,0.05,3.13.1,8.4.144,0.12.6,2.14.0,2026-09-12 14:56:27,scripts/19_gercek_onnx_celery_sure.py
7,olcum-onnx-sure-20260912-142859,5,248,data/heridal/test/images/train_ZRI_2003_JPG.rf.cdcf53b6f852c3d1bafc5636fd07b47b.jpg,done,model512-onnx,hayir,0.0,36,80,5,,772.7124,7.861,0.0001,8.6068,0.3337,0.0197,16.844,16.844,olcum-onnx-sure-20260912-142859,7,5,model512-onnx,onnx,361731351703f4581f95871c26583eba760f08ed26493869cc864c8c57f55dbd,/models/model512_best.onnx,data/heridal/test/images,"gercek Celery kuyrugu; gorev fonksiyonu dogrudan cagrilmadi, isi calisan isci yapti (docker compose worker)",TASK_TIMING_LOG=/app/media/zamanlama.jsonl,0.05,3.13.1,8.4.144,0.12.6,2.14.0,2026-09-12 14:56:27,scripts/19_gercek_onnx_celery_sure.py
7,olcum-onnx-sure-20260912-142859,5,249,data/heridal/test/images/train_ZRI_2004_JPG.rf.17ecf67abf998d9163d76ea212cee0d6.jpg,done,model512-onnx,hayir,0.0,37,80,11,,789.6065,8.4976,0.0,9.3526,0.434,0.0087,18.3228,18.3229,olcum-onnx-sure-20260912-142859,7,5,model512-onnx,onnx,361731351703f4581f95871c26583eba760f08ed26493869cc864c8c57f55dbd,/models/model512_best.onnx,data/heridal/test/images,"gercek Celery kuyrugu; gorev fonksiyonu dogrudan cagrilmadi, isi calisan isci yapti (docker compose worker)",TASK_TIMING_LOG=/app/media/zamanlama.jsonl,0.05,3.13.1,8.4.144,0.12.6,2.14.0,2026-09-12 14:56:27,scripts/19_gercek_onnx_celery_sure.py
7,olcum-onnx-sure-20260912-142859,5,250,data/heridal/test/images/train_ZRI_2005_JPG.rf.d8ed37aeb06c21e824399fda50263493.jpg,done,model512-onnx,hayir,0.0,37,80,14,,794.1025,9.0057,0.0001,9.3516,0.3494,0.0166,18.7533,18.7534,olcum-onnx-sure-20260912-142859,7,5,model512-onnx,onnx,361731351703f4581f95871c26583eba760f08ed26493869cc864c8c57f55dbd,/models/model512_best.onnx,data/heridal/test/images,"gercek Celery kuyrugu; gorev fonksiyonu dogrudan cagrilmadi, isi calisan isci yapti (docker compose worker)",TASK_TIMING_LOG=/app/media/zamanlama.jsonl,0.05,3.13.1,8.4.144,0.12.6,2.14.0,2026-09-12 14:56:27,scripts/19_gercek_onnx_celery_sure.py
7,olcum-onnx-sure-20260912-142859,5,251,data/heridal/test/images/train_ZRI_2006_JPG.rf.d72e1e0ec64a7291daa8ebc254d5d13d.jpg,done,model512-onnx,hayir,0.0,38,80,21,,807.9362,8.4936,0.0001,9.3756,0.3722,0.0359,18.29,18.29,olcum-onnx-sure-20260912-142859,7,5,model512-onnx,onnx,361731351703f4581f95871c26583eba760f08ed26493869cc864c8c57f55dbd,/models/model512_best.onnx,data/heridal/test/images,"gercek Celery kuyrugu; gorev fonksiyonu dogrudan cagrilmadi, isi calisan isci yapti (docker compose worker)",TASK_TIMING_LOG=/app/media/zamanlama.jsonl,0.05,3.13.1,8.4.144,0.12.6,2.14.0,2026-09-12 14:56:27,scripts/19_gercek_onnx_celery_sure.py
7,olcum-onnx-sure-20260912-142859,5,252,data/heridal/test/images/train_ZRI_2007_JPG.rf.80e11b79e6dead246b35d741fce18b16.jpg,done,model512-onnx,hayir,0.0,38,80,31,,812.8935,8.3943,0.0001,9.4804,0.4133,0.0229,18.3509,18.3509,olcum-onnx-sure-20260912-142859,7,5,model512-onnx,onnx,361731351703f4581f95871c26583eba760f08ed26493869cc864c8c57f55dbd,/models/model512_best.onnx,data/heridal/test/images,"gercek Celery kuyrugu; gorev fonksiyonu dogrudan cagrilmadi, isi calisan isci yapti (docker compose worker)",TASK_TIMING_LOG=/app/media/zamanlama.jsonl,0.05,3.13.1,8.4.144,0.12.6,2.14.0,2026-09-12 14:56:27,scripts/19_gercek_onnx_celery_sure.py
7,olcum-onnx-sure-20260912-142859,5,253,data/heridal/test/images/train_ZRI_2008_JPG.rf.1f537af4185be73382914fecdb099ac7.jpg,done,model512-onnx,hayir,0.0,39,80,24,,826.2606,8.9625,0.0001,9.6344,0.4722,0.0438,19.1467,19.1468,olcum-onnx-sure-20260912-142859,7,5,model512-onnx,onnx,361731351703f4581f95871c26583eba760f08ed26493869cc864c8c57f55dbd,/models/model512_best.onnx,data/heridal/test/images,"gercek Celery kuyrugu; gorev fonksiyonu dogrudan cagrilmadi, isi calisan isci yapti (docker compose worker)",TASK_TIMING_LOG=/app/media/zamanlama.jsonl,0.05,3.13.1,8.4.144,0.12.6,2.14.0,2026-09-12 14:56:27,scripts/19_gercek_onnx_celery_sure.py
7,olcum-onnx-sure-20260912-142859,5,254,data/heridal/test/images/train_ZRI_2009_JPG.rf.3a1b822b8e0ae6472b18a24dee3300a8.jpg,done,model512-onnx,hayir,0.0,39,80,18,,831.2876,8.529,0.0001,9.6603,0.3885,0.0352,18.6498,18.6498,olcum-onnx-sure-20260912-142859,7,5,model512-onnx,onnx,361731351703f4581f95871c26583eba760f08ed26493869cc864c8c57f55dbd,/models/model512_best.onnx,data/heridal/test/images,"gercek Celery kuyrugu; gorev fonksiyonu dogrudan cagrilmadi, isi calisan isci yapti (docker compose worker)",TASK_TIMING_LOG=/app/media/zamanlama.jsonl,0.05,3.13.1,8.4.144,0.12.6,2.14.0,2026-09-12 14:56:27,scripts/19_gercek_onnx_celery_sure.py
7,olcum-onnx-sure-20260912-142859,5,255,data/heridal/test/images/train_ZRI_2010_JPG.rf.dffe80870459dc66572904359072a194.jpg,done,model512-onnx,hayir,0.0,40,80,22,,845.4332,8.9983,0.0001,9.2573,0.3817,0.0204,18.687,18.6871,olcum-onnx-sure-20260912-142859,7,5,model512-onnx,onnx,361731351703f4581f95871c26583eba760f08ed26493869cc864c8c57f55dbd,/models/model512_best.onnx,data/heridal/test/images,"gercek Celery kuyrugu; gorev fonksiyonu dogrudan cagrilmadi, isi calisan isci yapti (docker compose worker)",TASK_TIMING_LOG=/app/media/zamanlama.jsonl,0.05,3.13.1,8.4.144,0.12.6,2.14.0,2026-09-12 14:56:27,scripts/19_gercek_onnx_celery_sure.py
7,olcum-onnx-sure-20260912-142859,5,256,data/heridal/test/images/train_ZRI_2011_JPG.rf.0650e1a725e5029a0f5806e9ead4ec01.jpg,done,model512-onnx,hayir,0.0,40,80,43,,849.9525,9.1156,0.0001,9.312,0.3898,0.012,18.8632,18.8633,olcum-onnx-sure-20260912-142859,7,5,model512-onnx,onnx,361731351703f4581f95871c26583eba760f08ed26493869cc864c8c57f55dbd,/models/model512_best.onnx,data/heridal/test/images,"gercek Celery kuyrugu; gorev fonksiyonu dogrudan cagrilmadi, isi calisan isci yapti (docker compose worker)",TASK_TIMING_LOG=/app/media/zamanlama.jsonl,0.05,3.13.1,8.4.144,0.12.6,2.14.0,2026-09-12 14:56:27,scripts/19_gercek_onnx_celery_sure.py
7,olcum-onnx-sure-20260912-142859,5,257,data/heridal/test/images/train_ZRI_2012_JPG.rf.c05e4c2bd31f79c57174d2c7484d907c.jpg,done,model512-onnx,hayir,0.0,41,80,71,,864.1236,9.0837,0.0001,9.369,0.3814,0.0277,18.8723,18.8723,olcum-onnx-sure-20260912-142859,7,5,model512-onnx,onnx,361731351703f4581f95871c26583eba760f08ed26493869cc864c8c57f55dbd,/models/model512_best.onnx,data/heridal/test/images,"gercek Celery kuyrugu; gorev fonksiyonu dogrudan cagrilmadi, isi calisan isci yapti (docker compose worker)",TASK_TIMING_LOG=/app/media/zamanlama.jsonl,0.05,3.13.1,8.4.144,0.12.6,2.14.0,2026-09-12 14:56:27,scripts/19_gercek_onnx_celery_sure.py
7,olcum-onnx-sure-20260912-142859,5,258,data/heridal/test/images/train_ZRI_2013_JPG.rf.fb6345ef2d790171d3f7e759f7e8a077.jpg,done,model512-onnx,hayir,0.0,41,80,75,,868.8095,8.4658,0.0,10.5063,0.4358,0.0432,19.4619,19.4619,olcum-onnx-sure-20260912-142859,7,5,model512-onnx,onnx,361731351703f4581f95871c26583eba760f08ed26493869cc864c8c57f55dbd,/models/model512_best.onnx,data/heridal/test/images,"gercek Celery kuyrugu; gorev fonksiyonu dogrudan cagrilmadi, isi calisan isci yapti (docker compose worker)",TASK_TIMING_LOG=/app/media/zamanlama.jsonl,0.05,3.13.1,8.4.144,0.12.6,2.14.0,2026-09-12 14:56:27,scripts/19_gercek_onnx_celery_sure.py
7,olcum-onnx-sure-20260912-142859,5,259,data/heridal/test/images/train_ZRI_2014_JPG.rf.95f28aeba5b563f69c9b10bbb6758285.jpg,done,model512-onnx,hayir,0.0,42,80,53,,883.0615,9.9567,0.0001,12.3303,0.489,0.0217,22.8413,22.8414,olcum-onnx-sure-20260912-142859,7,5,model512-onnx,onnx,361731351703f4581f95871c26583eba760f08ed26493869cc864c8c57f55dbd,/models/model512_best.onnx,data/heridal/test/images,"gercek Celery kuyrugu; gorev fonksiyonu dogrudan cagrilmadi, isi calisan isci yapti (docker compose worker)",TASK_TIMING_LOG=/app/media/zamanlama.jsonl,0.05,3.13.1,8.4.144,0.12.6,2.14.0,2026-09-12 14:56:27,scripts/19_gercek_onnx_celery_sure.py
7,olcum-onnx-sure-20260912-142859,5,260,data/heridal/test/images/train_ZRI_2015_JPG.rf.f377a3f68327562d2a7718cc6a1c4022.jpg,done,model512-onnx,hayir,0.0,42,80,32,,888.3091,10.5632,0.0001,12.8929,0.4445,0.0275,23.9437,23.9437,olcum-onnx-sure-20260912-142859,7,5,model512-onnx,onnx,361731351703f4581f95871c26583eba760f08ed26493869cc864c8c57f55dbd,/models/model512_best.onnx,data/heridal/test/images,"gercek Celery kuyrugu; gorev fonksiyonu dogrudan cagrilmadi, isi calisan isci yapti (docker compose worker)",TASK_TIMING_LOG=/app/media/zamanlama.jsonl,0.05,3.13.1,8.4.144,0.12.6,2.14.0,2026-09-12 14:56:27,scripts/19_gercek_onnx_celery_sure.py
7,olcum-onnx-sure-20260912-142859,5,261,data/heridal/test/images/train_ZRI_2016_JPG.rf.4ddcf0bba1f6f523b5bdb548b5037f06.jpg,done,model512-onnx,hayir,0.0,43,80,24,,905.9093,8.3021,0.0001,12.3229,0.4295,0.0153,21.1142,21.1142,olcum-onnx-sure-20260912-142859,7,5,model512-onnx,onnx,361731351703f4581f95871c26583eba760f08ed26493869cc864c8c57f55dbd,/models/model512_best.onnx,data/heridal/test/images,"gercek Celery kuyrugu; gorev fonksiyonu dogrudan cagrilmadi, isi calisan isci yapti (docker compose worker)",TASK_TIMING_LOG=/app/media/zamanlama.jsonl,0.05,3.13.1,8.4.144,0.12.6,2.14.0,2026-09-12 14:56:27,scripts/19_gercek_onnx_celery_sure.py
7,olcum-onnx-sure-20260912-142859,5,262,data/heridal/test/images/train_ZRI_2017_JPG.rf.b924658b0f4a78544464d8eea0846909.jpg,done,model512-onnx,hayir,0.0,43,80,22,,912.3299,8.9634,0.0001,10.7988,0.4031,0.0151,20.2392,20.2392,olcum-onnx-sure-20260912-142859,7,5,model512-onnx,onnx,361731351703f4581f95871c26583eba760f08ed26493869cc864c8c57f55dbd,/models/model512_best.onnx,data/heridal/test/images,"gercek Celery kuyrugu; gorev fonksiyonu dogrudan cagrilmadi, isi calisan isci yapti (docker compose worker)",TASK_TIMING_LOG=/app/media/zamanlama.jsonl,0.05,3.13.1,8.4.144,0.12.6,2.14.0,2026-09-12 14:56:27,scripts/19_gercek_onnx_celery_sure.py
7,olcum-onnx-sure-20260912-142859,5,263,data/heridal/test/images/train_ZRI_2018_JPG.rf.27cb350cd0ded58a0121e9813680c024.jpg,done,model512-onnx,hayir,0.0,44,80,36,,927.034,8.6108,0.0001,9.5691,0.3833,0.0227,18.6238,18.6238,olcum-onnx-sure-20260912-142859,7,5,model512-onnx,onnx,361731351703f4581f95871c26583eba760f08ed26493869cc864c8c57f55dbd,/models/model512_best.onnx,data/heridal/test/images,"gercek Celery kuyrugu; gorev fonksiyonu dogrudan cagrilmadi, isi calisan isci yapti (docker compose worker)",TASK_TIMING_LOG=/app/media/zamanlama.jsonl,0.05,3.13.1,8.4.144,0.12.6,2.14.0,2026-09-12 14:56:27,scripts/19_gercek_onnx_celery_sure.py
7,olcum-onnx-sure-20260912-142859,5,264,data/heridal/test/images/train_ZRI_2019_JPG.rf.b8e630f248c9a0965ceaaa661193f34a.jpg,done,model512-onnx,hayir,0.0,44,80,27,,932.5422,8.7874,0.0001,10.8244,0.392,0.0254,20.0415,20.0416,olcum-onnx-sure-20260912-142859,7,5,model512-onnx,onnx,361731351703f4581f95871c26583eba760f08ed26493869cc864c8c57f55dbd,/models/model512_best.onnx,data/heridal/test/images,"gercek Celery kuyrugu; gorev fonksiyonu dogrudan cagrilmadi, isi calisan isci yapti (docker compose worker)",TASK_TIMING_LOG=/app/media/zamanlama.jsonl,0.05,3.13.1,8.4.144,0.12.6,2.14.0,2026-09-12 14:56:27,scripts/19_gercek_onnx_celery_sure.py
7,olcum-onnx-sure-20260912-142859,5,265,data/heridal/test/images/train_ZRI_2020_JPG.rf.fe7697b61c88cbd4b1212ec7a618942e.jpg,done,model512-onnx,hayir,0.0,45,80,23,,945.6988,8.4727,0.0001,11.0369,0.4513,0.0138,20.005,20.005,olcum-onnx-sure-20260912-142859,7,5,model512-onnx,onnx,361731351703f4581f95871c26583eba760f08ed26493869cc864c8c57f55dbd,/models/model512_best.onnx,data/heridal/test/images,"gercek Celery kuyrugu; gorev fonksiyonu dogrudan cagrilmadi, isi calisan isci yapti (docker compose worker)",TASK_TIMING_LOG=/app/media/zamanlama.jsonl,0.05,3.13.1,8.4.144,0.12.6,2.14.0,2026-09-12 14:56:27,scripts/19_gercek_onnx_celery_sure.py
7,olcum-onnx-sure-20260912-142859,5,266,data/heridal/test/images/train_ZRI_2021_JPG.rf.0acf422827cbc011716ca38b5cc5892d.jpg,done,model512-onnx,hayir,0.0,45,80,30,,952.6358,8.7327,0.0001,10.1809,0.3722,0.0171,19.3436,19.3437,olcum-onnx-sure-20260912-142859,7,5,model512-onnx,onnx,361731351703f4581f95871c26583eba760f08ed26493869cc864c8c57f55dbd,/models/model512_best.onnx,data/heridal/test/images,"gercek Celery kuyrugu; gorev fonksiyonu dogrudan cagrilmadi, isi calisan isci yapti (docker compose worker)",TASK_TIMING_LOG=/app/media/zamanlama.jsonl,0.05,3.13.1,8.4.144,0.12.6,2.14.0,2026-09-12 14:56:27,scripts/19_gercek_onnx_celery_sure.py
7,olcum-onnx-sure-20260912-142859,5,267,data/heridal/test/images/train_ZRI_2022_JPG.rf.afe9ce3ac8fd51e28fc46734dc3d4db5.jpg,done,model512-onnx,hayir,0.0,46,80,10,,972.0078,8.5153,0.0001,9.0024,0.3644,0.0247,17.9709,17.9709,olcum-onnx-sure-20260912-142859,7,5,model512-onnx,onnx,361731351703f4581f95871c26583eba760f08ed26493869cc864c8c57f55dbd,/models/model512_best.onnx,data/heridal/test/images,"gercek Celery kuyrugu; gorev fonksiyonu dogrudan cagrilmadi, isi calisan isci yapti (docker compose worker)",TASK_TIMING_LOG=/app/media/zamanlama.jsonl,0.05,3.13.1,8.4.144,0.12.6,2.14.0,2026-09-12 14:56:27,scripts/19_gercek_onnx_celery_sure.py
7,olcum-onnx-sure-20260912-142859,5,268,data/heridal/test/images/train_ZRI_2023_JPG.rf.22a40d9e64542136b8adc0938d870534.jpg,done,model512-onnx,hayir,0.0,47,80,17,,988.9333,9.6934,0.0001,10.0216,0.4398,0.0083,20.1821,20.1822,olcum-onnx-sure-20260912-142859,7,5,model512-onnx,onnx,361731351703f4581f95871c26583eba760f08ed26493869cc864c8c57f55dbd,/models/model512_best.onnx,data/heridal/test/images,"gercek Celery kuyrugu; gorev fonksiyonu dogrudan cagrilmadi, isi calisan isci yapti (docker compose worker)",TASK_TIMING_LOG=/app/media/zamanlama.jsonl,0.05,3.13.1,8.4.144,0.12.6,2.14.0,2026-09-12 14:56:27,scripts/19_gercek_onnx_celery_sure.py
7,olcum-onnx-sure-20260912-142859,5,269,data/heridal/test/images/train_ZRI_2024_JPG.rf.34d34a2e83f81ad9b0acaff5a330cad8.jpg,done,model512-onnx,hayir,0.0,47,80,30,,989.9953,8.906,0.0001,9.3129,0.3803,0.0228,18.6559,18.6559,olcum-onnx-sure-20260912-142859,7,5,model512-onnx,onnx,361731351703f4581f95871c26583eba760f08ed26493869cc864c8c57f55dbd,/models/model512_best.onnx,data/heridal/test/images,"gercek Celery kuyrugu; gorev fonksiyonu dogrudan cagrilmadi, isi calisan isci yapti (docker compose worker)",TASK_TIMING_LOG=/app/media/zamanlama.jsonl,0.05,3.13.1,8.4.144,0.12.6,2.14.0,2026-09-12 14:56:27,scripts/19_gercek_onnx_celery_sure.py
7,olcum-onnx-sure-20260912-142859,5,270,data/heridal/test/images/train_ZRI_2025_JPG.rf.67fe730a69c4e3e025dac0ba8a60f0bd.jpg,done,model512-onnx,hayir,0.0,48,80,29,,1008.6865,9.1718,0.0001,9.901,0.411,0.0152,19.5533,19.5533,olcum-onnx-sure-20260912-142859,7,5,model512-onnx,onnx,361731351703f4581f95871c26583eba760f08ed26493869cc864c8c57f55dbd,/models/model512_best.onnx,data/heridal/test/images,"gercek Celery kuyrugu; gorev fonksiyonu dogrudan cagrilmadi, isi calisan isci yapti (docker compose worker)",TASK_TIMING_LOG=/app/media/zamanlama.jsonl,0.05,3.13.1,8.4.144,0.12.6,2.14.0,2026-09-12 14:56:27,scripts/19_gercek_onnx_celery_sure.py
7,olcum-onnx-sure-20260912-142859,5,271,data/heridal/test/images/train_ZRI_2026_JPG.rf.244d506f042253e60c59419f79524686.jpg,done,model512-onnx,hayir,0.0,48,80,22,,1009.1586,8.8381,0.0001,9.312,0.3698,0.0228,18.601,18.6011,olcum-onnx-sure-20260912-142859,7,5,model512-onnx,onnx,361731351703f4581f95871c26583eba760f08ed26493869cc864c8c57f55dbd,/models/model512_best.onnx,data/heridal/test/images,"gercek Celery kuyrugu; gorev fonksiyonu dogrudan cagrilmadi, isi calisan isci yapti (docker compose worker)",TASK_TIMING_LOG=/app/media/zamanlama.jsonl,0.05,3.13.1,8.4.144,0.12.6,2.14.0,2026-09-12 14:56:27,scripts/19_gercek_onnx_celery_sure.py
7,olcum-onnx-sure-20260912-142859,5,272,data/heridal/test/images/train_ZRI_2027_JPG.rf.20f6586039a8c1a6dc397e439913444e.jpg,done,model512-onnx,hayir,0.0,49,80,31,,1027.7523,8.6553,0.0001,10.8781,0.469,0.0135,20.0287,20.0288,olcum-onnx-sure-20260912-142859,7,5,model512-onnx,onnx,361731351703f4581f95871c26583eba760f08ed26493869cc864c8c57f55dbd,/models/model512_best.onnx,data/heridal/test/images,"gercek Celery kuyrugu; gorev fonksiyonu dogrudan cagrilmadi, isi calisan isci yapti (docker compose worker)",TASK_TIMING_LOG=/app/media/zamanlama.jsonl,0.05,3.13.1,8.4.144,0.12.6,2.14.0,2026-09-12 14:56:27,scripts/19_gercek_onnx_celery_sure.py
7,olcum-onnx-sure-20260912-142859,5,273,data/heridal/test/images/train_ZRI_2028_JPG.rf.db47a839f5e1f87c7602db7e8ec148b9.jpg,done,model512-onnx,hayir,0.0,49,80,16,,1028.2955,8.7746,0.0001,10.3613,0.3989,0.037,19.6799,19.68,olcum-onnx-sure-20260912-142859,7,5,model512-onnx,onnx,361731351703f4581f95871c26583eba760f08ed26493869cc864c8c57f55dbd,/models/model512_best.onnx,data/heridal/test/images,"gercek Celery kuyrugu; gorev fonksiyonu dogrudan cagrilmadi, isi calisan isci yapti (docker compose worker)",TASK_TIMING_LOG=/app/media/zamanlama.jsonl,0.05,3.13.1,8.4.144,0.12.6,2.14.0,2026-09-12 14:56:27,scripts/19_gercek_onnx_celery_sure.py
7,olcum-onnx-sure-20260912-142859,5,274,data/heridal/test/images/train_ZRI_2029_JPG.rf.7b352d771a36f6ad3f74519584833482.jpg,done,model512-onnx,hayir,0.0,50,80,11,,1047.8088,8.6233,0.0001,9.7882,0.3885,0.0168,18.8447,18.8448,olcum-onnx-sure-20260912-142859,7,5,model512-onnx,onnx,361731351703f4581f95871c26583eba760f08ed26493869cc864c8c57f55dbd,/models/model512_best.onnx,data/heridal/test/images,"gercek Celery kuyrugu; gorev fonksiyonu dogrudan cagrilmadi, isi calisan isci yapti (docker compose worker)",TASK_TIMING_LOG=/app/media/zamanlama.jsonl,0.05,3.13.1,8.4.144,0.12.6,2.14.0,2026-09-12 14:56:27,scripts/19_gercek_onnx_celery_sure.py
7,olcum-onnx-sure-20260912-142859,5,275,data/heridal/test/images/train_ZRI_2030_JPG.rf.f5be72b3ce51a5abe5717ec467beb983.jpg,done,model512-onnx,hayir,0.0,50,80,11,,1047.9935,8.9077,0.0001,9.817,0.4325,0.0197,19.2062,19.2062,olcum-onnx-sure-20260912-142859,7,5,model512-onnx,onnx,361731351703f4581f95871c26583eba760f08ed26493869cc864c8c57f55dbd,/models/model512_best.onnx,data/heridal/test/images,"gercek Celery kuyrugu; gorev fonksiyonu dogrudan cagrilmadi, isi calisan isci yapti (docker compose worker)",TASK_TIMING_LOG=/app/media/zamanlama.jsonl,0.05,3.13.1,8.4.144,0.12.6,2.14.0,2026-09-12 14:56:27,scripts/19_gercek_onnx_celery_sure.py
7,olcum-onnx-sure-20260912-142859,5,276,data/heridal/test/images/train_ZRI_2031_JPG.rf.6637eeede974d137c26c06f05e71de95.jpg,done,model512-onnx,hayir,0.0,51,80,32,,1066.6543,8.9424,0.0001,9.0787,0.4042,0.0162,18.4569,18.457,olcum-onnx-sure-20260912-142859,7,5,model512-onnx,onnx,361731351703f4581f95871c26583eba760f08ed26493869cc864c8c57f55dbd,/models/model512_best.onnx,data/heridal/test/images,"gercek Celery kuyrugu; gorev fonksiyonu dogrudan cagrilmadi, isi calisan isci yapti (docker compose worker)",TASK_TIMING_LOG=/app/media/zamanlama.jsonl,0.05,3.13.1,8.4.144,0.12.6,2.14.0,2026-09-12 14:56:27,scripts/19_gercek_onnx_celery_sure.py
7,olcum-onnx-sure-20260912-142859,5,277,data/heridal/test/images/train_ZRI_2032_JPG.rf.49927cb43742154fd5f0f8aa302575b6.jpg,done,model512-onnx,hayir,0.0,51,80,25,,1067.2342,8.7026,0.0001,9.1171,0.4095,0.0496,18.2946,18.2946,olcum-onnx-sure-20260912-142859,7,5,model512-onnx,onnx,361731351703f4581f95871c26583eba760f08ed26493869cc864c8c57f55dbd,/models/model512_best.onnx,data/heridal/test/images,"gercek Celery kuyrugu; gorev fonksiyonu dogrudan cagrilmadi, isi calisan isci yapti (docker compose worker)",TASK_TIMING_LOG=/app/media/zamanlama.jsonl,0.05,3.13.1,8.4.144,0.12.6,2.14.0,2026-09-12 14:56:27,scripts/19_gercek_onnx_celery_sure.py
7,olcum-onnx-sure-20260912-142859,5,278,data/heridal/test/images/train_ZRI_2033_JPG.rf.9a239a616f9277852538bd95edcc770e.jpg,done,model512-onnx,hayir,0.0,52,80,35,,1085.1294,8.4115,0.0,9.6989,0.4248,0.0105,18.557,18.557,olcum-onnx-sure-20260912-142859,7,5,model512-onnx,onnx,361731351703f4581f95871c26583eba760f08ed26493869cc864c8c57f55dbd,/models/model512_best.onnx,data/heridal/test/images,"gercek Celery kuyrugu; gorev fonksiyonu dogrudan cagrilmadi, isi calisan isci yapti (docker compose worker)",TASK_TIMING_LOG=/app/media/zamanlama.jsonl,0.05,3.13.1,8.4.144,0.12.6,2.14.0,2026-09-12 14:56:27,scripts/19_gercek_onnx_celery_sure.py
7,olcum-onnx-sure-20260912-142859,5,279,data/heridal/test/images/train_ZRI_2034_JPG.rf.f46e467586e3c5aa8c16eaf4382ce56f.jpg,done,model512-onnx,hayir,0.0,52,80,49,,1085.5612,9.3008,0.0,9.7993,0.374,0.0194,19.5074,19.5074,olcum-onnx-sure-20260912-142859,7,5,model512-onnx,onnx,361731351703f4581f95871c26583eba760f08ed26493869cc864c8c57f55dbd,/models/model512_best.onnx,data/heridal/test/images,"gercek Celery kuyrugu; gorev fonksiyonu dogrudan cagrilmadi, isi calisan isci yapti (docker compose worker)",TASK_TIMING_LOG=/app/media/zamanlama.jsonl,0.05,3.13.1,8.4.144,0.12.6,2.14.0,2026-09-12 14:56:27,scripts/19_gercek_onnx_celery_sure.py
7,olcum-onnx-sure-20260912-142859,5,280,data/heridal/test/images/train_ZRI_2035_JPG.rf.59dfa568de01527e83d9b4b52c088911.jpg,done,model512-onnx,hayir,0.0,53,80,39,,1103.7007,9.6799,0.0001,8.2942,0.3631,0.0118,18.3639,18.364,olcum-onnx-sure-20260912-142859,7,5,model512-onnx,onnx,361731351703f4581f95871c26583eba760f08ed26493869cc864c8c57f55dbd,/models/model512_best.onnx,data/heridal/test/images,"gercek Celery kuyrugu; gorev fonksiyonu dogrudan cagrilmadi, isi calisan isci yapti (docker compose worker)",TASK_TIMING_LOG=/app/media/zamanlama.jsonl,0.05,3.13.1,8.4.144,0.12.6,2.14.0,2026-09-12 14:56:27,scripts/19_gercek_onnx_celery_sure.py
7,olcum-onnx-sure-20260912-142859,5,281,data/heridal/test/images/train_ZRI_2041_JPG.rf.2cc2c9d12200696c5f7b5eba4cdcf3df.jpg,done,model512-onnx,hayir,0.0,53,80,10,,1105.0706,8.2301,0.0,8.6993,0.4779,0.0127,17.4308,17.4308,olcum-onnx-sure-20260912-142859,7,5,model512-onnx,onnx,361731351703f4581f95871c26583eba760f08ed26493869cc864c8c57f55dbd,/models/model512_best.onnx,data/heridal/test/images,"gercek Celery kuyrugu; gorev fonksiyonu dogrudan cagrilmadi, isi calisan isci yapti (docker compose worker)",TASK_TIMING_LOG=/app/media/zamanlama.jsonl,0.05,3.13.1,8.4.144,0.12.6,2.14.0,2026-09-12 14:56:27,scripts/19_gercek_onnx_celery_sure.py
7,olcum-onnx-sure-20260912-142859,5,282,data/heridal/test/images/train_ZRI_2042_JPG.rf.f93dac15f1ae723890c10805241087d8.jpg,done,model512-onnx,hayir,0.0,54,80,13,,1122.1022,7.2005,0.0001,7.1996,0.3534,0.0135,14.8069,14.8069,olcum-onnx-sure-20260912-142859,7,5,model512-onnx,onnx,361731351703f4581f95871c26583eba760f08ed26493869cc864c8c57f55dbd,/models/model512_best.onnx,data/heridal/test/images,"gercek Celery kuyrugu; gorev fonksiyonu dogrudan cagrilmadi, isi calisan isci yapti (docker compose worker)",TASK_TIMING_LOG=/app/media/zamanlama.jsonl,0.05,3.13.1,8.4.144,0.12.6,2.14.0,2026-09-12 14:56:27,scripts/19_gercek_onnx_celery_sure.py
7,olcum-onnx-sure-20260912-142859,5,283,data/heridal/test/images/train_ZRI_2046_JPG.rf.6e0e88c5239bc031fcd5636dc1b42f80.jpg,done,model512-onnx,hayir,0.0,54,80,43,,1122.5372,7.6542,0.0001,7.2407,0.3508,0.0067,15.2884,15.2884,olcum-onnx-sure-20260912-142859,7,5,model512-onnx,onnx,361731351703f4581f95871c26583eba760f08ed26493869cc864c8c57f55dbd,/models/model512_best.onnx,data/heridal/test/images,"gercek Celery kuyrugu; gorev fonksiyonu dogrudan cagrilmadi, isi calisan isci yapti (docker compose worker)",TASK_TIMING_LOG=/app/media/zamanlama.jsonl,0.05,3.13.1,8.4.144,0.12.6,2.14.0,2026-09-12 14:56:27,scripts/19_gercek_onnx_celery_sure.py
7,olcum-onnx-sure-20260912-142859,5,284,data/heridal/test/images/train_ZRI_2047_JPG.rf.28100fb3bc7c0eb615dea5cc673ffa75.jpg,done,model512-onnx,hayir,0.0,55,80,52,,1136.9026,8.7136,0.0001,9.3255,0.3836,0.0176,18.4607,18.4607,olcum-onnx-sure-20260912-142859,7,5,model512-onnx,onnx,361731351703f4581f95871c26583eba760f08ed26493869cc864c8c57f55dbd,/models/model512_best.onnx,data/heridal/test/images,"gercek Celery kuyrugu; gorev fonksiyonu dogrudan cagrilmadi, isi calisan isci yapti (docker compose worker)",TASK_TIMING_LOG=/app/media/zamanlama.jsonl,0.05,3.13.1,8.4.144,0.12.6,2.14.0,2026-09-12 14:56:27,scripts/19_gercek_onnx_celery_sure.py
7,olcum-onnx-sure-20260912-142859,5,285,data/heridal/test/images/train_ZRI_2048_JPG.rf.0fae12d6c534313cce3f628106f8d597.jpg,done,model512-onnx,hayir,0.0,55,80,45,,1137.8221,9.4286,0.0,9.9114,0.5093,0.0233,19.8856,19.8856,olcum-onnx-sure-20260912-142859,7,5,model512-onnx,onnx,361731351703f4581f95871c26583eba760f08ed26493869cc864c8c57f55dbd,/models/model512_best.onnx,data/heridal/test/images,"gercek Celery kuyrugu; gorev fonksiyonu dogrudan cagrilmadi, isi calisan isci yapti (docker compose worker)",TASK_TIMING_LOG=/app/media/zamanlama.jsonl,0.05,3.13.1,8.4.144,0.12.6,2.14.0,2026-09-12 14:56:27,scripts/19_gercek_onnx_celery_sure.py
7,olcum-onnx-sure-20260912-142859,5,286,data/heridal/test/images/train_ZRI_2049_JPG.rf.35c07c1208f36c275450d0a1f718410a.jpg,done,model512-onnx,hayir,0.0,56,80,38,,1155.3903,9.9753,0.0001,10.5769,0.4413,0.0165,21.0429,21.0429,olcum-onnx-sure-20260912-142859,7,5,model512-onnx,onnx,361731351703f4581f95871c26583eba760f08ed26493869cc864c8c57f55dbd,/models/model512_best.onnx,data/heridal/test/images,"gercek Celery kuyrugu; gorev fonksiyonu dogrudan cagrilmadi, isi calisan isci yapti (docker compose worker)",TASK_TIMING_LOG=/app/media/zamanlama.jsonl,0.05,3.13.1,8.4.144,0.12.6,2.14.0,2026-09-12 14:56:27,scripts/19_gercek_onnx_celery_sure.py
7,olcum-onnx-sure-20260912-142859,5,287,data/heridal/test/images/train_ZRI_2050_JPG.rf.6921c2273a748f4edbc0852aa24bddca.jpg,done,model512-onnx,hayir,0.0,56,80,32,,1157.7738,9.2259,0.0001,11.3894,0.4976,0.0238,21.1977,21.1977,olcum-onnx-sure-20260912-142859,7,5,model512-onnx,onnx,361731351703f4581f95871c26583eba760f08ed26493869cc864c8c57f55dbd,/models/model512_best.onnx,data/heridal/test/images,"gercek Celery kuyrugu; gorev fonksiyonu dogrudan cagrilmadi, isi calisan isci yapti (docker compose worker)",TASK_TIMING_LOG=/app/media/zamanlama.jsonl,0.05,3.13.1,8.4.144,0.12.6,2.14.0,2026-09-12 14:56:27,scripts/19_gercek_onnx_celery_sure.py
7,olcum-onnx-sure-20260912-142859,5,288,data/heridal/test/images/train_ZRI_2051_JPG.rf.c6b80d7c803e9e8d6c0e97620237f374.jpg,done,model512-onnx,hayir,0.0,57,80,37,,1176.4868,9.8787,0.0001,10.9985,0.4303,0.0229,21.3772,21.3772,olcum-onnx-sure-20260912-142859,7,5,model512-onnx,onnx,361731351703f4581f95871c26583eba760f08ed26493869cc864c8c57f55dbd,/models/model512_best.onnx,data/heridal/test/images,"gercek Celery kuyrugu; gorev fonksiyonu dogrudan cagrilmadi, isi calisan isci yapti (docker compose worker)",TASK_TIMING_LOG=/app/media/zamanlama.jsonl,0.05,3.13.1,8.4.144,0.12.6,2.14.0,2026-09-12 14:56:27,scripts/19_gercek_onnx_celery_sure.py
7,olcum-onnx-sure-20260912-142859,5,289,data/heridal/test/images/train_ZRI_2052_JPG.rf.50c49144f7a8de99bbafb62bb04d74fb.jpg,done,model512-onnx,hayir,0.0,57,80,37,,1178.9673,9.6863,0.0001,10.3113,0.4202,0.0199,20.4828,20.4828,olcum-onnx-sure-20260912-142859,7,5,model512-onnx,onnx,361731351703f4581f95871c26583eba760f08ed26493869cc864c8c57f55dbd,/models/model512_best.onnx,data/heridal/test/images,"gercek Celery kuyrugu; gorev fonksiyonu dogrudan cagrilmadi, isi calisan isci yapti (docker compose worker)",TASK_TIMING_LOG=/app/media/zamanlama.jsonl,0.05,3.13.1,8.4.144,0.12.6,2.14.0,2026-09-12 14:56:27,scripts/19_gercek_onnx_celery_sure.py
7,olcum-onnx-sure-20260912-142859,5,290,data/heridal/test/images/train_ZRI_2053_JPG.rf.18a77a9247976767870670bd190baa49.jpg,done,model512-onnx,hayir,0.0,58,80,35,,1197.8988,9.3517,0.0001,11.3434,0.4708,0.0206,21.2243,21.2244,olcum-onnx-sure-20260912-142859,7,5,model512-onnx,onnx,361731351703f4581f95871c26583eba760f08ed26493869cc864c8c57f55dbd,/models/model512_best.onnx,data/heridal/test/images,"gercek Celery kuyrugu; gorev fonksiyonu dogrudan cagrilmadi, isi calisan isci yapti (docker compose worker)",TASK_TIMING_LOG=/app/media/zamanlama.jsonl,0.05,3.13.1,8.4.144,0.12.6,2.14.0,2026-09-12 14:56:27,scripts/19_gercek_onnx_celery_sure.py
7,olcum-onnx-sure-20260912-142859,5,291,data/heridal/test/images/train_ZRI_2055_JPG.rf.154bfc1b929f89683a1aed3dc94e76b3.jpg,done,model512-onnx,hayir,0.0,58,80,9,,1199.4461,9.7682,0.0001,10.9038,0.3752,0.0155,21.1216,21.1216,olcum-onnx-sure-20260912-142859,7,5,model512-onnx,onnx,361731351703f4581f95871c26583eba760f08ed26493869cc864c8c57f55dbd,/models/model512_best.onnx,data/heridal/test/images,"gercek Celery kuyrugu; gorev fonksiyonu dogrudan cagrilmadi, isi calisan isci yapti (docker compose worker)",TASK_TIMING_LOG=/app/media/zamanlama.jsonl,0.05,3.13.1,8.4.144,0.12.6,2.14.0,2026-09-12 14:56:27,scripts/19_gercek_onnx_celery_sure.py
7,olcum-onnx-sure-20260912-142859,5,292,data/heridal/test/images/train_ZRI_2056_JPG.rf.39ae2ff97fdcb96cc6aacd3f1010aa2a.jpg,done,model512-onnx,hayir,0.0,59,80,16,,1219.1375,9.1679,0.0001,10.1173,0.4174,0.0233,19.7663,19.7663,olcum-onnx-sure-20260912-142859,7,5,model512-onnx,onnx,361731351703f4581f95871c26583eba760f08ed26493869cc864c8c57f55dbd,/models/model512_best.onnx,data/heridal/test/images,"gercek Celery kuyrugu; gorev fonksiyonu dogrudan cagrilmadi, isi calisan isci yapti (docker compose worker)",TASK_TIMING_LOG=/app/media/zamanlama.jsonl,0.05,3.13.1,8.4.144,0.12.6,2.14.0,2026-09-12 14:56:27,scripts/19_gercek_onnx_celery_sure.py
7,olcum-onnx-sure-20260912-142859,5,293,data/heridal/test/images/train_ZRI_2058_JPG.rf.34e7e941d692239be5f03263699cf42f.jpg,done,model512-onnx,hayir,0.0,59,80,58,,1220.5557,9.1919,0.0001,10.0462,0.4712,0.0151,19.7374,19.7375,olcum-onnx-sure-20260912-142859,7,5,model512-onnx,onnx,361731351703f4581f95871c26583eba760f08ed26493869cc864c8c57f55dbd,/models/model512_best.onnx,data/heridal/test/images,"gercek Celery kuyrugu; gorev fonksiyonu dogrudan cagrilmadi, isi calisan isci yapti (docker compose worker)",TASK_TIMING_LOG=/app/media/zamanlama.jsonl,0.05,3.13.1,8.4.144,0.12.6,2.14.0,2026-09-12 14:56:27,scripts/19_gercek_onnx_celery_sure.py
7,olcum-onnx-sure-20260912-142859,5,294,data/heridal/test/images/train_ZRI_2065_JPG.rf.830ac62cc7542ba9b85d03b76e773cef.jpg,done,model512-onnx,hayir,0.0,60,80,36,,1238.9053,8.867,0.0001,10.3651,0.4744,0.0194,19.7433,19.7433,olcum-onnx-sure-20260912-142859,7,5,model512-onnx,onnx,361731351703f4581f95871c26583eba760f08ed26493869cc864c8c57f55dbd,/models/model512_best.onnx,data/heridal/test/images,"gercek Celery kuyrugu; gorev fonksiyonu dogrudan cagrilmadi, isi calisan isci yapti (docker compose worker)",TASK_TIMING_LOG=/app/media/zamanlama.jsonl,0.05,3.13.1,8.4.144,0.12.6,2.14.0,2026-09-12 14:56:27,scripts/19_gercek_onnx_celery_sure.py
7,olcum-onnx-sure-20260912-142859,5,295,data/heridal/test/images/train_ZRI_2066_JPG.rf.6c0b5d1549d2bce7c67ce607ffb519ee.jpg,done,model512-onnx,hayir,0.0,60,80,44,,1240.3008,9.5871,0.0,9.3633,0.4036,0.0232,19.3893,19.3893,olcum-onnx-sure-20260912-142859,7,5,model512-onnx,onnx,361731351703f4581f95871c26583eba760f08ed26493869cc864c8c57f55dbd,/models/model512_best.onnx,data/heridal/test/images,"gercek Celery kuyrugu; gorev fonksiyonu dogrudan cagrilmadi, isi calisan isci yapti (docker compose worker)",TASK_TIMING_LOG=/app/media/zamanlama.jsonl,0.05,3.13.1,8.4.144,0.12.6,2.14.0,2026-09-12 14:56:27,scripts/19_gercek_onnx_celery_sure.py
7,olcum-onnx-sure-20260912-142859,5,296,data/heridal/test/images/train_ZRI_2069_JPG.rf.6a409d8c56d0318e69673369fd6d2678.jpg,done,model512-onnx,hayir,0.0,61,80,37,,1258.7128,8.8575,0.0001,9.3175,0.3866,0.0163,18.6384,18.6384,olcum-onnx-sure-20260912-142859,7,5,model512-onnx,onnx,361731351703f4581f95871c26583eba760f08ed26493869cc864c8c57f55dbd,/models/model512_best.onnx,data/heridal/test/images,"gercek Celery kuyrugu; gorev fonksiyonu dogrudan cagrilmadi, isi calisan isci yapti (docker compose worker)",TASK_TIMING_LOG=/app/media/zamanlama.jsonl,0.05,3.13.1,8.4.144,0.12.6,2.14.0,2026-09-12 14:56:27,scripts/19_gercek_onnx_celery_sure.py
7,olcum-onnx-sure-20260912-142859,5,297,data/heridal/test/images/train_ZRI_2071_JPG.rf.fcdb961ab586bb519156035e5c925048.jpg,done,model512-onnx,hayir,0.0,61,80,30,,1259.7668,8.6172,0.0001,10.2125,0.4341,0.0128,19.3095,19.3095,olcum-onnx-sure-20260912-142859,7,5,model512-onnx,onnx,361731351703f4581f95871c26583eba760f08ed26493869cc864c8c57f55dbd,/models/model512_best.onnx,data/heridal/test/images,"gercek Celery kuyrugu; gorev fonksiyonu dogrudan cagrilmadi, isi calisan isci yapti (docker compose worker)",TASK_TIMING_LOG=/app/media/zamanlama.jsonl,0.05,3.13.1,8.4.144,0.12.6,2.14.0,2026-09-12 14:56:27,scripts/19_gercek_onnx_celery_sure.py
7,olcum-onnx-sure-20260912-142859,5,298,data/heridal/test/images/train_ZRI_2077_JPG.rf.4d76c4ca04fa80302c2f7619779966c5.jpg,done,model512-onnx,hayir,0.0,62,80,23,,1277.3214,9.2024,0.0,9.5943,0.3655,0.0159,19.1967,19.1967,olcum-onnx-sure-20260912-142859,7,5,model512-onnx,onnx,361731351703f4581f95871c26583eba760f08ed26493869cc864c8c57f55dbd,/models/model512_best.onnx,data/heridal/test/images,"gercek Celery kuyrugu; gorev fonksiyonu dogrudan cagrilmadi, isi calisan isci yapti (docker compose worker)",TASK_TIMING_LOG=/app/media/zamanlama.jsonl,0.05,3.13.1,8.4.144,0.12.6,2.14.0,2026-09-12 14:56:27,scripts/19_gercek_onnx_celery_sure.py
7,olcum-onnx-sure-20260912-142859,5,299,data/heridal/test/images/train_ZRI_2087_JPG.rf.25e89ef6f3583ab049f69cd7ff8a86f7.jpg,done,model512-onnx,hayir,0.0,62,80,17,,1279.0799,8.0734,0.0001,10.8918,0.4314,0.0165,19.4269,19.4269,olcum-onnx-sure-20260912-142859,7,5,model512-onnx,onnx,361731351703f4581f95871c26583eba760f08ed26493869cc864c8c57f55dbd,/models/model512_best.onnx,data/heridal/test/images,"gercek Celery kuyrugu; gorev fonksiyonu dogrudan cagrilmadi, isi calisan isci yapti (docker compose worker)",TASK_TIMING_LOG=/app/media/zamanlama.jsonl,0.05,3.13.1,8.4.144,0.12.6,2.14.0,2026-09-12 14:56:27,scripts/19_gercek_onnx_celery_sure.py
7,olcum-onnx-sure-20260912-142859,5,300,data/heridal/test/images/train_ZRI_3001_JPG.rf.87934c388c284001e56188d171bf0641.jpg,done,model512-onnx,hayir,0.0,63,80,28,,1296.5244,9.6144,0.0001,10.2108,0.3888,0.0352,20.3042,20.3043,olcum-onnx-sure-20260912-142859,7,5,model512-onnx,onnx,361731351703f4581f95871c26583eba760f08ed26493869cc864c8c57f55dbd,/models/model512_best.onnx,data/heridal/test/images,"gercek Celery kuyrugu; gorev fonksiyonu dogrudan cagrilmadi, isi calisan isci yapti (docker compose worker)",TASK_TIMING_LOG=/app/media/zamanlama.jsonl,0.05,3.13.1,8.4.144,0.12.6,2.14.0,2026-09-12 14:56:27,scripts/19_gercek_onnx_celery_sure.py
7,olcum-onnx-sure-20260912-142859,5,301,data/heridal/test/images/train_ZRI_3002_JPG.rf.419b179d91d72e79b60547b3c2bfdfb1.jpg,done,model512-onnx,hayir,0.0,63,80,27,,1298.5555,9.6506,0.0001,10.2752,0.3865,0.0187,20.4049,20.405,olcum-onnx-sure-20260912-142859,7,5,model512-onnx,onnx,361731351703f4581f95871c26583eba760f08ed26493869cc864c8c57f55dbd,/models/model512_best.onnx,data/heridal/test/images,"gercek Celery kuyrugu; gorev fonksiyonu dogrudan cagrilmadi, isi calisan isci yapti (docker compose worker)",TASK_TIMING_LOG=/app/media/zamanlama.jsonl,0.05,3.13.1,8.4.144,0.12.6,2.14.0,2026-09-12 14:56:27,scripts/19_gercek_onnx_celery_sure.py
7,olcum-onnx-sure-20260912-142859,5,302,data/heridal/test/images/train_ZRI_3003_JPG.rf.d28000a3014df2b27372c17bb2d7b1f4.jpg,done,model512-onnx,hayir,0.0,64,80,21,,1316.8663,9.3927,0.0001,10.0038,0.3895,0.01,19.8317,19.8317,olcum-onnx-sure-20260912-142859,7,5,model512-onnx,onnx,361731351703f4581f95871c26583eba760f08ed26493869cc864c8c57f55dbd,/models/model512_best.onnx,data/heridal/test/images,"gercek Celery kuyrugu; gorev fonksiyonu dogrudan cagrilmadi, isi calisan isci yapti (docker compose worker)",TASK_TIMING_LOG=/app/media/zamanlama.jsonl,0.05,3.13.1,8.4.144,0.12.6,2.14.0,2026-09-12 14:56:27,scripts/19_gercek_onnx_celery_sure.py
7,olcum-onnx-sure-20260912-142859,5,303,data/heridal/test/images/train_ZRI_3004_JPG.rf.478fe98972b9067b88a1482ac43c1599.jpg,done,model512-onnx,hayir,0.0,64,80,13,,1318.9432,10.1829,0.0012,9.6964,0.378,0.0194,20.3198,20.3199,olcum-onnx-sure-20260912-142859,7,5,model512-onnx,onnx,361731351703f4581f95871c26583eba760f08ed26493869cc864c8c57f55dbd,/models/model512_best.onnx,data/heridal/test/images,"gercek Celery kuyrugu; gorev fonksiyonu dogrudan cagrilmadi, isi calisan isci yapti (docker compose worker)",TASK_TIMING_LOG=/app/media/zamanlama.jsonl,0.05,3.13.1,8.4.144,0.12.6,2.14.0,2026-09-12 14:56:27,scripts/19_gercek_onnx_celery_sure.py
7,olcum-onnx-sure-20260912-142859,5,304,data/heridal/test/images/train_ZRI_3005_JPG.rf.8f1c33d04181cef15f01d0171934347d.jpg,done,model512-onnx,hayir,0.0,65,80,19,,1336.7005,10.2736,0.0001,8.9645,0.4062,0.0223,19.6822,19.6822,olcum-onnx-sure-20260912-142859,7,5,model512-onnx,onnx,361731351703f4581f95871c26583eba760f08ed26493869cc864c8c57f55dbd,/models/model512_best.onnx,data/heridal/test/images,"gercek Celery kuyrugu; gorev fonksiyonu dogrudan cagrilmadi, isi calisan isci yapti (docker compose worker)",TASK_TIMING_LOG=/app/media/zamanlama.jsonl,0.05,3.13.1,8.4.144,0.12.6,2.14.0,2026-09-12 14:56:27,scripts/19_gercek_onnx_celery_sure.py
7,olcum-onnx-sure-20260912-142859,5,305,data/heridal/test/images/train_ZRI_3006_JPG.rf.bf10ed09f4f2ac910abbb51be21dcaca.jpg,done,model512-onnx,hayir,0.0,65,80,17,,1339.2537,10.0547,0.0,9.0932,0.3987,0.0536,19.6119,19.6119,olcum-onnx-sure-20260912-142859,7,5,model512-onnx,onnx,361731351703f4581f95871c26583eba760f08ed26493869cc864c8c57f55dbd,/models/model512_best.onnx,data/heridal/test/images,"gercek Celery kuyrugu; gorev fonksiyonu dogrudan cagrilmadi, isi calisan isci yapti (docker compose worker)",TASK_TIMING_LOG=/app/media/zamanlama.jsonl,0.05,3.13.1,8.4.144,0.12.6,2.14.0,2026-09-12 14:56:27,scripts/19_gercek_onnx_celery_sure.py
7,olcum-onnx-sure-20260912-142859,5,306,data/heridal/test/images/train_ZRI_3007_JPG.rf.9aaa808230b7b9af324a301c05899671.jpg,done,model512-onnx,hayir,0.0,66,80,29,,1356.4312,10.2168,0.0001,8.6882,0.3617,0.0211,19.3229,19.323,olcum-onnx-sure-20260912-142859,7,5,model512-onnx,onnx,361731351703f4581f95871c26583eba760f08ed26493869cc864c8c57f55dbd,/models/model512_best.onnx,data/heridal/test/images,"gercek Celery kuyrugu; gorev fonksiyonu dogrudan cagrilmadi, isi calisan isci yapti (docker compose worker)",TASK_TIMING_LOG=/app/media/zamanlama.jsonl,0.05,3.13.1,8.4.144,0.12.6,2.14.0,2026-09-12 14:56:27,scripts/19_gercek_onnx_celery_sure.py
7,olcum-onnx-sure-20260912-142859,5,307,data/heridal/test/images/train_ZRI_3008_JPG.rf.183af878bc7881b534b79d94d74b2f23.jpg,done,model512-onnx,hayir,0.0,66,80,32,,1358.9092,10.0519,0.0001,8.3643,0.4217,0.0124,18.8698,18.8698,olcum-onnx-sure-20260912-142859,7,5,model512-onnx,onnx,361731351703f4581f95871c26583eba760f08ed26493869cc864c8c57f55dbd,/models/model512_best.onnx,data/heridal/test/images,"gercek Celery kuyrugu; gorev fonksiyonu dogrudan cagrilmadi, isi calisan isci yapti (docker compose worker)",TASK_TIMING_LOG=/app/media/zamanlama.jsonl,0.05,3.13.1,8.4.144,0.12.6,2.14.0,2026-09-12 14:56:27,scripts/19_gercek_onnx_celery_sure.py
7,olcum-onnx-sure-20260912-142859,5,308,data/heridal/test/images/train_ZRI_3009_JPG.rf.5a29177c9c62ef46d522a5cb0a8865da.jpg,done,model512-onnx,hayir,0.0,67,80,13,,1375.7493,9.966,0.0,8.8994,0.3473,0.0106,19.2354,19.2355,olcum-onnx-sure-20260912-142859,7,5,model512-onnx,onnx,361731351703f4581f95871c26583eba760f08ed26493869cc864c8c57f55dbd,/models/model512_best.onnx,data/heridal/test/images,"gercek Celery kuyrugu; gorev fonksiyonu dogrudan cagrilmadi, isi calisan isci yapti (docker compose worker)",TASK_TIMING_LOG=/app/media/zamanlama.jsonl,0.05,3.13.1,8.4.144,0.12.6,2.14.0,2026-09-12 14:56:27,scripts/19_gercek_onnx_celery_sure.py
7,olcum-onnx-sure-20260912-142859,5,309,data/heridal/test/images/train_ZRI_3010_JPG.rf.7d93f21911b164c740d9757de3848d4b.jpg,done,model512-onnx,hayir,0.0,67,80,14,,1377.7811,9.8173,0.0001,9.7967,0.4154,0.0126,20.0569,20.0569,olcum-onnx-sure-20260912-142859,7,5,model512-onnx,onnx,361731351703f4581f95871c26583eba760f08ed26493869cc864c8c57f55dbd,/models/model512_best.onnx,data/heridal/test/images,"gercek Celery kuyrugu; gorev fonksiyonu dogrudan cagrilmadi, isi calisan isci yapti (docker compose worker)",TASK_TIMING_LOG=/app/media/zamanlama.jsonl,0.05,3.13.1,8.4.144,0.12.6,2.14.0,2026-09-12 14:56:27,scripts/19_gercek_onnx_celery_sure.py
7,olcum-onnx-sure-20260912-142859,5,310,data/heridal/test/images/train_ZRI_3011_JPG.rf.17d4eef4ec23427de8b43cec1a2f4bf7.jpg,done,model512-onnx,hayir,0.0,68,80,12,,1394.9993,10.214,0.0,9.7138,0.4492,0.0212,20.4101,20.4102,olcum-onnx-sure-20260912-142859,7,5,model512-onnx,onnx,361731351703f4581f95871c26583eba760f08ed26493869cc864c8c57f55dbd,/models/model512_best.onnx,data/heridal/test/images,"gercek Celery kuyrugu; gorev fonksiyonu dogrudan cagrilmadi, isi calisan isci yapti (docker compose worker)",TASK_TIMING_LOG=/app/media/zamanlama.jsonl,0.05,3.13.1,8.4.144,0.12.6,2.14.0,2026-09-12 14:56:27,scripts/19_gercek_onnx_celery_sure.py
7,olcum-onnx-sure-20260912-142859,5,311,data/heridal/test/images/train_ZRI_3012_JPG.rf.1e9e9801c76d218506e789eb7e0eb27c.jpg,done,model512-onnx,hayir,0.0,68,80,16,,1397.8928,9.8153,0.0001,8.9976,0.4136,0.0204,19.2966,19.2966,olcum-onnx-sure-20260912-142859,7,5,model512-onnx,onnx,361731351703f4581f95871c26583eba760f08ed26493869cc864c8c57f55dbd,/models/model512_best.onnx,data/heridal/test/images,"gercek Celery kuyrugu; gorev fonksiyonu dogrudan cagrilmadi, isi calisan isci yapti (docker compose worker)",TASK_TIMING_LOG=/app/media/zamanlama.jsonl,0.05,3.13.1,8.4.144,0.12.6,2.14.0,2026-09-12 14:56:27,scripts/19_gercek_onnx_celery_sure.py
7,olcum-onnx-sure-20260912-142859,5,312,data/heridal/test/images/train_ZRI_3013_JPG.rf.90b359eea73da3195af444d6fcf35683.jpg,done,model512-onnx,hayir,0.0,69,80,19,,1415.4179,9.5531,0.0,9.7961,0.3984,0.0129,19.7719,19.7719,olcum-onnx-sure-20260912-142859,7,5,model512-onnx,onnx,361731351703f4581f95871c26583eba760f08ed26493869cc864c8c57f55dbd,/models/model512_best.onnx,data/heridal/test/images,"gercek Celery kuyrugu; gorev fonksiyonu dogrudan cagrilmadi, isi calisan isci yapti (docker compose worker)",TASK_TIMING_LOG=/app/media/zamanlama.jsonl,0.05,3.13.1,8.4.144,0.12.6,2.14.0,2026-09-12 14:56:27,scripts/19_gercek_onnx_celery_sure.py
7,olcum-onnx-sure-20260912-142859,5,313,data/heridal/test/images/train_ZRI_3015_JPG.rf.b1e5f01a18e7e5febc08aebe16c4741c.jpg,done,model512-onnx,hayir,0.0,69,80,20,,1417.1894,10.0481,0.0,9.0737,0.3995,0.0223,19.5636,19.5636,olcum-onnx-sure-20260912-142859,7,5,model512-onnx,onnx,361731351703f4581f95871c26583eba760f08ed26493869cc864c8c57f55dbd,/models/model512_best.onnx,data/heridal/test/images,"gercek Celery kuyrugu; gorev fonksiyonu dogrudan cagrilmadi, isi calisan isci yapti (docker compose worker)",TASK_TIMING_LOG=/app/media/zamanlama.jsonl,0.05,3.13.1,8.4.144,0.12.6,2.14.0,2026-09-12 14:56:27,scripts/19_gercek_onnx_celery_sure.py
7,olcum-onnx-sure-20260912-142859,5,314,data/heridal/test/images/train_ZRI_3016_JPG.rf.e55d832df94150161e141df12c0b1999.jpg,done,model512-onnx,hayir,0.0,70,80,20,,1435.2037,10.2936,0.0,10.6872,0.4703,0.0169,21.4821,21.4821,olcum-onnx-sure-20260912-142859,7,5,model512-onnx,onnx,361731351703f4581f95871c26583eba760f08ed26493869cc864c8c57f55dbd,/models/model512_best.onnx,data/heridal/test/images,"gercek Celery kuyrugu; gorev fonksiyonu dogrudan cagrilmadi, isi calisan isci yapti (docker compose worker)",TASK_TIMING_LOG=/app/media/zamanlama.jsonl,0.05,3.13.1,8.4.144,0.12.6,2.14.0,2026-09-12 14:56:27,scripts/19_gercek_onnx_celery_sure.py
7,olcum-onnx-sure-20260912-142859,5,315,data/heridal/test/images/train_ZRI_3017_JPG.rf.5007898a1182a140b1486a2353f22912.jpg,done,model512-onnx,hayir,0.0,70,80,6,,1436.7581,11.6543,0.0001,10.1308,0.3774,0.0148,22.1906,22.1907,olcum-onnx-sure-20260912-142859,7,5,model512-onnx,onnx,361731351703f4581f95871c26583eba760f08ed26493869cc864c8c57f55dbd,/models/model512_best.onnx,data/heridal/test/images,"gercek Celery kuyrugu; gorev fonksiyonu dogrudan cagrilmadi, isi calisan isci yapti (docker compose worker)",TASK_TIMING_LOG=/app/media/zamanlama.jsonl,0.05,3.13.1,8.4.144,0.12.6,2.14.0,2026-09-12 14:56:27,scripts/19_gercek_onnx_celery_sure.py
7,olcum-onnx-sure-20260912-142859,5,316,data/heridal/test/images/train_ZRI_3018_JPG.rf.7d3c3d9dd3130ea8882712a0ef220c3f.jpg,done,model512-onnx,hayir,0.0,71,80,14,,1456.7235,9.7262,0.0001,11.2534,0.4317,0.0341,21.5454,21.5454,olcum-onnx-sure-20260912-142859,7,5,model512-onnx,onnx,361731351703f4581f95871c26583eba760f08ed26493869cc864c8c57f55dbd,/models/model512_best.onnx,data/heridal/test/images,"gercek Celery kuyrugu; gorev fonksiyonu dogrudan cagrilmadi, isi calisan isci yapti (docker compose worker)",TASK_TIMING_LOG=/app/media/zamanlama.jsonl,0.05,3.13.1,8.4.144,0.12.6,2.14.0,2026-09-12 14:56:27,scripts/19_gercek_onnx_celery_sure.py
7,olcum-onnx-sure-20260912-142859,5,317,data/heridal/test/images/train_ZRI_3019_JPG.rf.0717ec5bd3af4d0e32b2c1de5e2575cf.jpg,done,model512-onnx,hayir,0.0,71,80,33,,1458.9649,10.6697,0.0001,10.7418,0.3906,0.0103,21.8248,21.8248,olcum-onnx-sure-20260912-142859,7,5,model512-onnx,onnx,361731351703f4581f95871c26583eba760f08ed26493869cc864c8c57f55dbd,/models/model512_best.onnx,data/heridal/test/images,"gercek Celery kuyrugu; gorev fonksiyonu dogrudan cagrilmadi, isi calisan isci yapti (docker compose worker)",TASK_TIMING_LOG=/app/media/zamanlama.jsonl,0.05,3.13.1,8.4.144,0.12.6,2.14.0,2026-09-12 14:56:27,scripts/19_gercek_onnx_celery_sure.py
7,olcum-onnx-sure-20260912-142859,5,318,data/heridal/test/images/train_ZRI_3020_JPG.rf.755a92000e873bc5de222da850f53ffe.jpg,done,model512-onnx,hayir,0.0,72,80,33,,1478.2877,10.0269,0.0001,10.941,0.4519,0.0102,21.4583,21.4583,olcum-onnx-sure-20260912-142859,7,5,model512-onnx,onnx,361731351703f4581f95871c26583eba760f08ed26493869cc864c8c57f55dbd,/models/model512_best.onnx,data/heridal/test/images,"gercek Celery kuyrugu; gorev fonksiyonu dogrudan cagrilmadi, isi calisan isci yapti (docker compose worker)",TASK_TIMING_LOG=/app/media/zamanlama.jsonl,0.05,3.13.1,8.4.144,0.12.6,2.14.0,2026-09-12 14:56:27,scripts/19_gercek_onnx_celery_sure.py
7,olcum-onnx-sure-20260912-142859,5,319,data/heridal/test/images/train_ZRI_3021_JPG.rf.de50a726e16c7075eedea7d52769769b.jpg,done,model512-onnx,hayir,0.0,72,80,20,,1480.8005,10.2834,0.0001,9.862,0.3947,0.0162,20.5678,20.5679,olcum-onnx-sure-20260912-142859,7,5,model512-onnx,onnx,361731351703f4581f95871c26583eba760f08ed26493869cc864c8c57f55dbd,/models/model512_best.onnx,data/heridal/test/images,"gercek Celery kuyrugu; gorev fonksiyonu dogrudan cagrilmadi, isi calisan isci yapti (docker compose worker)",TASK_TIMING_LOG=/app/media/zamanlama.jsonl,0.05,3.13.1,8.4.144,0.12.6,2.14.0,2026-09-12 14:56:27,scripts/19_gercek_onnx_celery_sure.py
7,olcum-onnx-sure-20260912-142859,5,320,data/heridal/test/images/train_ZRI_3022_JPG.rf.d115c4fe72b775641f52aadcf9d5236f.jpg,done,model512-onnx,hayir,0.0,73,80,19,,1499.7414,10.2089,0.0,10.8109,0.4536,0.0072,21.4947,21.4947,olcum-onnx-sure-20260912-142859,7,5,model512-onnx,onnx,361731351703f4581f95871c26583eba760f08ed26493869cc864c8c57f55dbd,/models/model512_best.onnx,data/heridal/test/images,"gercek Celery kuyrugu; gorev fonksiyonu dogrudan cagrilmadi, isi calisan isci yapti (docker compose worker)",TASK_TIMING_LOG=/app/media/zamanlama.jsonl,0.05,3.13.1,8.4.144,0.12.6,2.14.0,2026-09-12 14:56:27,scripts/19_gercek_onnx_celery_sure.py
7,olcum-onnx-sure-20260912-142859,5,321,data/heridal/test/images/train_ZRI_3023_JPG.rf.53c979cc18817a0169dc7a3d0aa70e4d.jpg,done,model512-onnx,hayir,0.0,73,80,24,,1501.3733,9.8878,0.0001,9.4298,0.3943,0.0109,19.7424,19.7424,olcum-onnx-sure-20260912-142859,7,5,model512-onnx,onnx,361731351703f4581f95871c26583eba760f08ed26493869cc864c8c57f55dbd,/models/model512_best.onnx,data/heridal/test/images,"gercek Celery kuyrugu; gorev fonksiyonu dogrudan cagrilmadi, isi calisan isci yapti (docker compose worker)",TASK_TIMING_LOG=/app/media/zamanlama.jsonl,0.05,3.13.1,8.4.144,0.12.6,2.14.0,2026-09-12 14:56:27,scripts/19_gercek_onnx_celery_sure.py
7,olcum-onnx-sure-20260912-142859,5,322,data/heridal/test/images/train_ZRI_3024_JPG.rf.d9829573e67bca0f8b2b0001749feb1d.jpg,done,model512-onnx,hayir,0.0,74,80,24,,1521.1398,9.9184,0.0001,9.996,0.4139,0.0228,20.398,20.398,olcum-onnx-sure-20260912-142859,7,5,model512-onnx,onnx,361731351703f4581f95871c26583eba760f08ed26493869cc864c8c57f55dbd,/models/model512_best.onnx,data/heridal/test/images,"gercek Celery kuyrugu; gorev fonksiyonu dogrudan cagrilmadi, isi calisan isci yapti (docker compose worker)",TASK_TIMING_LOG=/app/media/zamanlama.jsonl,0.05,3.13.1,8.4.144,0.12.6,2.14.0,2026-09-12 14:56:27,scripts/19_gercek_onnx_celery_sure.py
7,olcum-onnx-sure-20260912-142859,5,323,data/heridal/test/images/train_ZRI_3025_JPG.rf.bec9752c53ca7b71a9d3b682bdbe850f.jpg,done,model512-onnx,hayir,0.0,74,80,23,,1521.2519,9.4822,0.0001,10.5232,0.4212,0.032,20.4729,20.473,olcum-onnx-sure-20260912-142859,7,5,model512-onnx,onnx,361731351703f4581f95871c26583eba760f08ed26493869cc864c8c57f55dbd,/models/model512_best.onnx,data/heridal/test/images,"gercek Celery kuyrugu; gorev fonksiyonu dogrudan cagrilmadi, isi calisan isci yapti (docker compose worker)",TASK_TIMING_LOG=/app/media/zamanlama.jsonl,0.05,3.13.1,8.4.144,0.12.6,2.14.0,2026-09-12 14:56:27,scripts/19_gercek_onnx_celery_sure.py
7,olcum-onnx-sure-20260912-142859,5,324,data/heridal/test/images/train_ZRI_3026_JPG.rf.1503e7f8824e0cca340091e680501e12.jpg,done,model512-onnx,hayir,0.0,75,80,20,,1541.5452,10.0965,0.0001,9.3707,0.3821,0.0276,19.892,19.892,olcum-onnx-sure-20260912-142859,7,5,model512-onnx,onnx,361731351703f4581f95871c26583eba760f08ed26493869cc864c8c57f55dbd,/models/model512_best.onnx,data/heridal/test/images,"gercek Celery kuyrugu; gorev fonksiyonu dogrudan cagrilmadi, isi calisan isci yapti (docker compose worker)",TASK_TIMING_LOG=/app/media/zamanlama.jsonl,0.05,3.13.1,8.4.144,0.12.6,2.14.0,2026-09-12 14:56:27,scripts/19_gercek_onnx_celery_sure.py
7,olcum-onnx-sure-20260912-142859,5,325,data/heridal/test/images/train_ZRI_3027_JPG.rf.99f697df2ae83d2ef77dd3effe2b5f2a.jpg,done,model512-onnx,hayir,0.0,75,80,20,,1541.8099,10.1141,0.0001,9.365,0.402,0.0388,19.9684,19.9684,olcum-onnx-sure-20260912-142859,7,5,model512-onnx,onnx,361731351703f4581f95871c26583eba760f08ed26493869cc864c8c57f55dbd,/models/model512_best.onnx,data/heridal/test/images,"gercek Celery kuyrugu; gorev fonksiyonu dogrudan cagrilmadi, isi calisan isci yapti (docker compose worker)",TASK_TIMING_LOG=/app/media/zamanlama.jsonl,0.05,3.13.1,8.4.144,0.12.6,2.14.0,2026-09-12 14:56:27,scripts/19_gercek_onnx_celery_sure.py
7,olcum-onnx-sure-20260912-142859,5,326,data/heridal/test/images/train_ZRI_3028_JPG.rf.6f2d87609e30294e48a83028d72e8e46.jpg,done,model512-onnx,hayir,0.0,76,80,3,,1561.4727,10.1187,0.0001,9.3623,0.3493,0.0137,19.8698,19.8698,olcum-onnx-sure-20260912-142859,7,5,model512-onnx,onnx,361731351703f4581f95871c26583eba760f08ed26493869cc864c8c57f55dbd,/models/model512_best.onnx,data/heridal/test/images,"gercek Celery kuyrugu; gorev fonksiyonu dogrudan cagrilmadi, isi calisan isci yapti (docker compose worker)",TASK_TIMING_LOG=/app/media/zamanlama.jsonl,0.05,3.13.1,8.4.144,0.12.6,2.14.0,2026-09-12 14:56:27,scripts/19_gercek_onnx_celery_sure.py
7,olcum-onnx-sure-20260912-142859,5,327,data/heridal/test/images/train_ZRI_3029_JPG.rf.df6ca3b2f702815ad76cfdd43cebd8c2.jpg,done,model512-onnx,hayir,0.0,76,80,2,,1561.7868,9.965,0.0001,9.8243,0.3826,0.026,20.2254,20.2254,olcum-onnx-sure-20260912-142859,7,5,model512-onnx,onnx,361731351703f4581f95871c26583eba760f08ed26493869cc864c8c57f55dbd,/models/model512_best.onnx,data/heridal/test/images,"gercek Celery kuyrugu; gorev fonksiyonu dogrudan cagrilmadi, isi calisan isci yapti (docker compose worker)",TASK_TIMING_LOG=/app/media/zamanlama.jsonl,0.05,3.13.1,8.4.144,0.12.6,2.14.0,2026-09-12 14:56:27,scripts/19_gercek_onnx_celery_sure.py
7,olcum-onnx-sure-20260912-142859,5,328,data/heridal/test/images/train_ZRI_3030_JPG.rf.cd2f9a5414e77b121e0373a683d08cff.jpg,done,model512-onnx,hayir,0.0,77,80,12,,1581.3796,9.9288,0.0001,9.5034,0.3774,0.0183,19.884,19.884,olcum-onnx-sure-20260912-142859,7,5,model512-onnx,onnx,361731351703f4581f95871c26583eba760f08ed26493869cc864c8c57f55dbd,/models/model512_best.onnx,data/heridal/test/images,"gercek Celery kuyrugu; gorev fonksiyonu dogrudan cagrilmadi, isi calisan isci yapti (docker compose worker)",TASK_TIMING_LOG=/app/media/zamanlama.jsonl,0.05,3.13.1,8.4.144,0.12.6,2.14.0,2026-09-12 14:56:27,scripts/19_gercek_onnx_celery_sure.py
7,olcum-onnx-sure-20260912-142859,5,329,data/heridal/test/images/train_ZRI_3031_JPG.rf.77fb682816ff2a80876429e205b7da83.jpg,done,model512-onnx,hayir,0.0,77,80,20,,1582.0406,9.764,0.0001,9.3217,0.441,0.0088,19.5588,19.5588,olcum-onnx-sure-20260912-142859,7,5,model512-onnx,onnx,361731351703f4581f95871c26583eba760f08ed26493869cc864c8c57f55dbd,/models/model512_best.onnx,data/heridal/test/images,"gercek Celery kuyrugu; gorev fonksiyonu dogrudan cagrilmadi, isi calisan isci yapti (docker compose worker)",TASK_TIMING_LOG=/app/media/zamanlama.jsonl,0.05,3.13.1,8.4.144,0.12.6,2.14.0,2026-09-12 14:56:27,scripts/19_gercek_onnx_celery_sure.py
7,olcum-onnx-sure-20260912-142859,5,330,data/heridal/test/images/train_ZRI_3032_JPG.rf.5b893bf74c6c8d1404e9c805950090de.jpg,done,model512-onnx,hayir,0.0,78,80,29,,1601.2675,10.0943,0.0001,8.8996,0.4064,0.0092,19.4505,19.4505,olcum-onnx-sure-20260912-142859,7,5,model512-onnx,onnx,361731351703f4581f95871c26583eba760f08ed26493869cc864c8c57f55dbd,/models/model512_best.onnx,data/heridal/test/images,"gercek Celery kuyrugu; gorev fonksiyonu dogrudan cagrilmadi, isi calisan isci yapti (docker compose worker)",TASK_TIMING_LOG=/app/media/zamanlama.jsonl,0.05,3.13.1,8.4.144,0.12.6,2.14.0,2026-09-12 14:56:27,scripts/19_gercek_onnx_celery_sure.py
7,olcum-onnx-sure-20260912-142859,5,331,data/heridal/test/images/train_ZRI_3033_JPG.rf.061b302ec23b9197ab18d5202a0e2d2c.jpg,done,model512-onnx,hayir,0.0,78,80,29,,1601.6117,9.8431,0.0001,8.7413,0.3674,0.0494,19.0189,19.019,olcum-onnx-sure-20260912-142859,7,5,model512-onnx,onnx,361731351703f4581f95871c26583eba760f08ed26493869cc864c8c57f55dbd,/models/model512_best.onnx,data/heridal/test/images,"gercek Celery kuyrugu; gorev fonksiyonu dogrudan cagrilmadi, isi calisan isci yapti (docker compose worker)",TASK_TIMING_LOG=/app/media/zamanlama.jsonl,0.05,3.13.1,8.4.144,0.12.6,2.14.0,2026-09-12 14:56:27,scripts/19_gercek_onnx_celery_sure.py
7,olcum-onnx-sure-20260912-142859,5,332,data/heridal/test/images/train_ZRI_3034_JPG.rf.cee0854389f8063b3f091fb1512b223b.jpg,done,model512-onnx,hayir,0.0,79,80,40,,1620.6851,9.788,0.0001,9.1717,0.399,0.0197,19.4141,19.4141,olcum-onnx-sure-20260912-142859,7,5,model512-onnx,onnx,361731351703f4581f95871c26583eba760f08ed26493869cc864c8c57f55dbd,/models/model512_best.onnx,data/heridal/test/images,"gercek Celery kuyrugu; gorev fonksiyonu dogrudan cagrilmadi, isi calisan isci yapti (docker compose worker)",TASK_TIMING_LOG=/app/media/zamanlama.jsonl,0.05,3.13.1,8.4.144,0.12.6,2.14.0,2026-09-12 14:56:27,scripts/19_gercek_onnx_celery_sure.py
7,olcum-onnx-sure-20260912-142859,5,333,data/heridal/test/images/train_ZRI_3035_JPG.rf.200735874c12e560a2d58814a77819f8.jpg,done,model512-onnx,hayir,0.0,79,80,39,,1620.7126,9.9975,0.0001,8.8679,0.4033,0.04,19.3249,19.325,olcum-onnx-sure-20260912-142859,7,5,model512-onnx,onnx,361731351703f4581f95871c26583eba760f08ed26493869cc864c8c57f55dbd,/models/model512_best.onnx,data/heridal/test/images,"gercek Celery kuyrugu; gorev fonksiyonu dogrudan cagrilmadi, isi calisan isci yapti (docker compose worker)",TASK_TIMING_LOG=/app/media/zamanlama.jsonl,0.05,3.13.1,8.4.144,0.12.6,2.14.0,2026-09-12 14:56:27,scripts/19_gercek_onnx_celery_sure.py
