kor_kimlik,siki_kirpim,baglam_kirpim,siki_genislik,siki_yukseklik,baglam_genislik,baglam_yukseklik,baglam_kaydirma_x,baglam_kaydirma_y,tur,kosu_protokol,kosu_bolum,kosu_goruntu_sayisi,kosu_taban_tahmin_kaynagi,kosu_model_tahmin_kaynagi,kosu_taban_calisma_esigi,kosu_model_calisma_esigi,kosu_fp_butcesi,kosu_eslestirme_iou,kosu_ortusen_fp_iou,kosu_kontrol_tahmin_iou,kosu_baglam_katsayi,kosu_baglam_asgari_kenar,kosu_model_basina_hedef,kosu_katman_tabani,kosu_tohum,kosu_kapsam_notu,kosu_surum_python,kosu_surum_ultralytics,kosu_surum_sahi,kosu_surum_torch,kosu_tarih,kosu_komut
a0001,a0001_siki.jpg,a0001_baglam.jpg,65,73,513,513,-0.0,-0.0,kalite,reports/hafta7_fp_protokolu.md,test,157,tahminler_taban512_hafta7.csv,tahminler_model512.csv,0.3,0.52,1.8089,0.3,0.5,0.1,8,512,110,55,20260913,"Esikler, katsayilar ve ornek buyuklukleri KARARDIR; olcumden turetilmedi. Ayrinti protokol dosyasinda.",3.13.1,8.4.144,0.12.6,2.14.0,2026-09-13 10:08:36,scripts/25_esit_fp_adaylari.py
a0002,a0002_siki.jpg,a0002_baglam.jpg,65,71,513,513,-0.0,-0.0,ana,reports/hafta7_fp_protokolu.md,test,157,tahminler_taban512_hafta7.csv,tahminler_model512.csv,0.3,0.52,1.8089,0.3,0.5,0.1,8,512,110,55,20260913,"Esikler, katsayilar ve ornek buyuklukleri KARARDIR; olcumden turetilmedi. Ayrinti protokol dosyasinda.",3.13.1,8.4.144,0.12.6,2.14.0,2026-09-13 10:08:36,scripts/25_esit_fp_adaylari.py
a0003,a0003_siki.jpg,a0003_baglam.jpg,65,65,512,513,75.4,-0.0,ana,reports/hafta7_fp_protokolu.md,test,157,tahminler_taban512_hafta7.csv,tahminler_model512.csv,0.3,0.52,1.8089,0.3,0.5,0.1,8,512,110,55,20260913,"Esikler, katsayilar ve ornek buyuklukleri KARARDIR; olcumden turetilmedi. Ayrinti protokol dosyasinda.",3.13.1,8.4.144,0.12.6,2.14.0,2026-09-13 10:08:36,scripts/25_esit_fp_adaylari.py
a0004,a0004_siki.jpg,a0004_baglam.jpg,81,188,1243,1242,-0.0,-0.0,ana,reports/hafta7_fp_protokolu.md,test,157,tahminler_taban512_hafta7.csv,tahminler_model512.csv,0.3,0.52,1.8089,0.3,0.5,0.1,8,512,110,55,20260913,"Esikler, katsayilar ve ornek buyuklukleri KARARDIR; olcumden turetilmedi. Ayrinti protokol dosyasinda.",3.13.1,8.4.144,0.12.6,2.14.0,2026-09-13 10:08:36,scripts/25_esit_fp_adaylari.py
a0005,a0005_siki.jpg,a0005_baglam.jpg,82,78,542,542,-0.0,-0.0,ana,reports/hafta7_fp_protokolu.md,test,157,tahminler_taban512_hafta7.csv,tahminler_model512.csv,0.3,0.52,1.8089,0.3,0.5,0.1,8,512,110,55,20260913,"Esikler, katsayilar ve ornek buyuklukleri KARARDIR; olcumden turetilmedi. Ayrinti protokol dosyasinda.",3.13.1,8.4.144,0.12.6,2.14.0,2026-09-13 10:08:36,scripts/25_esit_fp_adaylari.py
a0006,a0006_siki.jpg,a0006_baglam.jpg,110,114,751,751,-0.0,-0.0,ana,reports/hafta7_fp_protokolu.md,test,157,tahminler_taban512_hafta7.csv,tahminler_model512.csv,0.3,0.52,1.8089,0.3,0.5,0.1,8,512,110,55,20260913,"Esikler, katsayilar ve ornek buyuklukleri KARARDIR; olcumden turetilmedi. Ayrinti protokol dosyasinda.",3.13.1,8.4.144,0.12.6,2.14.0,2026-09-13 10:08:36,scripts/25_esit_fp_adaylari.py
a0007,a0007_siki.jpg,a0007_baglam.jpg,128,117,845,845,-0.0,-0.0,ana,reports/hafta7_fp_protokolu.md,test,157,tahminler_taban512_hafta7.csv,tahminler_model512.csv,0.3,0.52,1.8089,0.3,0.5,0.1,8,512,110,55,20260913,"Esikler, katsayilar ve ornek buyuklukleri KARARDIR; olcumden turetilmedi. Ayrinti protokol dosyasinda.",3.13.1,8.4.144,0.12.6,2.14.0,2026-09-13 10:08:36,scripts/25_esit_fp_adaylari.py
a0008,a0008_siki.jpg,a0008_baglam.jpg,65,65,513,513,-0.0,-0.0,ana,reports/hafta7_fp_protokolu.md,test,157,tahminler_taban512_hafta7.csv,tahminler_model512.csv,0.3,0.52,1.8089,0.3,0.5,0.1,8,512,110,55,20260913,"Esikler, katsayilar ve ornek buyuklukleri KARARDIR; olcumden turetilmedi. Ayrinti protokol dosyasinda.",3.13.1,8.4.144,0.12.6,2.14.0,2026-09-13 10:08:36,scripts/25_esit_fp_adaylari.py
a0009,a0009_siki.jpg,a0009_baglam.jpg,85,53,555,554,-0.0,256.6,ana,reports/hafta7_fp_protokolu.md,test,157,tahminler_taban512_hafta7.csv,tahminler_model512.csv,0.3,0.52,1.8089,0.3,0.5,0.1,8,512,110,55,20260913,"Esikler, katsayilar ve ornek buyuklukleri KARARDIR; olcumden turetilmedi. Ayrinti protokol dosyasinda.",3.13.1,8.4.144,0.12.6,2.14.0,2026-09-13 10:08:36,scripts/25_esit_fp_adaylari.py
a0010,a0010_siki.jpg,a0010_baglam.jpg,84,74,554,554,-0.0,243.1,ana,reports/hafta7_fp_protokolu.md,test,157,tahminler_taban512_hafta7.csv,tahminler_model512.csv,0.3,0.52,1.8089,0.3,0.5,0.1,8,512,110,55,20260913,"Esikler, katsayilar ve ornek buyuklukleri KARARDIR; olcumden turetilmedi. Ayrinti protokol dosyasinda.",3.13.1,8.4.144,0.12.6,2.14.0,2026-09-13 10:08:36,scripts/25_esit_fp_adaylari.py
a0011,a0011_siki.jpg,a0011_baglam.jpg,65,65,513,513,-0.0,-0.0,ana,reports/hafta7_fp_protokolu.md,test,157,tahminler_taban512_hafta7.csv,tahminler_model512.csv,0.3,0.52,1.8089,0.3,0.5,0.1,8,512,110,55,20260913,"Esikler, katsayilar ve ornek buyuklukleri KARARDIR; olcumden turetilmedi. Ayrinti protokol dosyasinda.",3.13.1,8.4.144,0.12.6,2.14.0,2026-09-13 10:08:36,scripts/25_esit_fp_adaylari.py
a0012,a0012_siki.jpg,a0012_baglam.jpg,106,65,699,699,-0.0,-0.0,ana,reports/hafta7_fp_protokolu.md,test,157,tahminler_taban512_hafta7.csv,tahminler_model512.csv,0.3,0.52,1.8089,0.3,0.5,0.1,8,512,110,55,20260913,"Esikler, katsayilar ve ornek buyuklukleri KARARDIR; olcumden turetilmedi. Ayrinti protokol dosyasinda.",3.13.1,8.4.144,0.12.6,2.14.0,2026-09-13 10:08:36,scripts/25_esit_fp_adaylari.py
a0013,a0013_siki.jpg,a0013_baglam.jpg,65,65,513,513,-0.0,-0.0,ana,reports/hafta7_fp_protokolu.md,test,157,tahminler_taban512_hafta7.csv,tahminler_model512.csv,0.3,0.52,1.8089,0.3,0.5,0.1,8,512,110,55,20260913,"Esikler, katsayilar ve ornek buyuklukleri KARARDIR; olcumden turetilmedi. Ayrinti protokol dosyasinda.",3.13.1,8.4.144,0.12.6,2.14.0,2026-09-13 10:08:36,scripts/25_esit_fp_adaylari.py
a0014,a0014_siki.jpg,a0014_baglam.jpg,65,69,513,513,-0.0,-0.0,ana,reports/hafta7_fp_protokolu.md,test,157,tahminler_taban512_hafta7.csv,tahminler_model512.csv,0.3,0.52,1.8089,0.3,0.5,0.1,8,512,110,55,20260913,"Esikler, katsayilar ve ornek buyuklukleri KARARDIR; olcumden turetilmedi. Ayrinti protokol dosyasinda.",3.13.1,8.4.144,0.12.6,2.14.0,2026-09-13 10:08:36,scripts/25_esit_fp_adaylari.py
a0015,a0015_siki.jpg,a0015_baglam.jpg,65,65,513,513,-0.0,-0.0,ana,reports/hafta7_fp_protokolu.md,test,157,tahminler_taban512_hafta7.csv,tahminler_model512.csv,0.3,0.52,1.8089,0.3,0.5,0.1,8,512,110,55,20260913,"Esikler, katsayilar ve ornek buyuklukleri KARARDIR; olcumden turetilmedi. Ayrinti protokol dosyasinda.",3.13.1,8.4.144,0.12.6,2.14.0,2026-09-13 10:08:36,scripts/25_esit_fp_adaylari.py
a0016,a0016_siki.jpg,a0016_baglam.jpg,114,92,760,760,-0.0,-0.0,ana,reports/hafta7_fp_protokolu.md,test,157,tahminler_taban512_hafta7.csv,tahminler_model512.csv,0.3,0.52,1.8089,0.3,0.5,0.1,8,512,110,55,20260913,"Esikler, katsayilar ve ornek buyuklukleri KARARDIR; olcumden turetilmedi. Ayrinti protokol dosyasinda.",3.13.1,8.4.144,0.12.6,2.14.0,2026-09-13 10:08:36,scripts/25_esit_fp_adaylari.py
a0017,a0017_siki.jpg,a0017_baglam.jpg,65,65,512,512,220.8,212.5,ana,reports/hafta7_fp_protokolu.md,test,157,tahminler_taban512_hafta7.csv,tahminler_model512.csv,0.3,0.52,1.8089,0.3,0.5,0.1,8,512,110,55,20260913,"Esikler, katsayilar ve ornek buyuklukleri KARARDIR; olcumden turetilmedi. Ayrinti protokol dosyasinda.",3.13.1,8.4.144,0.12.6,2.14.0,2026-09-13 10:08:36,scripts/25_esit_fp_adaylari.py
a0018,a0018_siki.jpg,a0018_baglam.jpg,65,65,513,513,-0.0,-0.0,ana,reports/hafta7_fp_protokolu.md,test,157,tahminler_taban512_hafta7.csv,tahminler_model512.csv,0.3,0.52,1.8089,0.3,0.5,0.1,8,512,110,55,20260913,"Esikler, katsayilar ve ornek buyuklukleri KARARDIR; olcumden turetilmedi. Ayrinti protokol dosyasinda.",3.13.1,8.4.144,0.12.6,2.14.0,2026-09-13 10:08:36,scripts/25_esit_fp_adaylari.py
a0019,a0019_siki.jpg,a0019_baglam.jpg,65,65,513,512,-0.0,185.6,kalite,reports/hafta7_fp_protokolu.md,test,157,tahminler_taban512_hafta7.csv,tahminler_model512.csv,0.3,0.52,1.8089,0.3,0.5,0.1,8,512,110,55,20260913,"Esikler, katsayilar ve ornek buyuklukleri KARARDIR; olcumden turetilmedi. Ayrinti protokol dosyasinda.",3.13.1,8.4.144,0.12.6,2.14.0,2026-09-13 10:08:36,scripts/25_esit_fp_adaylari.py
a0020,a0020_siki.jpg,a0020_baglam.jpg,69,65,513,513,-0.0,-0.0,ana,reports/hafta7_fp_protokolu.md,test,157,tahminler_taban512_hafta7.csv,tahminler_model512.csv,0.3,0.52,1.8089,0.3,0.5,0.1,8,512,110,55,20260913,"Esikler, katsayilar ve ornek buyuklukleri KARARDIR; olcumden turetilmedi. Ayrinti protokol dosyasinda.",3.13.1,8.4.144,0.12.6,2.14.0,2026-09-13 10:08:36,scripts/25_esit_fp_adaylari.py
a0021,a0021_siki.jpg,a0021_baglam.jpg,132,96,875,874,-0.0,302.0,ana,reports/hafta7_fp_protokolu.md,test,157,tahminler_taban512_hafta7.csv,tahminler_model512.csv,0.3,0.52,1.8089,0.3,0.5,0.1,8,512,110,55,20260913,"Esikler, katsayilar ve ornek buyuklukleri KARARDIR; olcumden turetilmedi. Ayrinti protokol dosyasinda.",3.13.1,8.4.144,0.12.6,2.14.0,2026-09-13 10:08:36,scripts/25_esit_fp_adaylari.py
a0022,a0022_siki.jpg,a0022_baglam.jpg,65,65,513,513,-0.0,-0.0,ana,reports/hafta7_fp_protokolu.md,test,157,tahminler_taban512_hafta7.csv,tahminler_model512.csv,0.3,0.52,1.8089,0.3,0.5,0.1,8,512,110,55,20260913,"Esikler, katsayilar ve ornek buyuklukleri KARARDIR; olcumden turetilmedi. Ayrinti protokol dosyasinda.",3.13.1,8.4.144,0.12.6,2.14.0,2026-09-13 10:08:36,scripts/25_esit_fp_adaylari.py
a0023,a0023_siki.jpg,a0023_baglam.jpg,65,78,513,513,-0.0,-0.0,ana,reports/hafta7_fp_protokolu.md,test,157,tahminler_taban512_hafta7.csv,tahminler_model512.csv,0.3,0.52,1.8089,0.3,0.5,0.1,8,512,110,55,20260913,"Esikler, katsayilar ve ornek buyuklukleri KARARDIR; olcumden turetilmedi. Ayrinti protokol dosyasinda.",3.13.1,8.4.144,0.12.6,2.14.0,2026-09-13 10:08:36,scripts/25_esit_fp_adaylari.py
a0024,a0024_siki.jpg,a0024_baglam.jpg,113,97,745,745,-0.0,-0.0,ana,reports/hafta7_fp_protokolu.md,test,157,tahminler_taban512_hafta7.csv,tahminler_model512.csv,0.3,0.52,1.8089,0.3,0.5,0.1,8,512,110,55,20260913,"Esikler, katsayilar ve ornek buyuklukleri KARARDIR; olcumden turetilmedi. Ayrinti protokol dosyasinda.",3.13.1,8.4.144,0.12.6,2.14.0,2026-09-13 10:08:36,scripts/25_esit_fp_adaylari.py
a0025,a0025_siki.jpg,a0025_baglam.jpg,210,146,1393,1392,-0.0,-270.5,ana,reports/hafta7_fp_protokolu.md,test,157,tahminler_taban512_hafta7.csv,tahminler_model512.csv,0.3,0.52,1.8089,0.3,0.5,0.1,8,512,110,55,20260913,"Esikler, katsayilar ve ornek buyuklukleri KARARDIR; olcumden turetilmedi. Ayrinti protokol dosyasinda.",3.13.1,8.4.144,0.12.6,2.14.0,2026-09-13 10:08:36,scripts/25_esit_fp_adaylari.py
a0026,a0026_siki.jpg,a0026_baglam.jpg,65,65,513,513,-0.0,-0.0,ana,reports/hafta7_fp_protokolu.md,test,157,tahminler_taban512_hafta7.csv,tahminler_model512.csv,0.3,0.52,1.8089,0.3,0.5,0.1,8,512,110,55,20260913,"Esikler, katsayilar ve ornek buyuklukleri KARARDIR; olcumden turetilmedi. Ayrinti protokol dosyasinda.",3.13.1,8.4.144,0.12.6,2.14.0,2026-09-13 10:08:36,scripts/25_esit_fp_adaylari.py
a0027,a0027_siki.jpg,a0027_baglam.jpg,64,65,512,513,-0.0,-0.0,ana,reports/hafta7_fp_protokolu.md,test,157,tahminler_taban512_hafta7.csv,tahminler_model512.csv,0.3,0.52,1.8089,0.3,0.5,0.1,8,512,110,55,20260913,"Esikler, katsayilar ve ornek buyuklukleri KARARDIR; olcumden turetilmedi. Ayrinti protokol dosyasinda.",3.13.1,8.4.144,0.12.6,2.14.0,2026-09-13 10:08:36,scripts/25_esit_fp_adaylari.py
a0028,a0028_siki.jpg,a0028_baglam.jpg,128,92,851,851,-64.0,-310.6,ana,reports/hafta7_fp_protokolu.md,test,157,tahminler_taban512_hafta7.csv,tahminler_model512.csv,0.3,0.52,1.8089,0.3,0.5,0.1,8,512,110,55,20260913,"Esikler, katsayilar ve ornek buyuklukleri KARARDIR; olcumden turetilmedi. Ayrinti protokol dosyasinda.",3.13.1,8.4.144,0.12.6,2.14.0,2026-09-13 10:08:36,scripts/25_esit_fp_adaylari.py
a0029,a0029_siki.jpg,a0029_baglam.jpg,65,65,513,513,-0.0,-0.0,ana,reports/hafta7_fp_protokolu.md,test,157,tahminler_taban512_hafta7.csv,tahminler_model512.csv,0.3,0.52,1.8089,0.3,0.5,0.1,8,512,110,55,20260913,"Esikler, katsayilar ve ornek buyuklukleri KARARDIR; olcumden turetilmedi. Ayrinti protokol dosyasinda.",3.13.1,8.4.144,0.12.6,2.14.0,2026-09-13 10:08:36,scripts/25_esit_fp_adaylari.py
a0030,a0030_siki.jpg,a0030_baglam.jpg,64,63,512,512,-0.0,227.2,ana,reports/hafta7_fp_protokolu.md,test,157,tahminler_taban512_hafta7.csv,tahminler_model512.csv,0.3,0.52,1.8089,0.3,0.5,0.1,8,512,110,55,20260913,"Esikler, katsayilar ve ornek buyuklukleri KARARDIR; olcumden turetilmedi. Ayrinti protokol dosyasinda.",3.13.1,8.4.144,0.12.6,2.14.0,2026-09-13 10:08:36,scripts/25_esit_fp_adaylari.py
a0031,a0031_siki.jpg,a0031_baglam.jpg,65,65,513,513,-0.0,-0.0,ana,reports/hafta7_fp_protokolu.md,test,157,tahminler_taban512_hafta7.csv,tahminler_model512.csv,0.3,0.52,1.8089,0.3,0.5,0.1,8,512,110,55,20260913,"Esikler, katsayilar ve ornek buyuklukleri KARARDIR; olcumden turetilmedi. Ayrinti protokol dosyasinda.",3.13.1,8.4.144,0.12.6,2.14.0,2026-09-13 10:08:36,scripts/25_esit_fp_adaylari.py
a0032,a0032_siki.jpg,a0032_baglam.jpg,82,73,538,537,-0.0,-0.0,kalite,reports/hafta7_fp_protokolu.md,test,157,tahminler_taban512_hafta7.csv,tahminler_model512.csv,0.3,0.52,1.8089,0.3,0.5,0.1,8,512,110,55,20260913,"Esikler, katsayilar ve ornek buyuklukleri KARARDIR; olcumden turetilmedi. Ayrinti protokol dosyasinda.",3.13.1,8.4.144,0.12.6,2.14.0,2026-09-13 10:08:36,scripts/25_esit_fp_adaylari.py
a0033,a0033_siki.jpg,a0033_baglam.jpg,64,65,512,513,-0.0,-0.0,ana,reports/hafta7_fp_protokolu.md,test,157,tahminler_taban512_hafta7.csv,tahminler_model512.csv,0.3,0.52,1.8089,0.3,0.5,0.1,8,512,110,55,20260913,"Esikler, katsayilar ve ornek buyuklukleri KARARDIR; olcumden turetilmedi. Ayrinti protokol dosyasinda.",3.13.1,8.4.144,0.12.6,2.14.0,2026-09-13 10:08:36,scripts/25_esit_fp_adaylari.py
a0034,a0034_siki.jpg,a0034_baglam.jpg,65,65,513,513,-0.0,-0.0,ana,reports/hafta7_fp_protokolu.md,test,157,tahminler_taban512_hafta7.csv,tahminler_model512.csv,0.3,0.52,1.8089,0.3,0.5,0.1,8,512,110,55,20260913,"Esikler, katsayilar ve ornek buyuklukleri KARARDIR; olcumden turetilmedi. Ayrinti protokol dosyasinda.",3.13.1,8.4.144,0.12.6,2.14.0,2026-09-13 10:08:36,scripts/25_esit_fp_adaylari.py
a0035,a0035_siki.jpg,a0035_baglam.jpg,64,89,584,584,-0.0,169.6,ana,reports/hafta7_fp_protokolu.md,test,157,tahminler_taban512_hafta7.csv,tahminler_model512.csv,0.3,0.52,1.8089,0.3,0.5,0.1,8,512,110,55,20260913,"Esikler, katsayilar ve ornek buyuklukleri KARARDIR; olcumden turetilmedi. Ayrinti protokol dosyasinda.",3.13.1,8.4.144,0.12.6,2.14.0,2026-09-13 10:08:36,scripts/25_esit_fp_adaylari.py
a0036,a0036_siki.jpg,a0036_baglam.jpg,110,113,751,751,-0.0,52.8,ana,reports/hafta7_fp_protokolu.md,test,157,tahminler_taban512_hafta7.csv,tahminler_model512.csv,0.3,0.52,1.8089,0.3,0.5,0.1,8,512,110,55,20260913,"Esikler, katsayilar ve ornek buyuklukleri KARARDIR; olcumden turetilmedi. Ayrinti protokol dosyasinda.",3.13.1,8.4.144,0.12.6,2.14.0,2026-09-13 10:08:36,scripts/25_esit_fp_adaylari.py
a0037,a0037_siki.jpg,a0037_baglam.jpg,65,65,512,513,219.6,-0.0,ana,reports/hafta7_fp_protokolu.md,test,157,tahminler_taban512_hafta7.csv,tahminler_model512.csv,0.3,0.52,1.8089,0.3,0.5,0.1,8,512,110,55,20260913,"Esikler, katsayilar ve ornek buyuklukleri KARARDIR; olcumden turetilmedi. Ayrinti protokol dosyasinda.",3.13.1,8.4.144,0.12.6,2.14.0,2026-09-13 10:08:36,scripts/25_esit_fp_adaylari.py
a0038,a0038_siki.jpg,a0038_baglam.jpg,79,89,587,587,-0.0,-0.0,ana,reports/hafta7_fp_protokolu.md,test,157,tahminler_taban512_hafta7.csv,tahminler_model512.csv,0.3,0.52,1.8089,0.3,0.5,0.1,8,512,110,55,20260913,"Esikler, katsayilar ve ornek buyuklukleri KARARDIR; olcumden turetilmedi. Ayrinti protokol dosyasinda.",3.13.1,8.4.144,0.12.6,2.14.0,2026-09-13 10:08:36,scripts/25_esit_fp_adaylari.py
a0039,a0039_siki.jpg,a0039_baglam.jpg,65,87,574,573,-0.0,-0.0,ana,reports/hafta7_fp_protokolu.md,test,157,tahminler_taban512_hafta7.csv,tahminler_model512.csv,0.3,0.52,1.8089,0.3,0.5,0.1,8,512,110,55,20260913,"Esikler, katsayilar ve ornek buyuklukleri KARARDIR; olcumden turetilmedi. Ayrinti protokol dosyasinda.",3.13.1,8.4.144,0.12.6,2.14.0,2026-09-13 10:08:36,scripts/25_esit_fp_adaylari.py
a0040,a0040_siki.jpg,a0040_baglam.jpg,144,65,955,954,-0.0,-0.0,ana,reports/hafta7_fp_protokolu.md,test,157,tahminler_taban512_hafta7.csv,tahminler_model512.csv,0.3,0.52,1.8089,0.3,0.5,0.1,8,512,110,55,20260913,"Esikler, katsayilar ve ornek buyuklukleri KARARDIR; olcumden turetilmedi. Ayrinti protokol dosyasinda.",3.13.1,8.4.144,0.12.6,2.14.0,2026-09-13 10:08:36,scripts/25_esit_fp_adaylari.py
a0041,a0041_siki.jpg,a0041_baglam.jpg,75,65,512,513,-6.7,-0.0,ana,reports/hafta7_fp_protokolu.md,test,157,tahminler_taban512_hafta7.csv,tahminler_model512.csv,0.3,0.52,1.8089,0.3,0.5,0.1,8,512,110,55,20260913,"Esikler, katsayilar ve ornek buyuklukleri KARARDIR; olcumden turetilmedi. Ayrinti protokol dosyasinda.",3.13.1,8.4.144,0.12.6,2.14.0,2026-09-13 10:08:36,scripts/25_esit_fp_adaylari.py
a0042,a0042_siki.jpg,a0042_baglam.jpg,65,65,512,513,-206.8,-0.0,ana,reports/hafta7_fp_protokolu.md,test,157,tahminler_taban512_hafta7.csv,tahminler_model512.csv,0.3,0.52,1.8089,0.3,0.5,0.1,8,512,110,55,20260913,"Esikler, katsayilar ve ornek buyuklukleri KARARDIR; olcumden turetilmedi. Ayrinti protokol dosyasinda.",3.13.1,8.4.144,0.12.6,2.14.0,2026-09-13 10:08:36,scripts/25_esit_fp_adaylari.py
a0043,a0043_siki.jpg,a0043_baglam.jpg,65,65,512,513,-30.2,-0.0,ana,reports/hafta7_fp_protokolu.md,test,157,tahminler_taban512_hafta7.csv,tahminler_model512.csv,0.3,0.52,1.8089,0.3,0.5,0.1,8,512,110,55,20260913,"Esikler, katsayilar ve ornek buyuklukleri KARARDIR; olcumden turetilmedi. Ayrinti protokol dosyasinda.",3.13.1,8.4.144,0.12.6,2.14.0,2026-09-13 10:08:36,scripts/25_esit_fp_adaylari.py
a0044,a0044_siki.jpg,a0044_baglam.jpg,65,77,513,512,-0.0,-38.3,ana,reports/hafta7_fp_protokolu.md,test,157,tahminler_taban512_hafta7.csv,tahminler_model512.csv,0.3,0.52,1.8089,0.3,0.5,0.1,8,512,110,55,20260913,"Esikler, katsayilar ve ornek buyuklukleri KARARDIR; olcumden turetilmedi. Ayrinti protokol dosyasinda.",3.13.1,8.4.144,0.12.6,2.14.0,2026-09-13 10:08:36,scripts/25_esit_fp_adaylari.py
a0045,a0045_siki.jpg,a0045_baglam.jpg,144,65,954,954,-0.0,-0.0,ana,reports/hafta7_fp_protokolu.md,test,157,tahminler_taban512_hafta7.csv,tahminler_model512.csv,0.3,0.52,1.8089,0.3,0.5,0.1,8,512,110,55,20260913,"Esikler, katsayilar ve ornek buyuklukleri KARARDIR; olcumden turetilmedi. Ayrinti protokol dosyasinda.",3.13.1,8.4.144,0.12.6,2.14.0,2026-09-13 10:08:36,scripts/25_esit_fp_adaylari.py
a0046,a0046_siki.jpg,a0046_baglam.jpg,65,71,513,513,-0.0,-0.0,ana,reports/hafta7_fp_protokolu.md,test,157,tahminler_taban512_hafta7.csv,tahminler_model512.csv,0.3,0.52,1.8089,0.3,0.5,0.1,8,512,110,55,20260913,"Esikler, katsayilar ve ornek buyuklukleri KARARDIR; olcumden turetilmedi. Ayrinti protokol dosyasinda.",3.13.1,8.4.144,0.12.6,2.14.0,2026-09-13 10:08:36,scripts/25_esit_fp_adaylari.py
a0047,a0047_siki.jpg,a0047_baglam.jpg,73,65,513,513,-0.0,-0.0,ana,reports/hafta7_fp_protokolu.md,test,157,tahminler_taban512_hafta7.csv,tahminler_model512.csv,0.3,0.52,1.8089,0.3,0.5,0.1,8,512,110,55,20260913,"Esikler, katsayilar ve ornek buyuklukleri KARARDIR; olcumden turetilmedi. Ayrinti protokol dosyasinda.",3.13.1,8.4.144,0.12.6,2.14.0,2026-09-13 10:08:36,scripts/25_esit_fp_adaylari.py
a0048,a0048_siki.jpg,a0048_baglam.jpg,75,65,512,513,-17.1,-0.0,ana,reports/hafta7_fp_protokolu.md,test,157,tahminler_taban512_hafta7.csv,tahminler_model512.csv,0.3,0.52,1.8089,0.3,0.5,0.1,8,512,110,55,20260913,"Esikler, katsayilar ve ornek buyuklukleri KARARDIR; olcumden turetilmedi. Ayrinti protokol dosyasinda.",3.13.1,8.4.144,0.12.6,2.14.0,2026-09-13 10:08:36,scripts/25_esit_fp_adaylari.py
a0049,a0049_siki.jpg,a0049_baglam.jpg,65,72,513,513,-0.0,-0.0,kalite,reports/hafta7_fp_protokolu.md,test,157,tahminler_taban512_hafta7.csv,tahminler_model512.csv,0.3,0.52,1.8089,0.3,0.5,0.1,8,512,110,55,20260913,"Esikler, katsayilar ve ornek buyuklukleri KARARDIR; olcumden turetilmedi. Ayrinti protokol dosyasinda.",3.13.1,8.4.144,0.12.6,2.14.0,2026-09-13 10:08:36,scripts/25_esit_fp_adaylari.py
a0050,a0050_siki.jpg,a0050_baglam.jpg,65,65,513,513,-0.0,-0.0,ana,reports/hafta7_fp_protokolu.md,test,157,tahminler_taban512_hafta7.csv,tahminler_model512.csv,0.3,0.52,1.8089,0.3,0.5,0.1,8,512,110,55,20260913,"Esikler, katsayilar ve ornek buyuklukleri KARARDIR; olcumden turetilmedi. Ayrinti protokol dosyasinda.",3.13.1,8.4.144,0.12.6,2.14.0,2026-09-13 10:08:36,scripts/25_esit_fp_adaylari.py
a0051,a0051_siki.jpg,a0051_baglam.jpg,78,142,937,937,-0.0,-0.0,ana,reports/hafta7_fp_protokolu.md,test,157,tahminler_taban512_hafta7.csv,tahminler_model512.csv,0.3,0.52,1.8089,0.3,0.5,0.1,8,512,110,55,20260913,"Esikler, katsayilar ve ornek buyuklukleri KARARDIR; olcumden turetilmedi. Ayrinti protokol dosyasinda.",3.13.1,8.4.144,0.12.6,2.14.0,2026-09-13 10:08:36,scripts/25_esit_fp_adaylari.py
a0052,a0052_siki.jpg,a0052_baglam.jpg,65,65,513,513,-0.0,-0.0,ana,reports/hafta7_fp_protokolu.md,test,157,tahminler_taban512_hafta7.csv,tahminler_model512.csv,0.3,0.52,1.8089,0.3,0.5,0.1,8,512,110,55,20260913,"Esikler, katsayilar ve ornek buyuklukleri KARARDIR; olcumden turetilmedi. Ayrinti protokol dosyasinda.",3.13.1,8.4.144,0.12.6,2.14.0,2026-09-13 10:08:36,scripts/25_esit_fp_adaylari.py
a0053,a0053_siki.jpg,a0053_baglam.jpg,80,70,528,528,-0.0,-0.0,ana,reports/hafta7_fp_protokolu.md,test,157,tahminler_taban512_hafta7.csv,tahminler_model512.csv,0.3,0.52,1.8089,0.3,0.5,0.1,8,512,110,55,20260913,"Esikler, katsayilar ve ornek buyuklukleri KARARDIR; olcumden turetilmedi. Ayrinti protokol dosyasinda.",3.13.1,8.4.144,0.12.6,2.14.0,2026-09-13 10:08:36,scripts/25_esit_fp_adaylari.py
a0054,a0054_siki.jpg,a0054_baglam.jpg,67,65,513,513,-0.0,-0.0,ana,reports/hafta7_fp_protokolu.md,test,157,tahminler_taban512_hafta7.csv,tahminler_model512.csv,0.3,0.52,1.8089,0.3,0.5,0.1,8,512,110,55,20260913,"Esikler, katsayilar ve ornek buyuklukleri KARARDIR; olcumden turetilmedi. Ayrinti protokol dosyasinda.",3.13.1,8.4.144,0.12.6,2.14.0,2026-09-13 10:08:36,scripts/25_esit_fp_adaylari.py
a0055,a0055_siki.jpg,a0055_baglam.jpg,65,65,512,513,-90.6,-0.0,kalite,reports/hafta7_fp_protokolu.md,test,157,tahminler_taban512_hafta7.csv,tahminler_model512.csv,0.3,0.52,1.8089,0.3,0.5,0.1,8,512,110,55,20260913,"Esikler, katsayilar ve ornek buyuklukleri KARARDIR; olcumden turetilmedi. Ayrinti protokol dosyasinda.",3.13.1,8.4.144,0.12.6,2.14.0,2026-09-13 10:08:36,scripts/25_esit_fp_adaylari.py
a0056,a0056_siki.jpg,a0056_baglam.jpg,65,87,573,573,-0.0,-0.0,ana,reports/hafta7_fp_protokolu.md,test,157,tahminler_taban512_hafta7.csv,tahminler_model512.csv,0.3,0.52,1.8089,0.3,0.5,0.1,8,512,110,55,20260913,"Esikler, katsayilar ve ornek buyuklukleri KARARDIR; olcumden turetilmedi. Ayrinti protokol dosyasinda.",3.13.1,8.4.144,0.12.6,2.14.0,2026-09-13 10:08:36,scripts/25_esit_fp_adaylari.py
a0057,a0057_siki.jpg,a0057_baglam.jpg,103,65,683,683,-0.0,-0.0,ana,reports/hafta7_fp_protokolu.md,test,157,tahminler_taban512_hafta7.csv,tahminler_model512.csv,0.3,0.52,1.8089,0.3,0.5,0.1,8,512,110,55,20260913,"Esikler, katsayilar ve ornek buyuklukleri KARARDIR; olcumden turetilmedi. Ayrinti protokol dosyasinda.",3.13.1,8.4.144,0.12.6,2.14.0,2026-09-13 10:08:36,scripts/25_esit_fp_adaylari.py
a0058,a0058_siki.jpg,a0058_baglam.jpg,65,65,512,513,-18.4,-0.0,ana,reports/hafta7_fp_protokolu.md,test,157,tahminler_taban512_hafta7.csv,tahminler_model512.csv,0.3,0.52,1.8089,0.3,0.5,0.1,8,512,110,55,20260913,"Esikler, katsayilar ve ornek buyuklukleri KARARDIR; olcumden turetilmedi. Ayrinti protokol dosyasinda.",3.13.1,8.4.144,0.12.6,2.14.0,2026-09-13 10:08:36,scripts/25_esit_fp_adaylari.py
a0059,a0059_siki.jpg,a0059_baglam.jpg,65,64,512,512,182.8,-0.0,ana,reports/hafta7_fp_protokolu.md,test,157,tahminler_taban512_hafta7.csv,tahminler_model512.csv,0.3,0.52,1.8089,0.3,0.5,0.1,8,512,110,55,20260913,"Esikler, katsayilar ve ornek buyuklukleri KARARDIR; olcumden turetilmedi. Ayrinti protokol dosyasinda.",3.13.1,8.4.144,0.12.6,2.14.0,2026-09-13 10:08:36,scripts/25_esit_fp_adaylari.py
a0060,a0060_siki.jpg,a0060_baglam.jpg,92,88,610,611,-0.0,-0.0,ana,reports/hafta7_fp_protokolu.md,test,157,tahminler_taban512_hafta7.csv,tahminler_model512.csv,0.3,0.52,1.8089,0.3,0.5,0.1,8,512,110,55,20260913,"Esikler, katsayilar ve ornek buyuklukleri KARARDIR; olcumden turetilmedi. Ayrinti protokol dosyasinda.",3.13.1,8.4.144,0.12.6,2.14.0,2026-09-13 10:08:36,scripts/25_esit_fp_adaylari.py
a0061,a0061_siki.jpg,a0061_baglam.jpg,65,65,512,513,-88.5,-0.0,ana,reports/hafta7_fp_protokolu.md,test,157,tahminler_taban512_hafta7.csv,tahminler_model512.csv,0.3,0.52,1.8089,0.3,0.5,0.1,8,512,110,55,20260913,"Esikler, katsayilar ve ornek buyuklukleri KARARDIR; olcumden turetilmedi. Ayrinti protokol dosyasinda.",3.13.1,8.4.144,0.12.6,2.14.0,2026-09-13 10:08:36,scripts/25_esit_fp_adaylari.py
a0062,a0062_siki.jpg,a0062_baglam.jpg,77,65,513,512,-0.0,-78.1,ana,reports/hafta7_fp_protokolu.md,test,157,tahminler_taban512_hafta7.csv,tahminler_model512.csv,0.3,0.52,1.8089,0.3,0.5,0.1,8,512,110,55,20260913,"Esikler, katsayilar ve ornek buyuklukleri KARARDIR; olcumden turetilmedi. Ayrinti protokol dosyasinda.",3.13.1,8.4.144,0.12.6,2.14.0,2026-09-13 10:08:36,scripts/25_esit_fp_adaylari.py
a0063,a0063_siki.jpg,a0063_baglam.jpg,80,117,776,775,-0.0,-309.6,ana,reports/hafta7_fp_protokolu.md,test,157,tahminler_taban512_hafta7.csv,tahminler_model512.csv,0.3,0.52,1.8089,0.3,0.5,0.1,8,512,110,55,20260913,"Esikler, katsayilar ve ornek buyuklukleri KARARDIR; olcumden turetilmedi. Ayrinti protokol dosyasinda.",3.13.1,8.4.144,0.12.6,2.14.0,2026-09-13 10:08:36,scripts/25_esit_fp_adaylari.py
a0064,a0064_siki.jpg,a0064_baglam.jpg,230,111,1529,1528,-0.0,-119.4,ana,reports/hafta7_fp_protokolu.md,test,157,tahminler_taban512_hafta7.csv,tahminler_model512.csv,0.3,0.52,1.8089,0.3,0.5,0.1,8,512,110,55,20260913,"Esikler, katsayilar ve ornek buyuklukleri KARARDIR; olcumden turetilmedi. Ayrinti protokol dosyasinda.",3.13.1,8.4.144,0.12.6,2.14.0,2026-09-13 10:08:36,scripts/25_esit_fp_adaylari.py
a0065,a0065_siki.jpg,a0065_baglam.jpg,100,95,664,664,-0.0,-210.1,ana,reports/hafta7_fp_protokolu.md,test,157,tahminler_taban512_hafta7.csv,tahminler_model512.csv,0.3,0.52,1.8089,0.3,0.5,0.1,8,512,110,55,20260913,"Esikler, katsayilar ve ornek buyuklukleri KARARDIR; olcumden turetilmedi. Ayrinti protokol dosyasinda.",3.13.1,8.4.144,0.12.6,2.14.0,2026-09-13 10:08:36,scripts/25_esit_fp_adaylari.py
a0066,a0066_siki.jpg,a0066_baglam.jpg,90,145,959,959,25.9,-27.8,ana,reports/hafta7_fp_protokolu.md,test,157,tahminler_taban512_hafta7.csv,tahminler_model512.csv,0.3,0.52,1.8089,0.3,0.5,0.1,8,512,110,55,20260913,"Esikler, katsayilar ve ornek buyuklukleri KARARDIR; olcumden turetilmedi. Ayrinti protokol dosyasinda.",3.13.1,8.4.144,0.12.6,2.14.0,2026-09-13 10:08:36,scripts/25_esit_fp_adaylari.py
a0067,a0067_siki.jpg,a0067_baglam.jpg,67,65,513,513,-0.0,-0.0,ana,reports/hafta7_fp_protokolu.md,test,157,tahminler_taban512_hafta7.csv,tahminler_model512.csv,0.3,0.52,1.8089,0.3,0.5,0.1,8,512,110,55,20260913,"Esikler, katsayilar ve ornek buyuklukleri KARARDIR; olcumden turetilmedi. Ayrinti protokol dosyasinda.",3.13.1,8.4.144,0.12.6,2.14.0,2026-09-13 10:08:36,scripts/25_esit_fp_adaylari.py
a0068,a0068_siki.jpg,a0068_baglam.jpg,77,101,669,668,-0.0,-122.5,ana,reports/hafta7_fp_protokolu.md,test,157,tahminler_taban512_hafta7.csv,tahminler_model512.csv,0.3,0.52,1.8089,0.3,0.5,0.1,8,512,110,55,20260913,"Esikler, katsayilar ve ornek buyuklukleri KARARDIR; olcumden turetilmedi. Ayrinti protokol dosyasinda.",3.13.1,8.4.144,0.12.6,2.14.0,2026-09-13 10:08:36,scripts/25_esit_fp_adaylari.py
a0069,a0069_siki.jpg,a0069_baglam.jpg,76,65,513,513,-0.0,-0.0,ana,reports/hafta7_fp_protokolu.md,test,157,tahminler_taban512_hafta7.csv,tahminler_model512.csv,0.3,0.52,1.8089,0.3,0.5,0.1,8,512,110,55,20260913,"Esikler, katsayilar ve ornek buyuklukleri KARARDIR; olcumden turetilmedi. Ayrinti protokol dosyasinda.",3.13.1,8.4.144,0.12.6,2.14.0,2026-09-13 10:08:36,scripts/25_esit_fp_adaylari.py
a0070,a0070_siki.jpg,a0070_baglam.jpg,65,79,523,523,-0.0,-0.0,ana,reports/hafta7_fp_protokolu.md,test,157,tahminler_taban512_hafta7.csv,tahminler_model512.csv,0.3,0.52,1.8089,0.3,0.5,0.1,8,512,110,55,20260913,"Esikler, katsayilar ve ornek buyuklukleri KARARDIR; olcumden turetilmedi. Ayrinti protokol dosyasinda.",3.13.1,8.4.144,0.12.6,2.14.0,2026-09-13 10:08:36,scripts/25_esit_fp_adaylari.py
a0071,a0071_siki.jpg,a0071_baglam.jpg,65,81,537,536,-0.0,-0.0,ana,reports/hafta7_fp_protokolu.md,test,157,tahminler_taban512_hafta7.csv,tahminler_model512.csv,0.3,0.52,1.8089,0.3,0.5,0.1,8,512,110,55,20260913,"Esikler, katsayilar ve ornek buyuklukleri KARARDIR; olcumden turetilmedi. Ayrinti protokol dosyasinda.",3.13.1,8.4.144,0.12.6,2.14.0,2026-09-13 10:08:36,scripts/25_esit_fp_adaylari.py
a0072,a0072_siki.jpg,a0072_baglam.jpg,65,65,513,513,-0.0,-0.0,ana,reports/hafta7_fp_protokolu.md,test,157,tahminler_taban512_hafta7.csv,tahminler_model512.csv,0.3,0.52,1.8089,0.3,0.5,0.1,8,512,110,55,20260913,"Esikler, katsayilar ve ornek buyuklukleri KARARDIR; olcumden turetilmedi. Ayrinti protokol dosyasinda.",3.13.1,8.4.144,0.12.6,2.14.0,2026-09-13 10:08:36,scripts/25_esit_fp_adaylari.py
a0073,a0073_siki.jpg,a0073_baglam.jpg,65,74,513,512,-0.0,29.6,ana,reports/hafta7_fp_protokolu.md,test,157,tahminler_taban512_hafta7.csv,tahminler_model512.csv,0.3,0.52,1.8089,0.3,0.5,0.1,8,512,110,55,20260913,"Esikler, katsayilar ve ornek buyuklukleri KARARDIR; olcumden turetilmedi. Ayrinti protokol dosyasinda.",3.13.1,8.4.144,0.12.6,2.14.0,2026-09-13 10:08:36,scripts/25_esit_fp_adaylari.py
a0074,a0074_siki.jpg,a0074_baglam.jpg,65,65,513,513,-0.0,-0.0,ana,reports/hafta7_fp_protokolu.md,test,157,tahminler_taban512_hafta7.csv,tahminler_model512.csv,0.3,0.52,1.8089,0.3,0.5,0.1,8,512,110,55,20260913,"Esikler, katsayilar ve ornek buyuklukleri KARARDIR; olcumden turetilmedi. Ayrinti protokol dosyasinda.",3.13.1,8.4.144,0.12.6,2.14.0,2026-09-13 10:08:36,scripts/25_esit_fp_adaylari.py
a0075,a0075_siki.jpg,a0075_baglam.jpg,65,79,519,519,-0.0,-0.0,ana,reports/hafta7_fp_protokolu.md,test,157,tahminler_taban512_hafta7.csv,tahminler_model512.csv,0.3,0.52,1.8089,0.3,0.5,0.1,8,512,110,55,20260913,"Esikler, katsayilar ve ornek buyuklukleri KARARDIR; olcumden turetilmedi. Ayrinti protokol dosyasinda.",3.13.1,8.4.144,0.12.6,2.14.0,2026-09-13 10:08:36,scripts/25_esit_fp_adaylari.py
a0076,a0076_siki.jpg,a0076_baglam.jpg,65,65,512,513,100.4,-0.0,ana,reports/hafta7_fp_protokolu.md,test,157,tahminler_taban512_hafta7.csv,tahminler_model512.csv,0.3,0.52,1.8089,0.3,0.5,0.1,8,512,110,55,20260913,"Esikler, katsayilar ve ornek buyuklukleri KARARDIR; olcumden turetilmedi. Ayrinti protokol dosyasinda.",3.13.1,8.4.144,0.12.6,2.14.0,2026-09-13 10:08:36,scripts/25_esit_fp_adaylari.py
a0077,a0077_siki.jpg,a0077_baglam.jpg,142,111,944,945,-0.0,-0.0,ana,reports/hafta7_fp_protokolu.md,test,157,tahminler_taban512_hafta7.csv,tahminler_model512.csv,0.3,0.52,1.8089,0.3,0.5,0.1,8,512,110,55,20260913,"Esikler, katsayilar ve ornek buyuklukleri KARARDIR; olcumden turetilmedi. Ayrinti protokol dosyasinda.",3.13.1,8.4.144,0.12.6,2.14.0,2026-09-13 10:08:36,scripts/25_esit_fp_adaylari.py
a0078,a0078_siki.jpg,a0078_baglam.jpg,65,65,513,512,-0.0,-12.9,ana,reports/hafta7_fp_protokolu.md,test,157,tahminler_taban512_hafta7.csv,tahminler_model512.csv,0.3,0.52,1.8089,0.3,0.5,0.1,8,512,110,55,20260913,"Esikler, katsayilar ve ornek buyuklukleri KARARDIR; olcumden turetilmedi. Ayrinti protokol dosyasinda.",3.13.1,8.4.144,0.12.6,2.14.0,2026-09-13 10:08:36,scripts/25_esit_fp_adaylari.py
a0079,a0079_siki.jpg,a0079_baglam.jpg,83,65,542,542,75.2,-0.0,ana,reports/hafta7_fp_protokolu.md,test,157,tahminler_taban512_hafta7.csv,tahminler_model512.csv,0.3,0.52,1.8089,0.3,0.5,0.1,8,512,110,55,20260913,"Esikler, katsayilar ve ornek buyuklukleri KARARDIR; olcumden turetilmedi. Ayrinti protokol dosyasinda.",3.13.1,8.4.144,0.12.6,2.14.0,2026-09-13 10:08:36,scripts/25_esit_fp_adaylari.py
a0080,a0080_siki.jpg,a0080_baglam.jpg,138,190,1262,1262,-0.0,410.2,ana,reports/hafta7_fp_protokolu.md,test,157,tahminler_taban512_hafta7.csv,tahminler_model512.csv,0.3,0.52,1.8089,0.3,0.5,0.1,8,512,110,55,20260913,"Esikler, katsayilar ve ornek buyuklukleri KARARDIR; olcumden turetilmedi. Ayrinti protokol dosyasinda.",3.13.1,8.4.144,0.12.6,2.14.0,2026-09-13 10:08:36,scripts/25_esit_fp_adaylari.py
a0081,a0081_siki.jpg,a0081_baglam.jpg,65,65,513,513,-0.0,-0.0,ana,reports/hafta7_fp_protokolu.md,test,157,tahminler_taban512_hafta7.csv,tahminler_model512.csv,0.3,0.52,1.8089,0.3,0.5,0.1,8,512,110,55,20260913,"Esikler, katsayilar ve ornek buyuklukleri KARARDIR; olcumden turetilmedi. Ayrinti protokol dosyasinda.",3.13.1,8.4.144,0.12.6,2.14.0,2026-09-13 10:08:36,scripts/25_esit_fp_adaylari.py
a0082,a0082_siki.jpg,a0082_baglam.jpg,65,72,513,513,-0.0,-0.0,ana,reports/hafta7_fp_protokolu.md,test,157,tahminler_taban512_hafta7.csv,tahminler_model512.csv,0.3,0.52,1.8089,0.3,0.5,0.1,8,512,110,55,20260913,"Esikler, katsayilar ve ornek buyuklukleri KARARDIR; olcumden turetilmedi. Ayrinti protokol dosyasinda.",3.13.1,8.4.144,0.12.6,2.14.0,2026-09-13 10:08:36,scripts/25_esit_fp_adaylari.py
a0083,a0083_siki.jpg,a0083_baglam.jpg,82,83,544,543,-0.0,-0.0,ana,reports/hafta7_fp_protokolu.md,test,157,tahminler_taban512_hafta7.csv,tahminler_model512.csv,0.3,0.52,1.8089,0.3,0.5,0.1,8,512,110,55,20260913,"Esikler, katsayilar ve ornek buyuklukleri KARARDIR; olcumden turetilmedi. Ayrinti protokol dosyasinda.",3.13.1,8.4.144,0.12.6,2.14.0,2026-09-13 10:08:36,scripts/25_esit_fp_adaylari.py
a0084,a0084_siki.jpg,a0084_baglam.jpg,66,65,513,513,-0.0,-0.0,kalite,reports/hafta7_fp_protokolu.md,test,157,tahminler_taban512_hafta7.csv,tahminler_model512.csv,0.3,0.52,1.8089,0.3,0.5,0.1,8,512,110,55,20260913,"Esikler, katsayilar ve ornek buyuklukleri KARARDIR; olcumden turetilmedi. Ayrinti protokol dosyasinda.",3.13.1,8.4.144,0.12.6,2.14.0,2026-09-13 10:08:36,scripts/25_esit_fp_adaylari.py
a0085,a0085_siki.jpg,a0085_baglam.jpg,65,65,512,513,34.0,-0.0,ana,reports/hafta7_fp_protokolu.md,test,157,tahminler_taban512_hafta7.csv,tahminler_model512.csv,0.3,0.52,1.8089,0.3,0.5,0.1,8,512,110,55,20260913,"Esikler, katsayilar ve ornek buyuklukleri KARARDIR; olcumden turetilmedi. Ayrinti protokol dosyasinda.",3.13.1,8.4.144,0.12.6,2.14.0,2026-09-13 10:08:36,scripts/25_esit_fp_adaylari.py
a0086,a0086_siki.jpg,a0086_baglam.jpg,65,65,513,513,-0.0,-0.0,ana,reports/hafta7_fp_protokolu.md,test,157,tahminler_taban512_hafta7.csv,tahminler_model512.csv,0.3,0.52,1.8089,0.3,0.5,0.1,8,512,110,55,20260913,"Esikler, katsayilar ve ornek buyuklukleri KARARDIR; olcumden turetilmedi. Ayrinti protokol dosyasinda.",3.13.1,8.4.144,0.12.6,2.14.0,2026-09-13 10:08:36,scripts/25_esit_fp_adaylari.py
a0087,a0087_siki.jpg,a0087_baglam.jpg,72,65,513,513,-0.0,-0.0,ana,reports/hafta7_fp_protokolu.md,test,157,tahminler_taban512_hafta7.csv,tahminler_model512.csv,0.3,0.52,1.8089,0.3,0.5,0.1,8,512,110,55,20260913,"Esikler, katsayilar ve ornek buyuklukleri KARARDIR; olcumden turetilmedi. Ayrinti protokol dosyasinda.",3.13.1,8.4.144,0.12.6,2.14.0,2026-09-13 10:08:36,scripts/25_esit_fp_adaylari.py
a0088,a0088_siki.jpg,a0088_baglam.jpg,65,81,536,536,-0.0,107.8,ana,reports/hafta7_fp_protokolu.md,test,157,tahminler_taban512_hafta7.csv,tahminler_model512.csv,0.3,0.52,1.8089,0.3,0.5,0.1,8,512,110,55,20260913,"Esikler, katsayilar ve ornek buyuklukleri KARARDIR; olcumden turetilmedi. Ayrinti protokol dosyasinda.",3.13.1,8.4.144,0.12.6,2.14.0,2026-09-13 10:08:36,scripts/25_esit_fp_adaylari.py
a0089,a0089_siki.jpg,a0089_baglam.jpg,65,60,513,512,-0.0,-228.7,ana,reports/hafta7_fp_protokolu.md,test,157,tahminler_taban512_hafta7.csv,tahminler_model512.csv,0.3,0.52,1.8089,0.3,0.5,0.1,8,512,110,55,20260913,"Esikler, katsayilar ve ornek buyuklukleri KARARDIR; olcumden turetilmedi. Ayrinti protokol dosyasinda.",3.13.1,8.4.144,0.12.6,2.14.0,2026-09-13 10:08:36,scripts/25_esit_fp_adaylari.py
a0090,a0090_siki.jpg,a0090_baglam.jpg,54,64,512,512,-234.8,-0.0,ana,reports/hafta7_fp_protokolu.md,test,157,tahminler_taban512_hafta7.csv,tahminler_model512.csv,0.3,0.52,1.8089,0.3,0.5,0.1,8,512,110,55,20260913,"Esikler, katsayilar ve ornek buyuklukleri KARARDIR; olcumden turetilmedi. Ayrinti protokol dosyasinda.",3.13.1,8.4.144,0.12.6,2.14.0,2026-09-13 10:08:36,scripts/25_esit_fp_adaylari.py
a0091,a0091_siki.jpg,a0091_baglam.jpg,66,65,512,513,192.0,-0.0,ana,reports/hafta7_fp_protokolu.md,test,157,tahminler_taban512_hafta7.csv,tahminler_model512.csv,0.3,0.52,1.8089,0.3,0.5,0.1,8,512,110,55,20260913,"Esikler, katsayilar ve ornek buyuklukleri KARARDIR; olcumden turetilmedi. Ayrinti protokol dosyasinda.",3.13.1,8.4.144,0.12.6,2.14.0,2026-09-13 10:08:36,scripts/25_esit_fp_adaylari.py
a0092,a0092_siki.jpg,a0092_baglam.jpg,65,65,512,513,29.9,-0.0,ana,reports/hafta7_fp_protokolu.md,test,157,tahminler_taban512_hafta7.csv,tahminler_model512.csv,0.3,0.52,1.8089,0.3,0.5,0.1,8,512,110,55,20260913,"Esikler, katsayilar ve ornek buyuklukleri KARARDIR; olcumden turetilmedi. Ayrinti protokol dosyasinda.",3.13.1,8.4.144,0.12.6,2.14.0,2026-09-13 10:08:36,scripts/25_esit_fp_adaylari.py
a0093,a0093_siki.jpg,a0093_baglam.jpg,71,65,513,513,-0.0,-0.0,ana,reports/hafta7_fp_protokolu.md,test,157,tahminler_taban512_hafta7.csv,tahminler_model512.csv,0.3,0.52,1.8089,0.3,0.5,0.1,8,512,110,55,20260913,"Esikler, katsayilar ve ornek buyuklukleri KARARDIR; olcumden turetilmedi. Ayrinti protokol dosyasinda.",3.13.1,8.4.144,0.12.6,2.14.0,2026-09-13 10:08:36,scripts/25_esit_fp_adaylari.py
a0094,a0094_siki.jpg,a0094_baglam.jpg,65,70,513,513,-0.0,-0.0,ana,reports/hafta7_fp_protokolu.md,test,157,tahminler_taban512_hafta7.csv,tahminler_model512.csv,0.3,0.52,1.8089,0.3,0.5,0.1,8,512,110,55,20260913,"Esikler, katsayilar ve ornek buyuklukleri KARARDIR; olcumden turetilmedi. Ayrinti protokol dosyasinda.",3.13.1,8.4.144,0.12.6,2.14.0,2026-09-13 10:08:36,scripts/25_esit_fp_adaylari.py
a0095,a0095_siki.jpg,a0095_baglam.jpg,65,69,513,513,-0.0,-0.0,ana,reports/hafta7_fp_protokolu.md,test,157,tahminler_taban512_hafta7.csv,tahminler_model512.csv,0.3,0.52,1.8089,0.3,0.5,0.1,8,512,110,55,20260913,"Esikler, katsayilar ve ornek buyuklukleri KARARDIR; olcumden turetilmedi. Ayrinti protokol dosyasinda.",3.13.1,8.4.144,0.12.6,2.14.0,2026-09-13 10:08:36,scripts/25_esit_fp_adaylari.py
a0096,a0096_siki.jpg,a0096_baglam.jpg,96,128,845,846,310.4,-0.0,ana,reports/hafta7_fp_protokolu.md,test,157,tahminler_taban512_hafta7.csv,tahminler_model512.csv,0.3,0.52,1.8089,0.3,0.5,0.1,8,512,110,55,20260913,"Esikler, katsayilar ve ornek buyuklukleri KARARDIR; olcumden turetilmedi. Ayrinti protokol dosyasinda.",3.13.1,8.4.144,0.12.6,2.14.0,2026-09-13 10:08:36,scripts/25_esit_fp_adaylari.py
a0097,a0097_siki.jpg,a0097_baglam.jpg,65,65,513,513,-0.0,-0.0,ana,reports/hafta7_fp_protokolu.md,test,157,tahminler_taban512_hafta7.csv,tahminler_model512.csv,0.3,0.52,1.8089,0.3,0.5,0.1,8,512,110,55,20260913,"Esikler, katsayilar ve ornek buyuklukleri KARARDIR; olcumden turetilmedi. Ayrinti protokol dosyasinda.",3.13.1,8.4.144,0.12.6,2.14.0,2026-09-13 10:08:36,scripts/25_esit_fp_adaylari.py
a0098,a0098_siki.jpg,a0098_baglam.jpg,135,81,895,895,-0.0,-0.0,kalite,reports/hafta7_fp_protokolu.md,test,157,tahminler_taban512_hafta7.csv,tahminler_model512.csv,0.3,0.52,1.8089,0.3,0.5,0.1,8,512,110,55,20260913,"Esikler, katsayilar ve ornek buyuklukleri KARARDIR; olcumden turetilmedi. Ayrinti protokol dosyasinda.",3.13.1,8.4.144,0.12.6,2.14.0,2026-09-13 10:08:36,scripts/25_esit_fp_adaylari.py
a0099,a0099_siki.jpg,a0099_baglam.jpg,83,65,543,542,-0.0,-0.0,ana,reports/hafta7_fp_protokolu.md,test,157,tahminler_taban512_hafta7.csv,tahminler_model512.csv,0.3,0.52,1.8089,0.3,0.5,0.1,8,512,110,55,20260913,"Esikler, katsayilar ve ornek buyuklukleri KARARDIR; olcumden turetilmedi. Ayrinti protokol dosyasinda.",3.13.1,8.4.144,0.12.6,2.14.0,2026-09-13 10:08:36,scripts/25_esit_fp_adaylari.py
a0100,a0100_siki.jpg,a0100_baglam.jpg,73,65,513,512,-0.0,109.5,ana,reports/hafta7_fp_protokolu.md,test,157,tahminler_taban512_hafta7.csv,tahminler_model512.csv,0.3,0.52,1.8089,0.3,0.5,0.1,8,512,110,55,20260913,"Esikler, katsayilar ve ornek buyuklukleri KARARDIR; olcumden turetilmedi. Ayrinti protokol dosyasinda.",3.13.1,8.4.144,0.12.6,2.14.0,2026-09-13 10:08:36,scripts/25_esit_fp_adaylari.py
a0101,a0101_siki.jpg,a0101_baglam.jpg,65,65,513,512,-0.0,10.8,ana,reports/hafta7_fp_protokolu.md,test,157,tahminler_taban512_hafta7.csv,tahminler_model512.csv,0.3,0.52,1.8089,0.3,0.5,0.1,8,512,110,55,20260913,"Esikler, katsayilar ve ornek buyuklukleri KARARDIR; olcumden turetilmedi. Ayrinti protokol dosyasinda.",3.13.1,8.4.144,0.12.6,2.14.0,2026-09-13 10:08:36,scripts/25_esit_fp_adaylari.py
a0102,a0102_siki.jpg,a0102_baglam.jpg,75,65,512,513,131.6,-0.0,ana,reports/hafta7_fp_protokolu.md,test,157,tahminler_taban512_hafta7.csv,tahminler_model512.csv,0.3,0.52,1.8089,0.3,0.5,0.1,8,512,110,55,20260913,"Esikler, katsayilar ve ornek buyuklukleri KARARDIR; olcumden turetilmedi. Ayrinti protokol dosyasinda.",3.13.1,8.4.144,0.12.6,2.14.0,2026-09-13 10:08:36,scripts/25_esit_fp_adaylari.py
a0103,a0103_siki.jpg,a0103_baglam.jpg,65,65,513,512,-0.0,147.6,ana,reports/hafta7_fp_protokolu.md,test,157,tahminler_taban512_hafta7.csv,tahminler_model512.csv,0.3,0.52,1.8089,0.3,0.5,0.1,8,512,110,55,20260913,"Esikler, katsayilar ve ornek buyuklukleri KARARDIR; olcumden turetilmedi. Ayrinti protokol dosyasinda.",3.13.1,8.4.144,0.12.6,2.14.0,2026-09-13 10:08:36,scripts/25_esit_fp_adaylari.py
a0104,a0104_siki.jpg,a0104_baglam.jpg,128,83,848,848,-0.0,-0.0,ana,reports/hafta7_fp_protokolu.md,test,157,tahminler_taban512_hafta7.csv,tahminler_model512.csv,0.3,0.52,1.8089,0.3,0.5,0.1,8,512,110,55,20260913,"Esikler, katsayilar ve ornek buyuklukleri KARARDIR; olcumden turetilmedi. Ayrinti protokol dosyasinda.",3.13.1,8.4.144,0.12.6,2.14.0,2026-09-13 10:08:36,scripts/25_esit_fp_adaylari.py
a0105,a0105_siki.jpg,a0105_baglam.jpg,65,65,512,513,-50.2,-0.0,ana,reports/hafta7_fp_protokolu.md,test,157,tahminler_taban512_hafta7.csv,tahminler_model512.csv,0.3,0.52,1.8089,0.3,0.5,0.1,8,512,110,55,20260913,"Esikler, katsayilar ve ornek buyuklukleri KARARDIR; olcumden turetilmedi. Ayrinti protokol dosyasinda.",3.13.1,8.4.144,0.12.6,2.14.0,2026-09-13 10:08:36,scripts/25_esit_fp_adaylari.py
a0106,a0106_siki.jpg,a0106_baglam.jpg,65,109,724,725,-0.0,-0.0,ana,reports/hafta7_fp_protokolu.md,test,157,tahminler_taban512_hafta7.csv,tahminler_model512.csv,0.3,0.52,1.8089,0.3,0.5,0.1,8,512,110,55,20260913,"Esikler, katsayilar ve ornek buyuklukleri KARARDIR; olcumden turetilmedi. Ayrinti protokol dosyasinda.",3.13.1,8.4.144,0.12.6,2.14.0,2026-09-13 10:08:36,scripts/25_esit_fp_adaylari.py
a0107,a0107_siki.jpg,a0107_baglam.jpg,83,149,985,985,-0.0,-0.0,ana,reports/hafta7_fp_protokolu.md,test,157,tahminler_taban512_hafta7.csv,tahminler_model512.csv,0.3,0.52,1.8089,0.3,0.5,0.1,8,512,110,55,20260913,"Esikler, katsayilar ve ornek buyuklukleri KARARDIR; olcumden turetilmedi. Ayrinti protokol dosyasinda.",3.13.1,8.4.144,0.12.6,2.14.0,2026-09-13 10:08:36,scripts/25_esit_fp_adaylari.py
a0108,a0108_siki.jpg,a0108_baglam.jpg,74,98,652,652,-0.0,-0.0,ana,reports/hafta7_fp_protokolu.md,test,157,tahminler_taban512_hafta7.csv,tahminler_model512.csv,0.3,0.52,1.8089,0.3,0.5,0.1,8,512,110,55,20260913,"Esikler, katsayilar ve ornek buyuklukleri KARARDIR; olcumden turetilmedi. Ayrinti protokol dosyasinda.",3.13.1,8.4.144,0.12.6,2.14.0,2026-09-13 10:08:36,scripts/25_esit_fp_adaylari.py
a0109,a0109_siki.jpg,a0109_baglam.jpg,65,50,513,512,-0.0,238.2,ana,reports/hafta7_fp_protokolu.md,test,157,tahminler_taban512_hafta7.csv,tahminler_model512.csv,0.3,0.52,1.8089,0.3,0.5,0.1,8,512,110,55,20260913,"Esikler, katsayilar ve ornek buyuklukleri KARARDIR; olcumden turetilmedi. Ayrinti protokol dosyasinda.",3.13.1,8.4.144,0.12.6,2.14.0,2026-09-13 10:08:36,scripts/25_esit_fp_adaylari.py
a0110,a0110_siki.jpg,a0110_baglam.jpg,164,79,1089,1088,-0.0,64.5,ana,reports/hafta7_fp_protokolu.md,test,157,tahminler_taban512_hafta7.csv,tahminler_model512.csv,0.3,0.52,1.8089,0.3,0.5,0.1,8,512,110,55,20260913,"Esikler, katsayilar ve ornek buyuklukleri KARARDIR; olcumden turetilmedi. Ayrinti protokol dosyasinda.",3.13.1,8.4.144,0.12.6,2.14.0,2026-09-13 10:08:36,scripts/25_esit_fp_adaylari.py
a0111,a0111_siki.jpg,a0111_baglam.jpg,65,65,513,513,-0.0,-0.0,ana,reports/hafta7_fp_protokolu.md,test,157,tahminler_taban512_hafta7.csv,tahminler_model512.csv,0.3,0.52,1.8089,0.3,0.5,0.1,8,512,110,55,20260913,"Esikler, katsayilar ve ornek buyuklukleri KARARDIR; olcumden turetilmedi. Ayrinti protokol dosyasinda.",3.13.1,8.4.144,0.12.6,2.14.0,2026-09-13 10:08:36,scripts/25_esit_fp_adaylari.py
a0112,a0112_siki.jpg,a0112_baglam.jpg,65,65,513,513,-0.0,-0.0,ana,reports/hafta7_fp_protokolu.md,test,157,tahminler_taban512_hafta7.csv,tahminler_model512.csv,0.3,0.52,1.8089,0.3,0.5,0.1,8,512,110,55,20260913,"Esikler, katsayilar ve ornek buyuklukleri KARARDIR; olcumden turetilmedi. Ayrinti protokol dosyasinda.",3.13.1,8.4.144,0.12.6,2.14.0,2026-09-13 10:08:36,scripts/25_esit_fp_adaylari.py
a0113,a0113_siki.jpg,a0113_baglam.jpg,65,65,513,513,-0.0,-0.0,ana,reports/hafta7_fp_protokolu.md,test,157,tahminler_taban512_hafta7.csv,tahminler_model512.csv,0.3,0.52,1.8089,0.3,0.5,0.1,8,512,110,55,20260913,"Esikler, katsayilar ve ornek buyuklukleri KARARDIR; olcumden turetilmedi. Ayrinti protokol dosyasinda.",3.13.1,8.4.144,0.12.6,2.14.0,2026-09-13 10:08:36,scripts/25_esit_fp_adaylari.py
a0114,a0114_siki.jpg,a0114_baglam.jpg,71,65,513,513,-0.0,-0.0,ana,reports/hafta7_fp_protokolu.md,test,157,tahminler_taban512_hafta7.csv,tahminler_model512.csv,0.3,0.52,1.8089,0.3,0.5,0.1,8,512,110,55,20260913,"Esikler, katsayilar ve ornek buyuklukleri KARARDIR; olcumden turetilmedi. Ayrinti protokol dosyasinda.",3.13.1,8.4.144,0.12.6,2.14.0,2026-09-13 10:08:36,scripts/25_esit_fp_adaylari.py
a0115,a0115_siki.jpg,a0115_baglam.jpg,65,45,513,512,-0.0,243.6,ana,reports/hafta7_fp_protokolu.md,test,157,tahminler_taban512_hafta7.csv,tahminler_model512.csv,0.3,0.52,1.8089,0.3,0.5,0.1,8,512,110,55,20260913,"Esikler, katsayilar ve ornek buyuklukleri KARARDIR; olcumden turetilmedi. Ayrinti protokol dosyasinda.",3.13.1,8.4.144,0.12.6,2.14.0,2026-09-13 10:08:36,scripts/25_esit_fp_adaylari.py
a0116,a0116_siki.jpg,a0116_baglam.jpg,65,68,513,513,-0.0,-0.0,kalite,reports/hafta7_fp_protokolu.md,test,157,tahminler_taban512_hafta7.csv,tahminler_model512.csv,0.3,0.52,1.8089,0.3,0.5,0.1,8,512,110,55,20260913,"Esikler, katsayilar ve ornek buyuklukleri KARARDIR; olcumden turetilmedi. Ayrinti protokol dosyasinda.",3.13.1,8.4.144,0.12.6,2.14.0,2026-09-13 10:08:36,scripts/25_esit_fp_adaylari.py
a0117,a0117_siki.jpg,a0117_baglam.jpg,80,89,588,587,-0.0,-0.0,ana,reports/hafta7_fp_protokolu.md,test,157,tahminler_taban512_hafta7.csv,tahminler_model512.csv,0.3,0.52,1.8089,0.3,0.5,0.1,8,512,110,55,20260913,"Esikler, katsayilar ve ornek buyuklukleri KARARDIR; olcumden turetilmedi. Ayrinti protokol dosyasinda.",3.13.1,8.4.144,0.12.6,2.14.0,2026-09-13 10:08:36,scripts/25_esit_fp_adaylari.py
a0118,a0118_siki.jpg,a0118_baglam.jpg,71,65,513,513,-0.0,-0.0,ana,reports/hafta7_fp_protokolu.md,test,157,tahminler_taban512_hafta7.csv,tahminler_model512.csv,0.3,0.52,1.8089,0.3,0.5,0.1,8,512,110,55,20260913,"Esikler, katsayilar ve ornek buyuklukleri KARARDIR; olcumden turetilmedi. Ayrinti protokol dosyasinda.",3.13.1,8.4.144,0.12.6,2.14.0,2026-09-13 10:08:36,scripts/25_esit_fp_adaylari.py
a0119,a0119_siki.jpg,a0119_baglam.jpg,117,65,773,773,-0.0,-0.0,ana,reports/hafta7_fp_protokolu.md,test,157,tahminler_taban512_hafta7.csv,tahminler_model512.csv,0.3,0.52,1.8089,0.3,0.5,0.1,8,512,110,55,20260913,"Esikler, katsayilar ve ornek buyuklukleri KARARDIR; olcumden turetilmedi. Ayrinti protokol dosyasinda.",3.13.1,8.4.144,0.12.6,2.14.0,2026-09-13 10:08:36,scripts/25_esit_fp_adaylari.py
a0120,a0120_siki.jpg,a0120_baglam.jpg,65,75,513,513,-0.0,-0.0,ana,reports/hafta7_fp_protokolu.md,test,157,tahminler_taban512_hafta7.csv,tahminler_model512.csv,0.3,0.52,1.8089,0.3,0.5,0.1,8,512,110,55,20260913,"Esikler, katsayilar ve ornek buyuklukleri KARARDIR; olcumden turetilmedi. Ayrinti protokol dosyasinda.",3.13.1,8.4.144,0.12.6,2.14.0,2026-09-13 10:08:36,scripts/25_esit_fp_adaylari.py
a0121,a0121_siki.jpg,a0121_baglam.jpg,67,65,513,513,-0.0,-0.0,ana,reports/hafta7_fp_protokolu.md,test,157,tahminler_taban512_hafta7.csv,tahminler_model512.csv,0.3,0.52,1.8089,0.3,0.5,0.1,8,512,110,55,20260913,"Esikler, katsayilar ve ornek buyuklukleri KARARDIR; olcumden turetilmedi. Ayrinti protokol dosyasinda.",3.13.1,8.4.144,0.12.6,2.14.0,2026-09-13 10:08:36,scripts/25_esit_fp_adaylari.py
a0122,a0122_siki.jpg,a0122_baglam.jpg,74,65,512,513,151.8,-0.0,ana,reports/hafta7_fp_protokolu.md,test,157,tahminler_taban512_hafta7.csv,tahminler_model512.csv,0.3,0.52,1.8089,0.3,0.5,0.1,8,512,110,55,20260913,"Esikler, katsayilar ve ornek buyuklukleri KARARDIR; olcumden turetilmedi. Ayrinti protokol dosyasinda.",3.13.1,8.4.144,0.12.6,2.14.0,2026-09-13 10:08:36,scripts/25_esit_fp_adaylari.py
a0123,a0123_siki.jpg,a0123_baglam.jpg,65,69,513,513,-0.0,-0.0,ana,reports/hafta7_fp_protokolu.md,test,157,tahminler_taban512_hafta7.csv,tahminler_model512.csv,0.3,0.52,1.8089,0.3,0.5,0.1,8,512,110,55,20260913,"Esikler, katsayilar ve ornek buyuklukleri KARARDIR; olcumden turetilmedi. Ayrinti protokol dosyasinda.",3.13.1,8.4.144,0.12.6,2.14.0,2026-09-13 10:08:36,scripts/25_esit_fp_adaylari.py
a0124,a0124_siki.jpg,a0124_baglam.jpg,65,65,513,513,-0.0,-0.0,ana,reports/hafta7_fp_protokolu.md,test,157,tahminler_taban512_hafta7.csv,tahminler_model512.csv,0.3,0.52,1.8089,0.3,0.5,0.1,8,512,110,55,20260913,"Esikler, katsayilar ve ornek buyuklukleri KARARDIR; olcumden turetilmedi. Ayrinti protokol dosyasinda.",3.13.1,8.4.144,0.12.6,2.14.0,2026-09-13 10:08:36,scripts/25_esit_fp_adaylari.py
a0125,a0125_siki.jpg,a0125_baglam.jpg,65,65,513,513,-0.0,-0.0,ana,reports/hafta7_fp_protokolu.md,test,157,tahminler_taban512_hafta7.csv,tahminler_model512.csv,0.3,0.52,1.8089,0.3,0.5,0.1,8,512,110,55,20260913,"Esikler, katsayilar ve ornek buyuklukleri KARARDIR; olcumden turetilmedi. Ayrinti protokol dosyasinda.",3.13.1,8.4.144,0.12.6,2.14.0,2026-09-13 10:08:36,scripts/25_esit_fp_adaylari.py
a0126,a0126_siki.jpg,a0126_baglam.jpg,65,93,617,616,-0.0,198.2,ana,reports/hafta7_fp_protokolu.md,test,157,tahminler_taban512_hafta7.csv,tahminler_model512.csv,0.3,0.52,1.8089,0.3,0.5,0.1,8,512,110,55,20260913,"Esikler, katsayilar ve ornek buyuklukleri KARARDIR; olcumden turetilmedi. Ayrinti protokol dosyasinda.",3.13.1,8.4.144,0.12.6,2.14.0,2026-09-13 10:08:36,scripts/25_esit_fp_adaylari.py
a0127,a0127_siki.jpg,a0127_baglam.jpg,65,65,513,513,-0.0,-0.0,ana,reports/hafta7_fp_protokolu.md,test,157,tahminler_taban512_hafta7.csv,tahminler_model512.csv,0.3,0.52,1.8089,0.3,0.5,0.1,8,512,110,55,20260913,"Esikler, katsayilar ve ornek buyuklukleri KARARDIR; olcumden turetilmedi. Ayrinti protokol dosyasinda.",3.13.1,8.4.144,0.12.6,2.14.0,2026-09-13 10:08:36,scripts/25_esit_fp_adaylari.py
a0128,a0128_siki.jpg,a0128_baglam.jpg,65,65,513,513,-0.0,-0.0,ana,reports/hafta7_fp_protokolu.md,test,157,tahminler_taban512_hafta7.csv,tahminler_model512.csv,0.3,0.52,1.8089,0.3,0.5,0.1,8,512,110,55,20260913,"Esikler, katsayilar ve ornek buyuklukleri KARARDIR; olcumden turetilmedi. Ayrinti protokol dosyasinda.",3.13.1,8.4.144,0.12.6,2.14.0,2026-09-13 10:08:36,scripts/25_esit_fp_adaylari.py
a0129,a0129_siki.jpg,a0129_baglam.jpg,71,65,513,513,-0.0,-0.0,ana,reports/hafta7_fp_protokolu.md,test,157,tahminler_taban512_hafta7.csv,tahminler_model512.csv,0.3,0.52,1.8089,0.3,0.5,0.1,8,512,110,55,20260913,"Esikler, katsayilar ve ornek buyuklukleri KARARDIR; olcumden turetilmedi. Ayrinti protokol dosyasinda.",3.13.1,8.4.144,0.12.6,2.14.0,2026-09-13 10:08:36,scripts/25_esit_fp_adaylari.py
a0130,a0130_siki.jpg,a0130_baglam.jpg,65,110,725,725,-0.0,-0.0,ana,reports/hafta7_fp_protokolu.md,test,157,tahminler_taban512_hafta7.csv,tahminler_model512.csv,0.3,0.52,1.8089,0.3,0.5,0.1,8,512,110,55,20260913,"Esikler, katsayilar ve ornek buyuklukleri KARARDIR; olcumden turetilmedi. Ayrinti protokol dosyasinda.",3.13.1,8.4.144,0.12.6,2.14.0,2026-09-13 10:08:36,scripts/25_esit_fp_adaylari.py
a0131,a0131_siki.jpg,a0131_baglam.jpg,82,70,541,542,148.7,-0.0,ana,reports/hafta7_fp_protokolu.md,test,157,tahminler_taban512_hafta7.csv,tahminler_model512.csv,0.3,0.52,1.8089,0.3,0.5,0.1,8,512,110,55,20260913,"Esikler, katsayilar ve ornek buyuklukleri KARARDIR; olcumden turetilmedi. Ayrinti protokol dosyasinda.",3.13.1,8.4.144,0.12.6,2.14.0,2026-09-13 10:08:36,scripts/25_esit_fp_adaylari.py
a0132,a0132_siki.jpg,a0132_baglam.jpg,88,65,579,579,-10.1,-0.0,ana,reports/hafta7_fp_protokolu.md,test,157,tahminler_taban512_hafta7.csv,tahminler_model512.csv,0.3,0.52,1.8089,0.3,0.5,0.1,8,512,110,55,20260913,"Esikler, katsayilar ve ornek buyuklukleri KARARDIR; olcumden turetilmedi. Ayrinti protokol dosyasinda.",3.13.1,8.4.144,0.12.6,2.14.0,2026-09-13 10:08:36,scripts/25_esit_fp_adaylari.py
a0133,a0133_siki.jpg,a0133_baglam.jpg,96,175,1166,1167,273.4,-0.0,ana,reports/hafta7_fp_protokolu.md,test,157,tahminler_taban512_hafta7.csv,tahminler_model512.csv,0.3,0.52,1.8089,0.3,0.5,0.1,8,512,110,55,20260913,"Esikler, katsayilar ve ornek buyuklukleri KARARDIR; olcumden turetilmedi. Ayrinti protokol dosyasinda.",3.13.1,8.4.144,0.12.6,2.14.0,2026-09-13 10:08:36,scripts/25_esit_fp_adaylari.py
a0134,a0134_siki.jpg,a0134_baglam.jpg,65,70,513,513,-0.0,-0.0,kalite,reports/hafta7_fp_protokolu.md,test,157,tahminler_taban512_hafta7.csv,tahminler_model512.csv,0.3,0.52,1.8089,0.3,0.5,0.1,8,512,110,55,20260913,"Esikler, katsayilar ve ornek buyuklukleri KARARDIR; olcumden turetilmedi. Ayrinti protokol dosyasinda.",3.13.1,8.4.144,0.12.6,2.14.0,2026-09-13 10:08:36,scripts/25_esit_fp_adaylari.py
a0135,a0135_siki.jpg,a0135_baglam.jpg,66,65,512,513,33.0,-0.0,ana,reports/hafta7_fp_protokolu.md,test,157,tahminler_taban512_hafta7.csv,tahminler_model512.csv,0.3,0.52,1.8089,0.3,0.5,0.1,8,512,110,55,20260913,"Esikler, katsayilar ve ornek buyuklukleri KARARDIR; olcumden turetilmedi. Ayrinti protokol dosyasinda.",3.13.1,8.4.144,0.12.6,2.14.0,2026-09-13 10:08:36,scripts/25_esit_fp_adaylari.py
a0136,a0136_siki.jpg,a0136_baglam.jpg,65,65,513,513,-0.0,-0.0,ana,reports/hafta7_fp_protokolu.md,test,157,tahminler_taban512_hafta7.csv,tahminler_model512.csv,0.3,0.52,1.8089,0.3,0.5,0.1,8,512,110,55,20260913,"Esikler, katsayilar ve ornek buyuklukleri KARARDIR; olcumden turetilmedi. Ayrinti protokol dosyasinda.",3.13.1,8.4.144,0.12.6,2.14.0,2026-09-13 10:08:36,scripts/25_esit_fp_adaylari.py
a0137,a0137_siki.jpg,a0137_baglam.jpg,65,65,513,513,-0.0,-0.0,ana,reports/hafta7_fp_protokolu.md,test,157,tahminler_taban512_hafta7.csv,tahminler_model512.csv,0.3,0.52,1.8089,0.3,0.5,0.1,8,512,110,55,20260913,"Esikler, katsayilar ve ornek buyuklukleri KARARDIR; olcumden turetilmedi. Ayrinti protokol dosyasinda.",3.13.1,8.4.144,0.12.6,2.14.0,2026-09-13 10:08:36,scripts/25_esit_fp_adaylari.py
a0138,a0138_siki.jpg,a0138_baglam.jpg,130,65,860,860,-196.3,-0.0,ana,reports/hafta7_fp_protokolu.md,test,157,tahminler_taban512_hafta7.csv,tahminler_model512.csv,0.3,0.52,1.8089,0.3,0.5,0.1,8,512,110,55,20260913,"Esikler, katsayilar ve ornek buyuklukleri KARARDIR; olcumden turetilmedi. Ayrinti protokol dosyasinda.",3.13.1,8.4.144,0.12.6,2.14.0,2026-09-13 10:08:36,scripts/25_esit_fp_adaylari.py
a0139,a0139_siki.jpg,a0139_baglam.jpg,65,65,513,513,-0.0,-0.0,ana,reports/hafta7_fp_protokolu.md,test,157,tahminler_taban512_hafta7.csv,tahminler_model512.csv,0.3,0.52,1.8089,0.3,0.5,0.1,8,512,110,55,20260913,"Esikler, katsayilar ve ornek buyuklukleri KARARDIR; olcumden turetilmedi. Ayrinti protokol dosyasinda.",3.13.1,8.4.144,0.12.6,2.14.0,2026-09-13 10:08:36,scripts/25_esit_fp_adaylari.py
a0140,a0140_siki.jpg,a0140_baglam.jpg,74,65,513,513,-0.0,-0.0,ana,reports/hafta7_fp_protokolu.md,test,157,tahminler_taban512_hafta7.csv,tahminler_model512.csv,0.3,0.52,1.8089,0.3,0.5,0.1,8,512,110,55,20260913,"Esikler, katsayilar ve ornek buyuklukleri KARARDIR; olcumden turetilmedi. Ayrinti protokol dosyasinda.",3.13.1,8.4.144,0.12.6,2.14.0,2026-09-13 10:08:36,scripts/25_esit_fp_adaylari.py
a0141,a0141_siki.jpg,a0141_baglam.jpg,65,65,512,513,-112.3,-0.0,ana,reports/hafta7_fp_protokolu.md,test,157,tahminler_taban512_hafta7.csv,tahminler_model512.csv,0.3,0.52,1.8089,0.3,0.5,0.1,8,512,110,55,20260913,"Esikler, katsayilar ve ornek buyuklukleri KARARDIR; olcumden turetilmedi. Ayrinti protokol dosyasinda.",3.13.1,8.4.144,0.12.6,2.14.0,2026-09-13 10:08:36,scripts/25_esit_fp_adaylari.py
a0142,a0142_siki.jpg,a0142_baglam.jpg,92,144,957,956,-0.0,52.7,ana,reports/hafta7_fp_protokolu.md,test,157,tahminler_taban512_hafta7.csv,tahminler_model512.csv,0.3,0.52,1.8089,0.3,0.5,0.1,8,512,110,55,20260913,"Esikler, katsayilar ve ornek buyuklukleri KARARDIR; olcumden turetilmedi. Ayrinti protokol dosyasinda.",3.13.1,8.4.144,0.12.6,2.14.0,2026-09-13 10:08:36,scripts/25_esit_fp_adaylari.py
a0143,a0143_siki.jpg,a0143_baglam.jpg,84,65,554,554,-0.0,-0.0,ana,reports/hafta7_fp_protokolu.md,test,157,tahminler_taban512_hafta7.csv,tahminler_model512.csv,0.3,0.52,1.8089,0.3,0.5,0.1,8,512,110,55,20260913,"Esikler, katsayilar ve ornek buyuklukleri KARARDIR; olcumden turetilmedi. Ayrinti protokol dosyasinda.",3.13.1,8.4.144,0.12.6,2.14.0,2026-09-13 10:08:36,scripts/25_esit_fp_adaylari.py
a0144,a0144_siki.jpg,a0144_baglam.jpg,93,88,611,611,-0.0,-0.0,ana,reports/hafta7_fp_protokolu.md,test,157,tahminler_taban512_hafta7.csv,tahminler_model512.csv,0.3,0.52,1.8089,0.3,0.5,0.1,8,512,110,55,20260913,"Esikler, katsayilar ve ornek buyuklukleri KARARDIR; olcumden turetilmedi. Ayrinti protokol dosyasinda.",3.13.1,8.4.144,0.12.6,2.14.0,2026-09-13 10:08:36,scripts/25_esit_fp_adaylari.py
a0145,a0145_siki.jpg,a0145_baglam.jpg,65,65,513,513,-0.0,-0.0,ana,reports/hafta7_fp_protokolu.md,test,157,tahminler_taban512_hafta7.csv,tahminler_model512.csv,0.3,0.52,1.8089,0.3,0.5,0.1,8,512,110,55,20260913,"Esikler, katsayilar ve ornek buyuklukleri KARARDIR; olcumden turetilmedi. Ayrinti protokol dosyasinda.",3.13.1,8.4.144,0.12.6,2.14.0,2026-09-13 10:08:36,scripts/25_esit_fp_adaylari.py
a0146,a0146_siki.jpg,a0146_baglam.jpg,94,99,649,648,-0.0,8.4,kalite,reports/hafta7_fp_protokolu.md,test,157,tahminler_taban512_hafta7.csv,tahminler_model512.csv,0.3,0.52,1.8089,0.3,0.5,0.1,8,512,110,55,20260913,"Esikler, katsayilar ve ornek buyuklukleri KARARDIR; olcumden turetilmedi. Ayrinti protokol dosyasinda.",3.13.1,8.4.144,0.12.6,2.14.0,2026-09-13 10:08:36,scripts/25_esit_fp_adaylari.py
a0147,a0147_siki.jpg,a0147_baglam.jpg,65,67,512,512,-102.9,191.3,ana,reports/hafta7_fp_protokolu.md,test,157,tahminler_taban512_hafta7.csv,tahminler_model512.csv,0.3,0.52,1.8089,0.3,0.5,0.1,8,512,110,55,20260913,"Esikler, katsayilar ve ornek buyuklukleri KARARDIR; olcumden turetilmedi. Ayrinti protokol dosyasinda.",3.13.1,8.4.144,0.12.6,2.14.0,2026-09-13 10:08:36,scripts/25_esit_fp_adaylari.py
a0148,a0148_siki.jpg,a0148_baglam.jpg,158,138,1045,1046,-307.4,-0.0,kalite,reports/hafta7_fp_protokolu.md,test,157,tahminler_taban512_hafta7.csv,tahminler_model512.csv,0.3,0.52,1.8089,0.3,0.5,0.1,8,512,110,55,20260913,"Esikler, katsayilar ve ornek buyuklukleri KARARDIR; olcumden turetilmedi. Ayrinti protokol dosyasinda.",3.13.1,8.4.144,0.12.6,2.14.0,2026-09-13 10:08:36,scripts/25_esit_fp_adaylari.py
a0149,a0149_siki.jpg,a0149_baglam.jpg,65,65,513,513,-0.0,-0.0,ana,reports/hafta7_fp_protokolu.md,test,157,tahminler_taban512_hafta7.csv,tahminler_model512.csv,0.3,0.52,1.8089,0.3,0.5,0.1,8,512,110,55,20260913,"Esikler, katsayilar ve ornek buyuklukleri KARARDIR; olcumden turetilmedi. Ayrinti protokol dosyasinda.",3.13.1,8.4.144,0.12.6,2.14.0,2026-09-13 10:08:36,scripts/25_esit_fp_adaylari.py
a0150,a0150_siki.jpg,a0150_baglam.jpg,65,65,513,513,-0.0,-0.0,ana,reports/hafta7_fp_protokolu.md,test,157,tahminler_taban512_hafta7.csv,tahminler_model512.csv,0.3,0.52,1.8089,0.3,0.5,0.1,8,512,110,55,20260913,"Esikler, katsayilar ve ornek buyuklukleri KARARDIR; olcumden turetilmedi. Ayrinti protokol dosyasinda.",3.13.1,8.4.144,0.12.6,2.14.0,2026-09-13 10:08:36,scripts/25_esit_fp_adaylari.py
a0151,a0151_siki.jpg,a0151_baglam.jpg,90,66,597,596,-0.0,234.1,ana,reports/hafta7_fp_protokolu.md,test,157,tahminler_taban512_hafta7.csv,tahminler_model512.csv,0.3,0.52,1.8089,0.3,0.5,0.1,8,512,110,55,20260913,"Esikler, katsayilar ve ornek buyuklukleri KARARDIR; olcumden turetilmedi. Ayrinti protokol dosyasinda.",3.13.1,8.4.144,0.12.6,2.14.0,2026-09-13 10:08:36,scripts/25_esit_fp_adaylari.py
a0152,a0152_siki.jpg,a0152_baglam.jpg,117,65,773,772,-0.0,272.5,ana,reports/hafta7_fp_protokolu.md,test,157,tahminler_taban512_hafta7.csv,tahminler_model512.csv,0.3,0.52,1.8089,0.3,0.5,0.1,8,512,110,55,20260913,"Esikler, katsayilar ve ornek buyuklukleri KARARDIR; olcumden turetilmedi. Ayrinti protokol dosyasinda.",3.13.1,8.4.144,0.12.6,2.14.0,2026-09-13 10:08:36,scripts/25_esit_fp_adaylari.py
a0153,a0153_siki.jpg,a0153_baglam.jpg,65,75,513,513,-0.0,-0.0,ana,reports/hafta7_fp_protokolu.md,test,157,tahminler_taban512_hafta7.csv,tahminler_model512.csv,0.3,0.52,1.8089,0.3,0.5,0.1,8,512,110,55,20260913,"Esikler, katsayilar ve ornek buyuklukleri KARARDIR; olcumden turetilmedi. Ayrinti protokol dosyasinda.",3.13.1,8.4.144,0.12.6,2.14.0,2026-09-13 10:08:36,scripts/25_esit_fp_adaylari.py
a0154,a0154_siki.jpg,a0154_baglam.jpg,65,86,573,573,-0.0,-0.0,ana,reports/hafta7_fp_protokolu.md,test,157,tahminler_taban512_hafta7.csv,tahminler_model512.csv,0.3,0.52,1.8089,0.3,0.5,0.1,8,512,110,55,20260913,"Esikler, katsayilar ve ornek buyuklukleri KARARDIR; olcumden turetilmedi. Ayrinti protokol dosyasinda.",3.13.1,8.4.144,0.12.6,2.14.0,2026-09-13 10:08:36,scripts/25_esit_fp_adaylari.py
a0155,a0155_siki.jpg,a0155_baglam.jpg,64,86,572,572,-0.0,-0.0,ana,reports/hafta7_fp_protokolu.md,test,157,tahminler_taban512_hafta7.csv,tahminler_model512.csv,0.3,0.52,1.8089,0.3,0.5,0.1,8,512,110,55,20260913,"Esikler, katsayilar ve ornek buyuklukleri KARARDIR; olcumden turetilmedi. Ayrinti protokol dosyasinda.",3.13.1,8.4.144,0.12.6,2.14.0,2026-09-13 10:08:36,scripts/25_esit_fp_adaylari.py
a0156,a0156_siki.jpg,a0156_baglam.jpg,112,134,889,889,-0.0,-0.0,ana,reports/hafta7_fp_protokolu.md,test,157,tahminler_taban512_hafta7.csv,tahminler_model512.csv,0.3,0.52,1.8089,0.3,0.5,0.1,8,512,110,55,20260913,"Esikler, katsayilar ve ornek buyuklukleri KARARDIR; olcumden turetilmedi. Ayrinti protokol dosyasinda.",3.13.1,8.4.144,0.12.6,2.14.0,2026-09-13 10:08:36,scripts/25_esit_fp_adaylari.py
a0157,a0157_siki.jpg,a0157_baglam.jpg,65,77,513,513,-0.0,-0.0,ana,reports/hafta7_fp_protokolu.md,test,157,tahminler_taban512_hafta7.csv,tahminler_model512.csv,0.3,0.52,1.8089,0.3,0.5,0.1,8,512,110,55,20260913,"Esikler, katsayilar ve ornek buyuklukleri KARARDIR; olcumden turetilmedi. Ayrinti protokol dosyasinda.",3.13.1,8.4.144,0.12.6,2.14.0,2026-09-13 10:08:36,scripts/25_esit_fp_adaylari.py
a0158,a0158_siki.jpg,a0158_baglam.jpg,128,107,847,847,-0.0,-0.0,ana,reports/hafta7_fp_protokolu.md,test,157,tahminler_taban512_hafta7.csv,tahminler_model512.csv,0.3,0.52,1.8089,0.3,0.5,0.1,8,512,110,55,20260913,"Esikler, katsayilar ve ornek buyuklukleri KARARDIR; olcumden turetilmedi. Ayrinti protokol dosyasinda.",3.13.1,8.4.144,0.12.6,2.14.0,2026-09-13 10:08:36,scripts/25_esit_fp_adaylari.py
a0159,a0159_siki.jpg,a0159_baglam.jpg,78,111,729,729,-0.0,-0.0,ana,reports/hafta7_fp_protokolu.md,test,157,tahminler_taban512_hafta7.csv,tahminler_model512.csv,0.3,0.52,1.8089,0.3,0.5,0.1,8,512,110,55,20260913,"Esikler, katsayilar ve ornek buyuklukleri KARARDIR; olcumden turetilmedi. Ayrinti protokol dosyasinda.",3.13.1,8.4.144,0.12.6,2.14.0,2026-09-13 10:08:36,scripts/25_esit_fp_adaylari.py
a0160,a0160_siki.jpg,a0160_baglam.jpg,143,111,945,945,-0.0,-0.0,ana,reports/hafta7_fp_protokolu.md,test,157,tahminler_taban512_hafta7.csv,tahminler_model512.csv,0.3,0.52,1.8089,0.3,0.5,0.1,8,512,110,55,20260913,"Esikler, katsayilar ve ornek buyuklukleri KARARDIR; olcumden turetilmedi. Ayrinti protokol dosyasinda.",3.13.1,8.4.144,0.12.6,2.14.0,2026-09-13 10:08:36,scripts/25_esit_fp_adaylari.py
a0161,a0161_siki.jpg,a0161_baglam.jpg,57,65,512,513,231.5,-0.0,ana,reports/hafta7_fp_protokolu.md,test,157,tahminler_taban512_hafta7.csv,tahminler_model512.csv,0.3,0.52,1.8089,0.3,0.5,0.1,8,512,110,55,20260913,"Esikler, katsayilar ve ornek buyuklukleri KARARDIR; olcumden turetilmedi. Ayrinti protokol dosyasinda.",3.13.1,8.4.144,0.12.6,2.14.0,2026-09-13 10:08:36,scripts/25_esit_fp_adaylari.py
a0162,a0162_siki.jpg,a0162_baglam.jpg,65,65,513,513,-0.0,-0.0,ana,reports/hafta7_fp_protokolu.md,test,157,tahminler_taban512_hafta7.csv,tahminler_model512.csv,0.3,0.52,1.8089,0.3,0.5,0.1,8,512,110,55,20260913,"Esikler, katsayilar ve ornek buyuklukleri KARARDIR; olcumden turetilmedi. Ayrinti protokol dosyasinda.",3.13.1,8.4.144,0.12.6,2.14.0,2026-09-13 10:08:36,scripts/25_esit_fp_adaylari.py
a0163,a0163_siki.jpg,a0163_baglam.jpg,65,76,513,512,-0.0,-0.0,ana,reports/hafta7_fp_protokolu.md,test,157,tahminler_taban512_hafta7.csv,tahminler_model512.csv,0.3,0.52,1.8089,0.3,0.5,0.1,8,512,110,55,20260913,"Esikler, katsayilar ve ornek buyuklukleri KARARDIR; olcumden turetilmedi. Ayrinti protokol dosyasinda.",3.13.1,8.4.144,0.12.6,2.14.0,2026-09-13 10:08:36,scripts/25_esit_fp_adaylari.py
a0164,a0164_siki.jpg,a0164_baglam.jpg,65,85,562,562,-0.0,-0.0,ana,reports/hafta7_fp_protokolu.md,test,157,tahminler_taban512_hafta7.csv,tahminler_model512.csv,0.3,0.52,1.8089,0.3,0.5,0.1,8,512,110,55,20260913,"Esikler, katsayilar ve ornek buyuklukleri KARARDIR; olcumden turetilmedi. Ayrinti protokol dosyasinda.",3.13.1,8.4.144,0.12.6,2.14.0,2026-09-13 10:08:36,scripts/25_esit_fp_adaylari.py
a0165,a0165_siki.jpg,a0165_baglam.jpg,77,115,762,763,-345.1,-0.0,ana,reports/hafta7_fp_protokolu.md,test,157,tahminler_taban512_hafta7.csv,tahminler_model512.csv,0.3,0.52,1.8089,0.3,0.5,0.1,8,512,110,55,20260913,"Esikler, katsayilar ve ornek buyuklukleri KARARDIR; olcumden turetilmedi. Ayrinti protokol dosyasinda.",3.13.1,8.4.144,0.12.6,2.14.0,2026-09-13 10:08:36,scripts/25_esit_fp_adaylari.py
a0166,a0166_siki.jpg,a0166_baglam.jpg,107,79,709,710,177.7,-0.0,ana,reports/hafta7_fp_protokolu.md,test,157,tahminler_taban512_hafta7.csv,tahminler_model512.csv,0.3,0.52,1.8089,0.3,0.5,0.1,8,512,110,55,20260913,"Esikler, katsayilar ve ornek buyuklukleri KARARDIR; olcumden turetilmedi. Ayrinti protokol dosyasinda.",3.13.1,8.4.144,0.12.6,2.14.0,2026-09-13 10:08:36,scripts/25_esit_fp_adaylari.py
a0167,a0167_siki.jpg,a0167_baglam.jpg,93,65,617,618,-0.0,-0.0,ana,reports/hafta7_fp_protokolu.md,test,157,tahminler_taban512_hafta7.csv,tahminler_model512.csv,0.3,0.52,1.8089,0.3,0.5,0.1,8,512,110,55,20260913,"Esikler, katsayilar ve ornek buyuklukleri KARARDIR; olcumden turetilmedi. Ayrinti protokol dosyasinda.",3.13.1,8.4.144,0.12.6,2.14.0,2026-09-13 10:08:36,scripts/25_esit_fp_adaylari.py
a0168,a0168_siki.jpg,a0168_baglam.jpg,65,65,513,513,-0.0,-0.0,ana,reports/hafta7_fp_protokolu.md,test,157,tahminler_taban512_hafta7.csv,tahminler_model512.csv,0.3,0.52,1.8089,0.3,0.5,0.1,8,512,110,55,20260913,"Esikler, katsayilar ve ornek buyuklukleri KARARDIR; olcumden turetilmedi. Ayrinti protokol dosyasinda.",3.13.1,8.4.144,0.12.6,2.14.0,2026-09-13 10:08:36,scripts/25_esit_fp_adaylari.py
a0169,a0169_siki.jpg,a0169_baglam.jpg,94,115,757,757,-0.0,-0.0,ana,reports/hafta7_fp_protokolu.md,test,157,tahminler_taban512_hafta7.csv,tahminler_model512.csv,0.3,0.52,1.8089,0.3,0.5,0.1,8,512,110,55,20260913,"Esikler, katsayilar ve ornek buyuklukleri KARARDIR; olcumden turetilmedi. Ayrinti protokol dosyasinda.",3.13.1,8.4.144,0.12.6,2.14.0,2026-09-13 10:08:36,scripts/25_esit_fp_adaylari.py
a0170,a0170_siki.jpg,a0170_baglam.jpg,65,65,513,513,-0.0,-0.0,ana,reports/hafta7_fp_protokolu.md,test,157,tahminler_taban512_hafta7.csv,tahminler_model512.csv,0.3,0.52,1.8089,0.3,0.5,0.1,8,512,110,55,20260913,"Esikler, katsayilar ve ornek buyuklukleri KARARDIR; olcumden turetilmedi. Ayrinti protokol dosyasinda.",3.13.1,8.4.144,0.12.6,2.14.0,2026-09-13 10:08:36,scripts/25_esit_fp_adaylari.py
a0171,a0171_siki.jpg,a0171_baglam.jpg,96,176,1166,1166,-0.0,476.4,ana,reports/hafta7_fp_protokolu.md,test,157,tahminler_taban512_hafta7.csv,tahminler_model512.csv,0.3,0.52,1.8089,0.3,0.5,0.1,8,512,110,55,20260913,"Esikler, katsayilar ve ornek buyuklukleri KARARDIR; olcumden turetilmedi. Ayrinti protokol dosyasinda.",3.13.1,8.4.144,0.12.6,2.14.0,2026-09-13 10:08:36,scripts/25_esit_fp_adaylari.py
a0172,a0172_siki.jpg,a0172_baglam.jpg,74,65,513,512,-0.0,-193.4,ana,reports/hafta7_fp_protokolu.md,test,157,tahminler_taban512_hafta7.csv,tahminler_model512.csv,0.3,0.52,1.8089,0.3,0.5,0.1,8,512,110,55,20260913,"Esikler, katsayilar ve ornek buyuklukleri KARARDIR; olcumden turetilmedi. Ayrinti protokol dosyasinda.",3.13.1,8.4.144,0.12.6,2.14.0,2026-09-13 10:08:36,scripts/25_esit_fp_adaylari.py
a0173,a0173_siki.jpg,a0173_baglam.jpg,66,65,513,513,-0.0,-0.0,ana,reports/hafta7_fp_protokolu.md,test,157,tahminler_taban512_hafta7.csv,tahminler_model512.csv,0.3,0.52,1.8089,0.3,0.5,0.1,8,512,110,55,20260913,"Esikler, katsayilar ve ornek buyuklukleri KARARDIR; olcumden turetilmedi. Ayrinti protokol dosyasinda.",3.13.1,8.4.144,0.12.6,2.14.0,2026-09-13 10:08:36,scripts/25_esit_fp_adaylari.py
a0174,a0174_siki.jpg,a0174_baglam.jpg,64,65,512,513,-0.0,-0.0,kalite,reports/hafta7_fp_protokolu.md,test,157,tahminler_taban512_hafta7.csv,tahminler_model512.csv,0.3,0.52,1.8089,0.3,0.5,0.1,8,512,110,55,20260913,"Esikler, katsayilar ve ornek buyuklukleri KARARDIR; olcumden turetilmedi. Ayrinti protokol dosyasinda.",3.13.1,8.4.144,0.12.6,2.14.0,2026-09-13 10:08:36,scripts/25_esit_fp_adaylari.py
a0175,a0175_siki.jpg,a0175_baglam.jpg,65,65,513,512,-0.0,-24.4,ana,reports/hafta7_fp_protokolu.md,test,157,tahminler_taban512_hafta7.csv,tahminler_model512.csv,0.3,0.52,1.8089,0.3,0.5,0.1,8,512,110,55,20260913,"Esikler, katsayilar ve ornek buyuklukleri KARARDIR; olcumden turetilmedi. Ayrinti protokol dosyasinda.",3.13.1,8.4.144,0.12.6,2.14.0,2026-09-13 10:08:36,scripts/25_esit_fp_adaylari.py
a0176,a0176_siki.jpg,a0176_baglam.jpg,126,129,856,856,-0.0,-0.0,ana,reports/hafta7_fp_protokolu.md,test,157,tahminler_taban512_hafta7.csv,tahminler_model512.csv,0.3,0.52,1.8089,0.3,0.5,0.1,8,512,110,55,20260913,"Esikler, katsayilar ve ornek buyuklukleri KARARDIR; olcumden turetilmedi. Ayrinti protokol dosyasinda.",3.13.1,8.4.144,0.12.6,2.14.0,2026-09-13 10:08:36,scripts/25_esit_fp_adaylari.py
a0177,a0177_siki.jpg,a0177_baglam.jpg,65,67,513,513,-0.0,-0.0,kalite,reports/hafta7_fp_protokolu.md,test,157,tahminler_taban512_hafta7.csv,tahminler_model512.csv,0.3,0.52,1.8089,0.3,0.5,0.1,8,512,110,55,20260913,"Esikler, katsayilar ve ornek buyuklukleri KARARDIR; olcumden turetilmedi. Ayrinti protokol dosyasinda.",3.13.1,8.4.144,0.12.6,2.14.0,2026-09-13 10:08:36,scripts/25_esit_fp_adaylari.py
a0178,a0178_siki.jpg,a0178_baglam.jpg,65,65,513,513,-0.0,-0.0,kalite,reports/hafta7_fp_protokolu.md,test,157,tahminler_taban512_hafta7.csv,tahminler_model512.csv,0.3,0.52,1.8089,0.3,0.5,0.1,8,512,110,55,20260913,"Esikler, katsayilar ve ornek buyuklukleri KARARDIR; olcumden turetilmedi. Ayrinti protokol dosyasinda.",3.13.1,8.4.144,0.12.6,2.14.0,2026-09-13 10:08:36,scripts/25_esit_fp_adaylari.py
a0179,a0179_siki.jpg,a0179_baglam.jpg,71,91,600,600,-0.0,-0.0,ana,reports/hafta7_fp_protokolu.md,test,157,tahminler_taban512_hafta7.csv,tahminler_model512.csv,0.3,0.52,1.8089,0.3,0.5,0.1,8,512,110,55,20260913,"Esikler, katsayilar ve ornek buyuklukleri KARARDIR; olcumden turetilmedi. Ayrinti protokol dosyasinda.",3.13.1,8.4.144,0.12.6,2.14.0,2026-09-13 10:08:36,scripts/25_esit_fp_adaylari.py
a0180,a0180_siki.jpg,a0180_baglam.jpg,89,96,636,636,-72.9,243.3,kalite,reports/hafta7_fp_protokolu.md,test,157,tahminler_taban512_hafta7.csv,tahminler_model512.csv,0.3,0.52,1.8089,0.3,0.5,0.1,8,512,110,55,20260913,"Esikler, katsayilar ve ornek buyuklukleri KARARDIR; olcumden turetilmedi. Ayrinti protokol dosyasinda.",3.13.1,8.4.144,0.12.6,2.14.0,2026-09-13 10:08:36,scripts/25_esit_fp_adaylari.py
a0181,a0181_siki.jpg,a0181_baglam.jpg,82,71,542,541,-0.0,238.4,ana,reports/hafta7_fp_protokolu.md,test,157,tahminler_taban512_hafta7.csv,tahminler_model512.csv,0.3,0.52,1.8089,0.3,0.5,0.1,8,512,110,55,20260913,"Esikler, katsayilar ve ornek buyuklukleri KARARDIR; olcumden turetilmedi. Ayrinti protokol dosyasinda.",3.13.1,8.4.144,0.12.6,2.14.0,2026-09-13 10:08:36,scripts/25_esit_fp_adaylari.py
a0182,a0182_siki.jpg,a0182_baglam.jpg,82,116,762,762,-0.0,-18.8,ana,reports/hafta7_fp_protokolu.md,test,157,tahminler_taban512_hafta7.csv,tahminler_model512.csv,0.3,0.52,1.8089,0.3,0.5,0.1,8,512,110,55,20260913,"Esikler, katsayilar ve ornek buyuklukleri KARARDIR; olcumden turetilmedi. Ayrinti protokol dosyasinda.",3.13.1,8.4.144,0.12.6,2.14.0,2026-09-13 10:08:36,scripts/25_esit_fp_adaylari.py
a0183,a0183_siki.jpg,a0183_baglam.jpg,81,188,1243,1242,-0.0,-0.0,ana,reports/hafta7_fp_protokolu.md,test,157,tahminler_taban512_hafta7.csv,tahminler_model512.csv,0.3,0.52,1.8089,0.3,0.5,0.1,8,512,110,55,20260913,"Esikler, katsayilar ve ornek buyuklukleri KARARDIR; olcumden turetilmedi. Ayrinti protokol dosyasinda.",3.13.1,8.4.144,0.12.6,2.14.0,2026-09-13 10:08:36,scripts/25_esit_fp_adaylari.py
a0184,a0184_siki.jpg,a0184_baglam.jpg,75,56,513,512,-0.0,232.7,ana,reports/hafta7_fp_protokolu.md,test,157,tahminler_taban512_hafta7.csv,tahminler_model512.csv,0.3,0.52,1.8089,0.3,0.5,0.1,8,512,110,55,20260913,"Esikler, katsayilar ve ornek buyuklukleri KARARDIR; olcumden turetilmedi. Ayrinti protokol dosyasinda.",3.13.1,8.4.144,0.12.6,2.14.0,2026-09-13 10:08:36,scripts/25_esit_fp_adaylari.py
a0185,a0185_siki.jpg,a0185_baglam.jpg,65,65,512,513,182.4,-0.0,ana,reports/hafta7_fp_protokolu.md,test,157,tahminler_taban512_hafta7.csv,tahminler_model512.csv,0.3,0.52,1.8089,0.3,0.5,0.1,8,512,110,55,20260913,"Esikler, katsayilar ve ornek buyuklukleri KARARDIR; olcumden turetilmedi. Ayrinti protokol dosyasinda.",3.13.1,8.4.144,0.12.6,2.14.0,2026-09-13 10:08:36,scripts/25_esit_fp_adaylari.py
a0186,a0186_siki.jpg,a0186_baglam.jpg,65,65,513,513,-0.0,-0.0,ana,reports/hafta7_fp_protokolu.md,test,157,tahminler_taban512_hafta7.csv,tahminler_model512.csv,0.3,0.52,1.8089,0.3,0.5,0.1,8,512,110,55,20260913,"Esikler, katsayilar ve ornek buyuklukleri KARARDIR; olcumden turetilmedi. Ayrinti protokol dosyasinda.",3.13.1,8.4.144,0.12.6,2.14.0,2026-09-13 10:08:36,scripts/25_esit_fp_adaylari.py
a0187,a0187_siki.jpg,a0187_baglam.jpg,65,69,513,513,-0.0,-0.0,kalite,reports/hafta7_fp_protokolu.md,test,157,tahminler_taban512_hafta7.csv,tahminler_model512.csv,0.3,0.52,1.8089,0.3,0.5,0.1,8,512,110,55,20260913,"Esikler, katsayilar ve ornek buyuklukleri KARARDIR; olcumden turetilmedi. Ayrinti protokol dosyasinda.",3.13.1,8.4.144,0.12.6,2.14.0,2026-09-13 10:08:36,scripts/25_esit_fp_adaylari.py
a0188,a0188_siki.jpg,a0188_baglam.jpg,65,71,513,512,-0.0,-100.3,ana,reports/hafta7_fp_protokolu.md,test,157,tahminler_taban512_hafta7.csv,tahminler_model512.csv,0.3,0.52,1.8089,0.3,0.5,0.1,8,512,110,55,20260913,"Esikler, katsayilar ve ornek buyuklukleri KARARDIR; olcumden turetilmedi. Ayrinti protokol dosyasinda.",3.13.1,8.4.144,0.12.6,2.14.0,2026-09-13 10:08:36,scripts/25_esit_fp_adaylari.py
a0189,a0189_siki.jpg,a0189_baglam.jpg,65,65,513,512,-0.0,-195.8,ana,reports/hafta7_fp_protokolu.md,test,157,tahminler_taban512_hafta7.csv,tahminler_model512.csv,0.3,0.52,1.8089,0.3,0.5,0.1,8,512,110,55,20260913,"Esikler, katsayilar ve ornek buyuklukleri KARARDIR; olcumden turetilmedi. Ayrinti protokol dosyasinda.",3.13.1,8.4.144,0.12.6,2.14.0,2026-09-13 10:08:36,scripts/25_esit_fp_adaylari.py
a0190,a0190_siki.jpg,a0190_baglam.jpg,65,65,513,513,-0.0,-0.0,ana,reports/hafta7_fp_protokolu.md,test,157,tahminler_taban512_hafta7.csv,tahminler_model512.csv,0.3,0.52,1.8089,0.3,0.5,0.1,8,512,110,55,20260913,"Esikler, katsayilar ve ornek buyuklukleri KARARDIR; olcumden turetilmedi. Ayrinti protokol dosyasinda.",3.13.1,8.4.144,0.12.6,2.14.0,2026-09-13 10:08:36,scripts/25_esit_fp_adaylari.py
a0191,a0191_siki.jpg,a0191_baglam.jpg,80,70,528,528,-0.0,-0.0,ana,reports/hafta7_fp_protokolu.md,test,157,tahminler_taban512_hafta7.csv,tahminler_model512.csv,0.3,0.52,1.8089,0.3,0.5,0.1,8,512,110,55,20260913,"Esikler, katsayilar ve ornek buyuklukleri KARARDIR; olcumden turetilmedi. Ayrinti protokol dosyasinda.",3.13.1,8.4.144,0.12.6,2.14.0,2026-09-13 10:08:36,scripts/25_esit_fp_adaylari.py
a0192,a0192_siki.jpg,a0192_baglam.jpg,83,122,805,806,-280.3,-0.0,ana,reports/hafta7_fp_protokolu.md,test,157,tahminler_taban512_hafta7.csv,tahminler_model512.csv,0.3,0.52,1.8089,0.3,0.5,0.1,8,512,110,55,20260913,"Esikler, katsayilar ve ornek buyuklukleri KARARDIR; olcumden turetilmedi. Ayrinti protokol dosyasinda.",3.13.1,8.4.144,0.12.6,2.14.0,2026-09-13 10:08:36,scripts/25_esit_fp_adaylari.py
a0193,a0193_siki.jpg,a0193_baglam.jpg,94,98,648,649,78.1,-0.0,ana,reports/hafta7_fp_protokolu.md,test,157,tahminler_taban512_hafta7.csv,tahminler_model512.csv,0.3,0.52,1.8089,0.3,0.5,0.1,8,512,110,55,20260913,"Esikler, katsayilar ve ornek buyuklukleri KARARDIR; olcumden turetilmedi. Ayrinti protokol dosyasinda.",3.13.1,8.4.144,0.12.6,2.14.0,2026-09-13 10:08:36,scripts/25_esit_fp_adaylari.py
a0194,a0194_siki.jpg,a0194_baglam.jpg,65,71,513,513,-0.0,-0.0,ana,reports/hafta7_fp_protokolu.md,test,157,tahminler_taban512_hafta7.csv,tahminler_model512.csv,0.3,0.52,1.8089,0.3,0.5,0.1,8,512,110,55,20260913,"Esikler, katsayilar ve ornek buyuklukleri KARARDIR; olcumden turetilmedi. Ayrinti protokol dosyasinda.",3.13.1,8.4.144,0.12.6,2.14.0,2026-09-13 10:08:36,scripts/25_esit_fp_adaylari.py
a0195,a0195_siki.jpg,a0195_baglam.jpg,164,141,1084,1084,-0.0,-0.0,ana,reports/hafta7_fp_protokolu.md,test,157,tahminler_taban512_hafta7.csv,tahminler_model512.csv,0.3,0.52,1.8089,0.3,0.5,0.1,8,512,110,55,20260913,"Esikler, katsayilar ve ornek buyuklukleri KARARDIR; olcumden turetilmedi. Ayrinti protokol dosyasinda.",3.13.1,8.4.144,0.12.6,2.14.0,2026-09-13 10:08:36,scripts/25_esit_fp_adaylari.py
a0196,a0196_siki.jpg,a0196_baglam.jpg,65,65,513,513,-0.0,-0.0,ana,reports/hafta7_fp_protokolu.md,test,157,tahminler_taban512_hafta7.csv,tahminler_model512.csv,0.3,0.52,1.8089,0.3,0.5,0.1,8,512,110,55,20260913,"Esikler, katsayilar ve ornek buyuklukleri KARARDIR; olcumden turetilmedi. Ayrinti protokol dosyasinda.",3.13.1,8.4.144,0.12.6,2.14.0,2026-09-13 10:08:36,scripts/25_esit_fp_adaylari.py
a0197,a0197_siki.jpg,a0197_baglam.jpg,90,148,986,986,-0.0,-0.0,ana,reports/hafta7_fp_protokolu.md,test,157,tahminler_taban512_hafta7.csv,tahminler_model512.csv,0.3,0.52,1.8089,0.3,0.5,0.1,8,512,110,55,20260913,"Esikler, katsayilar ve ornek buyuklukleri KARARDIR; olcumden turetilmedi. Ayrinti protokol dosyasinda.",3.13.1,8.4.144,0.12.6,2.14.0,2026-09-13 10:08:36,scripts/25_esit_fp_adaylari.py
a0198,a0198_siki.jpg,a0198_baglam.jpg,65,65,513,513,-0.0,-0.0,ana,reports/hafta7_fp_protokolu.md,test,157,tahminler_taban512_hafta7.csv,tahminler_model512.csv,0.3,0.52,1.8089,0.3,0.5,0.1,8,512,110,55,20260913,"Esikler, katsayilar ve ornek buyuklukleri KARARDIR; olcumden turetilmedi. Ayrinti protokol dosyasinda.",3.13.1,8.4.144,0.12.6,2.14.0,2026-09-13 10:08:36,scripts/25_esit_fp_adaylari.py
a0199,a0199_siki.jpg,a0199_baglam.jpg,101,134,891,892,-0.0,-0.0,ana,reports/hafta7_fp_protokolu.md,test,157,tahminler_taban512_hafta7.csv,tahminler_model512.csv,0.3,0.52,1.8089,0.3,0.5,0.1,8,512,110,55,20260913,"Esikler, katsayilar ve ornek buyuklukleri KARARDIR; olcumden turetilmedi. Ayrinti protokol dosyasinda.",3.13.1,8.4.144,0.12.6,2.14.0,2026-09-13 10:08:36,scripts/25_esit_fp_adaylari.py
a0200,a0200_siki.jpg,a0200_baglam.jpg,65,65,513,513,-0.0,-0.0,ana,reports/hafta7_fp_protokolu.md,test,157,tahminler_taban512_hafta7.csv,tahminler_model512.csv,0.3,0.52,1.8089,0.3,0.5,0.1,8,512,110,55,20260913,"Esikler, katsayilar ve ornek buyuklukleri KARARDIR; olcumden turetilmedi. Ayrinti protokol dosyasinda.",3.13.1,8.4.144,0.12.6,2.14.0,2026-09-13 10:08:36,scripts/25_esit_fp_adaylari.py
a0201,a0201_siki.jpg,a0201_baglam.jpg,74,65,513,513,-0.0,-0.0,ana,reports/hafta7_fp_protokolu.md,test,157,tahminler_taban512_hafta7.csv,tahminler_model512.csv,0.3,0.52,1.8089,0.3,0.5,0.1,8,512,110,55,20260913,"Esikler, katsayilar ve ornek buyuklukleri KARARDIR; olcumden turetilmedi. Ayrinti protokol dosyasinda.",3.13.1,8.4.144,0.12.6,2.14.0,2026-09-13 10:08:36,scripts/25_esit_fp_adaylari.py
a0202,a0202_siki.jpg,a0202_baglam.jpg,72,166,1101,1101,-0.0,-0.0,ana,reports/hafta7_fp_protokolu.md,test,157,tahminler_taban512_hafta7.csv,tahminler_model512.csv,0.3,0.52,1.8089,0.3,0.5,0.1,8,512,110,55,20260913,"Esikler, katsayilar ve ornek buyuklukleri KARARDIR; olcumden turetilmedi. Ayrinti protokol dosyasinda.",3.13.1,8.4.144,0.12.6,2.14.0,2026-09-13 10:08:36,scripts/25_esit_fp_adaylari.py
a0203,a0203_siki.jpg,a0203_baglam.jpg,159,91,1056,1056,-0.0,-307.1,ana,reports/hafta7_fp_protokolu.md,test,157,tahminler_taban512_hafta7.csv,tahminler_model512.csv,0.3,0.52,1.8089,0.3,0.5,0.1,8,512,110,55,20260913,"Esikler, katsayilar ve ornek buyuklukleri KARARDIR; olcumden turetilmedi. Ayrinti protokol dosyasinda.",3.13.1,8.4.144,0.12.6,2.14.0,2026-09-13 10:08:36,scripts/25_esit_fp_adaylari.py
a0204,a0204_siki.jpg,a0204_baglam.jpg,90,144,960,959,-0.0,-8.2,ana,reports/hafta7_fp_protokolu.md,test,157,tahminler_taban512_hafta7.csv,tahminler_model512.csv,0.3,0.52,1.8089,0.3,0.5,0.1,8,512,110,55,20260913,"Esikler, katsayilar ve ornek buyuklukleri KARARDIR; olcumden turetilmedi. Ayrinti protokol dosyasinda.",3.13.1,8.4.144,0.12.6,2.14.0,2026-09-13 10:08:36,scripts/25_esit_fp_adaylari.py
a0205,a0205_siki.jpg,a0205_baglam.jpg,90,67,597,597,-0.0,-0.0,ana,reports/hafta7_fp_protokolu.md,test,157,tahminler_taban512_hafta7.csv,tahminler_model512.csv,0.3,0.52,1.8089,0.3,0.5,0.1,8,512,110,55,20260913,"Esikler, katsayilar ve ornek buyuklukleri KARARDIR; olcumden turetilmedi. Ayrinti protokol dosyasinda.",3.13.1,8.4.144,0.12.6,2.14.0,2026-09-13 10:08:36,scripts/25_esit_fp_adaylari.py
a0206,a0206_siki.jpg,a0206_baglam.jpg,65,83,549,549,-0.0,-0.0,ana,reports/hafta7_fp_protokolu.md,test,157,tahminler_taban512_hafta7.csv,tahminler_model512.csv,0.3,0.52,1.8089,0.3,0.5,0.1,8,512,110,55,20260913,"Esikler, katsayilar ve ornek buyuklukleri KARARDIR; olcumden turetilmedi. Ayrinti protokol dosyasinda.",3.13.1,8.4.144,0.12.6,2.14.0,2026-09-13 10:08:36,scripts/25_esit_fp_adaylari.py
a0207,a0207_siki.jpg,a0207_baglam.jpg,65,65,513,513,-0.0,-0.0,ana,reports/hafta7_fp_protokolu.md,test,157,tahminler_taban512_hafta7.csv,tahminler_model512.csv,0.3,0.52,1.8089,0.3,0.5,0.1,8,512,110,55,20260913,"Esikler, katsayilar ve ornek buyuklukleri KARARDIR; olcumden turetilmedi. Ayrinti protokol dosyasinda.",3.13.1,8.4.144,0.12.6,2.14.0,2026-09-13 10:08:36,scripts/25_esit_fp_adaylari.py
a0208,a0208_siki.jpg,a0208_baglam.jpg,112,97,745,745,-0.0,-0.0,ana,reports/hafta7_fp_protokolu.md,test,157,tahminler_taban512_hafta7.csv,tahminler_model512.csv,0.3,0.52,1.8089,0.3,0.5,0.1,8,512,110,55,20260913,"Esikler, katsayilar ve ornek buyuklukleri KARARDIR; olcumden turetilmedi. Ayrinti protokol dosyasinda.",3.13.1,8.4.144,0.12.6,2.14.0,2026-09-13 10:08:36,scripts/25_esit_fp_adaylari.py
a0209,a0209_siki.jpg,a0209_baglam.jpg,65,79,523,524,-0.0,-0.0,ana,reports/hafta7_fp_protokolu.md,test,157,tahminler_taban512_hafta7.csv,tahminler_model512.csv,0.3,0.52,1.8089,0.3,0.5,0.1,8,512,110,55,20260913,"Esikler, katsayilar ve ornek buyuklukleri KARARDIR; olcumden turetilmedi. Ayrinti protokol dosyasinda.",3.13.1,8.4.144,0.12.6,2.14.0,2026-09-13 10:08:36,scripts/25_esit_fp_adaylari.py
a0210,a0210_siki.jpg,a0210_baglam.jpg,65,105,688,689,-0.0,-0.0,ana,reports/hafta7_fp_protokolu.md,test,157,tahminler_taban512_hafta7.csv,tahminler_model512.csv,0.3,0.52,1.8089,0.3,0.5,0.1,8,512,110,55,20260913,"Esikler, katsayilar ve ornek buyuklukleri KARARDIR; olcumden turetilmedi. Ayrinti protokol dosyasinda.",3.13.1,8.4.144,0.12.6,2.14.0,2026-09-13 10:08:36,scripts/25_esit_fp_adaylari.py
a0211,a0211_siki.jpg,a0211_baglam.jpg,83,65,548,548,-0.0,-0.0,kalite,reports/hafta7_fp_protokolu.md,test,157,tahminler_taban512_hafta7.csv,tahminler_model512.csv,0.3,0.52,1.8089,0.3,0.5,0.1,8,512,110,55,20260913,"Esikler, katsayilar ve ornek buyuklukleri KARARDIR; olcumden turetilmedi. Ayrinti protokol dosyasinda.",3.13.1,8.4.144,0.12.6,2.14.0,2026-09-13 10:08:36,scripts/25_esit_fp_adaylari.py
a0212,a0212_siki.jpg,a0212_baglam.jpg,65,65,512,513,86.9,-0.0,ana,reports/hafta7_fp_protokolu.md,test,157,tahminler_taban512_hafta7.csv,tahminler_model512.csv,0.3,0.52,1.8089,0.3,0.5,0.1,8,512,110,55,20260913,"Esikler, katsayilar ve ornek buyuklukleri KARARDIR; olcumden turetilmedi. Ayrinti protokol dosyasinda.",3.13.1,8.4.144,0.12.6,2.14.0,2026-09-13 10:08:36,scripts/25_esit_fp_adaylari.py
a0213,a0213_siki.jpg,a0213_baglam.jpg,94,115,757,757,-0.0,-0.0,ana,reports/hafta7_fp_protokolu.md,test,157,tahminler_taban512_hafta7.csv,tahminler_model512.csv,0.3,0.52,1.8089,0.3,0.5,0.1,8,512,110,55,20260913,"Esikler, katsayilar ve ornek buyuklukleri KARARDIR; olcumden turetilmedi. Ayrinti protokol dosyasinda.",3.13.1,8.4.144,0.12.6,2.14.0,2026-09-13 10:08:36,scripts/25_esit_fp_adaylari.py
a0214,a0214_siki.jpg,a0214_baglam.jpg,130,65,860,860,-0.0,-33.7,ana,reports/hafta7_fp_protokolu.md,test,157,tahminler_taban512_hafta7.csv,tahminler_model512.csv,0.3,0.52,1.8089,0.3,0.5,0.1,8,512,110,55,20260913,"Esikler, katsayilar ve ornek buyuklukleri KARARDIR; olcumden turetilmedi. Ayrinti protokol dosyasinda.",3.13.1,8.4.144,0.12.6,2.14.0,2026-09-13 10:08:36,scripts/25_esit_fp_adaylari.py
a0215,a0215_siki.jpg,a0215_baglam.jpg,65,79,524,523,-0.0,-0.0,ana,reports/hafta7_fp_protokolu.md,test,157,tahminler_taban512_hafta7.csv,tahminler_model512.csv,0.3,0.52,1.8089,0.3,0.5,0.1,8,512,110,55,20260913,"Esikler, katsayilar ve ornek buyuklukleri KARARDIR; olcumden turetilmedi. Ayrinti protokol dosyasinda.",3.13.1,8.4.144,0.12.6,2.14.0,2026-09-13 10:08:36,scripts/25_esit_fp_adaylari.py
a0216,a0216_siki.jpg,a0216_baglam.jpg,65,65,512,512,-160.5,113.9,ana,reports/hafta7_fp_protokolu.md,test,157,tahminler_taban512_hafta7.csv,tahminler_model512.csv,0.3,0.52,1.8089,0.3,0.5,0.1,8,512,110,55,20260913,"Esikler, katsayilar ve ornek buyuklukleri KARARDIR; olcumden turetilmedi. Ayrinti protokol dosyasinda.",3.13.1,8.4.144,0.12.6,2.14.0,2026-09-13 10:08:36,scripts/25_esit_fp_adaylari.py
a0217,a0217_siki.jpg,a0217_baglam.jpg,66,65,513,513,-0.0,-0.0,ana,reports/hafta7_fp_protokolu.md,test,157,tahminler_taban512_hafta7.csv,tahminler_model512.csv,0.3,0.52,1.8089,0.3,0.5,0.1,8,512,110,55,20260913,"Esikler, katsayilar ve ornek buyuklukleri KARARDIR; olcumden turetilmedi. Ayrinti protokol dosyasinda.",3.13.1,8.4.144,0.12.6,2.14.0,2026-09-13 10:08:36,scripts/25_esit_fp_adaylari.py
a0218,a0218_siki.jpg,a0218_baglam.jpg,114,91,760,759,-0.0,-0.0,ana,reports/hafta7_fp_protokolu.md,test,157,tahminler_taban512_hafta7.csv,tahminler_model512.csv,0.3,0.52,1.8089,0.3,0.5,0.1,8,512,110,55,20260913,"Esikler, katsayilar ve ornek buyuklukleri KARARDIR; olcumden turetilmedi. Ayrinti protokol dosyasinda.",3.13.1,8.4.144,0.12.6,2.14.0,2026-09-13 10:08:36,scripts/25_esit_fp_adaylari.py
a0219,a0219_siki.jpg,a0219_baglam.jpg,65,65,513,513,-0.0,-0.0,ana,reports/hafta7_fp_protokolu.md,test,157,tahminler_taban512_hafta7.csv,tahminler_model512.csv,0.3,0.52,1.8089,0.3,0.5,0.1,8,512,110,55,20260913,"Esikler, katsayilar ve ornek buyuklukleri KARARDIR; olcumden turetilmedi. Ayrinti protokol dosyasinda.",3.13.1,8.4.144,0.12.6,2.14.0,2026-09-13 10:08:36,scripts/25_esit_fp_adaylari.py
a0220,a0220_siki.jpg,a0220_baglam.jpg,65,65,513,513,-0.0,-0.0,ana,reports/hafta7_fp_protokolu.md,test,157,tahminler_taban512_hafta7.csv,tahminler_model512.csv,0.3,0.52,1.8089,0.3,0.5,0.1,8,512,110,55,20260913,"Esikler, katsayilar ve ornek buyuklukleri KARARDIR; olcumden turetilmedi. Ayrinti protokol dosyasinda.",3.13.1,8.4.144,0.12.6,2.14.0,2026-09-13 10:08:36,scripts/25_esit_fp_adaylari.py
a0221,a0221_siki.jpg,a0221_baglam.jpg,88,64,580,580,-0.0,-0.0,ana,reports/hafta7_fp_protokolu.md,test,157,tahminler_taban512_hafta7.csv,tahminler_model512.csv,0.3,0.52,1.8089,0.3,0.5,0.1,8,512,110,55,20260913,"Esikler, katsayilar ve ornek buyuklukleri KARARDIR; olcumden turetilmedi. Ayrinti protokol dosyasinda.",3.13.1,8.4.144,0.12.6,2.14.0,2026-09-13 10:08:36,scripts/25_esit_fp_adaylari.py
a0222,a0222_siki.jpg,a0222_baglam.jpg,65,65,512,513,-34.1,-0.0,ana,reports/hafta7_fp_protokolu.md,test,157,tahminler_taban512_hafta7.csv,tahminler_model512.csv,0.3,0.52,1.8089,0.3,0.5,0.1,8,512,110,55,20260913,"Esikler, katsayilar ve ornek buyuklukleri KARARDIR; olcumden turetilmedi. Ayrinti protokol dosyasinda.",3.13.1,8.4.144,0.12.6,2.14.0,2026-09-13 10:08:36,scripts/25_esit_fp_adaylari.py
a0223,a0223_siki.jpg,a0223_baglam.jpg,65,69,513,513,-0.0,-0.0,ana,reports/hafta7_fp_protokolu.md,test,157,tahminler_taban512_hafta7.csv,tahminler_model512.csv,0.3,0.52,1.8089,0.3,0.5,0.1,8,512,110,55,20260913,"Esikler, katsayilar ve ornek buyuklukleri KARARDIR; olcumden turetilmedi. Ayrinti protokol dosyasinda.",3.13.1,8.4.144,0.12.6,2.14.0,2026-09-13 10:08:36,scripts/25_esit_fp_adaylari.py
a0224,a0224_siki.jpg,a0224_baglam.jpg,65,72,513,513,-0.0,-0.0,ana,reports/hafta7_fp_protokolu.md,test,157,tahminler_taban512_hafta7.csv,tahminler_model512.csv,0.3,0.52,1.8089,0.3,0.5,0.1,8,512,110,55,20260913,"Esikler, katsayilar ve ornek buyuklukleri KARARDIR; olcumden turetilmedi. Ayrinti protokol dosyasinda.",3.13.1,8.4.144,0.12.6,2.14.0,2026-09-13 10:08:36,scripts/25_esit_fp_adaylari.py
a0225,a0225_siki.jpg,a0225_baglam.jpg,68,65,513,513,-0.0,-0.0,ana,reports/hafta7_fp_protokolu.md,test,157,tahminler_taban512_hafta7.csv,tahminler_model512.csv,0.3,0.52,1.8089,0.3,0.5,0.1,8,512,110,55,20260913,"Esikler, katsayilar ve ornek buyuklukleri KARARDIR; olcumden turetilmedi. Ayrinti protokol dosyasinda.",3.13.1,8.4.144,0.12.6,2.14.0,2026-09-13 10:08:36,scripts/25_esit_fp_adaylari.py
a0226,a0226_siki.jpg,a0226_baglam.jpg,91,149,985,986,-0.0,-0.0,ana,reports/hafta7_fp_protokolu.md,test,157,tahminler_taban512_hafta7.csv,tahminler_model512.csv,0.3,0.52,1.8089,0.3,0.5,0.1,8,512,110,55,20260913,"Esikler, katsayilar ve ornek buyuklukleri KARARDIR; olcumden turetilmedi. Ayrinti protokol dosyasinda.",3.13.1,8.4.144,0.12.6,2.14.0,2026-09-13 10:08:36,scripts/25_esit_fp_adaylari.py
a0227,a0227_siki.jpg,a0227_baglam.jpg,101,94,665,664,-0.0,-0.0,ana,reports/hafta7_fp_protokolu.md,test,157,tahminler_taban512_hafta7.csv,tahminler_model512.csv,0.3,0.52,1.8089,0.3,0.5,0.1,8,512,110,55,20260913,"Esikler, katsayilar ve ornek buyuklukleri KARARDIR; olcumden turetilmedi. Ayrinti protokol dosyasinda.",3.13.1,8.4.144,0.12.6,2.14.0,2026-09-13 10:08:36,scripts/25_esit_fp_adaylari.py
a0228,a0228_siki.jpg,a0228_baglam.jpg,80,117,776,775,-0.0,112.6,kalite,reports/hafta7_fp_protokolu.md,test,157,tahminler_taban512_hafta7.csv,tahminler_model512.csv,0.3,0.52,1.8089,0.3,0.5,0.1,8,512,110,55,20260913,"Esikler, katsayilar ve ornek buyuklukleri KARARDIR; olcumden turetilmedi. Ayrinti protokol dosyasinda.",3.13.1,8.4.144,0.12.6,2.14.0,2026-09-13 10:08:36,scripts/25_esit_fp_adaylari.py
a0229,a0229_siki.jpg,a0229_baglam.jpg,102,65,678,678,-0.0,-0.0,ana,reports/hafta7_fp_protokolu.md,test,157,tahminler_taban512_hafta7.csv,tahminler_model512.csv,0.3,0.52,1.8089,0.3,0.5,0.1,8,512,110,55,20260913,"Esikler, katsayilar ve ornek buyuklukleri KARARDIR; olcumden turetilmedi. Ayrinti protokol dosyasinda.",3.13.1,8.4.144,0.12.6,2.14.0,2026-09-13 10:08:36,scripts/25_esit_fp_adaylari.py
a0230,a0230_siki.jpg,a0230_baglam.jpg,65,79,524,524,-0.0,-0.0,ana,reports/hafta7_fp_protokolu.md,test,157,tahminler_taban512_hafta7.csv,tahminler_model512.csv,0.3,0.52,1.8089,0.3,0.5,0.1,8,512,110,55,20260913,"Esikler, katsayilar ve ornek buyuklukleri KARARDIR; olcumden turetilmedi. Ayrinti protokol dosyasinda.",3.13.1,8.4.144,0.12.6,2.14.0,2026-09-13 10:08:36,scripts/25_esit_fp_adaylari.py
a0231,a0231_siki.jpg,a0231_baglam.jpg,74,65,513,513,-0.0,-0.0,ana,reports/hafta7_fp_protokolu.md,test,157,tahminler_taban512_hafta7.csv,tahminler_model512.csv,0.3,0.52,1.8089,0.3,0.5,0.1,8,512,110,55,20260913,"Esikler, katsayilar ve ornek buyuklukleri KARARDIR; olcumden turetilmedi. Ayrinti protokol dosyasinda.",3.13.1,8.4.144,0.12.6,2.14.0,2026-09-13 10:08:36,scripts/25_esit_fp_adaylari.py
a0232,a0232_siki.jpg,a0232_baglam.jpg,65,74,513,513,-0.0,-0.0,ana,reports/hafta7_fp_protokolu.md,test,157,tahminler_taban512_hafta7.csv,tahminler_model512.csv,0.3,0.52,1.8089,0.3,0.5,0.1,8,512,110,55,20260913,"Esikler, katsayilar ve ornek buyuklukleri KARARDIR; olcumden turetilmedi. Ayrinti protokol dosyasinda.",3.13.1,8.4.144,0.12.6,2.14.0,2026-09-13 10:08:36,scripts/25_esit_fp_adaylari.py
a0233,a0233_siki.jpg,a0233_baglam.jpg,144,65,954,955,-0.0,-0.0,ana,reports/hafta7_fp_protokolu.md,test,157,tahminler_taban512_hafta7.csv,tahminler_model512.csv,0.3,0.52,1.8089,0.3,0.5,0.1,8,512,110,55,20260913,"Esikler, katsayilar ve ornek buyuklukleri KARARDIR; olcumden turetilmedi. Ayrinti protokol dosyasinda.",3.13.1,8.4.144,0.12.6,2.14.0,2026-09-13 10:08:36,scripts/25_esit_fp_adaylari.py
a0234,a0234_siki.jpg,a0234_baglam.jpg,65,65,513,513,-0.0,-0.0,ana,reports/hafta7_fp_protokolu.md,test,157,tahminler_taban512_hafta7.csv,tahminler_model512.csv,0.3,0.52,1.8089,0.3,0.5,0.1,8,512,110,55,20260913,"Esikler, katsayilar ve ornek buyuklukleri KARARDIR; olcumden turetilmedi. Ayrinti protokol dosyasinda.",3.13.1,8.4.144,0.12.6,2.14.0,2026-09-13 10:08:36,scripts/25_esit_fp_adaylari.py
a0235,a0235_siki.jpg,a0235_baglam.jpg,83,79,545,545,-0.0,-0.0,ana,reports/hafta7_fp_protokolu.md,test,157,tahminler_taban512_hafta7.csv,tahminler_model512.csv,0.3,0.52,1.8089,0.3,0.5,0.1,8,512,110,55,20260913,"Esikler, katsayilar ve ornek buyuklukleri KARARDIR; olcumden turetilmedi. Ayrinti protokol dosyasinda.",3.13.1,8.4.144,0.12.6,2.14.0,2026-09-13 10:08:36,scripts/25_esit_fp_adaylari.py
a0236,a0236_siki.jpg,a0236_baglam.jpg,164,79,1089,1089,-0.0,-0.0,ana,reports/hafta7_fp_protokolu.md,test,157,tahminler_taban512_hafta7.csv,tahminler_model512.csv,0.3,0.52,1.8089,0.3,0.5,0.1,8,512,110,55,20260913,"Esikler, katsayilar ve ornek buyuklukleri KARARDIR; olcumden turetilmedi. Ayrinti protokol dosyasinda.",3.13.1,8.4.144,0.12.6,2.14.0,2026-09-13 10:08:36,scripts/25_esit_fp_adaylari.py
a0237,a0237_siki.jpg,a0237_baglam.jpg,65,65,513,513,-0.0,-0.0,ana,reports/hafta7_fp_protokolu.md,test,157,tahminler_taban512_hafta7.csv,tahminler_model512.csv,0.3,0.52,1.8089,0.3,0.5,0.1,8,512,110,55,20260913,"Esikler, katsayilar ve ornek buyuklukleri KARARDIR; olcumden turetilmedi. Ayrinti protokol dosyasinda.",3.13.1,8.4.144,0.12.6,2.14.0,2026-09-13 10:08:36,scripts/25_esit_fp_adaylari.py
a0238,a0238_siki.jpg,a0238_baglam.jpg,63,74,512,513,-225.8,-0.0,kalite,reports/hafta7_fp_protokolu.md,test,157,tahminler_taban512_hafta7.csv,tahminler_model512.csv,0.3,0.52,1.8089,0.3,0.5,0.1,8,512,110,55,20260913,"Esikler, katsayilar ve ornek buyuklukleri KARARDIR; olcumden turetilmedi. Ayrinti protokol dosyasinda.",3.13.1,8.4.144,0.12.6,2.14.0,2026-09-13 10:08:36,scripts/25_esit_fp_adaylari.py
a0239,a0239_siki.jpg,a0239_baglam.jpg,65,177,1284,1284,-0.0,561.4,ana,reports/hafta7_fp_protokolu.md,test,157,tahminler_taban512_hafta7.csv,tahminler_model512.csv,0.3,0.52,1.8089,0.3,0.5,0.1,8,512,110,55,20260913,"Esikler, katsayilar ve ornek buyuklukleri KARARDIR; olcumden turetilmedi. Ayrinti protokol dosyasinda.",3.13.1,8.4.144,0.12.6,2.14.0,2026-09-13 10:08:36,scripts/25_esit_fp_adaylari.py
a0240,a0240_siki.jpg,a0240_baglam.jpg,186,115,1238,1238,-0.0,566.8,kalite,reports/hafta7_fp_protokolu.md,test,157,tahminler_taban512_hafta7.csv,tahminler_model512.csv,0.3,0.52,1.8089,0.3,0.5,0.1,8,512,110,55,20260913,"Esikler, katsayilar ve ornek buyuklukleri KARARDIR; olcumden turetilmedi. Ayrinti protokol dosyasinda.",3.13.1,8.4.144,0.12.6,2.14.0,2026-09-13 10:08:36,scripts/25_esit_fp_adaylari.py
a0241,a0241_siki.jpg,a0241_baglam.jpg,139,190,1263,1262,-0.0,-241.6,ana,reports/hafta7_fp_protokolu.md,test,157,tahminler_taban512_hafta7.csv,tahminler_model512.csv,0.3,0.52,1.8089,0.3,0.5,0.1,8,512,110,55,20260913,"Esikler, katsayilar ve ornek buyuklukleri KARARDIR; olcumden turetilmedi. Ayrinti protokol dosyasinda.",3.13.1,8.4.144,0.12.6,2.14.0,2026-09-13 10:08:36,scripts/25_esit_fp_adaylari.py
a0242,a0242_siki.jpg,a0242_baglam.jpg,65,113,748,747,-0.0,-0.0,kalite,reports/hafta7_fp_protokolu.md,test,157,tahminler_taban512_hafta7.csv,tahminler_model512.csv,0.3,0.52,1.8089,0.3,0.5,0.1,8,512,110,55,20260913,"Esikler, katsayilar ve ornek buyuklukleri KARARDIR; olcumden turetilmedi. Ayrinti protokol dosyasinda.",3.13.1,8.4.144,0.12.6,2.14.0,2026-09-13 10:08:36,scripts/25_esit_fp_adaylari.py
a0243,a0243_siki.jpg,a0243_baglam.jpg,65,74,513,513,-0.0,-0.0,ana,reports/hafta7_fp_protokolu.md,test,157,tahminler_taban512_hafta7.csv,tahminler_model512.csv,0.3,0.52,1.8089,0.3,0.5,0.1,8,512,110,55,20260913,"Esikler, katsayilar ve ornek buyuklukleri KARARDIR; olcumden turetilmedi. Ayrinti protokol dosyasinda.",3.13.1,8.4.144,0.12.6,2.14.0,2026-09-13 10:08:36,scripts/25_esit_fp_adaylari.py
a0244,a0244_siki.jpg,a0244_baglam.jpg,68,84,558,558,-0.0,-0.0,ana,reports/hafta7_fp_protokolu.md,test,157,tahminler_taban512_hafta7.csv,tahminler_model512.csv,0.3,0.52,1.8089,0.3,0.5,0.1,8,512,110,55,20260913,"Esikler, katsayilar ve ornek buyuklukleri KARARDIR; olcumden turetilmedi. Ayrinti protokol dosyasinda.",3.13.1,8.4.144,0.12.6,2.14.0,2026-09-13 10:08:36,scripts/25_esit_fp_adaylari.py
a0245,a0245_siki.jpg,a0245_baglam.jpg,64,104,688,688,-0.0,-0.0,ana,reports/hafta7_fp_protokolu.md,test,157,tahminler_taban512_hafta7.csv,tahminler_model512.csv,0.3,0.52,1.8089,0.3,0.5,0.1,8,512,110,55,20260913,"Esikler, katsayilar ve ornek buyuklukleri KARARDIR; olcumden turetilmedi. Ayrinti protokol dosyasinda.",3.13.1,8.4.144,0.12.6,2.14.0,2026-09-13 10:08:36,scripts/25_esit_fp_adaylari.py
a0246,a0246_siki.jpg,a0246_baglam.jpg,65,65,513,512,-0.0,-102.3,ana,reports/hafta7_fp_protokolu.md,test,157,tahminler_taban512_hafta7.csv,tahminler_model512.csv,0.3,0.52,1.8089,0.3,0.5,0.1,8,512,110,55,20260913,"Esikler, katsayilar ve ornek buyuklukleri KARARDIR; olcumden turetilmedi. Ayrinti protokol dosyasinda.",3.13.1,8.4.144,0.12.6,2.14.0,2026-09-13 10:08:36,scripts/25_esit_fp_adaylari.py
a0247,a0247_siki.jpg,a0247_baglam.jpg,65,65,513,513,-0.0,-0.0,ana,reports/hafta7_fp_protokolu.md,test,157,tahminler_taban512_hafta7.csv,tahminler_model512.csv,0.3,0.52,1.8089,0.3,0.5,0.1,8,512,110,55,20260913,"Esikler, katsayilar ve ornek buyuklukleri KARARDIR; olcumden turetilmedi. Ayrinti protokol dosyasinda.",3.13.1,8.4.144,0.12.6,2.14.0,2026-09-13 10:08:36,scripts/25_esit_fp_adaylari.py
a0248,a0248_siki.jpg,a0248_baglam.jpg,65,64,513,512,-0.0,-0.0,ana,reports/hafta7_fp_protokolu.md,test,157,tahminler_taban512_hafta7.csv,tahminler_model512.csv,0.3,0.52,1.8089,0.3,0.5,0.1,8,512,110,55,20260913,"Esikler, katsayilar ve ornek buyuklukleri KARARDIR; olcumden turetilmedi. Ayrinti protokol dosyasinda.",3.13.1,8.4.144,0.12.6,2.14.0,2026-09-13 10:08:36,scripts/25_esit_fp_adaylari.py
a0249,a0249_siki.jpg,a0249_baglam.jpg,65,65,513,513,-0.0,-0.0,ana,reports/hafta7_fp_protokolu.md,test,157,tahminler_taban512_hafta7.csv,tahminler_model512.csv,0.3,0.52,1.8089,0.3,0.5,0.1,8,512,110,55,20260913,"Esikler, katsayilar ve ornek buyuklukleri KARARDIR; olcumden turetilmedi. Ayrinti protokol dosyasinda.",3.13.1,8.4.144,0.12.6,2.14.0,2026-09-13 10:08:36,scripts/25_esit_fp_adaylari.py
a0250,a0250_siki.jpg,a0250_baglam.jpg,65,65,513,513,-0.0,-0.0,ana,reports/hafta7_fp_protokolu.md,test,157,tahminler_taban512_hafta7.csv,tahminler_model512.csv,0.3,0.52,1.8089,0.3,0.5,0.1,8,512,110,55,20260913,"Esikler, katsayilar ve ornek buyuklukleri KARARDIR; olcumden turetilmedi. Ayrinti protokol dosyasinda.",3.13.1,8.4.144,0.12.6,2.14.0,2026-09-13 10:08:36,scripts/25_esit_fp_adaylari.py
a0251,a0251_siki.jpg,a0251_baglam.jpg,82,65,544,545,-0.0,-0.0,ana,reports/hafta7_fp_protokolu.md,test,157,tahminler_taban512_hafta7.csv,tahminler_model512.csv,0.3,0.52,1.8089,0.3,0.5,0.1,8,512,110,55,20260913,"Esikler, katsayilar ve ornek buyuklukleri KARARDIR; olcumden turetilmedi. Ayrinti protokol dosyasinda.",3.13.1,8.4.144,0.12.6,2.14.0,2026-09-13 10:08:36,scripts/25_esit_fp_adaylari.py
a0252,a0252_siki.jpg,a0252_baglam.jpg,91,65,595,595,-0.0,-0.0,ana,reports/hafta7_fp_protokolu.md,test,157,tahminler_taban512_hafta7.csv,tahminler_model512.csv,0.3,0.52,1.8089,0.3,0.5,0.1,8,512,110,55,20260913,"Esikler, katsayilar ve ornek buyuklukleri KARARDIR; olcumden turetilmedi. Ayrinti protokol dosyasinda.",3.13.1,8.4.144,0.12.6,2.14.0,2026-09-13 10:08:36,scripts/25_esit_fp_adaylari.py
a0253,a0253_siki.jpg,a0253_baglam.jpg,65,76,513,513,-0.0,-0.0,ana,reports/hafta7_fp_protokolu.md,test,157,tahminler_taban512_hafta7.csv,tahminler_model512.csv,0.3,0.52,1.8089,0.3,0.5,0.1,8,512,110,55,20260913,"Esikler, katsayilar ve ornek buyuklukleri KARARDIR; olcumden turetilmedi. Ayrinti protokol dosyasinda.",3.13.1,8.4.144,0.12.6,2.14.0,2026-09-13 10:08:36,scripts/25_esit_fp_adaylari.py
a0254,a0254_siki.jpg,a0254_baglam.jpg,65,78,513,513,-219.8,-0.0,ana,reports/hafta7_fp_protokolu.md,test,157,tahminler_taban512_hafta7.csv,tahminler_model512.csv,0.3,0.52,1.8089,0.3,0.5,0.1,8,512,110,55,20260913,"Esikler, katsayilar ve ornek buyuklukleri KARARDIR; olcumden turetilmedi. Ayrinti protokol dosyasinda.",3.13.1,8.4.144,0.12.6,2.14.0,2026-09-13 10:08:36,scripts/25_esit_fp_adaylari.py
a0255,a0255_siki.jpg,a0255_baglam.jpg,176,87,1168,1168,-0.0,-0.0,ana,reports/hafta7_fp_protokolu.md,test,157,tahminler_taban512_hafta7.csv,tahminler_model512.csv,0.3,0.52,1.8089,0.3,0.5,0.1,8,512,110,55,20260913,"Esikler, katsayilar ve ornek buyuklukleri KARARDIR; olcumden turetilmedi. Ayrinti protokol dosyasinda.",3.13.1,8.4.144,0.12.6,2.14.0,2026-09-13 10:08:36,scripts/25_esit_fp_adaylari.py
a0256,a0256_siki.jpg,a0256_baglam.jpg,45,65,512,513,-243.6,-0.0,ana,reports/hafta7_fp_protokolu.md,test,157,tahminler_taban512_hafta7.csv,tahminler_model512.csv,0.3,0.52,1.8089,0.3,0.5,0.1,8,512,110,55,20260913,"Esikler, katsayilar ve ornek buyuklukleri KARARDIR; olcumden turetilmedi. Ayrinti protokol dosyasinda.",3.13.1,8.4.144,0.12.6,2.14.0,2026-09-13 10:08:36,scripts/25_esit_fp_adaylari.py
a0257,a0257_siki.jpg,a0257_baglam.jpg,92,65,607,608,138.2,-0.0,kalite,reports/hafta7_fp_protokolu.md,test,157,tahminler_taban512_hafta7.csv,tahminler_model512.csv,0.3,0.52,1.8089,0.3,0.5,0.1,8,512,110,55,20260913,"Esikler, katsayilar ve ornek buyuklukleri KARARDIR; olcumden turetilmedi. Ayrinti protokol dosyasinda.",3.13.1,8.4.144,0.12.6,2.14.0,2026-09-13 10:08:36,scripts/25_esit_fp_adaylari.py
a0258,a0258_siki.jpg,a0258_baglam.jpg,65,65,513,513,-0.0,-0.0,ana,reports/hafta7_fp_protokolu.md,test,157,tahminler_taban512_hafta7.csv,tahminler_model512.csv,0.3,0.52,1.8089,0.3,0.5,0.1,8,512,110,55,20260913,"Esikler, katsayilar ve ornek buyuklukleri KARARDIR; olcumden turetilmedi. Ayrinti protokol dosyasinda.",3.13.1,8.4.144,0.12.6,2.14.0,2026-09-13 10:08:36,scripts/25_esit_fp_adaylari.py
a0259,a0259_siki.jpg,a0259_baglam.jpg,65,65,513,513,-0.0,-0.0,ana,reports/hafta7_fp_protokolu.md,test,157,tahminler_taban512_hafta7.csv,tahminler_model512.csv,0.3,0.52,1.8089,0.3,0.5,0.1,8,512,110,55,20260913,"Esikler, katsayilar ve ornek buyuklukleri KARARDIR; olcumden turetilmedi. Ayrinti protokol dosyasinda.",3.13.1,8.4.144,0.12.6,2.14.0,2026-09-13 10:08:36,scripts/25_esit_fp_adaylari.py
a0260,a0260_siki.jpg,a0260_baglam.jpg,82,74,538,538,-0.0,-0.0,ana,reports/hafta7_fp_protokolu.md,test,157,tahminler_taban512_hafta7.csv,tahminler_model512.csv,0.3,0.52,1.8089,0.3,0.5,0.1,8,512,110,55,20260913,"Esikler, katsayilar ve ornek buyuklukleri KARARDIR; olcumden turetilmedi. Ayrinti protokol dosyasinda.",3.13.1,8.4.144,0.12.6,2.14.0,2026-09-13 10:08:36,scripts/25_esit_fp_adaylari.py
a0261,a0261_siki.jpg,a0261_baglam.jpg,94,65,618,618,-0.0,-0.0,ana,reports/hafta7_fp_protokolu.md,test,157,tahminler_taban512_hafta7.csv,tahminler_model512.csv,0.3,0.52,1.8089,0.3,0.5,0.1,8,512,110,55,20260913,"Esikler, katsayilar ve ornek buyuklukleri KARARDIR; olcumden turetilmedi. Ayrinti protokol dosyasinda.",3.13.1,8.4.144,0.12.6,2.14.0,2026-09-13 10:08:36,scripts/25_esit_fp_adaylari.py
a0262,a0262_siki.jpg,a0262_baglam.jpg,65,65,513,513,-0.0,-0.0,ana,reports/hafta7_fp_protokolu.md,test,157,tahminler_taban512_hafta7.csv,tahminler_model512.csv,0.3,0.52,1.8089,0.3,0.5,0.1,8,512,110,55,20260913,"Esikler, katsayilar ve ornek buyuklukleri KARARDIR; olcumden turetilmedi. Ayrinti protokol dosyasinda.",3.13.1,8.4.144,0.12.6,2.14.0,2026-09-13 10:08:36,scripts/25_esit_fp_adaylari.py
a0263,a0263_siki.jpg,a0263_baglam.jpg,65,71,513,513,-113.4,-0.0,ana,reports/hafta7_fp_protokolu.md,test,157,tahminler_taban512_hafta7.csv,tahminler_model512.csv,0.3,0.52,1.8089,0.3,0.5,0.1,8,512,110,55,20260913,"Esikler, katsayilar ve ornek buyuklukleri KARARDIR; olcumden turetilmedi. Ayrinti protokol dosyasinda.",3.13.1,8.4.144,0.12.6,2.14.0,2026-09-13 10:08:36,scripts/25_esit_fp_adaylari.py
a0264,a0264_siki.jpg,a0264_baglam.jpg,65,67,513,513,-0.0,-0.0,ana,reports/hafta7_fp_protokolu.md,test,157,tahminler_taban512_hafta7.csv,tahminler_model512.csv,0.3,0.52,1.8089,0.3,0.5,0.1,8,512,110,55,20260913,"Esikler, katsayilar ve ornek buyuklukleri KARARDIR; olcumden turetilmedi. Ayrinti protokol dosyasinda.",3.13.1,8.4.144,0.12.6,2.14.0,2026-09-13 10:08:36,scripts/25_esit_fp_adaylari.py
a0265,a0265_siki.jpg,a0265_baglam.jpg,65,74,513,512,-0.0,37.1,ana,reports/hafta7_fp_protokolu.md,test,157,tahminler_taban512_hafta7.csv,tahminler_model512.csv,0.3,0.52,1.8089,0.3,0.5,0.1,8,512,110,55,20260913,"Esikler, katsayilar ve ornek buyuklukleri KARARDIR; olcumden turetilmedi. Ayrinti protokol dosyasinda.",3.13.1,8.4.144,0.12.6,2.14.0,2026-09-13 10:08:36,scripts/25_esit_fp_adaylari.py
a0266,a0266_siki.jpg,a0266_baglam.jpg,144,65,954,955,-0.0,-0.0,ana,reports/hafta7_fp_protokolu.md,test,157,tahminler_taban512_hafta7.csv,tahminler_model512.csv,0.3,0.52,1.8089,0.3,0.5,0.1,8,512,110,55,20260913,"Esikler, katsayilar ve ornek buyuklukleri KARARDIR; olcumden turetilmedi. Ayrinti protokol dosyasinda.",3.13.1,8.4.144,0.12.6,2.14.0,2026-09-13 10:08:36,scripts/25_esit_fp_adaylari.py
a0267,a0267_siki.jpg,a0267_baglam.jpg,65,80,524,524,-0.0,-0.0,ana,reports/hafta7_fp_protokolu.md,test,157,tahminler_taban512_hafta7.csv,tahminler_model512.csv,0.3,0.52,1.8089,0.3,0.5,0.1,8,512,110,55,20260913,"Esikler, katsayilar ve ornek buyuklukleri KARARDIR; olcumden turetilmedi. Ayrinti protokol dosyasinda.",3.13.1,8.4.144,0.12.6,2.14.0,2026-09-13 10:08:36,scripts/25_esit_fp_adaylari.py
a0268,a0268_siki.jpg,a0268_baglam.jpg,65,65,513,513,-0.0,-0.0,ana,reports/hafta7_fp_protokolu.md,test,157,tahminler_taban512_hafta7.csv,tahminler_model512.csv,0.3,0.52,1.8089,0.3,0.5,0.1,8,512,110,55,20260913,"Esikler, katsayilar ve ornek buyuklukleri KARARDIR; olcumden turetilmedi. Ayrinti protokol dosyasinda.",3.13.1,8.4.144,0.12.6,2.14.0,2026-09-13 10:08:36,scripts/25_esit_fp_adaylari.py
a0269,a0269_siki.jpg,a0269_baglam.jpg,65,194,1285,1284,-0.0,-139.6,ana,reports/hafta7_fp_protokolu.md,test,157,tahminler_taban512_hafta7.csv,tahminler_model512.csv,0.3,0.52,1.8089,0.3,0.5,0.1,8,512,110,55,20260913,"Esikler, katsayilar ve ornek buyuklukleri KARARDIR; olcumden turetilmedi. Ayrinti protokol dosyasinda.",3.13.1,8.4.144,0.12.6,2.14.0,2026-09-13 10:08:36,scripts/25_esit_fp_adaylari.py
a0270,a0270_siki.jpg,a0270_baglam.jpg,65,71,513,513,-0.0,-0.0,ana,reports/hafta7_fp_protokolu.md,test,157,tahminler_taban512_hafta7.csv,tahminler_model512.csv,0.3,0.52,1.8089,0.3,0.5,0.1,8,512,110,55,20260913,"Esikler, katsayilar ve ornek buyuklukleri KARARDIR; olcumden turetilmedi. Ayrinti protokol dosyasinda.",3.13.1,8.4.144,0.12.6,2.14.0,2026-09-13 10:08:36,scripts/25_esit_fp_adaylari.py
a0271,a0271_siki.jpg,a0271_baglam.jpg,80,108,716,716,-0.0,-0.0,ana,reports/hafta7_fp_protokolu.md,test,157,tahminler_taban512_hafta7.csv,tahminler_model512.csv,0.3,0.52,1.8089,0.3,0.5,0.1,8,512,110,55,20260913,"Esikler, katsayilar ve ornek buyuklukleri KARARDIR; olcumden turetilmedi. Ayrinti protokol dosyasinda.",3.13.1,8.4.144,0.12.6,2.14.0,2026-09-13 10:08:36,scripts/25_esit_fp_adaylari.py
a0272,a0272_siki.jpg,a0272_baglam.jpg,65,68,513,512,-0.0,-112.1,kalite,reports/hafta7_fp_protokolu.md,test,157,tahminler_taban512_hafta7.csv,tahminler_model512.csv,0.3,0.52,1.8089,0.3,0.5,0.1,8,512,110,55,20260913,"Esikler, katsayilar ve ornek buyuklukleri KARARDIR; olcumden turetilmedi. Ayrinti protokol dosyasinda.",3.13.1,8.4.144,0.12.6,2.14.0,2026-09-13 10:08:36,scripts/25_esit_fp_adaylari.py
a0273,a0273_siki.jpg,a0273_baglam.jpg,65,65,513,513,-0.0,-0.0,ana,reports/hafta7_fp_protokolu.md,test,157,tahminler_taban512_hafta7.csv,tahminler_model512.csv,0.3,0.52,1.8089,0.3,0.5,0.1,8,512,110,55,20260913,"Esikler, katsayilar ve ornek buyuklukleri KARARDIR; olcumden turetilmedi. Ayrinti protokol dosyasinda.",3.13.1,8.4.144,0.12.6,2.14.0,2026-09-13 10:08:36,scripts/25_esit_fp_adaylari.py
a0274,a0274_siki.jpg,a0274_baglam.jpg,164,141,1084,1084,-0.0,-0.0,ana,reports/hafta7_fp_protokolu.md,test,157,tahminler_taban512_hafta7.csv,tahminler_model512.csv,0.3,0.52,1.8089,0.3,0.5,0.1,8,512,110,55,20260913,"Esikler, katsayilar ve ornek buyuklukleri KARARDIR; olcumden turetilmedi. Ayrinti protokol dosyasinda.",3.13.1,8.4.144,0.12.6,2.14.0,2026-09-13 10:08:36,scripts/25_esit_fp_adaylari.py
a0275,a0275_siki.jpg,a0275_baglam.jpg,90,65,594,594,-0.0,-0.0,ana,reports/hafta7_fp_protokolu.md,test,157,tahminler_taban512_hafta7.csv,tahminler_model512.csv,0.3,0.52,1.8089,0.3,0.5,0.1,8,512,110,55,20260913,"Esikler, katsayilar ve ornek buyuklukleri KARARDIR; olcumden turetilmedi. Ayrinti protokol dosyasinda.",3.13.1,8.4.144,0.12.6,2.14.0,2026-09-13 10:08:36,scripts/25_esit_fp_adaylari.py
a0276,a0276_siki.jpg,a0276_baglam.jpg,113,134,889,889,-0.0,-0.0,ana,reports/hafta7_fp_protokolu.md,test,157,tahminler_taban512_hafta7.csv,tahminler_model512.csv,0.3,0.52,1.8089,0.3,0.5,0.1,8,512,110,55,20260913,"Esikler, katsayilar ve ornek buyuklukleri KARARDIR; olcumden turetilmedi. Ayrinti protokol dosyasinda.",3.13.1,8.4.144,0.12.6,2.14.0,2026-09-13 10:08:36,scripts/25_esit_fp_adaylari.py
a0277,a0277_siki.jpg,a0277_baglam.jpg,127,117,845,845,-0.0,-0.0,ana,reports/hafta7_fp_protokolu.md,test,157,tahminler_taban512_hafta7.csv,tahminler_model512.csv,0.3,0.52,1.8089,0.3,0.5,0.1,8,512,110,55,20260913,"Esikler, katsayilar ve ornek buyuklukleri KARARDIR; olcumden turetilmedi. Ayrinti protokol dosyasinda.",3.13.1,8.4.144,0.12.6,2.14.0,2026-09-13 10:08:36,scripts/25_esit_fp_adaylari.py
a0278,a0278_siki.jpg,a0278_baglam.jpg,82,82,544,543,-0.0,-0.0,ana,reports/hafta7_fp_protokolu.md,test,157,tahminler_taban512_hafta7.csv,tahminler_model512.csv,0.3,0.52,1.8089,0.3,0.5,0.1,8,512,110,55,20260913,"Esikler, katsayilar ve ornek buyuklukleri KARARDIR; olcumden turetilmedi. Ayrinti protokol dosyasinda.",3.13.1,8.4.144,0.12.6,2.14.0,2026-09-13 10:08:36,scripts/25_esit_fp_adaylari.py
a0279,a0279_siki.jpg,a0279_baglam.jpg,71,91,600,600,-113.3,-0.0,ana,reports/hafta7_fp_protokolu.md,test,157,tahminler_taban512_hafta7.csv,tahminler_model512.csv,0.3,0.52,1.8089,0.3,0.5,0.1,8,512,110,55,20260913,"Esikler, katsayilar ve ornek buyuklukleri KARARDIR; olcumden turetilmedi. Ayrinti protokol dosyasinda.",3.13.1,8.4.144,0.12.6,2.14.0,2026-09-13 10:08:36,scripts/25_esit_fp_adaylari.py
a0280,a0280_siki.jpg,a0280_baglam.jpg,65,65,513,512,-0.0,182.0,kalite,reports/hafta7_fp_protokolu.md,test,157,tahminler_taban512_hafta7.csv,tahminler_model512.csv,0.3,0.52,1.8089,0.3,0.5,0.1,8,512,110,55,20260913,"Esikler, katsayilar ve ornek buyuklukleri KARARDIR; olcumden turetilmedi. Ayrinti protokol dosyasinda.",3.13.1,8.4.144,0.12.6,2.14.0,2026-09-13 10:08:36,scripts/25_esit_fp_adaylari.py
a0281,a0281_siki.jpg,a0281_baglam.jpg,65,80,529,529,-0.0,-0.0,ana,reports/hafta7_fp_protokolu.md,test,157,tahminler_taban512_hafta7.csv,tahminler_model512.csv,0.3,0.52,1.8089,0.3,0.5,0.1,8,512,110,55,20260913,"Esikler, katsayilar ve ornek buyuklukleri KARARDIR; olcumden turetilmedi. Ayrinti protokol dosyasinda.",3.13.1,8.4.144,0.12.6,2.14.0,2026-09-13 10:08:36,scripts/25_esit_fp_adaylari.py
a0282,a0282_siki.jpg,a0282_baglam.jpg,65,65,513,513,-0.0,-0.0,ana,reports/hafta7_fp_protokolu.md,test,157,tahminler_taban512_hafta7.csv,tahminler_model512.csv,0.3,0.52,1.8089,0.3,0.5,0.1,8,512,110,55,20260913,"Esikler, katsayilar ve ornek buyuklukleri KARARDIR; olcumden turetilmedi. Ayrinti protokol dosyasinda.",3.13.1,8.4.144,0.12.6,2.14.0,2026-09-13 10:08:36,scripts/25_esit_fp_adaylari.py
a0283,a0283_siki.jpg,a0283_baglam.jpg,65,65,513,513,-0.0,-0.0,ana,reports/hafta7_fp_protokolu.md,test,157,tahminler_taban512_hafta7.csv,tahminler_model512.csv,0.3,0.52,1.8089,0.3,0.5,0.1,8,512,110,55,20260913,"Esikler, katsayilar ve ornek buyuklukleri KARARDIR; olcumden turetilmedi. Ayrinti protokol dosyasinda.",3.13.1,8.4.144,0.12.6,2.14.0,2026-09-13 10:08:36,scripts/25_esit_fp_adaylari.py
a0284,a0284_siki.jpg,a0284_baglam.jpg,68,85,558,558,-0.0,-0.0,ana,reports/hafta7_fp_protokolu.md,test,157,tahminler_taban512_hafta7.csv,tahminler_model512.csv,0.3,0.52,1.8089,0.3,0.5,0.1,8,512,110,55,20260913,"Esikler, katsayilar ve ornek buyuklukleri KARARDIR; olcumden turetilmedi. Ayrinti protokol dosyasinda.",3.13.1,8.4.144,0.12.6,2.14.0,2026-09-13 10:08:36,scripts/25_esit_fp_adaylari.py
a0285,a0285_siki.jpg,a0285_baglam.jpg,65,75,513,512,-0.0,102.5,ana,reports/hafta7_fp_protokolu.md,test,157,tahminler_taban512_hafta7.csv,tahminler_model512.csv,0.3,0.52,1.8089,0.3,0.5,0.1,8,512,110,55,20260913,"Esikler, katsayilar ve ornek buyuklukleri KARARDIR; olcumden turetilmedi. Ayrinti protokol dosyasinda.",3.13.1,8.4.144,0.12.6,2.14.0,2026-09-13 10:08:36,scripts/25_esit_fp_adaylari.py
a0286,a0286_siki.jpg,a0286_baglam.jpg,65,65,513,512,-0.0,93.5,ana,reports/hafta7_fp_protokolu.md,test,157,tahminler_taban512_hafta7.csv,tahminler_model512.csv,0.3,0.52,1.8089,0.3,0.5,0.1,8,512,110,55,20260913,"Esikler, katsayilar ve ornek buyuklukleri KARARDIR; olcumden turetilmedi. Ayrinti protokol dosyasinda.",3.13.1,8.4.144,0.12.6,2.14.0,2026-09-13 10:08:36,scripts/25_esit_fp_adaylari.py
a0287,a0287_siki.jpg,a0287_baglam.jpg,65,73,513,513,-0.0,-0.0,ana,reports/hafta7_fp_protokolu.md,test,157,tahminler_taban512_hafta7.csv,tahminler_model512.csv,0.3,0.52,1.8089,0.3,0.5,0.1,8,512,110,55,20260913,"Esikler, katsayilar ve ornek buyuklukleri KARARDIR; olcumden turetilmedi. Ayrinti protokol dosyasinda.",3.13.1,8.4.144,0.12.6,2.14.0,2026-09-13 10:08:36,scripts/25_esit_fp_adaylari.py
a0288,a0288_siki.jpg,a0288_baglam.jpg,126,75,832,833,-0.0,-0.0,ana,reports/hafta7_fp_protokolu.md,test,157,tahminler_taban512_hafta7.csv,tahminler_model512.csv,0.3,0.52,1.8089,0.3,0.5,0.1,8,512,110,55,20260913,"Esikler, katsayilar ve ornek buyuklukleri KARARDIR; olcumden turetilmedi. Ayrinti protokol dosyasinda.",3.13.1,8.4.144,0.12.6,2.14.0,2026-09-13 10:08:36,scripts/25_esit_fp_adaylari.py
a0289,a0289_siki.jpg,a0289_baglam.jpg,65,65,513,513,-0.0,-0.0,ana,reports/hafta7_fp_protokolu.md,test,157,tahminler_taban512_hafta7.csv,tahminler_model512.csv,0.3,0.52,1.8089,0.3,0.5,0.1,8,512,110,55,20260913,"Esikler, katsayilar ve ornek buyuklukleri KARARDIR; olcumden turetilmedi. Ayrinti protokol dosyasinda.",3.13.1,8.4.144,0.12.6,2.14.0,2026-09-13 10:08:36,scripts/25_esit_fp_adaylari.py
a0290,a0290_siki.jpg,a0290_baglam.jpg,65,65,513,512,-0.0,122.9,ana,reports/hafta7_fp_protokolu.md,test,157,tahminler_taban512_hafta7.csv,tahminler_model512.csv,0.3,0.52,1.8089,0.3,0.5,0.1,8,512,110,55,20260913,"Esikler, katsayilar ve ornek buyuklukleri KARARDIR; olcumden turetilmedi. Ayrinti protokol dosyasinda.",3.13.1,8.4.144,0.12.6,2.14.0,2026-09-13 10:08:36,scripts/25_esit_fp_adaylari.py
a0291,a0291_siki.jpg,a0291_baglam.jpg,65,89,585,585,-0.0,-0.0,ana,reports/hafta7_fp_protokolu.md,test,157,tahminler_taban512_hafta7.csv,tahminler_model512.csv,0.3,0.52,1.8089,0.3,0.5,0.1,8,512,110,55,20260913,"Esikler, katsayilar ve ornek buyuklukleri KARARDIR; olcumden turetilmedi. Ayrinti protokol dosyasinda.",3.13.1,8.4.144,0.12.6,2.14.0,2026-09-13 10:08:36,scripts/25_esit_fp_adaylari.py
a0292,a0292_siki.jpg,a0292_baglam.jpg,132,87,875,874,-0.0,397.3,ana,reports/hafta7_fp_protokolu.md,test,157,tahminler_taban512_hafta7.csv,tahminler_model512.csv,0.3,0.52,1.8089,0.3,0.5,0.1,8,512,110,55,20260913,"Esikler, katsayilar ve ornek buyuklukleri KARARDIR; olcumden turetilmedi. Ayrinti protokol dosyasinda.",3.13.1,8.4.144,0.12.6,2.14.0,2026-09-13 10:08:36,scripts/25_esit_fp_adaylari.py
a0293,a0293_siki.jpg,a0293_baglam.jpg,90,65,594,594,-0.0,-0.0,kalite,reports/hafta7_fp_protokolu.md,test,157,tahminler_taban512_hafta7.csv,tahminler_model512.csv,0.3,0.52,1.8089,0.3,0.5,0.1,8,512,110,55,20260913,"Esikler, katsayilar ve ornek buyuklukleri KARARDIR; olcumden turetilmedi. Ayrinti protokol dosyasinda.",3.13.1,8.4.144,0.12.6,2.14.0,2026-09-13 10:08:36,scripts/25_esit_fp_adaylari.py
a0294,a0294_siki.jpg,a0294_baglam.jpg,78,101,668,669,-0.0,-0.0,ana,reports/hafta7_fp_protokolu.md,test,157,tahminler_taban512_hafta7.csv,tahminler_model512.csv,0.3,0.52,1.8089,0.3,0.5,0.1,8,512,110,55,20260913,"Esikler, katsayilar ve ornek buyuklukleri KARARDIR; olcumden turetilmedi. Ayrinti protokol dosyasinda.",3.13.1,8.4.144,0.12.6,2.14.0,2026-09-13 10:08:36,scripts/25_esit_fp_adaylari.py
a0295,a0295_siki.jpg,a0295_baglam.jpg,65,66,513,513,-0.0,-0.0,ana,reports/hafta7_fp_protokolu.md,test,157,tahminler_taban512_hafta7.csv,tahminler_model512.csv,0.3,0.52,1.8089,0.3,0.5,0.1,8,512,110,55,20260913,"Esikler, katsayilar ve ornek buyuklukleri KARARDIR; olcumden turetilmedi. Ayrinti protokol dosyasinda.",3.13.1,8.4.144,0.12.6,2.14.0,2026-09-13 10:08:36,scripts/25_esit_fp_adaylari.py
a0296,a0296_siki.jpg,a0296_baglam.jpg,134,129,885,885,-0.0,-0.0,ana,reports/hafta7_fp_protokolu.md,test,157,tahminler_taban512_hafta7.csv,tahminler_model512.csv,0.3,0.52,1.8089,0.3,0.5,0.1,8,512,110,55,20260913,"Esikler, katsayilar ve ornek buyuklukleri KARARDIR; olcumden turetilmedi. Ayrinti protokol dosyasinda.",3.13.1,8.4.144,0.12.6,2.14.0,2026-09-13 10:08:36,scripts/25_esit_fp_adaylari.py
a0297,a0297_siki.jpg,a0297_baglam.jpg,65,65,513,513,-0.0,-0.0,ana,reports/hafta7_fp_protokolu.md,test,157,tahminler_taban512_hafta7.csv,tahminler_model512.csv,0.3,0.52,1.8089,0.3,0.5,0.1,8,512,110,55,20260913,"Esikler, katsayilar ve ornek buyuklukleri KARARDIR; olcumden turetilmedi. Ayrinti protokol dosyasinda.",3.13.1,8.4.144,0.12.6,2.14.0,2026-09-13 10:08:36,scripts/25_esit_fp_adaylari.py
a0298,a0298_siki.jpg,a0298_baglam.jpg,65,96,635,636,142.0,-0.0,ana,reports/hafta7_fp_protokolu.md,test,157,tahminler_taban512_hafta7.csv,tahminler_model512.csv,0.3,0.52,1.8089,0.3,0.5,0.1,8,512,110,55,20260913,"Esikler, katsayilar ve ornek buyuklukleri KARARDIR; olcumden turetilmedi. Ayrinti protokol dosyasinda.",3.13.1,8.4.144,0.12.6,2.14.0,2026-09-13 10:08:36,scripts/25_esit_fp_adaylari.py
a0299,a0299_siki.jpg,a0299_baglam.jpg,65,43,513,512,-0.0,-245.9,ana,reports/hafta7_fp_protokolu.md,test,157,tahminler_taban512_hafta7.csv,tahminler_model512.csv,0.3,0.52,1.8089,0.3,0.5,0.1,8,512,110,55,20260913,"Esikler, katsayilar ve ornek buyuklukleri KARARDIR; olcumden turetilmedi. Ayrinti protokol dosyasinda.",3.13.1,8.4.144,0.12.6,2.14.0,2026-09-13 10:08:36,scripts/25_esit_fp_adaylari.py
a0300,a0300_siki.jpg,a0300_baglam.jpg,65,110,725,725,-0.0,-0.0,ana,reports/hafta7_fp_protokolu.md,test,157,tahminler_taban512_hafta7.csv,tahminler_model512.csv,0.3,0.52,1.8089,0.3,0.5,0.1,8,512,110,55,20260913,"Esikler, katsayilar ve ornek buyuklukleri KARARDIR; olcumden turetilmedi. Ayrinti protokol dosyasinda.",3.13.1,8.4.144,0.12.6,2.14.0,2026-09-13 10:08:36,scripts/25_esit_fp_adaylari.py
a0301,a0301_siki.jpg,a0301_baglam.jpg,65,65,513,513,-0.0,-0.0,ana,reports/hafta7_fp_protokolu.md,test,157,tahminler_taban512_hafta7.csv,tahminler_model512.csv,0.3,0.52,1.8089,0.3,0.5,0.1,8,512,110,55,20260913,"Esikler, katsayilar ve ornek buyuklukleri KARARDIR; olcumden turetilmedi. Ayrinti protokol dosyasinda.",3.13.1,8.4.144,0.12.6,2.14.0,2026-09-13 10:08:36,scripts/25_esit_fp_adaylari.py
a0302,a0302_siki.jpg,a0302_baglam.jpg,75,65,513,513,-0.0,-0.0,ana,reports/hafta7_fp_protokolu.md,test,157,tahminler_taban512_hafta7.csv,tahminler_model512.csv,0.3,0.52,1.8089,0.3,0.5,0.1,8,512,110,55,20260913,"Esikler, katsayilar ve ornek buyuklukleri KARARDIR; olcumden turetilmedi. Ayrinti protokol dosyasinda.",3.13.1,8.4.144,0.12.6,2.14.0,2026-09-13 10:08:36,scripts/25_esit_fp_adaylari.py
a0303,a0303_siki.jpg,a0303_baglam.jpg,65,79,518,519,-0.0,-0.0,ana,reports/hafta7_fp_protokolu.md,test,157,tahminler_taban512_hafta7.csv,tahminler_model512.csv,0.3,0.52,1.8089,0.3,0.5,0.1,8,512,110,55,20260913,"Esikler, katsayilar ve ornek buyuklukleri KARARDIR; olcumden turetilmedi. Ayrinti protokol dosyasinda.",3.13.1,8.4.144,0.12.6,2.14.0,2026-09-13 10:08:36,scripts/25_esit_fp_adaylari.py
a0304,a0304_siki.jpg,a0304_baglam.jpg,106,65,700,699,-0.0,-0.0,ana,reports/hafta7_fp_protokolu.md,test,157,tahminler_taban512_hafta7.csv,tahminler_model512.csv,0.3,0.52,1.8089,0.3,0.5,0.1,8,512,110,55,20260913,"Esikler, katsayilar ve ornek buyuklukleri KARARDIR; olcumden turetilmedi. Ayrinti protokol dosyasinda.",3.13.1,8.4.144,0.12.6,2.14.0,2026-09-13 10:08:36,scripts/25_esit_fp_adaylari.py
a0305,a0305_siki.jpg,a0305_baglam.jpg,159,91,1056,1056,-0.0,-0.0,ana,reports/hafta7_fp_protokolu.md,test,157,tahminler_taban512_hafta7.csv,tahminler_model512.csv,0.3,0.52,1.8089,0.3,0.5,0.1,8,512,110,55,20260913,"Esikler, katsayilar ve ornek buyuklukleri KARARDIR; olcumden turetilmedi. Ayrinti protokol dosyasinda.",3.13.1,8.4.144,0.12.6,2.14.0,2026-09-13 10:08:36,scripts/25_esit_fp_adaylari.py
a0306,a0306_siki.jpg,a0306_baglam.jpg,65,73,513,513,-0.0,-0.0,ana,reports/hafta7_fp_protokolu.md,test,157,tahminler_taban512_hafta7.csv,tahminler_model512.csv,0.3,0.52,1.8089,0.3,0.5,0.1,8,512,110,55,20260913,"Esikler, katsayilar ve ornek buyuklukleri KARARDIR; olcumden turetilmedi. Ayrinti protokol dosyasinda.",3.13.1,8.4.144,0.12.6,2.14.0,2026-09-13 10:08:36,scripts/25_esit_fp_adaylari.py
a0307,a0307_siki.jpg,a0307_baglam.jpg,90,65,595,594,-0.0,-0.0,ana,reports/hafta7_fp_protokolu.md,test,157,tahminler_taban512_hafta7.csv,tahminler_model512.csv,0.3,0.52,1.8089,0.3,0.5,0.1,8,512,110,55,20260913,"Esikler, katsayilar ve ornek buyuklukleri KARARDIR; olcumden turetilmedi. Ayrinti protokol dosyasinda.",3.13.1,8.4.144,0.12.6,2.14.0,2026-09-13 10:08:36,scripts/25_esit_fp_adaylari.py
a0308,a0308_siki.jpg,a0308_baglam.jpg,78,110,728,728,-0.0,-0.0,ana,reports/hafta7_fp_protokolu.md,test,157,tahminler_taban512_hafta7.csv,tahminler_model512.csv,0.3,0.52,1.8089,0.3,0.5,0.1,8,512,110,55,20260913,"Esikler, katsayilar ve ornek buyuklukleri KARARDIR; olcumden turetilmedi. Ayrinti protokol dosyasinda.",3.13.1,8.4.144,0.12.6,2.14.0,2026-09-13 10:08:36,scripts/25_esit_fp_adaylari.py
a0309,a0309_siki.jpg,a0309_baglam.jpg,64,79,524,524,-0.0,-44.0,ana,reports/hafta7_fp_protokolu.md,test,157,tahminler_taban512_hafta7.csv,tahminler_model512.csv,0.3,0.52,1.8089,0.3,0.5,0.1,8,512,110,55,20260913,"Esikler, katsayilar ve ornek buyuklukleri KARARDIR; olcumden turetilmedi. Ayrinti protokol dosyasinda.",3.13.1,8.4.144,0.12.6,2.14.0,2026-09-13 10:08:36,scripts/25_esit_fp_adaylari.py
a0310,a0310_siki.jpg,a0310_baglam.jpg,94,97,641,641,-0.0,-0.0,ana,reports/hafta7_fp_protokolu.md,test,157,tahminler_taban512_hafta7.csv,tahminler_model512.csv,0.3,0.52,1.8089,0.3,0.5,0.1,8,512,110,55,20260913,"Esikler, katsayilar ve ornek buyuklukleri KARARDIR; olcumden turetilmedi. Ayrinti protokol dosyasinda.",3.13.1,8.4.144,0.12.6,2.14.0,2026-09-13 10:08:36,scripts/25_esit_fp_adaylari.py
a0311,a0311_siki.jpg,a0311_baglam.jpg,65,65,513,513,-0.0,-0.0,ana,reports/hafta7_fp_protokolu.md,test,157,tahminler_taban512_hafta7.csv,tahminler_model512.csv,0.3,0.52,1.8089,0.3,0.5,0.1,8,512,110,55,20260913,"Esikler, katsayilar ve ornek buyuklukleri KARARDIR; olcumden turetilmedi. Ayrinti protokol dosyasinda.",3.13.1,8.4.144,0.12.6,2.14.0,2026-09-13 10:08:36,scripts/25_esit_fp_adaylari.py
a0312,a0312_siki.jpg,a0312_baglam.jpg,83,65,548,548,-148.0,-0.0,ana,reports/hafta7_fp_protokolu.md,test,157,tahminler_taban512_hafta7.csv,tahminler_model512.csv,0.3,0.52,1.8089,0.3,0.5,0.1,8,512,110,55,20260913,"Esikler, katsayilar ve ornek buyuklukleri KARARDIR; olcumden turetilmedi. Ayrinti protokol dosyasinda.",3.13.1,8.4.144,0.12.6,2.14.0,2026-09-13 10:08:36,scripts/25_esit_fp_adaylari.py
a0313,a0313_siki.jpg,a0313_baglam.jpg,73,98,651,652,-0.0,-0.0,ana,reports/hafta7_fp_protokolu.md,test,157,tahminler_taban512_hafta7.csv,tahminler_model512.csv,0.3,0.52,1.8089,0.3,0.5,0.1,8,512,110,55,20260913,"Esikler, katsayilar ve ornek buyuklukleri KARARDIR; olcumden turetilmedi. Ayrinti protokol dosyasinda.",3.13.1,8.4.144,0.12.6,2.14.0,2026-09-13 10:08:36,scripts/25_esit_fp_adaylari.py
a0314,a0314_siki.jpg,a0314_baglam.jpg,65,65,513,513,-0.0,-0.0,ana,reports/hafta7_fp_protokolu.md,test,157,tahminler_taban512_hafta7.csv,tahminler_model512.csv,0.3,0.52,1.8089,0.3,0.5,0.1,8,512,110,55,20260913,"Esikler, katsayilar ve ornek buyuklukleri KARARDIR; olcumden turetilmedi. Ayrinti protokol dosyasinda.",3.13.1,8.4.144,0.12.6,2.14.0,2026-09-13 10:08:36,scripts/25_esit_fp_adaylari.py
a0315,a0315_siki.jpg,a0315_baglam.jpg,65,65,513,513,-0.0,-0.0,ana,reports/hafta7_fp_protokolu.md,test,157,tahminler_taban512_hafta7.csv,tahminler_model512.csv,0.3,0.52,1.8089,0.3,0.5,0.1,8,512,110,55,20260913,"Esikler, katsayilar ve ornek buyuklukleri KARARDIR; olcumden turetilmedi. Ayrinti protokol dosyasinda.",3.13.1,8.4.144,0.12.6,2.14.0,2026-09-13 10:08:36,scripts/25_esit_fp_adaylari.py
a0316,a0316_siki.jpg,a0316_baglam.jpg,65,113,748,748,-0.0,-0.0,ana,reports/hafta7_fp_protokolu.md,test,157,tahminler_taban512_hafta7.csv,tahminler_model512.csv,0.3,0.52,1.8089,0.3,0.5,0.1,8,512,110,55,20260913,"Esikler, katsayilar ve ornek buyuklukleri KARARDIR; olcumden turetilmedi. Ayrinti protokol dosyasinda.",3.13.1,8.4.144,0.12.6,2.14.0,2026-09-13 10:08:36,scripts/25_esit_fp_adaylari.py
a0317,a0317_siki.jpg,a0317_baglam.jpg,65,65,513,513,-0.0,-0.0,ana,reports/hafta7_fp_protokolu.md,test,157,tahminler_taban512_hafta7.csv,tahminler_model512.csv,0.3,0.52,1.8089,0.3,0.5,0.1,8,512,110,55,20260913,"Esikler, katsayilar ve ornek buyuklukleri KARARDIR; olcumden turetilmedi. Ayrinti protokol dosyasinda.",3.13.1,8.4.144,0.12.6,2.14.0,2026-09-13 10:08:36,scripts/25_esit_fp_adaylari.py
a0318,a0318_siki.jpg,a0318_baglam.jpg,94,97,641,641,-0.0,-0.0,ana,reports/hafta7_fp_protokolu.md,test,157,tahminler_taban512_hafta7.csv,tahminler_model512.csv,0.3,0.52,1.8089,0.3,0.5,0.1,8,512,110,55,20260913,"Esikler, katsayilar ve ornek buyuklukleri KARARDIR; olcumden turetilmedi. Ayrinti protokol dosyasinda.",3.13.1,8.4.144,0.12.6,2.14.0,2026-09-13 10:08:36,scripts/25_esit_fp_adaylari.py
a0319,a0319_siki.jpg,a0319_baglam.jpg,65,85,561,561,-0.0,122.9,kalite,reports/hafta7_fp_protokolu.md,test,157,tahminler_taban512_hafta7.csv,tahminler_model512.csv,0.3,0.52,1.8089,0.3,0.5,0.1,8,512,110,55,20260913,"Esikler, katsayilar ve ornek buyuklukleri KARARDIR; olcumden turetilmedi. Ayrinti protokol dosyasinda.",3.13.1,8.4.144,0.12.6,2.14.0,2026-09-13 10:08:36,scripts/25_esit_fp_adaylari.py
a0320,a0320_siki.jpg,a0320_baglam.jpg,118,65,781,781,-98.9,-0.0,ana,reports/hafta7_fp_protokolu.md,test,157,tahminler_taban512_hafta7.csv,tahminler_model512.csv,0.3,0.52,1.8089,0.3,0.5,0.1,8,512,110,55,20260913,"Esikler, katsayilar ve ornek buyuklukleri KARARDIR; olcumden turetilmedi. Ayrinti protokol dosyasinda.",3.13.1,8.4.144,0.12.6,2.14.0,2026-09-13 10:08:36,scripts/25_esit_fp_adaylari.py
a0321,a0321_siki.jpg,a0321_baglam.jpg,65,65,513,513,-0.0,-0.0,ana,reports/hafta7_fp_protokolu.md,test,157,tahminler_taban512_hafta7.csv,tahminler_model512.csv,0.3,0.52,1.8089,0.3,0.5,0.1,8,512,110,55,20260913,"Esikler, katsayilar ve ornek buyuklukleri KARARDIR; olcumden turetilmedi. Ayrinti protokol dosyasinda.",3.13.1,8.4.144,0.12.6,2.14.0,2026-09-13 10:08:36,scripts/25_esit_fp_adaylari.py
a0322,a0322_siki.jpg,a0322_baglam.jpg,65,65,513,513,-0.0,-0.0,ana,reports/hafta7_fp_protokolu.md,test,157,tahminler_taban512_hafta7.csv,tahminler_model512.csv,0.3,0.52,1.8089,0.3,0.5,0.1,8,512,110,55,20260913,"Esikler, katsayilar ve ornek buyuklukleri KARARDIR; olcumden turetilmedi. Ayrinti protokol dosyasinda.",3.13.1,8.4.144,0.12.6,2.14.0,2026-09-13 10:08:36,scripts/25_esit_fp_adaylari.py
a0323,a0323_siki.jpg,a0323_baglam.jpg,82,79,544,545,-0.0,-0.0,ana,reports/hafta7_fp_protokolu.md,test,157,tahminler_taban512_hafta7.csv,tahminler_model512.csv,0.3,0.52,1.8089,0.3,0.5,0.1,8,512,110,55,20260913,"Esikler, katsayilar ve ornek buyuklukleri KARARDIR; olcumden turetilmedi. Ayrinti protokol dosyasinda.",3.13.1,8.4.144,0.12.6,2.14.0,2026-09-13 10:08:36,scripts/25_esit_fp_adaylari.py
a0324,a0324_siki.jpg,a0324_baglam.jpg,128,107,847,848,-0.0,-0.0,kalite,reports/hafta7_fp_protokolu.md,test,157,tahminler_taban512_hafta7.csv,tahminler_model512.csv,0.3,0.52,1.8089,0.3,0.5,0.1,8,512,110,55,20260913,"Esikler, katsayilar ve ornek buyuklukleri KARARDIR; olcumden turetilmedi. Ayrinti protokol dosyasinda.",3.13.1,8.4.144,0.12.6,2.14.0,2026-09-13 10:08:36,scripts/25_esit_fp_adaylari.py
a0325,a0325_siki.jpg,a0325_baglam.jpg,65,65,513,513,-0.0,-0.0,ana,reports/hafta7_fp_protokolu.md,test,157,tahminler_taban512_hafta7.csv,tahminler_model512.csv,0.3,0.52,1.8089,0.3,0.5,0.1,8,512,110,55,20260913,"Esikler, katsayilar ve ornek buyuklukleri KARARDIR; olcumden turetilmedi. Ayrinti protokol dosyasinda.",3.13.1,8.4.144,0.12.6,2.14.0,2026-09-13 10:08:36,scripts/25_esit_fp_adaylari.py
a0326,a0326_siki.jpg,a0326_baglam.jpg,92,64,607,608,-18.3,-0.0,ana,reports/hafta7_fp_protokolu.md,test,157,tahminler_taban512_hafta7.csv,tahminler_model512.csv,0.3,0.52,1.8089,0.3,0.5,0.1,8,512,110,55,20260913,"Esikler, katsayilar ve ornek buyuklukleri KARARDIR; olcumden turetilmedi. Ayrinti protokol dosyasinda.",3.13.1,8.4.144,0.12.6,2.14.0,2026-09-13 10:08:36,scripts/25_esit_fp_adaylari.py
a0327,a0327_siki.jpg,a0327_baglam.jpg,65,103,682,682,-0.0,-0.0,ana,reports/hafta7_fp_protokolu.md,test,157,tahminler_taban512_hafta7.csv,tahminler_model512.csv,0.3,0.52,1.8089,0.3,0.5,0.1,8,512,110,55,20260913,"Esikler, katsayilar ve ornek buyuklukleri KARARDIR; olcumden turetilmedi. Ayrinti protokol dosyasinda.",3.13.1,8.4.144,0.12.6,2.14.0,2026-09-13 10:08:36,scripts/25_esit_fp_adaylari.py
a0328,a0328_siki.jpg,a0328_baglam.jpg,137,196,1297,1297,-0.0,-0.0,ana,reports/hafta7_fp_protokolu.md,test,157,tahminler_taban512_hafta7.csv,tahminler_model512.csv,0.3,0.52,1.8089,0.3,0.5,0.1,8,512,110,55,20260913,"Esikler, katsayilar ve ornek buyuklukleri KARARDIR; olcumden turetilmedi. Ayrinti protokol dosyasinda.",3.13.1,8.4.144,0.12.6,2.14.0,2026-09-13 10:08:36,scripts/25_esit_fp_adaylari.py
a0329,a0329_siki.jpg,a0329_baglam.jpg,75,65,513,513,-0.0,-0.0,ana,reports/hafta7_fp_protokolu.md,test,157,tahminler_taban512_hafta7.csv,tahminler_model512.csv,0.3,0.52,1.8089,0.3,0.5,0.1,8,512,110,55,20260913,"Esikler, katsayilar ve ornek buyuklukleri KARARDIR; olcumden turetilmedi. Ayrinti protokol dosyasinda.",3.13.1,8.4.144,0.12.6,2.14.0,2026-09-13 10:08:36,scripts/25_esit_fp_adaylari.py
a0330,a0330_siki.jpg,a0330_baglam.jpg,65,65,513,512,-0.0,-156.5,ana,reports/hafta7_fp_protokolu.md,test,157,tahminler_taban512_hafta7.csv,tahminler_model512.csv,0.3,0.52,1.8089,0.3,0.5,0.1,8,512,110,55,20260913,"Esikler, katsayilar ve ornek buyuklukleri KARARDIR; olcumden turetilmedi. Ayrinti protokol dosyasinda.",3.13.1,8.4.144,0.12.6,2.14.0,2026-09-13 10:08:36,scripts/25_esit_fp_adaylari.py
a0331,a0331_siki.jpg,a0331_baglam.jpg,65,65,513,513,-0.0,-0.0,ana,reports/hafta7_fp_protokolu.md,test,157,tahminler_taban512_hafta7.csv,tahminler_model512.csv,0.3,0.52,1.8089,0.3,0.5,0.1,8,512,110,55,20260913,"Esikler, katsayilar ve ornek buyuklukleri KARARDIR; olcumden turetilmedi. Ayrinti protokol dosyasinda.",3.13.1,8.4.144,0.12.6,2.14.0,2026-09-13 10:08:36,scripts/25_esit_fp_adaylari.py
a0332,a0332_siki.jpg,a0332_baglam.jpg,65,65,513,512,-0.0,-66.9,ana,reports/hafta7_fp_protokolu.md,test,157,tahminler_taban512_hafta7.csv,tahminler_model512.csv,0.3,0.52,1.8089,0.3,0.5,0.1,8,512,110,55,20260913,"Esikler, katsayilar ve ornek buyuklukleri KARARDIR; olcumden turetilmedi. Ayrinti protokol dosyasinda.",3.13.1,8.4.144,0.12.6,2.14.0,2026-09-13 10:08:36,scripts/25_esit_fp_adaylari.py
a0333,a0333_siki.jpg,a0333_baglam.jpg,83,65,545,545,-0.0,-0.0,ana,reports/hafta7_fp_protokolu.md,test,157,tahminler_taban512_hafta7.csv,tahminler_model512.csv,0.3,0.52,1.8089,0.3,0.5,0.1,8,512,110,55,20260913,"Esikler, katsayilar ve ornek buyuklukleri KARARDIR; olcumden turetilmedi. Ayrinti protokol dosyasinda.",3.13.1,8.4.144,0.12.6,2.14.0,2026-09-13 10:08:36,scripts/25_esit_fp_adaylari.py
a0334,a0334_siki.jpg,a0334_baglam.jpg,65,65,513,513,-0.0,-0.0,kalite,reports/hafta7_fp_protokolu.md,test,157,tahminler_taban512_hafta7.csv,tahminler_model512.csv,0.3,0.52,1.8089,0.3,0.5,0.1,8,512,110,55,20260913,"Esikler, katsayilar ve ornek buyuklukleri KARARDIR; olcumden turetilmedi. Ayrinti protokol dosyasinda.",3.13.1,8.4.144,0.12.6,2.14.0,2026-09-13 10:08:36,scripts/25_esit_fp_adaylari.py
a0335,a0335_siki.jpg,a0335_baglam.jpg,65,77,513,513,-0.0,-0.0,ana,reports/hafta7_fp_protokolu.md,test,157,tahminler_taban512_hafta7.csv,tahminler_model512.csv,0.3,0.52,1.8089,0.3,0.5,0.1,8,512,110,55,20260913,"Esikler, katsayilar ve ornek buyuklukleri KARARDIR; olcumden turetilmedi. Ayrinti protokol dosyasinda.",3.13.1,8.4.144,0.12.6,2.14.0,2026-09-13 10:08:36,scripts/25_esit_fp_adaylari.py
a0336,a0336_siki.jpg,a0336_baglam.jpg,65,65,512,512,185.1,33.7,ana,reports/hafta7_fp_protokolu.md,test,157,tahminler_taban512_hafta7.csv,tahminler_model512.csv,0.3,0.52,1.8089,0.3,0.5,0.1,8,512,110,55,20260913,"Esikler, katsayilar ve ornek buyuklukleri KARARDIR; olcumden turetilmedi. Ayrinti protokol dosyasinda.",3.13.1,8.4.144,0.12.6,2.14.0,2026-09-13 10:08:36,scripts/25_esit_fp_adaylari.py
a0337,a0337_siki.jpg,a0337_baglam.jpg,65,66,513,513,-0.0,-0.0,ana,reports/hafta7_fp_protokolu.md,test,157,tahminler_taban512_hafta7.csv,tahminler_model512.csv,0.3,0.52,1.8089,0.3,0.5,0.1,8,512,110,55,20260913,"Esikler, katsayilar ve ornek buyuklukleri KARARDIR; olcumden turetilmedi. Ayrinti protokol dosyasinda.",3.13.1,8.4.144,0.12.6,2.14.0,2026-09-13 10:08:36,scripts/25_esit_fp_adaylari.py
a0338,a0338_siki.jpg,a0338_baglam.jpg,103,65,683,683,-0.0,-0.0,ana,reports/hafta7_fp_protokolu.md,test,157,tahminler_taban512_hafta7.csv,tahminler_model512.csv,0.3,0.52,1.8089,0.3,0.5,0.1,8,512,110,55,20260913,"Esikler, katsayilar ve ornek buyuklukleri KARARDIR; olcumden turetilmedi. Ayrinti protokol dosyasinda.",3.13.1,8.4.144,0.12.6,2.14.0,2026-09-13 10:08:36,scripts/25_esit_fp_adaylari.py
a0339,a0339_siki.jpg,a0339_baglam.jpg,71,65,513,513,-0.0,-0.0,ana,reports/hafta7_fp_protokolu.md,test,157,tahminler_taban512_hafta7.csv,tahminler_model512.csv,0.3,0.52,1.8089,0.3,0.5,0.1,8,512,110,55,20260913,"Esikler, katsayilar ve ornek buyuklukleri KARARDIR; olcumden turetilmedi. Ayrinti protokol dosyasinda.",3.13.1,8.4.144,0.12.6,2.14.0,2026-09-13 10:08:36,scripts/25_esit_fp_adaylari.py
a0340,a0340_siki.jpg,a0340_baglam.jpg,65,65,513,513,-0.0,-0.0,ana,reports/hafta7_fp_protokolu.md,test,157,tahminler_taban512_hafta7.csv,tahminler_model512.csv,0.3,0.52,1.8089,0.3,0.5,0.1,8,512,110,55,20260913,"Esikler, katsayilar ve ornek buyuklukleri KARARDIR; olcumden turetilmedi. Ayrinti protokol dosyasinda.",3.13.1,8.4.144,0.12.6,2.14.0,2026-09-13 10:08:36,scripts/25_esit_fp_adaylari.py
a0341,a0341_siki.jpg,a0341_baglam.jpg,65,93,617,617,-162.5,-0.0,ana,reports/hafta7_fp_protokolu.md,test,157,tahminler_taban512_hafta7.csv,tahminler_model512.csv,0.3,0.52,1.8089,0.3,0.5,0.1,8,512,110,55,20260913,"Esikler, katsayilar ve ornek buyuklukleri KARARDIR; olcumden turetilmedi. Ayrinti protokol dosyasinda.",3.13.1,8.4.144,0.12.6,2.14.0,2026-09-13 10:08:36,scripts/25_esit_fp_adaylari.py
a0342,a0342_siki.jpg,a0342_baglam.jpg,65,65,512,513,205.8,-0.0,kalite,reports/hafta7_fp_protokolu.md,test,157,tahminler_taban512_hafta7.csv,tahminler_model512.csv,0.3,0.52,1.8089,0.3,0.5,0.1,8,512,110,55,20260913,"Esikler, katsayilar ve ornek buyuklukleri KARARDIR; olcumden turetilmedi. Ayrinti protokol dosyasinda.",3.13.1,8.4.144,0.12.6,2.14.0,2026-09-13 10:08:36,scripts/25_esit_fp_adaylari.py
a0343,a0343_siki.jpg,a0343_baglam.jpg,65,71,513,513,-0.0,-0.0,ana,reports/hafta7_fp_protokolu.md,test,157,tahminler_taban512_hafta7.csv,tahminler_model512.csv,0.3,0.52,1.8089,0.3,0.5,0.1,8,512,110,55,20260913,"Esikler, katsayilar ve ornek buyuklukleri KARARDIR; olcumden turetilmedi. Ayrinti protokol dosyasinda.",3.13.1,8.4.144,0.12.6,2.14.0,2026-09-13 10:08:36,scripts/25_esit_fp_adaylari.py
a0344,a0344_siki.jpg,a0344_baglam.jpg,65,65,513,513,-0.0,-0.0,ana,reports/hafta7_fp_protokolu.md,test,157,tahminler_taban512_hafta7.csv,tahminler_model512.csv,0.3,0.52,1.8089,0.3,0.5,0.1,8,512,110,55,20260913,"Esikler, katsayilar ve ornek buyuklukleri KARARDIR; olcumden turetilmedi. Ayrinti protokol dosyasinda.",3.13.1,8.4.144,0.12.6,2.14.0,2026-09-13 10:08:36,scripts/25_esit_fp_adaylari.py
a0345,a0345_siki.jpg,a0345_baglam.jpg,96,66,632,632,-0.0,-0.0,ana,reports/hafta7_fp_protokolu.md,test,157,tahminler_taban512_hafta7.csv,tahminler_model512.csv,0.3,0.52,1.8089,0.3,0.5,0.1,8,512,110,55,20260913,"Esikler, katsayilar ve ornek buyuklukleri KARARDIR; olcumden turetilmedi. Ayrinti protokol dosyasinda.",3.13.1,8.4.144,0.12.6,2.14.0,2026-09-13 10:08:36,scripts/25_esit_fp_adaylari.py
a0346,a0346_siki.jpg,a0346_baglam.jpg,65,65,512,513,-176.1,-0.0,ana,reports/hafta7_fp_protokolu.md,test,157,tahminler_taban512_hafta7.csv,tahminler_model512.csv,0.3,0.52,1.8089,0.3,0.5,0.1,8,512,110,55,20260913,"Esikler, katsayilar ve ornek buyuklukleri KARARDIR; olcumden turetilmedi. Ayrinti protokol dosyasinda.",3.13.1,8.4.144,0.12.6,2.14.0,2026-09-13 10:08:36,scripts/25_esit_fp_adaylari.py
a0347,a0347_siki.jpg,a0347_baglam.jpg,65,65,513,513,-0.0,-0.0,ana,reports/hafta7_fp_protokolu.md,test,157,tahminler_taban512_hafta7.csv,tahminler_model512.csv,0.3,0.52,1.8089,0.3,0.5,0.1,8,512,110,55,20260913,"Esikler, katsayilar ve ornek buyuklukleri KARARDIR; olcumden turetilmedi. Ayrinti protokol dosyasinda.",3.13.1,8.4.144,0.12.6,2.14.0,2026-09-13 10:08:36,scripts/25_esit_fp_adaylari.py
a0348,a0348_siki.jpg,a0348_baglam.jpg,65,65,513,513,-0.0,-0.0,ana,reports/hafta7_fp_protokolu.md,test,157,tahminler_taban512_hafta7.csv,tahminler_model512.csv,0.3,0.52,1.8089,0.3,0.5,0.1,8,512,110,55,20260913,"Esikler, katsayilar ve ornek buyuklukleri KARARDIR; olcumden turetilmedi. Ayrinti protokol dosyasinda.",3.13.1,8.4.144,0.12.6,2.14.0,2026-09-13 10:08:36,scripts/25_esit_fp_adaylari.py
a0349,a0349_siki.jpg,a0349_baglam.jpg,100,73,661,661,-0.0,-296.9,ana,reports/hafta7_fp_protokolu.md,test,157,tahminler_taban512_hafta7.csv,tahminler_model512.csv,0.3,0.52,1.8089,0.3,0.5,0.1,8,512,110,55,20260913,"Esikler, katsayilar ve ornek buyuklukleri KARARDIR; olcumden turetilmedi. Ayrinti protokol dosyasinda.",3.13.1,8.4.144,0.12.6,2.14.0,2026-09-13 10:08:36,scripts/25_esit_fp_adaylari.py
a0350,a0350_siki.jpg,a0350_baglam.jpg,65,66,513,513,-0.0,-0.0,kalite,reports/hafta7_fp_protokolu.md,test,157,tahminler_taban512_hafta7.csv,tahminler_model512.csv,0.3,0.52,1.8089,0.3,0.5,0.1,8,512,110,55,20260913,"Esikler, katsayilar ve ornek buyuklukleri KARARDIR; olcumden turetilmedi. Ayrinti protokol dosyasinda.",3.13.1,8.4.144,0.12.6,2.14.0,2026-09-13 10:08:36,scripts/25_esit_fp_adaylari.py
a0351,a0351_siki.jpg,a0351_baglam.jpg,101,134,892,892,-0.0,-0.0,ana,reports/hafta7_fp_protokolu.md,test,157,tahminler_taban512_hafta7.csv,tahminler_model512.csv,0.3,0.52,1.8089,0.3,0.5,0.1,8,512,110,55,20260913,"Esikler, katsayilar ve ornek buyuklukleri KARARDIR; olcumden turetilmedi. Ayrinti protokol dosyasinda.",3.13.1,8.4.144,0.12.6,2.14.0,2026-09-13 10:08:36,scripts/25_esit_fp_adaylari.py
a0352,a0352_siki.jpg,a0352_baglam.jpg,65,67,513,513,-0.0,-0.0,ana,reports/hafta7_fp_protokolu.md,test,157,tahminler_taban512_hafta7.csv,tahminler_model512.csv,0.3,0.52,1.8089,0.3,0.5,0.1,8,512,110,55,20260913,"Esikler, katsayilar ve ornek buyuklukleri KARARDIR; olcumden turetilmedi. Ayrinti protokol dosyasinda.",3.13.1,8.4.144,0.12.6,2.14.0,2026-09-13 10:08:36,scripts/25_esit_fp_adaylari.py
a0353,a0353_siki.jpg,a0353_baglam.jpg,64,94,620,620,-0.0,-0.0,ana,reports/hafta7_fp_protokolu.md,test,157,tahminler_taban512_hafta7.csv,tahminler_model512.csv,0.3,0.52,1.8089,0.3,0.5,0.1,8,512,110,55,20260913,"Esikler, katsayilar ve ornek buyuklukleri KARARDIR; olcumden turetilmedi. Ayrinti protokol dosyasinda.",3.13.1,8.4.144,0.12.6,2.14.0,2026-09-13 10:08:36,scripts/25_esit_fp_adaylari.py
a0354,a0354_siki.jpg,a0354_baglam.jpg,65,65,513,513,-0.0,-0.0,ana,reports/hafta7_fp_protokolu.md,test,157,tahminler_taban512_hafta7.csv,tahminler_model512.csv,0.3,0.52,1.8089,0.3,0.5,0.1,8,512,110,55,20260913,"Esikler, katsayilar ve ornek buyuklukleri KARARDIR; olcumden turetilmedi. Ayrinti protokol dosyasinda.",3.13.1,8.4.144,0.12.6,2.14.0,2026-09-13 10:08:36,scripts/25_esit_fp_adaylari.py
a0355,a0355_siki.jpg,a0355_baglam.jpg,64,65,512,513,-0.0,-0.0,ana,reports/hafta7_fp_protokolu.md,test,157,tahminler_taban512_hafta7.csv,tahminler_model512.csv,0.3,0.52,1.8089,0.3,0.5,0.1,8,512,110,55,20260913,"Esikler, katsayilar ve ornek buyuklukleri KARARDIR; olcumden turetilmedi. Ayrinti protokol dosyasinda.",3.13.1,8.4.144,0.12.6,2.14.0,2026-09-13 10:08:36,scripts/25_esit_fp_adaylari.py
a0356,a0356_siki.jpg,a0356_baglam.jpg,65,65,513,513,-0.0,-0.0,ana,reports/hafta7_fp_protokolu.md,test,157,tahminler_taban512_hafta7.csv,tahminler_model512.csv,0.3,0.52,1.8089,0.3,0.5,0.1,8,512,110,55,20260913,"Esikler, katsayilar ve ornek buyuklukleri KARARDIR; olcumden turetilmedi. Ayrinti protokol dosyasinda.",3.13.1,8.4.144,0.12.6,2.14.0,2026-09-13 10:08:36,scripts/25_esit_fp_adaylari.py
a0357,a0357_siki.jpg,a0357_baglam.jpg,65,65,513,513,-0.0,-0.0,ana,reports/hafta7_fp_protokolu.md,test,157,tahminler_taban512_hafta7.csv,tahminler_model512.csv,0.3,0.52,1.8089,0.3,0.5,0.1,8,512,110,55,20260913,"Esikler, katsayilar ve ornek buyuklukleri KARARDIR; olcumden turetilmedi. Ayrinti protokol dosyasinda.",3.13.1,8.4.144,0.12.6,2.14.0,2026-09-13 10:08:36,scripts/25_esit_fp_adaylari.py
a0358,a0358_siki.jpg,a0358_baglam.jpg,65,94,620,620,-0.0,-149.2,ana,reports/hafta7_fp_protokolu.md,test,157,tahminler_taban512_hafta7.csv,tahminler_model512.csv,0.3,0.52,1.8089,0.3,0.5,0.1,8,512,110,55,20260913,"Esikler, katsayilar ve ornek buyuklukleri KARARDIR; olcumden turetilmedi. Ayrinti protokol dosyasinda.",3.13.1,8.4.144,0.12.6,2.14.0,2026-09-13 10:08:36,scripts/25_esit_fp_adaylari.py
a0359,a0359_siki.jpg,a0359_baglam.jpg,158,138,1046,1046,-0.0,-0.0,ana,reports/hafta7_fp_protokolu.md,test,157,tahminler_taban512_hafta7.csv,tahminler_model512.csv,0.3,0.52,1.8089,0.3,0.5,0.1,8,512,110,55,20260913,"Esikler, katsayilar ve ornek buyuklukleri KARARDIR; olcumden turetilmedi. Ayrinti protokol dosyasinda.",3.13.1,8.4.144,0.12.6,2.14.0,2026-09-13 10:08:36,scripts/25_esit_fp_adaylari.py
a0360,a0360_siki.jpg,a0360_baglam.jpg,65,87,573,572,-0.0,-111.2,ana,reports/hafta7_fp_protokolu.md,test,157,tahminler_taban512_hafta7.csv,tahminler_model512.csv,0.3,0.52,1.8089,0.3,0.5,0.1,8,512,110,55,20260913,"Esikler, katsayilar ve ornek buyuklukleri KARARDIR; olcumden turetilmedi. Ayrinti protokol dosyasinda.",3.13.1,8.4.144,0.12.6,2.14.0,2026-09-13 10:08:36,scripts/25_esit_fp_adaylari.py
a0361,a0361_siki.jpg,a0361_baglam.jpg,65,103,682,681,-0.0,-0.0,ana,reports/hafta7_fp_protokolu.md,test,157,tahminler_taban512_hafta7.csv,tahminler_model512.csv,0.3,0.52,1.8089,0.3,0.5,0.1,8,512,110,55,20260913,"Esikler, katsayilar ve ornek buyuklukleri KARARDIR; olcumden turetilmedi. Ayrinti protokol dosyasinda.",3.13.1,8.4.144,0.12.6,2.14.0,2026-09-13 10:08:36,scripts/25_esit_fp_adaylari.py
a0362,a0362_siki.jpg,a0362_baglam.jpg,66,65,513,513,-0.0,-0.0,ana,reports/hafta7_fp_protokolu.md,test,157,tahminler_taban512_hafta7.csv,tahminler_model512.csv,0.3,0.52,1.8089,0.3,0.5,0.1,8,512,110,55,20260913,"Esikler, katsayilar ve ornek buyuklukleri KARARDIR; olcumden turetilmedi. Ayrinti protokol dosyasinda.",3.13.1,8.4.144,0.12.6,2.14.0,2026-09-13 10:08:36,scripts/25_esit_fp_adaylari.py
a0363,a0363_siki.jpg,a0363_baglam.jpg,65,94,618,617,-0.0,-250.4,ana,reports/hafta7_fp_protokolu.md,test,157,tahminler_taban512_hafta7.csv,tahminler_model512.csv,0.3,0.52,1.8089,0.3,0.5,0.1,8,512,110,55,20260913,"Esikler, katsayilar ve ornek buyuklukleri KARARDIR; olcumden turetilmedi. Ayrinti protokol dosyasinda.",3.13.1,8.4.144,0.12.6,2.14.0,2026-09-13 10:08:36,scripts/25_esit_fp_adaylari.py
a0364,a0364_siki.jpg,a0364_baglam.jpg,65,65,513,512,-0.0,10.4,ana,reports/hafta7_fp_protokolu.md,test,157,tahminler_taban512_hafta7.csv,tahminler_model512.csv,0.3,0.52,1.8089,0.3,0.5,0.1,8,512,110,55,20260913,"Esikler, katsayilar ve ornek buyuklukleri KARARDIR; olcumden turetilmedi. Ayrinti protokol dosyasinda.",3.13.1,8.4.144,0.12.6,2.14.0,2026-09-13 10:08:36,scripts/25_esit_fp_adaylari.py
a0365,a0365_siki.jpg,a0365_baglam.jpg,68,65,513,513,-0.0,-0.0,ana,reports/hafta7_fp_protokolu.md,test,157,tahminler_taban512_hafta7.csv,tahminler_model512.csv,0.3,0.52,1.8089,0.3,0.5,0.1,8,512,110,55,20260913,"Esikler, katsayilar ve ornek buyuklukleri KARARDIR; olcumden turetilmedi. Ayrinti protokol dosyasinda.",3.13.1,8.4.144,0.12.6,2.14.0,2026-09-13 10:08:36,scripts/25_esit_fp_adaylari.py
a0366,a0366_siki.jpg,a0366_baglam.jpg,65,65,513,513,-0.0,-0.0,ana,reports/hafta7_fp_protokolu.md,test,157,tahminler_taban512_hafta7.csv,tahminler_model512.csv,0.3,0.52,1.8089,0.3,0.5,0.1,8,512,110,55,20260913,"Esikler, katsayilar ve ornek buyuklukleri KARARDIR; olcumden turetilmedi. Ayrinti protokol dosyasinda.",3.13.1,8.4.144,0.12.6,2.14.0,2026-09-13 10:08:36,scripts/25_esit_fp_adaylari.py
a0367,a0367_siki.jpg,a0367_baglam.jpg,65,65,513,513,-0.0,-0.0,ana,reports/hafta7_fp_protokolu.md,test,157,tahminler_taban512_hafta7.csv,tahminler_model512.csv,0.3,0.52,1.8089,0.3,0.5,0.1,8,512,110,55,20260913,"Esikler, katsayilar ve ornek buyuklukleri KARARDIR; olcumden turetilmedi. Ayrinti protokol dosyasinda.",3.13.1,8.4.144,0.12.6,2.14.0,2026-09-13 10:08:36,scripts/25_esit_fp_adaylari.py
a0368,a0368_siki.jpg,a0368_baglam.jpg,95,65,632,633,-0.0,-0.0,ana,reports/hafta7_fp_protokolu.md,test,157,tahminler_taban512_hafta7.csv,tahminler_model512.csv,0.3,0.52,1.8089,0.3,0.5,0.1,8,512,110,55,20260913,"Esikler, katsayilar ve ornek buyuklukleri KARARDIR; olcumden turetilmedi. Ayrinti protokol dosyasinda.",3.13.1,8.4.144,0.12.6,2.14.0,2026-09-13 10:08:36,scripts/25_esit_fp_adaylari.py
a0369,a0369_siki.jpg,a0369_baglam.jpg,65,71,513,512,-0.0,154.2,ana,reports/hafta7_fp_protokolu.md,test,157,tahminler_taban512_hafta7.csv,tahminler_model512.csv,0.3,0.52,1.8089,0.3,0.5,0.1,8,512,110,55,20260913,"Esikler, katsayilar ve ornek buyuklukleri KARARDIR; olcumden turetilmedi. Ayrinti protokol dosyasinda.",3.13.1,8.4.144,0.12.6,2.14.0,2026-09-13 10:08:36,scripts/25_esit_fp_adaylari.py
a0370,a0370_siki.jpg,a0370_baglam.jpg,103,52,677,677,-0.0,318.4,kalite,reports/hafta7_fp_protokolu.md,test,157,tahminler_taban512_hafta7.csv,tahminler_model512.csv,0.3,0.52,1.8089,0.3,0.5,0.1,8,512,110,55,20260913,"Esikler, katsayilar ve ornek buyuklukleri KARARDIR; olcumden turetilmedi. Ayrinti protokol dosyasinda.",3.13.1,8.4.144,0.12.6,2.14.0,2026-09-13 10:08:36,scripts/25_esit_fp_adaylari.py
a0371,a0371_siki.jpg,a0371_baglam.jpg,65,75,513,513,-0.0,-0.0,ana,reports/hafta7_fp_protokolu.md,test,157,tahminler_taban512_hafta7.csv,tahminler_model512.csv,0.3,0.52,1.8089,0.3,0.5,0.1,8,512,110,55,20260913,"Esikler, katsayilar ve ornek buyuklukleri KARARDIR; olcumden turetilmedi. Ayrinti protokol dosyasinda.",3.13.1,8.4.144,0.12.6,2.14.0,2026-09-13 10:08:36,scripts/25_esit_fp_adaylari.py
a0372,a0372_siki.jpg,a0372_baglam.jpg,176,87,1168,1168,-0.0,-0.0,ana,reports/hafta7_fp_protokolu.md,test,157,tahminler_taban512_hafta7.csv,tahminler_model512.csv,0.3,0.52,1.8089,0.3,0.5,0.1,8,512,110,55,20260913,"Esikler, katsayilar ve ornek buyuklukleri KARARDIR; olcumden turetilmedi. Ayrinti protokol dosyasinda.",3.13.1,8.4.144,0.12.6,2.14.0,2026-09-13 10:08:36,scripts/25_esit_fp_adaylari.py
a0373,a0373_siki.jpg,a0373_baglam.jpg,65,65,512,513,209.1,-0.0,ana,reports/hafta7_fp_protokolu.md,test,157,tahminler_taban512_hafta7.csv,tahminler_model512.csv,0.3,0.52,1.8089,0.3,0.5,0.1,8,512,110,55,20260913,"Esikler, katsayilar ve ornek buyuklukleri KARARDIR; olcumden turetilmedi. Ayrinti protokol dosyasinda.",3.13.1,8.4.144,0.12.6,2.14.0,2026-09-13 10:08:36,scripts/25_esit_fp_adaylari.py
a0374,a0374_siki.jpg,a0374_baglam.jpg,92,145,957,957,-0.0,-0.0,ana,reports/hafta7_fp_protokolu.md,test,157,tahminler_taban512_hafta7.csv,tahminler_model512.csv,0.3,0.52,1.8089,0.3,0.5,0.1,8,512,110,55,20260913,"Esikler, katsayilar ve ornek buyuklukleri KARARDIR; olcumden turetilmedi. Ayrinti protokol dosyasinda.",3.13.1,8.4.144,0.12.6,2.14.0,2026-09-13 10:08:36,scripts/25_esit_fp_adaylari.py
a0375,a0375_siki.jpg,a0375_baglam.jpg,65,83,550,550,-0.0,-0.0,ana,reports/hafta7_fp_protokolu.md,test,157,tahminler_taban512_hafta7.csv,tahminler_model512.csv,0.3,0.52,1.8089,0.3,0.5,0.1,8,512,110,55,20260913,"Esikler, katsayilar ve ornek buyuklukleri KARARDIR; olcumden turetilmedi. Ayrinti protokol dosyasinda.",3.13.1,8.4.144,0.12.6,2.14.0,2026-09-13 10:08:36,scripts/25_esit_fp_adaylari.py
a0376,a0376_siki.jpg,a0376_baglam.jpg,84,82,555,554,-0.0,-0.0,ana,reports/hafta7_fp_protokolu.md,test,157,tahminler_taban512_hafta7.csv,tahminler_model512.csv,0.3,0.52,1.8089,0.3,0.5,0.1,8,512,110,55,20260913,"Esikler, katsayilar ve ornek buyuklukleri KARARDIR; olcumden turetilmedi. Ayrinti protokol dosyasinda.",3.13.1,8.4.144,0.12.6,2.14.0,2026-09-13 10:08:36,scripts/25_esit_fp_adaylari.py
a0377,a0377_siki.jpg,a0377_baglam.jpg,125,75,833,832,-0.0,-0.0,ana,reports/hafta7_fp_protokolu.md,test,157,tahminler_taban512_hafta7.csv,tahminler_model512.csv,0.3,0.52,1.8089,0.3,0.5,0.1,8,512,110,55,20260913,"Esikler, katsayilar ve ornek buyuklukleri KARARDIR; olcumden turetilmedi. Ayrinti protokol dosyasinda.",3.13.1,8.4.144,0.12.6,2.14.0,2026-09-13 10:08:36,scripts/25_esit_fp_adaylari.py
a0378,a0378_siki.jpg,a0378_baglam.jpg,65,65,513,513,-0.0,-0.0,kalite,reports/hafta7_fp_protokolu.md,test,157,tahminler_taban512_hafta7.csv,tahminler_model512.csv,0.3,0.52,1.8089,0.3,0.5,0.1,8,512,110,55,20260913,"Esikler, katsayilar ve ornek buyuklukleri KARARDIR; olcumden turetilmedi. Ayrinti protokol dosyasinda.",3.13.1,8.4.144,0.12.6,2.14.0,2026-09-13 10:08:36,scripts/25_esit_fp_adaylari.py
a0379,a0379_siki.jpg,a0379_baglam.jpg,65,78,514,514,-0.0,-0.0,kalite,reports/hafta7_fp_protokolu.md,test,157,tahminler_taban512_hafta7.csv,tahminler_model512.csv,0.3,0.52,1.8089,0.3,0.5,0.1,8,512,110,55,20260913,"Esikler, katsayilar ve ornek buyuklukleri KARARDIR; olcumden turetilmedi. Ayrinti protokol dosyasinda.",3.13.1,8.4.144,0.12.6,2.14.0,2026-09-13 10:08:36,scripts/25_esit_fp_adaylari.py
a0380,a0380_siki.jpg,a0380_baglam.jpg,65,73,513,513,-0.0,-0.0,kalite,reports/hafta7_fp_protokolu.md,test,157,tahminler_taban512_hafta7.csv,tahminler_model512.csv,0.3,0.52,1.8089,0.3,0.5,0.1,8,512,110,55,20260913,"Esikler, katsayilar ve ornek buyuklukleri KARARDIR; olcumden turetilmedi. Ayrinti protokol dosyasinda.",3.13.1,8.4.144,0.12.6,2.14.0,2026-09-13 10:08:36,scripts/25_esit_fp_adaylari.py
a0381,a0381_siki.jpg,a0381_baglam.jpg,65,65,513,512,-0.0,219.2,ana,reports/hafta7_fp_protokolu.md,test,157,tahminler_taban512_hafta7.csv,tahminler_model512.csv,0.3,0.52,1.8089,0.3,0.5,0.1,8,512,110,55,20260913,"Esikler, katsayilar ve ornek buyuklukleri KARARDIR; olcumden turetilmedi. Ayrinti protokol dosyasinda.",3.13.1,8.4.144,0.12.6,2.14.0,2026-09-13 10:08:36,scripts/25_esit_fp_adaylari.py
a0382,a0382_siki.jpg,a0382_baglam.jpg,65,87,574,573,-0.0,-117.8,kalite,reports/hafta7_fp_protokolu.md,test,157,tahminler_taban512_hafta7.csv,tahminler_model512.csv,0.3,0.52,1.8089,0.3,0.5,0.1,8,512,110,55,20260913,"Esikler, katsayilar ve ornek buyuklukleri KARARDIR; olcumden turetilmedi. Ayrinti protokol dosyasinda.",3.13.1,8.4.144,0.12.6,2.14.0,2026-09-13 10:08:36,scripts/25_esit_fp_adaylari.py
a0383,a0383_siki.jpg,a0383_baglam.jpg,134,129,885,885,-0.0,-0.0,kalite,reports/hafta7_fp_protokolu.md,test,157,tahminler_taban512_hafta7.csv,tahminler_model512.csv,0.3,0.52,1.8089,0.3,0.5,0.1,8,512,110,55,20260913,"Esikler, katsayilar ve ornek buyuklukleri KARARDIR; olcumden turetilmedi. Ayrinti protokol dosyasinda.",3.13.1,8.4.144,0.12.6,2.14.0,2026-09-13 10:08:36,scripts/25_esit_fp_adaylari.py
a0384,a0384_siki.jpg,a0384_baglam.jpg,65,71,512,513,-222.9,-0.0,ana,reports/hafta7_fp_protokolu.md,test,157,tahminler_taban512_hafta7.csv,tahminler_model512.csv,0.3,0.52,1.8089,0.3,0.5,0.1,8,512,110,55,20260913,"Esikler, katsayilar ve ornek buyuklukleri KARARDIR; olcumden turetilmedi. Ayrinti protokol dosyasinda.",3.13.1,8.4.144,0.12.6,2.14.0,2026-09-13 10:08:36,scripts/25_esit_fp_adaylari.py
a0385,a0385_siki.jpg,a0385_baglam.jpg,65,66,513,513,-0.0,-0.0,ana,reports/hafta7_fp_protokolu.md,test,157,tahminler_taban512_hafta7.csv,tahminler_model512.csv,0.3,0.52,1.8089,0.3,0.5,0.1,8,512,110,55,20260913,"Esikler, katsayilar ve ornek buyuklukleri KARARDIR; olcumden turetilmedi. Ayrinti protokol dosyasinda.",3.13.1,8.4.144,0.12.6,2.14.0,2026-09-13 10:08:36,scripts/25_esit_fp_adaylari.py
a0386,a0386_siki.jpg,a0386_baglam.jpg,65,65,513,513,-0.0,-0.0,ana,reports/hafta7_fp_protokolu.md,test,157,tahminler_taban512_hafta7.csv,tahminler_model512.csv,0.3,0.52,1.8089,0.3,0.5,0.1,8,512,110,55,20260913,"Esikler, katsayilar ve ornek buyuklukleri KARARDIR; olcumden turetilmedi. Ayrinti protokol dosyasinda.",3.13.1,8.4.144,0.12.6,2.14.0,2026-09-13 10:08:36,scripts/25_esit_fp_adaylari.py
a0387,a0387_siki.jpg,a0387_baglam.jpg,65,65,513,513,-0.0,-0.0,ana,reports/hafta7_fp_protokolu.md,test,157,tahminler_taban512_hafta7.csv,tahminler_model512.csv,0.3,0.52,1.8089,0.3,0.5,0.1,8,512,110,55,20260913,"Esikler, katsayilar ve ornek buyuklukleri KARARDIR; olcumden turetilmedi. Ayrinti protokol dosyasinda.",3.13.1,8.4.144,0.12.6,2.14.0,2026-09-13 10:08:36,scripts/25_esit_fp_adaylari.py
a0388,a0388_siki.jpg,a0388_baglam.jpg,65,64,513,512,-0.0,-0.0,ana,reports/hafta7_fp_protokolu.md,test,157,tahminler_taban512_hafta7.csv,tahminler_model512.csv,0.3,0.52,1.8089,0.3,0.5,0.1,8,512,110,55,20260913,"Esikler, katsayilar ve ornek buyuklukleri KARARDIR; olcumden turetilmedi. Ayrinti protokol dosyasinda.",3.13.1,8.4.144,0.12.6,2.14.0,2026-09-13 10:08:36,scripts/25_esit_fp_adaylari.py
a0389,a0389_siki.jpg,a0389_baglam.jpg,65,75,513,513,-0.0,-0.0,ana,reports/hafta7_fp_protokolu.md,test,157,tahminler_taban512_hafta7.csv,tahminler_model512.csv,0.3,0.52,1.8089,0.3,0.5,0.1,8,512,110,55,20260913,"Esikler, katsayilar ve ornek buyuklukleri KARARDIR; olcumden turetilmedi. Ayrinti protokol dosyasinda.",3.13.1,8.4.144,0.12.6,2.14.0,2026-09-13 10:08:36,scripts/25_esit_fp_adaylari.py
a0390,a0390_siki.jpg,a0390_baglam.jpg,65,65,513,512,-0.0,-198.7,ana,reports/hafta7_fp_protokolu.md,test,157,tahminler_taban512_hafta7.csv,tahminler_model512.csv,0.3,0.52,1.8089,0.3,0.5,0.1,8,512,110,55,20260913,"Esikler, katsayilar ve ornek buyuklukleri KARARDIR; olcumden turetilmedi. Ayrinti protokol dosyasinda.",3.13.1,8.4.144,0.12.6,2.14.0,2026-09-13 10:08:36,scripts/25_esit_fp_adaylari.py
a0391,a0391_siki.jpg,a0391_baglam.jpg,137,65,905,906,-0.0,-0.0,ana,reports/hafta7_fp_protokolu.md,test,157,tahminler_taban512_hafta7.csv,tahminler_model512.csv,0.3,0.52,1.8089,0.3,0.5,0.1,8,512,110,55,20260913,"Esikler, katsayilar ve ornek buyuklukleri KARARDIR; olcumden turetilmedi. Ayrinti protokol dosyasinda.",3.13.1,8.4.144,0.12.6,2.14.0,2026-09-13 10:08:36,scripts/25_esit_fp_adaylari.py
a0392,a0392_siki.jpg,a0392_baglam.jpg,65,76,513,512,-0.0,-18.7,ana,reports/hafta7_fp_protokolu.md,test,157,tahminler_taban512_hafta7.csv,tahminler_model512.csv,0.3,0.52,1.8089,0.3,0.5,0.1,8,512,110,55,20260913,"Esikler, katsayilar ve ornek buyuklukleri KARARDIR; olcumden turetilmedi. Ayrinti protokol dosyasinda.",3.13.1,8.4.144,0.12.6,2.14.0,2026-09-13 10:08:36,scripts/25_esit_fp_adaylari.py
a0393,a0393_siki.jpg,a0393_baglam.jpg,68,65,512,513,59.8,-0.0,ana,reports/hafta7_fp_protokolu.md,test,157,tahminler_taban512_hafta7.csv,tahminler_model512.csv,0.3,0.52,1.8089,0.3,0.5,0.1,8,512,110,55,20260913,"Esikler, katsayilar ve ornek buyuklukleri KARARDIR; olcumden turetilmedi. Ayrinti protokol dosyasinda.",3.13.1,8.4.144,0.12.6,2.14.0,2026-09-13 10:08:36,scripts/25_esit_fp_adaylari.py
a0394,a0394_siki.jpg,a0394_baglam.jpg,128,92,852,851,-0.0,-0.0,ana,reports/hafta7_fp_protokolu.md,test,157,tahminler_taban512_hafta7.csv,tahminler_model512.csv,0.3,0.52,1.8089,0.3,0.5,0.1,8,512,110,55,20260913,"Esikler, katsayilar ve ornek buyuklukleri KARARDIR; olcumden turetilmedi. Ayrinti protokol dosyasinda.",3.13.1,8.4.144,0.12.6,2.14.0,2026-09-13 10:08:36,scripts/25_esit_fp_adaylari.py
a0395,a0395_siki.jpg,a0395_baglam.jpg,65,65,513,513,-0.0,-0.0,kalite,reports/hafta7_fp_protokolu.md,test,157,tahminler_taban512_hafta7.csv,tahminler_model512.csv,0.3,0.52,1.8089,0.3,0.5,0.1,8,512,110,55,20260913,"Esikler, katsayilar ve ornek buyuklukleri KARARDIR; olcumden turetilmedi. Ayrinti protokol dosyasinda.",3.13.1,8.4.144,0.12.6,2.14.0,2026-09-13 10:08:36,scripts/25_esit_fp_adaylari.py
a0396,a0396_siki.jpg,a0396_baglam.jpg,210,133,1392,1392,88.8,635.5,ana,reports/hafta7_fp_protokolu.md,test,157,tahminler_taban512_hafta7.csv,tahminler_model512.csv,0.3,0.52,1.8089,0.3,0.5,0.1,8,512,110,55,20260913,"Esikler, katsayilar ve ornek buyuklukleri KARARDIR; olcumden turetilmedi. Ayrinti protokol dosyasinda.",3.13.1,8.4.144,0.12.6,2.14.0,2026-09-13 10:08:36,scripts/25_esit_fp_adaylari.py
a0397,a0397_siki.jpg,a0397_baglam.jpg,73,65,513,513,-0.0,-0.0,ana,reports/hafta7_fp_protokolu.md,test,157,tahminler_taban512_hafta7.csv,tahminler_model512.csv,0.3,0.52,1.8089,0.3,0.5,0.1,8,512,110,55,20260913,"Esikler, katsayilar ve ornek buyuklukleri KARARDIR; olcumden turetilmedi. Ayrinti protokol dosyasinda.",3.13.1,8.4.144,0.12.6,2.14.0,2026-09-13 10:08:36,scripts/25_esit_fp_adaylari.py
a0398,a0398_siki.jpg,a0398_baglam.jpg,118,65,780,781,131.0,-0.0,ana,reports/hafta7_fp_protokolu.md,test,157,tahminler_taban512_hafta7.csv,tahminler_model512.csv,0.3,0.52,1.8089,0.3,0.5,0.1,8,512,110,55,20260913,"Esikler, katsayilar ve ornek buyuklukleri KARARDIR; olcumden turetilmedi. Ayrinti protokol dosyasinda.",3.13.1,8.4.144,0.12.6,2.14.0,2026-09-13 10:08:36,scripts/25_esit_fp_adaylari.py
a0399,a0399_siki.jpg,a0399_baglam.jpg,65,65,513,513,-0.0,-0.0,ana,reports/hafta7_fp_protokolu.md,test,157,tahminler_taban512_hafta7.csv,tahminler_model512.csv,0.3,0.52,1.8089,0.3,0.5,0.1,8,512,110,55,20260913,"Esikler, katsayilar ve ornek buyuklukleri KARARDIR; olcumden turetilmedi. Ayrinti protokol dosyasinda.",3.13.1,8.4.144,0.12.6,2.14.0,2026-09-13 10:08:36,scripts/25_esit_fp_adaylari.py
a0400,a0400_siki.jpg,a0400_baglam.jpg,230,111,1529,1528,-0.0,96.2,ana,reports/hafta7_fp_protokolu.md,test,157,tahminler_taban512_hafta7.csv,tahminler_model512.csv,0.3,0.52,1.8089,0.3,0.5,0.1,8,512,110,55,20260913,"Esikler, katsayilar ve ornek buyuklukleri KARARDIR; olcumden turetilmedi. Ayrinti protokol dosyasinda.",3.13.1,8.4.144,0.12.6,2.14.0,2026-09-13 10:08:36,scripts/25_esit_fp_adaylari.py
a0401,a0401_siki.jpg,a0401_baglam.jpg,71,65,513,513,-0.0,-0.0,ana,reports/hafta7_fp_protokolu.md,test,157,tahminler_taban512_hafta7.csv,tahminler_model512.csv,0.3,0.52,1.8089,0.3,0.5,0.1,8,512,110,55,20260913,"Esikler, katsayilar ve ornek buyuklukleri KARARDIR; olcumden turetilmedi. Ayrinti protokol dosyasinda.",3.13.1,8.4.144,0.12.6,2.14.0,2026-09-13 10:08:36,scripts/25_esit_fp_adaylari.py
a0402,a0402_siki.jpg,a0402_baglam.jpg,137,65,906,905,-0.0,-158.6,kalite,reports/hafta7_fp_protokolu.md,test,157,tahminler_taban512_hafta7.csv,tahminler_model512.csv,0.3,0.52,1.8089,0.3,0.5,0.1,8,512,110,55,20260913,"Esikler, katsayilar ve ornek buyuklukleri KARARDIR; olcumden turetilmedi. Ayrinti protokol dosyasinda.",3.13.1,8.4.144,0.12.6,2.14.0,2026-09-13 10:08:36,scripts/25_esit_fp_adaylari.py
a0403,a0403_siki.jpg,a0403_baglam.jpg,82,70,542,541,-0.0,-214.5,kalite,reports/hafta7_fp_protokolu.md,test,157,tahminler_taban512_hafta7.csv,tahminler_model512.csv,0.3,0.52,1.8089,0.3,0.5,0.1,8,512,110,55,20260913,"Esikler, katsayilar ve ornek buyuklukleri KARARDIR; olcumden turetilmedi. Ayrinti protokol dosyasinda.",3.13.1,8.4.144,0.12.6,2.14.0,2026-09-13 10:08:36,scripts/25_esit_fp_adaylari.py
a0404,a0404_siki.jpg,a0404_baglam.jpg,94,135,893,893,-0.0,-0.0,ana,reports/hafta7_fp_protokolu.md,test,157,tahminler_taban512_hafta7.csv,tahminler_model512.csv,0.3,0.52,1.8089,0.3,0.5,0.1,8,512,110,55,20260913,"Esikler, katsayilar ve ornek buyuklukleri KARARDIR; olcumden turetilmedi. Ayrinti protokol dosyasinda.",3.13.1,8.4.144,0.12.6,2.14.0,2026-09-13 10:08:36,scripts/25_esit_fp_adaylari.py
a0405,a0405_siki.jpg,a0405_baglam.jpg,65,109,724,724,-0.0,-0.0,ana,reports/hafta7_fp_protokolu.md,test,157,tahminler_taban512_hafta7.csv,tahminler_model512.csv,0.3,0.52,1.8089,0.3,0.5,0.1,8,512,110,55,20260913,"Esikler, katsayilar ve ornek buyuklukleri KARARDIR; olcumden turetilmedi. Ayrinti protokol dosyasinda.",3.13.1,8.4.144,0.12.6,2.14.0,2026-09-13 10:08:36,scripts/25_esit_fp_adaylari.py
a0406,a0406_siki.jpg,a0406_baglam.jpg,65,96,636,635,-0.0,-0.0,ana,reports/hafta7_fp_protokolu.md,test,157,tahminler_taban512_hafta7.csv,tahminler_model512.csv,0.3,0.52,1.8089,0.3,0.5,0.1,8,512,110,55,20260913,"Esikler, katsayilar ve ornek buyuklukleri KARARDIR; olcumden turetilmedi. Ayrinti protokol dosyasinda.",3.13.1,8.4.144,0.12.6,2.14.0,2026-09-13 10:08:36,scripts/25_esit_fp_adaylari.py
a0407,a0407_siki.jpg,a0407_baglam.jpg,65,65,513,513,-0.0,-0.0,ana,reports/hafta7_fp_protokolu.md,test,157,tahminler_taban512_hafta7.csv,tahminler_model512.csv,0.3,0.52,1.8089,0.3,0.5,0.1,8,512,110,55,20260913,"Esikler, katsayilar ve ornek buyuklukleri KARARDIR; olcumden turetilmedi. Ayrinti protokol dosyasinda.",3.13.1,8.4.144,0.12.6,2.14.0,2026-09-13 10:08:36,scripts/25_esit_fp_adaylari.py
a0408,a0408_siki.jpg,a0408_baglam.jpg,65,65,513,513,-0.0,-0.0,ana,reports/hafta7_fp_protokolu.md,test,157,tahminler_taban512_hafta7.csv,tahminler_model512.csv,0.3,0.52,1.8089,0.3,0.5,0.1,8,512,110,55,20260913,"Esikler, katsayilar ve ornek buyuklukleri KARARDIR; olcumden turetilmedi. Ayrinti protokol dosyasinda.",3.13.1,8.4.144,0.12.6,2.14.0,2026-09-13 10:08:36,scripts/25_esit_fp_adaylari.py
a0409,a0409_siki.jpg,a0409_baglam.jpg,65,65,513,513,-0.0,-0.0,ana,reports/hafta7_fp_protokolu.md,test,157,tahminler_taban512_hafta7.csv,tahminler_model512.csv,0.3,0.52,1.8089,0.3,0.5,0.1,8,512,110,55,20260913,"Esikler, katsayilar ve ornek buyuklukleri KARARDIR; olcumden turetilmedi. Ayrinti protokol dosyasinda.",3.13.1,8.4.144,0.12.6,2.14.0,2026-09-13 10:08:36,scripts/25_esit_fp_adaylari.py
a0410,a0410_siki.jpg,a0410_baglam.jpg,78,65,513,513,-0.0,-0.0,ana,reports/hafta7_fp_protokolu.md,test,157,tahminler_taban512_hafta7.csv,tahminler_model512.csv,0.3,0.52,1.8089,0.3,0.5,0.1,8,512,110,55,20260913,"Esikler, katsayilar ve ornek buyuklukleri KARARDIR; olcumden turetilmedi. Ayrinti protokol dosyasinda.",3.13.1,8.4.144,0.12.6,2.14.0,2026-09-13 10:08:36,scripts/25_esit_fp_adaylari.py
a0411,a0411_siki.jpg,a0411_baglam.jpg,65,74,513,513,-0.0,-0.0,ana,reports/hafta7_fp_protokolu.md,test,157,tahminler_taban512_hafta7.csv,tahminler_model512.csv,0.3,0.52,1.8089,0.3,0.5,0.1,8,512,110,55,20260913,"Esikler, katsayilar ve ornek buyuklukleri KARARDIR; olcumden turetilmedi. Ayrinti protokol dosyasinda.",3.13.1,8.4.144,0.12.6,2.14.0,2026-09-13 10:08:36,scripts/25_esit_fp_adaylari.py
a0412,a0412_siki.jpg,a0412_baglam.jpg,65,65,513,513,-0.0,-0.0,ana,reports/hafta7_fp_protokolu.md,test,157,tahminler_taban512_hafta7.csv,tahminler_model512.csv,0.3,0.52,1.8089,0.3,0.5,0.1,8,512,110,55,20260913,"Esikler, katsayilar ve ornek buyuklukleri KARARDIR; olcumden turetilmedi. Ayrinti protokol dosyasinda.",3.13.1,8.4.144,0.12.6,2.14.0,2026-09-13 10:08:36,scripts/25_esit_fp_adaylari.py
a0413,a0413_siki.jpg,a0413_baglam.jpg,71,65,513,513,-0.0,-0.0,ana,reports/hafta7_fp_protokolu.md,test,157,tahminler_taban512_hafta7.csv,tahminler_model512.csv,0.3,0.52,1.8089,0.3,0.5,0.1,8,512,110,55,20260913,"Esikler, katsayilar ve ornek buyuklukleri KARARDIR; olcumden turetilmedi. Ayrinti protokol dosyasinda.",3.13.1,8.4.144,0.12.6,2.14.0,2026-09-13 10:08:36,scripts/25_esit_fp_adaylari.py
a0414,a0414_siki.jpg,a0414_baglam.jpg,71,65,513,513,-0.0,-0.0,ana,reports/hafta7_fp_protokolu.md,test,157,tahminler_taban512_hafta7.csv,tahminler_model512.csv,0.3,0.52,1.8089,0.3,0.5,0.1,8,512,110,55,20260913,"Esikler, katsayilar ve ornek buyuklukleri KARARDIR; olcumden turetilmedi. Ayrinti protokol dosyasinda.",3.13.1,8.4.144,0.12.6,2.14.0,2026-09-13 10:08:36,scripts/25_esit_fp_adaylari.py
a0415,a0415_siki.jpg,a0415_baglam.jpg,137,196,1297,1297,-0.0,-0.0,ana,reports/hafta7_fp_protokolu.md,test,157,tahminler_taban512_hafta7.csv,tahminler_model512.csv,0.3,0.52,1.8089,0.3,0.5,0.1,8,512,110,55,20260913,"Esikler, katsayilar ve ornek buyuklukleri KARARDIR; olcumden turetilmedi. Ayrinti protokol dosyasinda.",3.13.1,8.4.144,0.12.6,2.14.0,2026-09-13 10:08:36,scripts/25_esit_fp_adaylari.py
a0416,a0416_siki.jpg,a0416_baglam.jpg,65,65,513,513,-0.0,-0.0,ana,reports/hafta7_fp_protokolu.md,test,157,tahminler_taban512_hafta7.csv,tahminler_model512.csv,0.3,0.52,1.8089,0.3,0.5,0.1,8,512,110,55,20260913,"Esikler, katsayilar ve ornek buyuklukleri KARARDIR; olcumden turetilmedi. Ayrinti protokol dosyasinda.",3.13.1,8.4.144,0.12.6,2.14.0,2026-09-13 10:08:36,scripts/25_esit_fp_adaylari.py
a0417,a0417_siki.jpg,a0417_baglam.jpg,83,122,805,806,-0.0,-0.0,ana,reports/hafta7_fp_protokolu.md,test,157,tahminler_taban512_hafta7.csv,tahminler_model512.csv,0.3,0.52,1.8089,0.3,0.5,0.1,8,512,110,55,20260913,"Esikler, katsayilar ve ornek buyuklukleri KARARDIR; olcumden turetilmedi. Ayrinti protokol dosyasinda.",3.13.1,8.4.144,0.12.6,2.14.0,2026-09-13 10:08:36,scripts/25_esit_fp_adaylari.py
a0418,a0418_siki.jpg,a0418_baglam.jpg,65,93,617,617,-0.0,-0.0,ana,reports/hafta7_fp_protokolu.md,test,157,tahminler_taban512_hafta7.csv,tahminler_model512.csv,0.3,0.52,1.8089,0.3,0.5,0.1,8,512,110,55,20260913,"Esikler, katsayilar ve ornek buyuklukleri KARARDIR; olcumden turetilmedi. Ayrinti protokol dosyasinda.",3.13.1,8.4.144,0.12.6,2.14.0,2026-09-13 10:08:36,scripts/25_esit_fp_adaylari.py
a0419,a0419_siki.jpg,a0419_baglam.jpg,100,80,661,661,-0.0,-0.0,kalite,reports/hafta7_fp_protokolu.md,test,157,tahminler_taban512_hafta7.csv,tahminler_model512.csv,0.3,0.52,1.8089,0.3,0.5,0.1,8,512,110,55,20260913,"Esikler, katsayilar ve ornek buyuklukleri KARARDIR; olcumden turetilmedi. Ayrinti protokol dosyasinda.",3.13.1,8.4.144,0.12.6,2.14.0,2026-09-13 10:08:36,scripts/25_esit_fp_adaylari.py
a0420,a0420_siki.jpg,a0420_baglam.jpg,65,65,512,513,207.5,-0.0,ana,reports/hafta7_fp_protokolu.md,test,157,tahminler_taban512_hafta7.csv,tahminler_model512.csv,0.3,0.52,1.8089,0.3,0.5,0.1,8,512,110,55,20260913,"Esikler, katsayilar ve ornek buyuklukleri KARARDIR; olcumden turetilmedi. Ayrinti protokol dosyasinda.",3.13.1,8.4.144,0.12.6,2.14.0,2026-09-13 10:08:36,scripts/25_esit_fp_adaylari.py
a0421,a0421_siki.jpg,a0421_baglam.jpg,65,73,513,513,-0.0,-0.0,ana,reports/hafta7_fp_protokolu.md,test,157,tahminler_taban512_hafta7.csv,tahminler_model512.csv,0.3,0.52,1.8089,0.3,0.5,0.1,8,512,110,55,20260913,"Esikler, katsayilar ve ornek buyuklukleri KARARDIR; olcumden turetilmedi. Ayrinti protokol dosyasinda.",3.13.1,8.4.144,0.12.6,2.14.0,2026-09-13 10:08:36,scripts/25_esit_fp_adaylari.py
a0422,a0422_siki.jpg,a0422_baglam.jpg,80,108,716,716,-0.0,286.4,ana,reports/hafta7_fp_protokolu.md,test,157,tahminler_taban512_hafta7.csv,tahminler_model512.csv,0.3,0.52,1.8089,0.3,0.5,0.1,8,512,110,55,20260913,"Esikler, katsayilar ve ornek buyuklukleri KARARDIR; olcumden turetilmedi. Ayrinti protokol dosyasinda.",3.13.1,8.4.144,0.12.6,2.14.0,2026-09-13 10:08:36,scripts/25_esit_fp_adaylari.py
a0423,a0423_siki.jpg,a0423_baglam.jpg,187,126,1238,1238,-158.4,-0.0,ana,reports/hafta7_fp_protokolu.md,test,157,tahminler_taban512_hafta7.csv,tahminler_model512.csv,0.3,0.52,1.8089,0.3,0.5,0.1,8,512,110,55,20260913,"Esikler, katsayilar ve ornek buyuklukleri KARARDIR; olcumden turetilmedi. Ayrinti protokol dosyasinda.",3.13.1,8.4.144,0.12.6,2.14.0,2026-09-13 10:08:36,scripts/25_esit_fp_adaylari.py
a0424,a0424_siki.jpg,a0424_baglam.jpg,78,141,937,937,-0.0,-0.0,ana,reports/hafta7_fp_protokolu.md,test,157,tahminler_taban512_hafta7.csv,tahminler_model512.csv,0.3,0.52,1.8089,0.3,0.5,0.1,8,512,110,55,20260913,"Esikler, katsayilar ve ornek buyuklukleri KARARDIR; olcumden turetilmedi. Ayrinti protokol dosyasinda.",3.13.1,8.4.144,0.12.6,2.14.0,2026-09-13 10:08:36,scripts/25_esit_fp_adaylari.py
a0425,a0425_siki.jpg,a0425_baglam.jpg,65,73,529,528,-0.0,-230.7,ana,reports/hafta7_fp_protokolu.md,test,157,tahminler_taban512_hafta7.csv,tahminler_model512.csv,0.3,0.52,1.8089,0.3,0.5,0.1,8,512,110,55,20260913,"Esikler, katsayilar ve ornek buyuklukleri KARARDIR; olcumden turetilmedi. Ayrinti protokol dosyasinda.",3.13.1,8.4.144,0.12.6,2.14.0,2026-09-13 10:08:36,scripts/25_esit_fp_adaylari.py
a0426,a0426_siki.jpg,a0426_baglam.jpg,108,80,710,710,-0.0,-0.0,kalite,reports/hafta7_fp_protokolu.md,test,157,tahminler_taban512_hafta7.csv,tahminler_model512.csv,0.3,0.52,1.8089,0.3,0.5,0.1,8,512,110,55,20260913,"Esikler, katsayilar ve ornek buyuklukleri KARARDIR; olcumden turetilmedi. Ayrinti protokol dosyasinda.",3.13.1,8.4.144,0.12.6,2.14.0,2026-09-13 10:08:36,scripts/25_esit_fp_adaylari.py
a0427,a0427_siki.jpg,a0427_baglam.jpg,95,128,845,846,-0.0,-0.0,ana,reports/hafta7_fp_protokolu.md,test,157,tahminler_taban512_hafta7.csv,tahminler_model512.csv,0.3,0.52,1.8089,0.3,0.5,0.1,8,512,110,55,20260913,"Esikler, katsayilar ve ornek buyuklukleri KARARDIR; olcumden turetilmedi. Ayrinti protokol dosyasinda.",3.13.1,8.4.144,0.12.6,2.14.0,2026-09-13 10:08:36,scripts/25_esit_fp_adaylari.py
a0428,a0428_siki.jpg,a0428_baglam.jpg,126,129,856,856,-67.0,-183.2,ana,reports/hafta7_fp_protokolu.md,test,157,tahminler_taban512_hafta7.csv,tahminler_model512.csv,0.3,0.52,1.8089,0.3,0.5,0.1,8,512,110,55,20260913,"Esikler, katsayilar ve ornek buyuklukleri KARARDIR; olcumden turetilmedi. Ayrinti protokol dosyasinda.",3.13.1,8.4.144,0.12.6,2.14.0,2026-09-13 10:08:36,scripts/25_esit_fp_adaylari.py
a0429,a0429_siki.jpg,a0429_baglam.jpg,94,134,893,892,-0.0,377.1,ana,reports/hafta7_fp_protokolu.md,test,157,tahminler_taban512_hafta7.csv,tahminler_model512.csv,0.3,0.52,1.8089,0.3,0.5,0.1,8,512,110,55,20260913,"Esikler, katsayilar ve ornek buyuklukleri KARARDIR; olcumden turetilmedi. Ayrinti protokol dosyasinda.",3.13.1,8.4.144,0.12.6,2.14.0,2026-09-13 10:08:36,scripts/25_esit_fp_adaylari.py
a0430,a0430_siki.jpg,a0430_baglam.jpg,65,73,513,513,-0.0,-0.0,ana,reports/hafta7_fp_protokolu.md,test,157,tahminler_taban512_hafta7.csv,tahminler_model512.csv,0.3,0.52,1.8089,0.3,0.5,0.1,8,512,110,55,20260913,"Esikler, katsayilar ve ornek buyuklukleri KARARDIR; olcumden turetilmedi. Ayrinti protokol dosyasinda.",3.13.1,8.4.144,0.12.6,2.14.0,2026-09-13 10:08:36,scripts/25_esit_fp_adaylari.py
a0431,a0431_siki.jpg,a0431_baglam.jpg,89,97,636,637,-0.0,-0.0,kalite,reports/hafta7_fp_protokolu.md,test,157,tahminler_taban512_hafta7.csv,tahminler_model512.csv,0.3,0.52,1.8089,0.3,0.5,0.1,8,512,110,55,20260913,"Esikler, katsayilar ve ornek buyuklukleri KARARDIR; olcumden turetilmedi. Ayrinti protokol dosyasinda.",3.13.1,8.4.144,0.12.6,2.14.0,2026-09-13 10:08:36,scripts/25_esit_fp_adaylari.py
a0432,a0432_siki.jpg,a0432_baglam.jpg,65,65,513,513,-0.0,-0.0,ana,reports/hafta7_fp_protokolu.md,test,157,tahminler_taban512_hafta7.csv,tahminler_model512.csv,0.3,0.52,1.8089,0.3,0.5,0.1,8,512,110,55,20260913,"Esikler, katsayilar ve ornek buyuklukleri KARARDIR; olcumden turetilmedi. Ayrinti protokol dosyasinda.",3.13.1,8.4.144,0.12.6,2.14.0,2026-09-13 10:08:36,scripts/25_esit_fp_adaylari.py
a0433,a0433_siki.jpg,a0433_baglam.jpg,128,83,848,848,-0.0,-0.0,ana,reports/hafta7_fp_protokolu.md,test,157,tahminler_taban512_hafta7.csv,tahminler_model512.csv,0.3,0.52,1.8089,0.3,0.5,0.1,8,512,110,55,20260913,"Esikler, katsayilar ve ornek buyuklukleri KARARDIR; olcumden turetilmedi. Ayrinti protokol dosyasinda.",3.13.1,8.4.144,0.12.6,2.14.0,2026-09-13 10:08:36,scripts/25_esit_fp_adaylari.py
a0434,a0434_siki.jpg,a0434_baglam.jpg,135,81,894,895,-63.5,-0.0,ana,reports/hafta7_fp_protokolu.md,test,157,tahminler_taban512_hafta7.csv,tahminler_model512.csv,0.3,0.52,1.8089,0.3,0.5,0.1,8,512,110,55,20260913,"Esikler, katsayilar ve ornek buyuklukleri KARARDIR; olcumden turetilmedi. Ayrinti protokol dosyasinda.",3.13.1,8.4.144,0.12.6,2.14.0,2026-09-13 10:08:36,scripts/25_esit_fp_adaylari.py
a0435,a0435_siki.jpg,a0435_baglam.jpg,65,66,513,513,-0.0,-0.0,ana,reports/hafta7_fp_protokolu.md,test,157,tahminler_taban512_hafta7.csv,tahminler_model512.csv,0.3,0.52,1.8089,0.3,0.5,0.1,8,512,110,55,20260913,"Esikler, katsayilar ve ornek buyuklukleri KARARDIR; olcumden turetilmedi. Ayrinti protokol dosyasinda.",3.13.1,8.4.144,0.12.6,2.14.0,2026-09-13 10:08:36,scripts/25_esit_fp_adaylari.py
a0436,a0436_siki.jpg,a0436_baglam.jpg,65,65,513,513,-0.0,-0.0,kalite,reports/hafta7_fp_protokolu.md,test,157,tahminler_taban512_hafta7.csv,tahminler_model512.csv,0.3,0.52,1.8089,0.3,0.5,0.1,8,512,110,55,20260913,"Esikler, katsayilar ve ornek buyuklukleri KARARDIR; olcumden turetilmedi. Ayrinti protokol dosyasinda.",3.13.1,8.4.144,0.12.6,2.14.0,2026-09-13 10:08:36,scripts/25_esit_fp_adaylari.py
a0437,a0437_siki.jpg,a0437_baglam.jpg,83,148,984,985,46.9,-0.0,kalite,reports/hafta7_fp_protokolu.md,test,157,tahminler_taban512_hafta7.csv,tahminler_model512.csv,0.3,0.52,1.8089,0.3,0.5,0.1,8,512,110,55,20260913,"Esikler, katsayilar ve ornek buyuklukleri KARARDIR; olcumden turetilmedi. Ayrinti protokol dosyasinda.",3.13.1,8.4.144,0.12.6,2.14.0,2026-09-13 10:08:36,scripts/25_esit_fp_adaylari.py
a0438,a0438_siki.jpg,a0438_baglam.jpg,72,166,1101,1101,-0.0,-0.0,ana,reports/hafta7_fp_protokolu.md,test,157,tahminler_taban512_hafta7.csv,tahminler_model512.csv,0.3,0.52,1.8089,0.3,0.5,0.1,8,512,110,55,20260913,"Esikler, katsayilar ve ornek buyuklukleri KARARDIR; olcumden turetilmedi. Ayrinti protokol dosyasinda.",3.13.1,8.4.144,0.12.6,2.14.0,2026-09-13 10:08:36,scripts/25_esit_fp_adaylari.py
a0439,a0439_siki.jpg,a0439_baglam.jpg,65,65,513,513,-0.0,-0.0,ana,reports/hafta7_fp_protokolu.md,test,157,tahminler_taban512_hafta7.csv,tahminler_model512.csv,0.3,0.52,1.8089,0.3,0.5,0.1,8,512,110,55,20260913,"Esikler, katsayilar ve ornek buyuklukleri KARARDIR; olcumden turetilmedi. Ayrinti protokol dosyasinda.",3.13.1,8.4.144,0.12.6,2.14.0,2026-09-13 10:08:36,scripts/25_esit_fp_adaylari.py
a0440,a0440_siki.jpg,a0440_baglam.jpg,65,65,512,513,-124.7,-0.0,ana,reports/hafta7_fp_protokolu.md,test,157,tahminler_taban512_hafta7.csv,tahminler_model512.csv,0.3,0.52,1.8089,0.3,0.5,0.1,8,512,110,55,20260913,"Esikler, katsayilar ve ornek buyuklukleri KARARDIR; olcumden turetilmedi. Ayrinti protokol dosyasinda.",3.13.1,8.4.144,0.12.6,2.14.0,2026-09-13 10:08:36,scripts/25_esit_fp_adaylari.py
