aday_kimligi,model,goruntu_adi,kaynak_onek,skor,x1,y1,x2,y2,kutu_genislik,kutu_yukseklik,en_iyi_gt_iou,eslesen_gt_iou,tp_fp,calisma_esigi,fp_butcesi,dislama_gerekcesi,kor_kimlik,kontrol_kor_kimlik,ornege_alindi,katman,katman_secilme_olasiligi,kosu_protokol,kosu_bolum,kosu_goruntu_sayisi,kosu_taban_tahmin_kaynagi,kosu_model_tahmin_kaynagi,kosu_taban_calisma_esigi,kosu_model_calisma_esigi,kosu_fp_butcesi,kosu_eslestirme_iou,kosu_ortusen_fp_iou,kosu_kontrol_tahmin_iou,kosu_baglam_katsayi,kosu_baglam_asgari_kenar,kosu_model_basina_hedef,kosu_katman_tabani,kosu_tohum,kosu_kapsam_notu,kosu_surum_python,kosu_surum_ultralytics,kosu_surum_sahi,kosu_surum_torch,kosu_tarih,kosu_komut
taban_00001,Taban-512,test_ZRI_0004_JPG.rf.e913f73a55a644ae9b3e440de80f749d.jpg,ZRI,0.8758,1234.6,1042.0,1280.4,1108.9,45.8,66.9,0.7706,0.7706,TP,0.3,1.8089,,,,hayir,,,reports/hafta7_fp_protokolu.md,test,157,tahminler_taban512_hafta7.csv,tahminler_model512.csv,0.3,0.52,1.8089,0.3,0.5,0.1,8,512,110,55,20260913,"Esikler, katsayilar ve ornek buyuklukleri KARARDIR; olcumden turetilmedi. Ayrinti protokol dosyasinda.",3.13.1,8.4.144,0.12.6,2.14.0,2026-09-13 10:08:36,scripts/25_esit_fp_adaylari.py
taban_00002,Taban-512,test_ZRI_0004_JPG.rf.e913f73a55a644ae9b3e440de80f749d.jpg,ZRI,0.6132,3280.2,1413.7,3352.8,1518.9,72.6,105.2,0.5784,0.5784,TP,0.3,1.8089,,,,hayir,,,reports/hafta7_fp_protokolu.md,test,157,tahminler_taban512_hafta7.csv,tahminler_model512.csv,0.3,0.52,1.8089,0.3,0.5,0.1,8,512,110,55,20260913,"Esikler, katsayilar ve ornek buyuklukleri KARARDIR; olcumden turetilmedi. Ayrinti protokol dosyasinda.",3.13.1,8.4.144,0.12.6,2.14.0,2026-09-13 10:08:36,scripts/25_esit_fp_adaylari.py
taban_00003,Taban-512,test_ZRI_0004_JPG.rf.e913f73a55a644ae9b3e440de80f749d.jpg,ZRI,0.4994,2088.7,2544.4,2110.6,2561.8,21.9,17.4,0.0,,FP,0.3,1.8089,,,,hayir,,,reports/hafta7_fp_protokolu.md,test,157,tahminler_taban512_hafta7.csv,tahminler_model512.csv,0.3,0.52,1.8089,0.3,0.5,0.1,8,512,110,55,20260913,"Esikler, katsayilar ve ornek buyuklukleri KARARDIR; olcumden turetilmedi. Ayrinti protokol dosyasinda.",3.13.1,8.4.144,0.12.6,2.14.0,2026-09-13 10:08:36,scripts/25_esit_fp_adaylari.py
taban_00004,Taban-512,test_ZRI_0004_JPG.rf.e913f73a55a644ae9b3e440de80f749d.jpg,ZRI,0.4881,1340.1,2454.8,1409.4,2529.2,69.3,74.4,0.7588,0.7588,TP,0.3,1.8089,,,,hayir,,,reports/hafta7_fp_protokolu.md,test,157,tahminler_taban512_hafta7.csv,tahminler_model512.csv,0.3,0.52,1.8089,0.3,0.5,0.1,8,512,110,55,20260913,"Esikler, katsayilar ve ornek buyuklukleri KARARDIR; olcumden turetilmedi. Ayrinti protokol dosyasinda.",3.13.1,8.4.144,0.12.6,2.14.0,2026-09-13 10:08:36,scripts/25_esit_fp_adaylari.py
taban_00005,Taban-512,test_ZRI_0004_JPG.rf.e913f73a55a644ae9b3e440de80f749d.jpg,ZRI,0.3924,1138.8,1023.6,1202.1,1075.4,63.3,51.8,0.5921,0.5921,TP,0.3,1.8089,,,,hayir,,,reports/hafta7_fp_protokolu.md,test,157,tahminler_taban512_hafta7.csv,tahminler_model512.csv,0.3,0.52,1.8089,0.3,0.5,0.1,8,512,110,55,20260913,"Esikler, katsayilar ve ornek buyuklukleri KARARDIR; olcumden turetilmedi. Ayrinti protokol dosyasinda.",3.13.1,8.4.144,0.12.6,2.14.0,2026-09-13 10:08:36,scripts/25_esit_fp_adaylari.py
taban_00006,Taban-512,train_VRD_3058_JPG.rf.710ef627937d5c49e259cb163061ae33.jpg,VRD,0.4111,716.8,1006.2,750.1,1074.8,33.3,68.6,0.0,,FP,0.3,1.8089,,a0206,a0375,evet,Taban-512/VRD,1.0,reports/hafta7_fp_protokolu.md,test,157,tahminler_taban512_hafta7.csv,tahminler_model512.csv,0.3,0.52,1.8089,0.3,0.5,0.1,8,512,110,55,20260913,"Esikler, katsayilar ve ornek buyuklukleri KARARDIR; olcumden turetilmedi. Ayrinti protokol dosyasinda.",3.13.1,8.4.144,0.12.6,2.14.0,2026-09-13 10:08:36,scripts/25_esit_fp_adaylari.py
taban_00007,Taban-512,train_VRD_3058_JPG.rf.710ef627937d5c49e259cb163061ae33.jpg,VRD,0.3665,690.8,1190.9,733.5,1248.9,42.7,58.0,0.0,,FP,0.3,1.8089,,a0094,a0134,evet,Taban-512/VRD,1.0,reports/hafta7_fp_protokolu.md,test,157,tahminler_taban512_hafta7.csv,tahminler_model512.csv,0.3,0.52,1.8089,0.3,0.5,0.1,8,512,110,55,20260913,"Esikler, katsayilar ve ornek buyuklukleri KARARDIR; olcumden turetilmedi. Ayrinti protokol dosyasinda.",3.13.1,8.4.144,0.12.6,2.14.0,2026-09-13 10:08:36,scripts/25_esit_fp_adaylari.py
taban_00008,Taban-512,train_VRD_3058_JPG.rf.710ef627937d5c49e259cb163061ae33.jpg,VRD,0.3344,274.7,2666.2,305.2,2721.1,30.5,54.9,0.0,,FP,0.3,1.8089,,a0264,a0147,evet,Taban-512/VRD,1.0,reports/hafta7_fp_protokolu.md,test,157,tahminler_taban512_hafta7.csv,tahminler_model512.csv,0.3,0.52,1.8089,0.3,0.5,0.1,8,512,110,55,20260913,"Esikler, katsayilar ve ornek buyuklukleri KARARDIR; olcumden turetilmedi. Ayrinti protokol dosyasinda.",3.13.1,8.4.144,0.12.6,2.14.0,2026-09-13 10:08:36,scripts/25_esit_fp_adaylari.py
taban_00009,Taban-512,train_VRD_3061_JPG.rf.3be6b1547def39345610baf26c4570e8.jpg,VRD,0.6729,866.1,1169.0,907.6,1254.1,41.5,85.1,0.0,,FP,0.3,1.8089,,a0361,a0327,evet,Taban-512/VRD,1.0,reports/hafta7_fp_protokolu.md,test,157,tahminler_taban512_hafta7.csv,tahminler_model512.csv,0.3,0.52,1.8089,0.3,0.5,0.1,8,512,110,55,20260913,"Esikler, katsayilar ve ornek buyuklukleri KARARDIR; olcumden turetilmedi. Ayrinti protokol dosyasinda.",3.13.1,8.4.144,0.12.6,2.14.0,2026-09-13 10:08:36,scripts/25_esit_fp_adaylari.py
taban_00010,Taban-512,train_VRD_3061_JPG.rf.3be6b1547def39345610baf26c4570e8.jpg,VRD,0.3695,482.7,840.4,510.2,889.8,27.5,49.4,0.0,,FP,0.3,1.8089,,a0315,a0085,evet,Taban-512/VRD,1.0,reports/hafta7_fp_protokolu.md,test,157,tahminler_taban512_hafta7.csv,tahminler_model512.csv,0.3,0.52,1.8089,0.3,0.5,0.1,8,512,110,55,20260913,"Esikler, katsayilar ve ornek buyuklukleri KARARDIR; olcumden turetilmedi. Ayrinti protokol dosyasinda.",3.13.1,8.4.144,0.12.6,2.14.0,2026-09-13 10:08:36,scripts/25_esit_fp_adaylari.py
taban_00011,Taban-512,train_VRD_3062_JPG.rf.c7763470dd8621a18525ba51c08e6abe.jpg,VRD,0.4025,711.1,2050.2,756.5,2090.5,45.4,40.3,0.0,,FP,0.3,1.8089,,a0168,a0249,evet,Taban-512/VRD,1.0,reports/hafta7_fp_protokolu.md,test,157,tahminler_taban512_hafta7.csv,tahminler_model512.csv,0.3,0.52,1.8089,0.3,0.5,0.1,8,512,110,55,20260913,"Esikler, katsayilar ve ornek buyuklukleri KARARDIR; olcumden turetilmedi. Ayrinti protokol dosyasinda.",3.13.1,8.4.144,0.12.6,2.14.0,2026-09-13 10:08:36,scripts/25_esit_fp_adaylari.py
taban_00012,Taban-512,train_VRD_3063_JPG.rf.9fa84c4cacfdbcf9ea5e80ac5d4a9928.jpg,VRD,0.3083,789.3,1640.2,830.0,1680.0,40.7,39.8,0.0,,FP,0.3,1.8089,,a0283,a0113,evet,Taban-512/VRD,1.0,reports/hafta7_fp_protokolu.md,test,157,tahminler_taban512_hafta7.csv,tahminler_model512.csv,0.3,0.52,1.8089,0.3,0.5,0.1,8,512,110,55,20260913,"Esikler, katsayilar ve ornek buyuklukleri KARARDIR; olcumden turetilmedi. Ayrinti protokol dosyasinda.",3.13.1,8.4.144,0.12.6,2.14.0,2026-09-13 10:08:36,scripts/25_esit_fp_adaylari.py
taban_00013,Taban-512,train_VRD_3064_JPG.rf.a3264a41566e7502902096b0c80661b5.jpg,VRD,0.3186,416.3,2488.7,490.3,2608.5,74.0,119.8,0.0,,FP,0.3,1.8089,,a0066,a0204,evet,Taban-512/VRD,1.0,reports/hafta7_fp_protokolu.md,test,157,tahminler_taban512_hafta7.csv,tahminler_model512.csv,0.3,0.52,1.8089,0.3,0.5,0.1,8,512,110,55,20260913,"Esikler, katsayilar ve ornek buyuklukleri KARARDIR; olcumden turetilmedi. Ayrinti protokol dosyasinda.",3.13.1,8.4.144,0.12.6,2.14.0,2026-09-13 10:08:36,scripts/25_esit_fp_adaylari.py
taban_00014,Taban-512,train_VRD_3068_JPG.rf.037ab67223e871ad9716e9aab2f4a197.jpg,VRD,0.3628,505.7,1356.7,534.3,1400.3,28.6,43.6,0.0,,FP,0.3,1.8089,,a0027,a0325,evet,Taban-512/VRD,1.0,reports/hafta7_fp_protokolu.md,test,157,tahminler_taban512_hafta7.csv,tahminler_model512.csv,0.3,0.52,1.8089,0.3,0.5,0.1,8,512,110,55,20260913,"Esikler, katsayilar ve ornek buyuklukleri KARARDIR; olcumden turetilmedi. Ayrinti protokol dosyasinda.",3.13.1,8.4.144,0.12.6,2.14.0,2026-09-13 10:08:36,scripts/25_esit_fp_adaylari.py
taban_00015,Taban-512,train_VRD_3068_JPG.rf.037ab67223e871ad9716e9aab2f4a197.jpg,VRD,0.3448,22.6,25.6,47.7,61.4,25.1,35.8,0.0,,FP,0.3,1.8089,,a0017,a0259,evet,Taban-512/VRD,1.0,reports/hafta7_fp_protokolu.md,test,157,tahminler_taban512_hafta7.csv,tahminler_model512.csv,0.3,0.52,1.8089,0.3,0.5,0.1,8,512,110,55,20260913,"Esikler, katsayilar ve ornek buyuklukleri KARARDIR; olcumden turetilmedi. Ayrinti protokol dosyasinda.",3.13.1,8.4.144,0.12.6,2.14.0,2026-09-13 10:08:36,scripts/25_esit_fp_adaylari.py
taban_00016,Taban-512,train_VRD_3082_JPG.rf.bc32984470d6b81e6cda05017ace1730.jpg,VRD,0.5761,2165.6,359.9,2191.5,412.3,25.9,52.4,0.7792,0.7792,TP,0.3,1.8089,,,,hayir,,,reports/hafta7_fp_protokolu.md,test,157,tahminler_taban512_hafta7.csv,tahminler_model512.csv,0.3,0.52,1.8089,0.3,0.5,0.1,8,512,110,55,20260913,"Esikler, katsayilar ve ornek buyuklukleri KARARDIR; olcumden turetilmedi. Ayrinti protokol dosyasinda.",3.13.1,8.4.144,0.12.6,2.14.0,2026-09-13 10:08:36,scripts/25_esit_fp_adaylari.py
taban_00017,Taban-512,train_VRD_3082_JPG.rf.bc32984470d6b81e6cda05017ace1730.jpg,VRD,0.4218,2164.4,315.6,2198.2,356.7,33.8,41.1,0.0,,FP,0.3,1.8089,,a0050,a0416,evet,Taban-512/VRD,1.0,reports/hafta7_fp_protokolu.md,test,157,tahminler_taban512_hafta7.csv,tahminler_model512.csv,0.3,0.52,1.8089,0.3,0.5,0.1,8,512,110,55,20260913,"Esikler, katsayilar ve ornek buyuklukleri KARARDIR; olcumden turetilmedi. Ayrinti protokol dosyasinda.",3.13.1,8.4.144,0.12.6,2.14.0,2026-09-13 10:08:36,scripts/25_esit_fp_adaylari.py
taban_00018,Taban-512,train_VRD_3083_JPG.rf.8af8b7ba2f81349640d3de9849199918.jpg,VRD,0.7393,2220.7,786.8,2251.3,854.8,30.6,68.0,0.8587,0.8587,TP,0.3,1.8089,,,,hayir,,,reports/hafta7_fp_protokolu.md,test,157,tahminler_taban512_hafta7.csv,tahminler_model512.csv,0.3,0.52,1.8089,0.3,0.5,0.1,8,512,110,55,20260913,"Esikler, katsayilar ve ornek buyuklukleri KARARDIR; olcumden turetilmedi. Ayrinti protokol dosyasinda.",3.13.1,8.4.144,0.12.6,2.14.0,2026-09-13 10:08:36,scripts/25_esit_fp_adaylari.py
taban_00019,Taban-512,train_VRD_3083_JPG.rf.8af8b7ba2f81349640d3de9849199918.jpg,VRD,0.6388,2222.2,729.9,2252.9,773.1,30.7,43.2,0.0,,FP,0.3,1.8089,,a0386,a0034,evet,Taban-512/VRD,1.0,reports/hafta7_fp_protokolu.md,test,157,tahminler_taban512_hafta7.csv,tahminler_model512.csv,0.3,0.52,1.8089,0.3,0.5,0.1,8,512,110,55,20260913,"Esikler, katsayilar ve ornek buyuklukleri KARARDIR; olcumden turetilmedi. Ayrinti protokol dosyasinda.",3.13.1,8.4.144,0.12.6,2.14.0,2026-09-13 10:08:36,scripts/25_esit_fp_adaylari.py
taban_00020,Taban-512,train_VRD_3083_JPG.rf.8af8b7ba2f81349640d3de9849199918.jpg,VRD,0.6113,2222.0,820.2,2246.1,854.9,24.1,34.7,0.3899,,FP,0.3,1.8089,,a0137,a0145,evet,Taban-512/VRD,1.0,reports/hafta7_fp_protokolu.md,test,157,tahminler_taban512_hafta7.csv,tahminler_model512.csv,0.3,0.52,1.8089,0.3,0.5,0.1,8,512,110,55,20260913,"Esikler, katsayilar ve ornek buyuklukleri KARARDIR; olcumden turetilmedi. Ayrinti protokol dosyasinda.",3.13.1,8.4.144,0.12.6,2.14.0,2026-09-13 10:08:36,scripts/25_esit_fp_adaylari.py
taban_00021,Taban-512,train_VRD_3085_JPG.rf.1d6c6e8846eb0d17d57f80cd4adfc4cf.jpg,VRD,0.5801,2706.3,705.9,2737.2,748.8,30.9,42.9,0.0,,FP,0.3,1.8089,,a0013,a0439,evet,Taban-512/VRD,1.0,reports/hafta7_fp_protokolu.md,test,157,tahminler_taban512_hafta7.csv,tahminler_model512.csv,0.3,0.52,1.8089,0.3,0.5,0.1,8,512,110,55,20260913,"Esikler, katsayilar ve ornek buyuklukleri KARARDIR; olcumden turetilmedi. Ayrinti protokol dosyasinda.",3.13.1,8.4.144,0.12.6,2.14.0,2026-09-13 10:08:36,scripts/25_esit_fp_adaylari.py
taban_00022,Taban-512,train_VRD_3085_JPG.rf.1d6c6e8846eb0d17d57f80cd4adfc4cf.jpg,VRD,0.5427,2718.4,755.6,2750.9,814.5,32.5,58.9,0.6064,0.6064,TP,0.3,1.8089,,,,hayir,,,reports/hafta7_fp_protokolu.md,test,157,tahminler_taban512_hafta7.csv,tahminler_model512.csv,0.3,0.52,1.8089,0.3,0.5,0.1,8,512,110,55,20260913,"Esikler, katsayilar ve ornek buyuklukleri KARARDIR; olcumden turetilmedi. Ayrinti protokol dosyasinda.",3.13.1,8.4.144,0.12.6,2.14.0,2026-09-13 10:08:36,scripts/25_esit_fp_adaylari.py
taban_00023,Taban-512,train_VRD_3087_JPG.rf.77189923102c093b565f5ac08703611b.jpg,VRD,0.5563,2885.3,1550.7,2921.8,1599.5,36.5,48.8,0.0,,FP,0.3,1.8089,,a0081,a0015,evet,Taban-512/VRD,1.0,reports/hafta7_fp_protokolu.md,test,157,tahminler_taban512_hafta7.csv,tahminler_model512.csv,0.3,0.52,1.8089,0.3,0.5,0.1,8,512,110,55,20260913,"Esikler, katsayilar ve ornek buyuklukleri KARARDIR; olcumden turetilmedi. Ayrinti protokol dosyasinda.",3.13.1,8.4.144,0.12.6,2.14.0,2026-09-13 10:08:36,scripts/25_esit_fp_adaylari.py
taban_00024,Taban-512,train_VRD_3088_JPG.rf.4a825a8a092605758bec2c83c0d3fb41.jpg,VRD,0.486,2977.9,1980.1,3003.0,2030.6,25.1,50.5,0.0,,FP,0.3,1.8089,,a0282,a0280,evet,Taban-512/VRD,1.0,reports/hafta7_fp_protokolu.md,test,157,tahminler_taban512_hafta7.csv,tahminler_model512.csv,0.3,0.52,1.8089,0.3,0.5,0.1,8,512,110,55,20260913,"Esikler, katsayilar ve ornek buyuklukleri KARARDIR; olcumden turetilmedi. Ayrinti protokol dosyasinda.",3.13.1,8.4.144,0.12.6,2.14.0,2026-09-13 10:08:36,scripts/25_esit_fp_adaylari.py
taban_00025,Taban-512,train_VRD_3088_JPG.rf.4a825a8a092605758bec2c83c0d3fb41.jpg,VRD,0.4763,3388.5,0.1,3457.7,67.2,69.2,67.1,0.0,,FP,0.3,1.8089,,a0010,a0376,evet,Taban-512/VRD,1.0,reports/hafta7_fp_protokolu.md,test,157,tahminler_taban512_hafta7.csv,tahminler_model512.csv,0.3,0.52,1.8089,0.3,0.5,0.1,8,512,110,55,20260913,"Esikler, katsayilar ve ornek buyuklukleri KARARDIR; olcumden turetilmedi. Ayrinti protokol dosyasinda.",3.13.1,8.4.144,0.12.6,2.14.0,2026-09-13 10:08:36,scripts/25_esit_fp_adaylari.py
taban_00026,Taban-512,train_VRD_3090_JPG.rf.aae703cf6571719c2137410a8c314c47.jpg,VRD,0.495,637.0,1549.7,657.9,1589.5,20.9,39.8,0.0,,FP,0.3,1.8089,,a0273,a0332,evet,Taban-512/VRD,1.0,reports/hafta7_fp_protokolu.md,test,157,tahminler_taban512_hafta7.csv,tahminler_model512.csv,0.3,0.52,1.8089,0.3,0.5,0.1,8,512,110,55,20260913,"Esikler, katsayilar ve ornek buyuklukleri KARARDIR; olcumden turetilmedi. Ayrinti protokol dosyasinda.",3.13.1,8.4.144,0.12.6,2.14.0,2026-09-13 10:08:36,scripts/25_esit_fp_adaylari.py
taban_00027,Taban-512,train_VRD_3090_JPG.rf.aae703cf6571719c2137410a8c314c47.jpg,VRD,0.3612,3124.3,2749.7,3173.7,2815.1,49.4,65.4,0.0,,FP,0.3,1.8089,,a0309,a0230,evet,Taban-512/VRD,1.0,reports/hafta7_fp_protokolu.md,test,157,tahminler_taban512_hafta7.csv,tahminler_model512.csv,0.3,0.52,1.8089,0.3,0.5,0.1,8,512,110,55,20260913,"Esikler, katsayilar ve ornek buyuklukleri KARARDIR; olcumden turetilmedi. Ayrinti protokol dosyasinda.",3.13.1,8.4.144,0.12.6,2.14.0,2026-09-13 10:08:36,scripts/25_esit_fp_adaylari.py
taban_00028,Taban-512,train_VRD_3091_JPG.rf.b2431f4f88816d9458553448073861a7.jpg,VRD,0.4558,158.5,1936.9,179.6,1976.1,21.1,39.2,0.0,,FP,0.3,1.8089,,a0212,a0185,evet,Taban-512/VRD,1.0,reports/hafta7_fp_protokolu.md,test,157,tahminler_taban512_hafta7.csv,tahminler_model512.csv,0.3,0.52,1.8089,0.3,0.5,0.1,8,512,110,55,20260913,"Esikler, katsayilar ve ornek buyuklukleri KARARDIR; olcumden turetilmedi. Ayrinti protokol dosyasinda.",3.13.1,8.4.144,0.12.6,2.14.0,2026-09-13 10:08:36,scripts/25_esit_fp_adaylari.py
taban_00029,Taban-512,train_VRD_3091_JPG.rf.b2431f4f88816d9458553448073861a7.jpg,VRD,0.3896,56.1,201.5,85.8,243.2,29.7,41.7,0.0,,FP,0.3,1.8089,,a0336,a0196,evet,Taban-512/VRD,1.0,reports/hafta7_fp_protokolu.md,test,157,tahminler_taban512_hafta7.csv,tahminler_model512.csv,0.3,0.52,1.8089,0.3,0.5,0.1,8,512,110,55,20260913,"Esikler, katsayilar ve ornek buyuklukleri KARARDIR; olcumden turetilmedi. Ayrinti protokol dosyasinda.",3.13.1,8.4.144,0.12.6,2.14.0,2026-09-13 10:08:36,scripts/25_esit_fp_adaylari.py
taban_00030,Taban-512,train_VRD_3091_JPG.rf.b2431f4f88816d9458553448073861a7.jpg,VRD,0.3615,3480.3,2742.0,3497.6,2794.9,17.3,52.9,0.0,,FP,0.3,1.8089,,a0175,a0366,evet,Taban-512/VRD,1.0,reports/hafta7_fp_protokolu.md,test,157,tahminler_taban512_hafta7.csv,tahminler_model512.csv,0.3,0.52,1.8089,0.3,0.5,0.1,8,512,110,55,20260913,"Esikler, katsayilar ve ornek buyuklukleri KARARDIR; olcumden turetilmedi. Ayrinti protokol dosyasinda.",3.13.1,8.4.144,0.12.6,2.14.0,2026-09-13 10:08:36,scripts/25_esit_fp_adaylari.py
taban_00031,Taban-512,train_VRD_3091_JPG.rf.b2431f4f88816d9458553448073861a7.jpg,VRD,0.3475,3455.8,2731.5,3497.1,2793.8,41.3,62.3,0.0,,FP,0.3,1.8089,,a0392,a0285,evet,Taban-512/VRD,1.0,reports/hafta7_fp_protokolu.md,test,157,tahminler_taban512_hafta7.csv,tahminler_model512.csv,0.3,0.52,1.8089,0.3,0.5,0.1,8,512,110,55,20260913,"Esikler, katsayilar ve ornek buyuklukleri KARARDIR; olcumden turetilmedi. Ayrinti protokol dosyasinda.",3.13.1,8.4.144,0.12.6,2.14.0,2026-09-13 10:08:36,scripts/25_esit_fp_adaylari.py
taban_00032,Taban-512,train_VRD_3091_JPG.rf.b2431f4f88816d9458553448073861a7.jpg,VRD,0.3343,987.7,1531.2,1003.6,1559.0,15.9,27.8,0.0,,FP,0.3,1.8089,,a0150,a0161,evet,Taban-512/VRD,1.0,reports/hafta7_fp_protokolu.md,test,157,tahminler_taban512_hafta7.csv,tahminler_model512.csv,0.3,0.52,1.8089,0.3,0.5,0.1,8,512,110,55,20260913,"Esikler, katsayilar ve ornek buyuklukleri KARARDIR; olcumden turetilmedi. Ayrinti protokol dosyasinda.",3.13.1,8.4.144,0.12.6,2.14.0,2026-09-13 10:08:36,scripts/25_esit_fp_adaylari.py
taban_00033,Taban-512,train_VRD_3092_JPG.rf.b9c69f37389a1473f41b1882be71f72b.jpg,VRD,0.4923,3948.2,2684.4,3985.7,2743.0,37.5,58.6,0.0,,FP,0.3,1.8089,,a0384,a0049,evet,Taban-512/VRD,1.0,reports/hafta7_fp_protokolu.md,test,157,tahminler_taban512_hafta7.csv,tahminler_model512.csv,0.3,0.52,1.8089,0.3,0.5,0.1,8,512,110,55,20260913,"Esikler, katsayilar ve ornek buyuklukleri KARARDIR; olcumden turetilmedi. Ayrinti protokol dosyasinda.",3.13.1,8.4.144,0.12.6,2.14.0,2026-09-13 10:08:36,scripts/25_esit_fp_adaylari.py
taban_00034,Taban-512,train_VRD_3092_JPG.rf.b9c69f37389a1473f41b1882be71f72b.jpg,VRD,0.407,215.5,501.0,236.7,539.5,21.2,38.5,0.0,,FP,0.3,1.8089,,a0092,a0125,evet,Taban-512/VRD,1.0,reports/hafta7_fp_protokolu.md,test,157,tahminler_taban512_hafta7.csv,tahminler_model512.csv,0.3,0.52,1.8089,0.3,0.5,0.1,8,512,110,55,20260913,"Esikler, katsayilar ve ornek buyuklukleri KARARDIR; olcumden turetilmedi. Ayrinti protokol dosyasinda.",3.13.1,8.4.144,0.12.6,2.14.0,2026-09-13 10:08:36,scripts/25_esit_fp_adaylari.py
taban_00035,Taban-512,train_VRD_3094_JPG.rf.938850bbe10ccd22c932a807a494b757.jpg,VRD,0.4107,1113.5,18.3,1135.8,55.3,22.3,37.0,0.0,,FP,0.3,1.8089,,a0381,a0286,evet,Taban-512/VRD,1.0,reports/hafta7_fp_protokolu.md,test,157,tahminler_taban512_hafta7.csv,tahminler_model512.csv,0.3,0.52,1.8089,0.3,0.5,0.1,8,512,110,55,20260913,"Esikler, katsayilar ve ornek buyuklukleri KARARDIR; olcumden turetilmedi. Ayrinti protokol dosyasinda.",3.13.1,8.4.144,0.12.6,2.14.0,2026-09-13 10:08:36,scripts/25_esit_fp_adaylari.py
taban_00036,Taban-512,train_VRD_3095_JPG.rf.5379df8b29d8fbfac17f873f76d42e3f.jpg,VRD,0.4099,3835.7,2100.7,3879.0,2158.5,43.3,57.8,0.0,,FP,0.3,1.8089,,a0263,a0188,evet,Taban-512/VRD,1.0,reports/hafta7_fp_protokolu.md,test,157,tahminler_taban512_hafta7.csv,tahminler_model512.csv,0.3,0.52,1.8089,0.3,0.5,0.1,8,512,110,55,20260913,"Esikler, katsayilar ve ornek buyuklukleri KARARDIR; olcumden turetilmedi. Ayrinti protokol dosyasinda.",3.13.1,8.4.144,0.12.6,2.14.0,2026-09-13 10:08:36,scripts/25_esit_fp_adaylari.py
taban_00037,Taban-512,train_VRD_3095_JPG.rf.5379df8b29d8fbfac17f873f76d42e3f.jpg,VRD,0.3096,2886.2,0.6,2926.2,24.3,40.0,23.7,0.0,,FP,0.3,1.8089,,a0115,a0331,evet,Taban-512/VRD,1.0,reports/hafta7_fp_protokolu.md,test,157,tahminler_taban512_hafta7.csv,tahminler_model512.csv,0.3,0.52,1.8089,0.3,0.5,0.1,8,512,110,55,20260913,"Esikler, katsayilar ve ornek buyuklukleri KARARDIR; olcumden turetilmedi. Ayrinti protokol dosyasinda.",3.13.1,8.4.144,0.12.6,2.14.0,2026-09-13 10:08:36,scripts/25_esit_fp_adaylari.py
taban_00038,Taban-512,train_VRD_3096_JPG.rf.1f45f33e005fb2d99c61b67d687d00b4.jpg,VRD,0.5163,3171.3,2111.7,3218.5,2166.1,47.2,54.4,0.0,,FP,0.3,1.8089,,a0385,a0337,evet,Taban-512/VRD,1.0,reports/hafta7_fp_protokolu.md,test,157,tahminler_taban512_hafta7.csv,tahminler_model512.csv,0.3,0.52,1.8089,0.3,0.5,0.1,8,512,110,55,20260913,"Esikler, katsayilar ve ornek buyuklukleri KARARDIR; olcumden turetilmedi. Ayrinti protokol dosyasinda.",3.13.1,8.4.144,0.12.6,2.14.0,2026-09-13 10:08:36,scripts/25_esit_fp_adaylari.py
taban_00039,Taban-512,train_VRD_3097_JPG.rf.f8d2643399443f294c99f42f9f55d227.jpg,VRD,0.4596,2638.9,2084.4,2680.0,2140.5,41.1,56.1,0.0,,FP,0.3,1.8089,,a0123,a0272,evet,Taban-512/VRD,1.0,reports/hafta7_fp_protokolu.md,test,157,tahminler_taban512_hafta7.csv,tahminler_model512.csv,0.3,0.52,1.8089,0.3,0.5,0.1,8,512,110,55,20260913,"Esikler, katsayilar ve ornek buyuklukleri KARARDIR; olcumden turetilmedi. Ayrinti protokol dosyasinda.",3.13.1,8.4.144,0.12.6,2.14.0,2026-09-13 10:08:36,scripts/25_esit_fp_adaylari.py
taban_00040,Taban-512,train_VRD_3098_JPG.rf.201ddcde3a527d59604701647772ea1c.jpg,VRD,0.388,1890.9,2228.4,1926.7,2282.6,35.8,54.2,0.7037,0.7037,TP,0.3,1.8089,,,,hayir,,,reports/hafta7_fp_protokolu.md,test,157,tahminler_taban512_hafta7.csv,tahminler_model512.csv,0.3,0.52,1.8089,0.3,0.5,0.1,8,512,110,55,20260913,"Esikler, katsayilar ve ornek buyuklukleri KARARDIR; olcumden turetilmedi. Ayrinti protokol dosyasinda.",3.13.1,8.4.144,0.12.6,2.14.0,2026-09-13 10:08:36,scripts/25_esit_fp_adaylari.py
taban_00041,Taban-512,train_VRD_3100_JPG.rf.3beba408a58b03a32b6f773893e86f7f.jpg,VRD,0.3845,1047.6,1998.9,1086.5,2054.2,38.9,55.3,0.8479,0.8479,TP,0.3,1.8089,,,,hayir,,,reports/hafta7_fp_protokolu.md,test,157,tahminler_taban512_hafta7.csv,tahminler_model512.csv,0.3,0.52,1.8089,0.3,0.5,0.1,8,512,110,55,20260913,"Esikler, katsayilar ve ornek buyuklukleri KARARDIR; olcumden turetilmedi. Ayrinti protokol dosyasinda.",3.13.1,8.4.144,0.12.6,2.14.0,2026-09-13 10:08:36,scripts/25_esit_fp_adaylari.py
taban_00042,Taban-512,train_VRD_3102_JPG.rf.fdc890582108469dc32b301fab81d7f9.jpg,VRD,0.7832,2279.5,17.6,2325.4,135.8,45.9,118.2,0.881,0.881,TP,0.3,1.8089,,,,hayir,,,reports/hafta7_fp_protokolu.md,test,157,tahminler_taban512_hafta7.csv,tahminler_model512.csv,0.3,0.52,1.8089,0.3,0.5,0.1,8,512,110,55,20260913,"Esikler, katsayilar ve ornek buyuklukleri KARARDIR; olcumden turetilmedi. Ayrinti protokol dosyasinda.",3.13.1,8.4.144,0.12.6,2.14.0,2026-09-13 10:08:36,scripts/25_esit_fp_adaylari.py
taban_00043,Taban-512,train_VRD_3102_JPG.rf.fdc890582108469dc32b301fab81d7f9.jpg,VRD,0.407,1027.4,1911.6,1070.8,1971.9,43.4,60.3,0.0,,FP,0.3,1.8089,,a0306,a0430,evet,Taban-512/VRD,1.0,reports/hafta7_fp_protokolu.md,test,157,tahminler_taban512_hafta7.csv,tahminler_model512.csv,0.3,0.52,1.8089,0.3,0.5,0.1,8,512,110,55,20260913,"Esikler, katsayilar ve ornek buyuklukleri KARARDIR; olcumden turetilmedi. Ayrinti protokol dosyasinda.",3.13.1,8.4.144,0.12.6,2.14.0,2026-09-13 10:08:36,scripts/25_esit_fp_adaylari.py
taban_00044,Taban-512,train_VRD_3104_JPG.rf.8d1a883acbd3ff04e414e42d5ed8e7f2.jpg,VRD,0.4845,2081.1,569.7,2128.0,690.7,46.9,121.0,0.8689,0.8689,TP,0.3,1.8089,,,,hayir,,,reports/hafta7_fp_protokolu.md,test,157,tahminler_taban512_hafta7.csv,tahminler_model512.csv,0.3,0.52,1.8089,0.3,0.5,0.1,8,512,110,55,20260913,"Esikler, katsayilar ve ornek buyuklukleri KARARDIR; olcumden turetilmedi. Ayrinti protokol dosyasinda.",3.13.1,8.4.144,0.12.6,2.14.0,2026-09-13 10:08:36,scripts/25_esit_fp_adaylari.py
taban_00045,Taban-512,train_VRD_3104_JPG.rf.8d1a883acbd3ff04e414e42d5ed8e7f2.jpg,VRD,0.3392,755.8,1119.3,791.1,1181.2,35.3,61.9,0.0,,FP,0.3,1.8089,,a0371,a0120,evet,Taban-512/VRD,1.0,reports/hafta7_fp_protokolu.md,test,157,tahminler_taban512_hafta7.csv,tahminler_model512.csv,0.3,0.52,1.8089,0.3,0.5,0.1,8,512,110,55,20260913,"Esikler, katsayilar ve ornek buyuklukleri KARARDIR; olcumden turetilmedi. Ayrinti protokol dosyasinda.",3.13.1,8.4.144,0.12.6,2.14.0,2026-09-13 10:08:36,scripts/25_esit_fp_adaylari.py
taban_00046,Taban-512,train_VRD_3104_JPG.rf.8d1a883acbd3ff04e414e42d5ed8e7f2.jpg,VRD,0.3032,739.3,1884.5,751.6,1924.7,12.3,40.2,0.0,,FP,0.3,1.8089,,a0395,a0256,evet,Taban-512/VRD,1.0,reports/hafta7_fp_protokolu.md,test,157,tahminler_taban512_hafta7.csv,tahminler_model512.csv,0.3,0.52,1.8089,0.3,0.5,0.1,8,512,110,55,20260913,"Esikler, katsayilar ve ornek buyuklukleri KARARDIR; olcumden turetilmedi. Ayrinti protokol dosyasinda.",3.13.1,8.4.144,0.12.6,2.14.0,2026-09-13 10:08:36,scripts/25_esit_fp_adaylari.py
taban_00047,Taban-512,train_VRD_3105_JPG.rf.25d358957c18ee832659deb2b6c764be.jpg,VRD,0.7411,2146.7,847.3,2197.1,976.9,50.4,129.6,0.9491,0.9491,TP,0.3,1.8089,,,,hayir,,,reports/hafta7_fp_protokolu.md,test,157,tahminler_taban512_hafta7.csv,tahminler_model512.csv,0.3,0.52,1.8089,0.3,0.5,0.1,8,512,110,55,20260913,"Esikler, katsayilar ve ornek buyuklukleri KARARDIR; olcumden turetilmedi. Ayrinti protokol dosyasinda.",3.13.1,8.4.144,0.12.6,2.14.0,2026-09-13 10:08:36,scripts/25_esit_fp_adaylari.py
taban_00048,Taban-512,train_VRD_3106_JPG.rf.3557705df7876ea896169f4322207bf5.jpg,VRD,0.6611,2249.5,1353.1,2304.1,1491.8,54.6,138.7,0.8813,0.8813,TP,0.3,1.8089,,,,hayir,,,reports/hafta7_fp_protokolu.md,test,157,tahminler_taban512_hafta7.csv,tahminler_model512.csv,0.3,0.52,1.8089,0.3,0.5,0.1,8,512,110,55,20260913,"Esikler, katsayilar ve ornek buyuklukleri KARARDIR; olcumden turetilmedi. Ayrinti protokol dosyasinda.",3.13.1,8.4.144,0.12.6,2.14.0,2026-09-13 10:08:36,scripts/25_esit_fp_adaylari.py
taban_00049,Taban-512,train_VRD_3107_JPG.rf.578be187d472128edc05c898ca288a66.jpg,VRD,0.3719,2329.2,1748.5,2387.5,1900.7,58.3,152.2,0.8564,0.8564,TP,0.3,1.8089,,,,hayir,,,reports/hafta7_fp_protokolu.md,test,157,tahminler_taban512_hafta7.csv,tahminler_model512.csv,0.3,0.52,1.8089,0.3,0.5,0.1,8,512,110,55,20260913,"Esikler, katsayilar ve ornek buyuklukleri KARARDIR; olcumden turetilmedi. Ayrinti protokol dosyasinda.",3.13.1,8.4.144,0.12.6,2.14.0,2026-09-13 10:08:36,scripts/25_esit_fp_adaylari.py
taban_00050,Taban-512,train_VRD_3107_JPG.rf.578be187d472128edc05c898ca288a66.jpg,VRD,0.3003,2907.9,1230.4,2971.7,1347.4,63.8,117.0,0.0,,FP,0.3,1.8089,,a0051,a0424,evet,Taban-512/VRD,1.0,reports/hafta7_fp_protokolu.md,test,157,tahminler_taban512_hafta7.csv,tahminler_model512.csv,0.3,0.52,1.8089,0.3,0.5,0.1,8,512,110,55,20260913,"Esikler, katsayilar ve ornek buyuklukleri KARARDIR; olcumden turetilmedi. Ayrinti protokol dosyasinda.",3.13.1,8.4.144,0.12.6,2.14.0,2026-09-13 10:08:36,scripts/25_esit_fp_adaylari.py
taban_00051,Taban-512,train_VRD_3108_JPG.rf.821b5a74688d867642805bc9851a71cb.jpg,VRD,0.3159,169.6,300.9,191.6,346.2,22.0,45.3,0.0,,FP,0.3,1.8089,,a0003,a0399,evet,Taban-512/VRD,1.0,reports/hafta7_fp_protokolu.md,test,157,tahminler_taban512_hafta7.csv,tahminler_model512.csv,0.3,0.52,1.8089,0.3,0.5,0.1,8,512,110,55,20260913,"Esikler, katsayilar ve ornek buyuklukleri KARARDIR; olcumden turetilmedi. Ayrinti protokol dosyasinda.",3.13.1,8.4.144,0.12.6,2.14.0,2026-09-13 10:08:36,scripts/25_esit_fp_adaylari.py
taban_00052,Taban-512,train_VRD_3109_JPG.rf.5fa41bdd3ec5cfe65c07425e947c2e94.jpg,VRD,0.4825,2497.0,2902.8,2560.8,2971.7,63.8,68.9,0.6866,0.6866,TP,0.3,1.8089,,,,hayir,,,reports/hafta7_fp_protokolu.md,test,157,tahminler_taban512_hafta7.csv,tahminler_model512.csv,0.3,0.52,1.8089,0.3,0.5,0.1,8,512,110,55,20260913,"Esikler, katsayilar ve ornek buyuklukleri KARARDIR; olcumden turetilmedi. Ayrinti protokol dosyasinda.",3.13.1,8.4.144,0.12.6,2.14.0,2026-09-13 10:08:36,scripts/25_esit_fp_adaylari.py
taban_00053,Taban-512,train_VRD_3110_JPG.rf.17ea2b0db2c816522d5e132834e1645d.jpg,VRD,0.4315,1623.3,1219.6,1644.5,1246.9,21.2,27.3,0.0,,FP,0.3,1.8089,,a0111,a0344,evet,Taban-512/VRD,1.0,reports/hafta7_fp_protokolu.md,test,157,tahminler_taban512_hafta7.csv,tahminler_model512.csv,0.3,0.52,1.8089,0.3,0.5,0.1,8,512,110,55,20260913,"Esikler, katsayilar ve ornek buyuklukleri KARARDIR; olcumden turetilmedi. Ayrinti protokol dosyasinda.",3.13.1,8.4.144,0.12.6,2.14.0,2026-09-13 10:08:36,scripts/25_esit_fp_adaylari.py
taban_00054,Taban-512,train_VRD_3111_JPG.rf.62ad8acc511c6bcc7e49b4b471a18703.jpg,VRD,0.4238,568.5,890.6,601.9,921.7,33.4,31.1,0.0,,FP,0.3,1.8089,,a0407,a0042,evet,Taban-512/VRD,1.0,reports/hafta7_fp_protokolu.md,test,157,tahminler_taban512_hafta7.csv,tahminler_model512.csv,0.3,0.52,1.8089,0.3,0.5,0.1,8,512,110,55,20260913,"Esikler, katsayilar ve ornek buyuklukleri KARARDIR; olcumden turetilmedi. Ayrinti protokol dosyasinda.",3.13.1,8.4.144,0.12.6,2.14.0,2026-09-13 10:08:36,scripts/25_esit_fp_adaylari.py
taban_00055,Taban-512,train_VRD_3111_JPG.rf.62ad8acc511c6bcc7e49b4b471a18703.jpg,VRD,0.3347,410.1,2945.7,442.4,2999.7,32.3,54.0,0.0,,FP,0.3,1.8089,,a0089,a0350,evet,Taban-512/VRD,1.0,reports/hafta7_fp_protokolu.md,test,157,tahminler_taban512_hafta7.csv,tahminler_model512.csv,0.3,0.52,1.8089,0.3,0.5,0.1,8,512,110,55,20260913,"Esikler, katsayilar ve ornek buyuklukleri KARARDIR; olcumden turetilmedi. Ayrinti protokol dosyasinda.",3.13.1,8.4.144,0.12.6,2.14.0,2026-09-13 10:08:36,scripts/25_esit_fp_adaylari.py
taban_00056,Taban-512,train_VRD_3111_JPG.rf.62ad8acc511c6bcc7e49b4b471a18703.jpg,VRD,0.3236,135.2,1302.5,176.1,1331.9,40.9,29.4,0.0,,FP,0.3,1.8089,,a0076,a0246,evet,Taban-512/VRD,1.0,reports/hafta7_fp_protokolu.md,test,157,tahminler_taban512_hafta7.csv,tahminler_model512.csv,0.3,0.52,1.8089,0.3,0.5,0.1,8,512,110,55,20260913,"Esikler, katsayilar ve ornek buyuklukleri KARARDIR; olcumden turetilmedi. Ayrinti protokol dosyasinda.",3.13.1,8.4.144,0.12.6,2.14.0,2026-09-13 10:08:36,scripts/25_esit_fp_adaylari.py
taban_00057,Taban-512,train_VRD_3111_JPG.rf.62ad8acc511c6bcc7e49b4b471a18703.jpg,VRD,0.3194,1253.8,2497.5,1281.1,2539.3,27.3,41.8,0.0,,FP,0.3,1.8089,,a0219,a0207,evet,Taban-512/VRD,1.0,reports/hafta7_fp_protokolu.md,test,157,tahminler_taban512_hafta7.csv,tahminler_model512.csv,0.3,0.52,1.8089,0.3,0.5,0.1,8,512,110,55,20260913,"Esikler, katsayilar ve ornek buyuklukleri KARARDIR; olcumden turetilmedi. Ayrinti protokol dosyasinda.",3.13.1,8.4.144,0.12.6,2.14.0,2026-09-13 10:08:36,scripts/25_esit_fp_adaylari.py
taban_00058,Taban-512,train_VRD_3112_JPG.rf.42608d3ed20187f499e1e1dfe8a5e719.jpg,VRD,0.4003,1189.6,2924.6,1211.9,2955.0,22.3,30.4,0.0,,FP,0.3,1.8089,,a0189,a0198,evet,Taban-512/VRD,1.0,reports/hafta7_fp_protokolu.md,test,157,tahminler_taban512_hafta7.csv,tahminler_model512.csv,0.3,0.52,1.8089,0.3,0.5,0.1,8,512,110,55,20260913,"Esikler, katsayilar ve ornek buyuklukleri KARARDIR; olcumden turetilmedi. Ayrinti protokol dosyasinda.",3.13.1,8.4.144,0.12.6,2.14.0,2026-09-13 10:08:36,scripts/25_esit_fp_adaylari.py
taban_00059,Taban-512,train_VRD_3112_JPG.rf.42608d3ed20187f499e1e1dfe8a5e719.jpg,VRD,0.3859,463.8,1482.4,496.2,1523.0,32.4,40.6,0.0,,FP,0.3,1.8089,,a0033,a0103,evet,Taban-512/VRD,1.0,reports/hafta7_fp_protokolu.md,test,157,tahminler_taban512_hafta7.csv,tahminler_model512.csv,0.3,0.52,1.8089,0.3,0.5,0.1,8,512,110,55,20260913,"Esikler, katsayilar ve ornek buyuklukleri KARARDIR; olcumden turetilmedi. Ayrinti protokol dosyasinda.",3.13.1,8.4.144,0.12.6,2.14.0,2026-09-13 10:08:36,scripts/25_esit_fp_adaylari.py
taban_00060,Taban-512,train_VRD_3112_JPG.rf.42608d3ed20187f499e1e1dfe8a5e719.jpg,VRD,0.3612,1123.5,2927.4,1147.3,2957.9,23.8,30.5,0.0,,FP,0.3,1.8089,,a0390,a0322,evet,Taban-512/VRD,1.0,reports/hafta7_fp_protokolu.md,test,157,tahminler_taban512_hafta7.csv,tahminler_model512.csv,0.3,0.52,1.8089,0.3,0.5,0.1,8,512,110,55,20260913,"Esikler, katsayilar ve ornek buyuklukleri KARARDIR; olcumden turetilmedi. Ayrinti protokol dosyasinda.",3.13.1,8.4.144,0.12.6,2.14.0,2026-09-13 10:08:36,scripts/25_esit_fp_adaylari.py
taban_00061,Taban-512,train_VRD_3112_JPG.rf.42608d3ed20187f499e1e1dfe8a5e719.jpg,VRD,0.3085,57.9,1403.5,88.4,1438.5,30.5,35.0,0.0,,FP,0.3,1.8089,,a0059,a0078,evet,Taban-512/VRD,1.0,reports/hafta7_fp_protokolu.md,test,157,tahminler_taban512_hafta7.csv,tahminler_model512.csv,0.3,0.52,1.8089,0.3,0.5,0.1,8,512,110,55,20260913,"Esikler, katsayilar ve ornek buyuklukleri KARARDIR; olcumden turetilmedi. Ayrinti protokol dosyasinda.",3.13.1,8.4.144,0.12.6,2.14.0,2026-09-13 10:08:36,scripts/25_esit_fp_adaylari.py
taban_00062,Taban-512,train_VRD_3116_JPG.rf.32f5e658d3e3e927950ac4fd51d47684.jpg,VRD,0.3298,2186.8,2571.0,2233.2,2648.4,46.4,77.4,0.0,,FP,0.3,1.8089,,a0353,a0358,evet,Taban-512/VRD,1.0,reports/hafta7_fp_protokolu.md,test,157,tahminler_taban512_hafta7.csv,tahminler_model512.csv,0.3,0.52,1.8089,0.3,0.5,0.1,8,512,110,55,20260913,"Esikler, katsayilar ve ornek buyuklukleri KARARDIR; olcumden turetilmedi. Ayrinti protokol dosyasinda.",3.13.1,8.4.144,0.12.6,2.14.0,2026-09-13 10:08:36,scripts/25_esit_fp_adaylari.py
taban_00063,Taban-512,train_VRD_3117_JPG.rf.8ab5844cce96fa9c14d6df69b76ccd99.jpg,VRD,0.3546,2130.2,2118.0,2151.8,2151.8,21.6,33.8,0.0,,FP,0.3,1.8089,,a0174,a0019,evet,Taban-512/VRD,1.0,reports/hafta7_fp_protokolu.md,test,157,tahminler_taban512_hafta7.csv,tahminler_model512.csv,0.3,0.52,1.8089,0.3,0.5,0.1,8,512,110,55,20260913,"Esikler, katsayilar ve ornek buyuklukleri KARARDIR; olcumden turetilmedi. Ayrinti protokol dosyasinda.",3.13.1,8.4.144,0.12.6,2.14.0,2026-09-13 10:08:36,scripts/25_esit_fp_adaylari.py
taban_00064,Taban-512,train_VRD_3120_JPG.rf.d5adf526c352ee6ddfedebda9f1cf247.jpg,VRD,0.4023,1362.3,2874.0,1427.8,2970.8,65.5,96.8,0.0,,FP,0.3,1.8089,,a0063,a0228,evet,Taban-512/VRD,1.0,reports/hafta7_fp_protokolu.md,test,157,tahminler_taban512_hafta7.csv,tahminler_model512.csv,0.3,0.52,1.8089,0.3,0.5,0.1,8,512,110,55,20260913,"Esikler, katsayilar ve ornek buyuklukleri KARARDIR; olcumden turetilmedi. Ayrinti protokol dosyasinda.",3.13.1,8.4.144,0.12.6,2.14.0,2026-09-13 10:08:36,scripts/25_esit_fp_adaylari.py
taban_00065,Taban-512,train_VRD_3120_JPG.rf.d5adf526c352ee6ddfedebda9f1cf247.jpg,VRD,0.3735,1247.7,2903.5,1298.4,2980.6,50.7,77.1,0.0,,FP,0.3,1.8089,,a0363,a0341,evet,Taban-512/VRD,1.0,reports/hafta7_fp_protokolu.md,test,157,tahminler_taban512_hafta7.csv,tahminler_model512.csv,0.3,0.52,1.8089,0.3,0.5,0.1,8,512,110,55,20260913,"Esikler, katsayilar ve ornek buyuklukleri KARARDIR; olcumden turetilmedi. Ayrinti protokol dosyasinda.",3.13.1,8.4.144,0.12.6,2.14.0,2026-09-13 10:08:36,scripts/25_esit_fp_adaylari.py
taban_00066,Taban-512,train_VRD_3123_JPG.rf.4ccc6225d48c3b146931cc32b4f55999.jpg,VRD,0.4421,2540.0,1245.4,2582.1,1303.5,42.1,58.1,0.0,,FP,0.3,1.8089,,a0270,a0369,evet,Taban-512/VRD,1.0,reports/hafta7_fp_protokolu.md,test,157,tahminler_taban512_hafta7.csv,tahminler_model512.csv,0.3,0.52,1.8089,0.3,0.5,0.1,8,512,110,55,20260913,"Esikler, katsayilar ve ornek buyuklukleri KARARDIR; olcumden turetilmedi. Ayrinti protokol dosyasinda.",3.13.1,8.4.144,0.12.6,2.14.0,2026-09-13 10:08:36,scripts/25_esit_fp_adaylari.py
taban_00067,Taban-512,train_VRD_3123_JPG.rf.4ccc6225d48c3b146931cc32b4f55999.jpg,VRD,0.3167,1778.1,1312.8,1821.5,1331.8,43.4,19.0,0.0,,FP,0.3,1.8089,,a0170,a0348,evet,Taban-512/VRD,1.0,reports/hafta7_fp_protokolu.md,test,157,tahminler_taban512_hafta7.csv,tahminler_model512.csv,0.3,0.52,1.8089,0.3,0.5,0.1,8,512,110,55,20260913,"Esikler, katsayilar ve ornek buyuklukleri KARARDIR; olcumden turetilmedi. Ayrinti protokol dosyasinda.",3.13.1,8.4.144,0.12.6,2.14.0,2026-09-13 10:08:36,scripts/25_esit_fp_adaylari.py
taban_00068,Taban-512,train_VRD_3124_JPG.rf.fab52f2a7b7199c993c908c5ecdca8df.jpg,VRD,0.3976,2994.7,1640.1,3023.6,1673.3,28.9,33.2,0.0,,FP,0.3,1.8089,,a0311,a0026,evet,Taban-512/VRD,1.0,reports/hafta7_fp_protokolu.md,test,157,tahminler_taban512_hafta7.csv,tahminler_model512.csv,0.3,0.52,1.8089,0.3,0.5,0.1,8,512,110,55,20260913,"Esikler, katsayilar ve ornek buyuklukleri KARARDIR; olcumden turetilmedi. Ayrinti protokol dosyasinda.",3.13.1,8.4.144,0.12.6,2.14.0,2026-09-13 10:08:36,scripts/25_esit_fp_adaylari.py
taban_00069,Taban-512,train_VRD_3128_JPG.rf.abc33b9608b2f63f3c997ffeee124a97.jpg,VRD,0.3354,366.4,1429.8,400.6,1495.1,34.2,65.3,0.0,,FP,0.3,1.8089,,a0070,a0267,evet,Taban-512/VRD,1.0,reports/hafta7_fp_protokolu.md,test,157,tahminler_taban512_hafta7.csv,tahminler_model512.csv,0.3,0.52,1.8089,0.3,0.5,0.1,8,512,110,55,20260913,"Esikler, katsayilar ve ornek buyuklukleri KARARDIR; olcumden turetilmedi. Ayrinti protokol dosyasinda.",3.13.1,8.4.144,0.12.6,2.14.0,2026-09-13 10:08:36,scripts/25_esit_fp_adaylari.py
taban_00070,Taban-512,train_VRD_3132_JPG.rf.4374019de6c5b2d9ec5996a99fe6bfe6.jpg,VRD,0.5491,2870.1,976.2,2897.3,1047.7,27.2,71.5,0.0,,FP,0.3,1.8089,,a0154,a0056,evet,Taban-512/VRD,1.0,reports/hafta7_fp_protokolu.md,test,157,tahminler_taban512_hafta7.csv,tahminler_model512.csv,0.3,0.52,1.8089,0.3,0.5,0.1,8,512,110,55,20260913,"Esikler, katsayilar ve ornek buyuklukleri KARARDIR; olcumden turetilmedi. Ayrinti protokol dosyasinda.",3.13.1,8.4.144,0.12.6,2.14.0,2026-09-13 10:08:36,scripts/25_esit_fp_adaylari.py
taban_00071,Taban-512,train_VRD_3132_JPG.rf.4374019de6c5b2d9ec5996a99fe6bfe6.jpg,VRD,0.3597,2243.5,1640.2,2340.0,1668.6,96.5,28.4,0.0,,FP,0.3,1.8089,,a0119,a0152,evet,Taban-512/VRD,1.0,reports/hafta7_fp_protokolu.md,test,157,tahminler_taban512_hafta7.csv,tahminler_model512.csv,0.3,0.52,1.8089,0.3,0.5,0.1,8,512,110,55,20260913,"Esikler, katsayilar ve ornek buyuklukleri KARARDIR; olcumden turetilmedi. Ayrinti protokol dosyasinda.",3.13.1,8.4.144,0.12.6,2.14.0,2026-09-13 10:08:36,scripts/25_esit_fp_adaylari.py
taban_00072,Taban-512,train_ZRI_2003_JPG.rf.cdcf53b6f852c3d1bafc5636fd07b47b.jpg,ZRI,0.4483,3280.2,442.7,3324.0,498.9,43.8,56.2,0.0,,FP,0.3,1.8089,,,,hayir,,,reports/hafta7_fp_protokolu.md,test,157,tahminler_taban512_hafta7.csv,tahminler_model512.csv,0.3,0.52,1.8089,0.3,0.5,0.1,8,512,110,55,20260913,"Esikler, katsayilar ve ornek buyuklukleri KARARDIR; olcumden turetilmedi. Ayrinti protokol dosyasinda.",3.13.1,8.4.144,0.12.6,2.14.0,2026-09-13 10:08:36,scripts/25_esit_fp_adaylari.py
taban_00073,Taban-512,train_ZRI_2003_JPG.rf.cdcf53b6f852c3d1bafc5636fd07b47b.jpg,ZRI,0.3802,61.4,413.2,511.8,921.5,450.4,508.3,0.0,,FP,0.3,1.8089,,,,hayir,,,reports/hafta7_fp_protokolu.md,test,157,tahminler_taban512_hafta7.csv,tahminler_model512.csv,0.3,0.52,1.8089,0.3,0.5,0.1,8,512,110,55,20260913,"Esikler, katsayilar ve ornek buyuklukleri KARARDIR; olcumden turetilmedi. Ayrinti protokol dosyasinda.",3.13.1,8.4.144,0.12.6,2.14.0,2026-09-13 10:08:36,scripts/25_esit_fp_adaylari.py
taban_00074,Taban-512,train_ZRI_2003_JPG.rf.cdcf53b6f852c3d1bafc5636fd07b47b.jpg,ZRI,0.3789,3201.6,444.3,3323.8,511.7,122.2,67.4,0.0,,FP,0.3,1.8089,,,,hayir,,,reports/hafta7_fp_protokolu.md,test,157,tahminler_taban512_hafta7.csv,tahminler_model512.csv,0.3,0.52,1.8089,0.3,0.5,0.1,8,512,110,55,20260913,"Esikler, katsayilar ve ornek buyuklukleri KARARDIR; olcumden turetilmedi. Ayrinti protokol dosyasinda.",3.13.1,8.4.144,0.12.6,2.14.0,2026-09-13 10:08:36,scripts/25_esit_fp_adaylari.py
taban_00075,Taban-512,train_ZRI_2004_JPG.rf.17ecf67abf998d9163d76ea212cee0d6.jpg,ZRI,0.3759,1952.6,217.3,1995.9,263.1,43.3,45.8,0.5059,0.5059,TP,0.3,1.8089,,,,hayir,,,reports/hafta7_fp_protokolu.md,test,157,tahminler_taban512_hafta7.csv,tahminler_model512.csv,0.3,0.52,1.8089,0.3,0.5,0.1,8,512,110,55,20260913,"Esikler, katsayilar ve ornek buyuklukleri KARARDIR; olcumden turetilmedi. Ayrinti protokol dosyasinda.",3.13.1,8.4.144,0.12.6,2.14.0,2026-09-13 10:08:36,scripts/25_esit_fp_adaylari.py
taban_00076,Taban-512,train_ZRI_2004_JPG.rf.17ecf67abf998d9163d76ea212cee0d6.jpg,ZRI,0.3559,1739.0,351.1,1776.2,390.2,37.2,39.1,0.7162,0.7162,TP,0.3,1.8089,,,,hayir,,,reports/hafta7_fp_protokolu.md,test,157,tahminler_taban512_hafta7.csv,tahminler_model512.csv,0.3,0.52,1.8089,0.3,0.5,0.1,8,512,110,55,20260913,"Esikler, katsayilar ve ornek buyuklukleri KARARDIR; olcumden turetilmedi. Ayrinti protokol dosyasinda.",3.13.1,8.4.144,0.12.6,2.14.0,2026-09-13 10:08:36,scripts/25_esit_fp_adaylari.py
taban_00077,Taban-512,train_ZRI_2005_JPG.rf.d8ed37aeb06c21e824399fda50263493.jpg,ZRI,0.7058,1714.2,399.1,1760.9,439.6,46.7,40.5,0.7989,0.7989,TP,0.3,1.8089,,,,hayir,,,reports/hafta7_fp_protokolu.md,test,157,tahminler_taban512_hafta7.csv,tahminler_model512.csv,0.3,0.52,1.8089,0.3,0.5,0.1,8,512,110,55,20260913,"Esikler, katsayilar ve ornek buyuklukleri KARARDIR; olcumden turetilmedi. Ayrinti protokol dosyasinda.",3.13.1,8.4.144,0.12.6,2.14.0,2026-09-13 10:08:36,scripts/25_esit_fp_adaylari.py
taban_00078,Taban-512,train_ZRI_2005_JPG.rf.d8ed37aeb06c21e824399fda50263493.jpg,ZRI,0.6628,1804.4,490.7,1839.5,543.5,35.1,52.8,0.7738,0.7738,TP,0.3,1.8089,,,,hayir,,,reports/hafta7_fp_protokolu.md,test,157,tahminler_taban512_hafta7.csv,tahminler_model512.csv,0.3,0.52,1.8089,0.3,0.5,0.1,8,512,110,55,20260913,"Esikler, katsayilar ve ornek buyuklukleri KARARDIR; olcumden turetilmedi. Ayrinti protokol dosyasinda.",3.13.1,8.4.144,0.12.6,2.14.0,2026-09-13 10:08:36,scripts/25_esit_fp_adaylari.py
taban_00079,Taban-512,train_ZRI_2005_JPG.rf.d8ed37aeb06c21e824399fda50263493.jpg,ZRI,0.5603,1806.4,489.9,1835.5,511.8,29.1,21.9,0.3404,,FP,0.3,1.8089,,,,hayir,,,reports/hafta7_fp_protokolu.md,test,157,tahminler_taban512_hafta7.csv,tahminler_model512.csv,0.3,0.52,1.8089,0.3,0.5,0.1,8,512,110,55,20260913,"Esikler, katsayilar ve ornek buyuklukleri KARARDIR; olcumden turetilmedi. Ayrinti protokol dosyasinda.",3.13.1,8.4.144,0.12.6,2.14.0,2026-09-13 10:08:36,scripts/25_esit_fp_adaylari.py
taban_00080,Taban-512,train_ZRI_2005_JPG.rf.d8ed37aeb06c21e824399fda50263493.jpg,ZRI,0.5531,1730.4,410.0,1760.3,439.1,29.9,29.1,0.4305,,FP,0.3,1.8089,,,,hayir,,,reports/hafta7_fp_protokolu.md,test,157,tahminler_taban512_hafta7.csv,tahminler_model512.csv,0.3,0.52,1.8089,0.3,0.5,0.1,8,512,110,55,20260913,"Esikler, katsayilar ve ornek buyuklukleri KARARDIR; olcumden turetilmedi. Ayrinti protokol dosyasinda.",3.13.1,8.4.144,0.12.6,2.14.0,2026-09-13 10:08:36,scripts/25_esit_fp_adaylari.py
taban_00081,Taban-512,train_ZRI_2005_JPG.rf.d8ed37aeb06c21e824399fda50263493.jpg,ZRI,0.529,1715.8,410.1,1741.9,439.8,26.1,29.7,0.3402,,FP,0.3,1.8089,,,,hayir,,,reports/hafta7_fp_protokolu.md,test,157,tahminler_taban512_hafta7.csv,tahminler_model512.csv,0.3,0.52,1.8089,0.3,0.5,0.1,8,512,110,55,20260913,"Esikler, katsayilar ve ornek buyuklukleri KARARDIR; olcumden turetilmedi. Ayrinti protokol dosyasinda.",3.13.1,8.4.144,0.12.6,2.14.0,2026-09-13 10:08:36,scripts/25_esit_fp_adaylari.py
taban_00082,Taban-512,train_ZRI_2005_JPG.rf.d8ed37aeb06c21e824399fda50263493.jpg,ZRI,0.4102,2766.4,2911.4,2860.7,2999.7,94.3,88.3,0.0,,FP,0.3,1.8089,,,,hayir,,,reports/hafta7_fp_protokolu.md,test,157,tahminler_taban512_hafta7.csv,tahminler_model512.csv,0.3,0.52,1.8089,0.3,0.5,0.1,8,512,110,55,20260913,"Esikler, katsayilar ve ornek buyuklukleri KARARDIR; olcumden turetilmedi. Ayrinti protokol dosyasinda.",3.13.1,8.4.144,0.12.6,2.14.0,2026-09-13 10:08:36,scripts/25_esit_fp_adaylari.py
taban_00083,Taban-512,train_ZRI_2005_JPG.rf.d8ed37aeb06c21e824399fda50263493.jpg,ZRI,0.3416,2755.3,2912.0,2816.7,2998.8,61.4,86.8,0.0,,FP,0.3,1.8089,,,,hayir,,,reports/hafta7_fp_protokolu.md,test,157,tahminler_taban512_hafta7.csv,tahminler_model512.csv,0.3,0.52,1.8089,0.3,0.5,0.1,8,512,110,55,20260913,"Esikler, katsayilar ve ornek buyuklukleri KARARDIR; olcumden turetilmedi. Ayrinti protokol dosyasinda.",3.13.1,8.4.144,0.12.6,2.14.0,2026-09-13 10:08:36,scripts/25_esit_fp_adaylari.py
taban_00084,Taban-512,train_ZRI_2005_JPG.rf.d8ed37aeb06c21e824399fda50263493.jpg,ZRI,0.307,2031.3,210.4,2097.4,263.9,66.1,53.5,0.7869,0.7869,TP,0.3,1.8089,,,,hayir,,,reports/hafta7_fp_protokolu.md,test,157,tahminler_taban512_hafta7.csv,tahminler_model512.csv,0.3,0.52,1.8089,0.3,0.5,0.1,8,512,110,55,20260913,"Esikler, katsayilar ve ornek buyuklukleri KARARDIR; olcumden turetilmedi. Ayrinti protokol dosyasinda.",3.13.1,8.4.144,0.12.6,2.14.0,2026-09-13 10:08:36,scripts/25_esit_fp_adaylari.py
taban_00085,Taban-512,train_ZRI_2006_JPG.rf.d72e1e0ec64a7291daa8ebc254d5d13d.jpg,ZRI,0.5875,1005.0,187.1,1071.7,272.4,66.7,85.3,0.7737,0.7737,TP,0.3,1.8089,,,,hayir,,,reports/hafta7_fp_protokolu.md,test,157,tahminler_taban512_hafta7.csv,tahminler_model512.csv,0.3,0.52,1.8089,0.3,0.5,0.1,8,512,110,55,20260913,"Esikler, katsayilar ve ornek buyuklukleri KARARDIR; olcumden turetilmedi. Ayrinti protokol dosyasinda.",3.13.1,8.4.144,0.12.6,2.14.0,2026-09-13 10:08:36,scripts/25_esit_fp_adaylari.py
taban_00086,Taban-512,train_ZRI_2006_JPG.rf.d72e1e0ec64a7291daa8ebc254d5d13d.jpg,ZRI,0.5825,1591.1,1521.8,1652.3,1603.2,61.2,81.4,0.0,,FP,0.3,1.8089,,,,hayir,,,reports/hafta7_fp_protokolu.md,test,157,tahminler_taban512_hafta7.csv,tahminler_model512.csv,0.3,0.52,1.8089,0.3,0.5,0.1,8,512,110,55,20260913,"Esikler, katsayilar ve ornek buyuklukleri KARARDIR; olcumden turetilmedi. Ayrinti protokol dosyasinda.",3.13.1,8.4.144,0.12.6,2.14.0,2026-09-13 10:08:36,scripts/25_esit_fp_adaylari.py
taban_00087,Taban-512,train_ZRI_2006_JPG.rf.d72e1e0ec64a7291daa8ebc254d5d13d.jpg,ZRI,0.577,2129.2,743.6,2198.9,841.0,69.7,97.4,0.5887,0.5887,TP,0.3,1.8089,,,,hayir,,,reports/hafta7_fp_protokolu.md,test,157,tahminler_taban512_hafta7.csv,tahminler_model512.csv,0.3,0.52,1.8089,0.3,0.5,0.1,8,512,110,55,20260913,"Esikler, katsayilar ve ornek buyuklukleri KARARDIR; olcumden turetilmedi. Ayrinti protokol dosyasinda.",3.13.1,8.4.144,0.12.6,2.14.0,2026-09-13 10:08:36,scripts/25_esit_fp_adaylari.py
taban_00088,Taban-512,train_ZRI_2006_JPG.rf.d72e1e0ec64a7291daa8ebc254d5d13d.jpg,ZRI,0.5266,912.6,0.1,1067.3,103.9,154.7,103.8,0.0,,FP,0.3,1.8089,,a0240,a0423,evet,Taban-512/ZRI,0.2402,reports/hafta7_fp_protokolu.md,test,157,tahminler_taban512_hafta7.csv,tahminler_model512.csv,0.3,0.52,1.8089,0.3,0.5,0.1,8,512,110,55,20260913,"Esikler, katsayilar ve ornek buyuklukleri KARARDIR; olcumden turetilmedi. Ayrinti protokol dosyasinda.",3.13.1,8.4.144,0.12.6,2.14.0,2026-09-13 10:08:36,scripts/25_esit_fp_adaylari.py
taban_00089,Taban-512,train_ZRI_2006_JPG.rf.d72e1e0ec64a7291daa8ebc254d5d13d.jpg,ZRI,0.3993,1640.1,1542.7,1650.9,1601.8,10.8,59.1,0.0,,FP,0.3,1.8089,,a0224,a0082,evet,Taban-512/ZRI,0.2402,reports/hafta7_fp_protokolu.md,test,157,tahminler_taban512_hafta7.csv,tahminler_model512.csv,0.3,0.52,1.8089,0.3,0.5,0.1,8,512,110,55,20260913,"Esikler, katsayilar ve ornek buyuklukleri KARARDIR; olcumden turetilmedi. Ayrinti protokol dosyasinda.",3.13.1,8.4.144,0.12.6,2.14.0,2026-09-13 10:08:36,scripts/25_esit_fp_adaylari.py
taban_00090,Taban-512,train_ZRI_2006_JPG.rf.d72e1e0ec64a7291daa8ebc254d5d13d.jpg,ZRI,0.3328,855.2,128.7,1072.5,273.6,217.3,144.9,0.2466,,FP,0.3,1.8089,,,,hayir,,,reports/hafta7_fp_protokolu.md,test,157,tahminler_taban512_hafta7.csv,tahminler_model512.csv,0.3,0.52,1.8089,0.3,0.5,0.1,8,512,110,55,20260913,"Esikler, katsayilar ve ornek buyuklukleri KARARDIR; olcumden turetilmedi. Ayrinti protokol dosyasinda.",3.13.1,8.4.144,0.12.6,2.14.0,2026-09-13 10:08:36,scripts/25_esit_fp_adaylari.py
taban_00091,Taban-512,train_ZRI_2007_JPG.rf.80e11b79e6dead246b35d741fce18b16.jpg,ZRI,0.781,870.3,1011.9,944.6,1059.3,74.3,47.4,0.9374,0.9374,TP,0.3,1.8089,,,,hayir,,,reports/hafta7_fp_protokolu.md,test,157,tahminler_taban512_hafta7.csv,tahminler_model512.csv,0.3,0.52,1.8089,0.3,0.5,0.1,8,512,110,55,20260913,"Esikler, katsayilar ve ornek buyuklukleri KARARDIR; olcumden turetilmedi. Ayrinti protokol dosyasinda.",3.13.1,8.4.144,0.12.6,2.14.0,2026-09-13 10:08:36,scripts/25_esit_fp_adaylari.py
taban_00092,Taban-512,train_ZRI_2007_JPG.rf.80e11b79e6dead246b35d741fce18b16.jpg,ZRI,0.7689,913.3,743.9,993.3,828.5,80.0,84.6,0.9018,0.9018,TP,0.3,1.8089,,,,hayir,,,reports/hafta7_fp_protokolu.md,test,157,tahminler_taban512_hafta7.csv,tahminler_model512.csv,0.3,0.52,1.8089,0.3,0.5,0.1,8,512,110,55,20260913,"Esikler, katsayilar ve ornek buyuklukleri KARARDIR; olcumden turetilmedi. Ayrinti protokol dosyasinda.",3.13.1,8.4.144,0.12.6,2.14.0,2026-09-13 10:08:36,scripts/25_esit_fp_adaylari.py
taban_00093,Taban-512,train_ZRI_2007_JPG.rf.80e11b79e6dead246b35d741fce18b16.jpg,ZRI,0.7628,904.5,878.8,1023.7,921.8,119.2,43.0,0.0,,FP,0.3,1.8089,,a0266,a0045,evet,Taban-512/ZRI,0.2402,reports/hafta7_fp_protokolu.md,test,157,tahminler_taban512_hafta7.csv,tahminler_model512.csv,0.3,0.52,1.8089,0.3,0.5,0.1,8,512,110,55,20260913,"Esikler, katsayilar ve ornek buyuklukleri KARARDIR; olcumden turetilmedi. Ayrinti protokol dosyasinda.",3.13.1,8.4.144,0.12.6,2.14.0,2026-09-13 10:08:36,scripts/25_esit_fp_adaylari.py
taban_00094,Taban-512,train_ZRI_2007_JPG.rf.80e11b79e6dead246b35d741fce18b16.jpg,ZRI,0.6717,1148.4,1179.8,1235.7,1219.7,87.3,39.9,0.0,,FP,0.3,1.8089,,a0304,a0012,evet,Taban-512/ZRI,0.2402,reports/hafta7_fp_protokolu.md,test,157,tahminler_taban512_hafta7.csv,tahminler_model512.csv,0.3,0.52,1.8089,0.3,0.5,0.1,8,512,110,55,20260913,"Esikler, katsayilar ve ornek buyuklukleri KARARDIR; olcumden turetilmedi. Ayrinti protokol dosyasinda.",3.13.1,8.4.144,0.12.6,2.14.0,2026-09-13 10:08:36,scripts/25_esit_fp_adaylari.py
taban_00095,Taban-512,train_ZRI_2007_JPG.rf.80e11b79e6dead246b35d741fce18b16.jpg,ZRI,0.5873,1181.4,1137.8,1261.4,1186.5,80.0,48.7,0.0,,FP,0.3,1.8089,,,,hayir,,,reports/hafta7_fp_protokolu.md,test,157,tahminler_taban512_hafta7.csv,tahminler_model512.csv,0.3,0.52,1.8089,0.3,0.5,0.1,8,512,110,55,20260913,"Esikler, katsayilar ve ornek buyuklukleri KARARDIR; olcumden turetilmedi. Ayrinti protokol dosyasinda.",3.13.1,8.4.144,0.12.6,2.14.0,2026-09-13 10:08:36,scripts/25_esit_fp_adaylari.py
taban_00096,Taban-512,train_ZRI_2007_JPG.rf.80e11b79e6dead246b35d741fce18b16.jpg,ZRI,0.5815,820.2,923.8,879.1,984.1,58.9,60.3,0.6162,0.6162,TP,0.3,1.8089,,,,hayir,,,reports/hafta7_fp_protokolu.md,test,157,tahminler_taban512_hafta7.csv,tahminler_model512.csv,0.3,0.52,1.8089,0.3,0.5,0.1,8,512,110,55,20260913,"Esikler, katsayilar ve ornek buyuklukleri KARARDIR; olcumden turetilmedi. Ayrinti protokol dosyasinda.",3.13.1,8.4.144,0.12.6,2.14.0,2026-09-13 10:08:36,scripts/25_esit_fp_adaylari.py
taban_00097,Taban-512,train_ZRI_2007_JPG.rf.80e11b79e6dead246b35d741fce18b16.jpg,ZRI,0.5113,1025.1,755.4,1084.7,808.3,59.6,52.9,0.9534,0.9534,TP,0.3,1.8089,,,,hayir,,,reports/hafta7_fp_protokolu.md,test,157,tahminler_taban512_hafta7.csv,tahminler_model512.csv,0.3,0.52,1.8089,0.3,0.5,0.1,8,512,110,55,20260913,"Esikler, katsayilar ve ornek buyuklukleri KARARDIR; olcumden turetilmedi. Ayrinti protokol dosyasinda.",3.13.1,8.4.144,0.12.6,2.14.0,2026-09-13 10:08:36,scripts/25_esit_fp_adaylari.py
taban_00098,Taban-512,train_ZRI_2007_JPG.rf.80e11b79e6dead246b35d741fce18b16.jpg,ZRI,0.3534,749.3,820.0,792.6,847.4,43.3,27.4,0.5782,0.5782,TP,0.3,1.8089,,,,hayir,,,reports/hafta7_fp_protokolu.md,test,157,tahminler_taban512_hafta7.csv,tahminler_model512.csv,0.3,0.52,1.8089,0.3,0.5,0.1,8,512,110,55,20260913,"Esikler, katsayilar ve ornek buyuklukleri KARARDIR; olcumden turetilmedi. Ayrinti protokol dosyasinda.",3.13.1,8.4.144,0.12.6,2.14.0,2026-09-13 10:08:36,scripts/25_esit_fp_adaylari.py
taban_00099,Taban-512,train_ZRI_2008_JPG.rf.1f537af4185be73382914fecdb099ac7.jpg,ZRI,0.7712,585.9,446.9,739.1,603.9,153.2,157.0,0.3388,0.3388,TP,0.3,1.8089,,,,hayir,,,reports/hafta7_fp_protokolu.md,test,157,tahminler_taban512_hafta7.csv,tahminler_model512.csv,0.3,0.52,1.8089,0.3,0.5,0.1,8,512,110,55,20260913,"Esikler, katsayilar ve ornek buyuklukleri KARARDIR; olcumden turetilmedi. Ayrinti protokol dosyasinda.",3.13.1,8.4.144,0.12.6,2.14.0,2026-09-13 10:08:36,scripts/25_esit_fp_adaylari.py
taban_00100,Taban-512,train_ZRI_2008_JPG.rf.1f537af4185be73382914fecdb099ac7.jpg,ZRI,0.5492,675.1,1687.7,765.8,1724.9,90.7,37.2,0.8456,0.8456,TP,0.3,1.8089,,,,hayir,,,reports/hafta7_fp_protokolu.md,test,157,tahminler_taban512_hafta7.csv,tahminler_model512.csv,0.3,0.52,1.8089,0.3,0.5,0.1,8,512,110,55,20260913,"Esikler, katsayilar ve ornek buyuklukleri KARARDIR; olcumden turetilmedi. Ayrinti protokol dosyasinda.",3.13.1,8.4.144,0.12.6,2.14.0,2026-09-13 10:08:36,scripts/25_esit_fp_adaylari.py
taban_00101,Taban-512,train_ZRI_2008_JPG.rf.1f537af4185be73382914fecdb099ac7.jpg,ZRI,0.5207,485.9,2169.0,511.8,2225.8,25.9,56.8,0.2919,,FP,0.3,1.8089,,,,hayir,,,reports/hafta7_fp_protokolu.md,test,157,tahminler_taban512_hafta7.csv,tahminler_model512.csv,0.3,0.52,1.8089,0.3,0.5,0.1,8,512,110,55,20260913,"Esikler, katsayilar ve ornek buyuklukleri KARARDIR; olcumden turetilmedi. Ayrinti protokol dosyasinda.",3.13.1,8.4.144,0.12.6,2.14.0,2026-09-13 10:08:36,scripts/25_esit_fp_adaylari.py
taban_00102,Taban-512,train_ZRI_2008_JPG.rf.1f537af4185be73382914fecdb099ac7.jpg,ZRI,0.4619,603.7,445.9,739.8,511.7,136.1,65.8,0.2676,,FP,0.3,1.8089,,,,hayir,,,reports/hafta7_fp_protokolu.md,test,157,tahminler_taban512_hafta7.csv,tahminler_model512.csv,0.3,0.52,1.8089,0.3,0.5,0.1,8,512,110,55,20260913,"Esikler, katsayilar ve ornek buyuklukleri KARARDIR; olcumden turetilmedi. Ayrinti protokol dosyasinda.",3.13.1,8.4.144,0.12.6,2.14.0,2026-09-13 10:08:36,scripts/25_esit_fp_adaylari.py
taban_00103,Taban-512,train_ZRI_2008_JPG.rf.1f537af4185be73382914fecdb099ac7.jpg,ZRI,0.4519,3326.5,999.7,3381.8,1058.1,55.3,58.4,0.0,,FP,0.3,1.8089,,,,hayir,,,reports/hafta7_fp_protokolu.md,test,157,tahminler_taban512_hafta7.csv,tahminler_model512.csv,0.3,0.52,1.8089,0.3,0.5,0.1,8,512,110,55,20260913,"Esikler, katsayilar ve ornek buyuklukleri KARARDIR; olcumden turetilmedi. Ayrinti protokol dosyasinda.",3.13.1,8.4.144,0.12.6,2.14.0,2026-09-13 10:08:36,scripts/25_esit_fp_adaylari.py
taban_00104,Taban-512,train_ZRI_2008_JPG.rf.1f537af4185be73382914fecdb099ac7.jpg,ZRI,0.4244,820.1,1728.0,886.8,1774.3,66.7,46.3,0.7558,0.7558,TP,0.3,1.8089,,,,hayir,,,reports/hafta7_fp_protokolu.md,test,157,tahminler_taban512_hafta7.csv,tahminler_model512.csv,0.3,0.52,1.8089,0.3,0.5,0.1,8,512,110,55,20260913,"Esikler, katsayilar ve ornek buyuklukleri KARARDIR; olcumden turetilmedi. Ayrinti protokol dosyasinda.",3.13.1,8.4.144,0.12.6,2.14.0,2026-09-13 10:08:36,scripts/25_esit_fp_adaylari.py
taban_00105,Taban-512,train_ZRI_2008_JPG.rf.1f537af4185be73382914fecdb099ac7.jpg,ZRI,0.4111,3075.4,2892.2,3083.9,2909.1,8.5,16.9,0.0,,FP,0.3,1.8089,,,,hayir,,,reports/hafta7_fp_protokolu.md,test,157,tahminler_taban512_hafta7.csv,tahminler_model512.csv,0.3,0.52,1.8089,0.3,0.5,0.1,8,512,110,55,20260913,"Esikler, katsayilar ve ornek buyuklukleri KARARDIR; olcumden turetilmedi. Ayrinti protokol dosyasinda.",3.13.1,8.4.144,0.12.6,2.14.0,2026-09-13 10:08:36,scripts/25_esit_fp_adaylari.py
taban_00106,Taban-512,train_ZRI_2008_JPG.rf.1f537af4185be73382914fecdb099ac7.jpg,ZRI,0.3995,571.7,1943.5,658.5,1988.7,86.8,45.2,0.8364,0.8364,TP,0.3,1.8089,,,,hayir,,,reports/hafta7_fp_protokolu.md,test,157,tahminler_taban512_hafta7.csv,tahminler_model512.csv,0.3,0.52,1.8089,0.3,0.5,0.1,8,512,110,55,20260913,"Esikler, katsayilar ve ornek buyuklukleri KARARDIR; olcumden turetilmedi. Ayrinti protokol dosyasinda.",3.13.1,8.4.144,0.12.6,2.14.0,2026-09-13 10:08:36,scripts/25_esit_fp_adaylari.py
taban_00107,Taban-512,train_ZRI_2008_JPG.rf.1f537af4185be73382914fecdb099ac7.jpg,ZRI,0.3694,818.4,1805.8,895.0,1847.1,76.6,41.3,0.9164,0.9164,TP,0.3,1.8089,,,,hayir,,,reports/hafta7_fp_protokolu.md,test,157,tahminler_taban512_hafta7.csv,tahminler_model512.csv,0.3,0.52,1.8089,0.3,0.5,0.1,8,512,110,55,20260913,"Esikler, katsayilar ve ornek buyuklukleri KARARDIR; olcumden turetilmedi. Ayrinti protokol dosyasinda.",3.13.1,8.4.144,0.12.6,2.14.0,2026-09-13 10:08:36,scripts/25_esit_fp_adaylari.py
taban_00108,Taban-512,train_ZRI_2008_JPG.rf.1f537af4185be73382914fecdb099ac7.jpg,ZRI,0.3568,813.1,1728.1,891.2,1741.8,78.1,13.7,0.2685,,FP,0.3,1.8089,,,,hayir,,,reports/hafta7_fp_protokolu.md,test,157,tahminler_taban512_hafta7.csv,tahminler_model512.csv,0.3,0.52,1.8089,0.3,0.5,0.1,8,512,110,55,20260913,"Esikler, katsayilar ve ornek buyuklukleri KARARDIR; olcumden turetilmedi. Ayrinti protokol dosyasinda.",3.13.1,8.4.144,0.12.6,2.14.0,2026-09-13 10:08:36,scripts/25_esit_fp_adaylari.py
taban_00109,Taban-512,train_ZRI_2010_JPG.rf.dffe80870459dc66572904359072a194.jpg,ZRI,0.7337,1716.5,879.8,1757.7,921.8,41.2,42.0,0.7321,0.7321,TP,0.3,1.8089,,,,hayir,,,reports/hafta7_fp_protokolu.md,test,157,tahminler_taban512_hafta7.csv,tahminler_model512.csv,0.3,0.52,1.8089,0.3,0.5,0.1,8,512,110,55,20260913,"Esikler, katsayilar ve ornek buyuklukleri KARARDIR; olcumden turetilmedi. Ayrinti protokol dosyasinda.",3.13.1,8.4.144,0.12.6,2.14.0,2026-09-13 10:08:36,scripts/25_esit_fp_adaylari.py
taban_00110,Taban-512,train_ZRI_2010_JPG.rf.dffe80870459dc66572904359072a194.jpg,ZRI,0.6585,28.7,959.9,110.2,1001.2,81.5,41.3,0.8308,0.8308,TP,0.3,1.8089,,,,hayir,,,reports/hafta7_fp_protokolu.md,test,157,tahminler_taban512_hafta7.csv,tahminler_model512.csv,0.3,0.52,1.8089,0.3,0.5,0.1,8,512,110,55,20260913,"Esikler, katsayilar ve ornek buyuklukleri KARARDIR; olcumden turetilmedi. Ayrinti protokol dosyasinda.",3.13.1,8.4.144,0.12.6,2.14.0,2026-09-13 10:08:36,scripts/25_esit_fp_adaylari.py
taban_00111,Taban-512,train_ZRI_2010_JPG.rf.dffe80870459dc66572904359072a194.jpg,ZRI,0.5262,1750.9,923.3,1807.7,994.7,56.8,71.4,0.8386,0.8386,TP,0.3,1.8089,,,,hayir,,,reports/hafta7_fp_protokolu.md,test,157,tahminler_taban512_hafta7.csv,tahminler_model512.csv,0.3,0.52,1.8089,0.3,0.5,0.1,8,512,110,55,20260913,"Esikler, katsayilar ve ornek buyuklukleri KARARDIR; olcumden turetilmedi. Ayrinti protokol dosyasinda.",3.13.1,8.4.144,0.12.6,2.14.0,2026-09-13 10:08:36,scripts/25_esit_fp_adaylari.py
taban_00112,Taban-512,train_ZRI_2010_JPG.rf.dffe80870459dc66572904359072a194.jpg,ZRI,0.4774,175.2,920.8,249.6,957.7,74.4,36.9,0.8673,0.8673,TP,0.3,1.8089,,,,hayir,,,reports/hafta7_fp_protokolu.md,test,157,tahminler_taban512_hafta7.csv,tahminler_model512.csv,0.3,0.52,1.8089,0.3,0.5,0.1,8,512,110,55,20260913,"Esikler, katsayilar ve ornek buyuklukleri KARARDIR; olcumden turetilmedi. Ayrinti protokol dosyasinda.",3.13.1,8.4.144,0.12.6,2.14.0,2026-09-13 10:08:36,scripts/25_esit_fp_adaylari.py
taban_00113,Taban-512,train_ZRI_2010_JPG.rf.dffe80870459dc66572904359072a194.jpg,ZRI,0.3511,759.3,0.1,809.2,35.6,49.9,35.5,0.0,,FP,0.3,1.8089,,a0109,a0162,evet,Taban-512/ZRI,0.2402,reports/hafta7_fp_protokolu.md,test,157,tahminler_taban512_hafta7.csv,tahminler_model512.csv,0.3,0.52,1.8089,0.3,0.5,0.1,8,512,110,55,20260913,"Esikler, katsayilar ve ornek buyuklukleri KARARDIR; olcumden turetilmedi. Ayrinti protokol dosyasinda.",3.13.1,8.4.144,0.12.6,2.14.0,2026-09-13 10:08:36,scripts/25_esit_fp_adaylari.py
taban_00114,Taban-512,train_ZRI_2010_JPG.rf.dffe80870459dc66572904359072a194.jpg,ZRI,0.3235,0.3,410.1,110.6,516.3,110.3,106.2,0.0,,FP,0.3,1.8089,,,,hayir,,,reports/hafta7_fp_protokolu.md,test,157,tahminler_taban512_hafta7.csv,tahminler_model512.csv,0.3,0.52,1.8089,0.3,0.5,0.1,8,512,110,55,20260913,"Esikler, katsayilar ve ornek buyuklukleri KARARDIR; olcumden turetilmedi. Ayrinti protokol dosyasinda.",3.13.1,8.4.144,0.12.6,2.14.0,2026-09-13 10:08:36,scripts/25_esit_fp_adaylari.py
taban_00115,Taban-512,train_ZRI_2010_JPG.rf.dffe80870459dc66572904359072a194.jpg,ZRI,0.314,1884.7,911.5,1917.5,921.8,32.8,10.3,0.0,,FP,0.3,1.8089,,,,hayir,,,reports/hafta7_fp_protokolu.md,test,157,tahminler_taban512_hafta7.csv,tahminler_model512.csv,0.3,0.52,1.8089,0.3,0.5,0.1,8,512,110,55,20260913,"Esikler, katsayilar ve ornek buyuklukleri KARARDIR; olcumden turetilmedi. Ayrinti protokol dosyasinda.",3.13.1,8.4.144,0.12.6,2.14.0,2026-09-13 10:08:36,scripts/25_esit_fp_adaylari.py
taban_00116,Taban-512,train_ZRI_2011_JPG.rf.0650e1a725e5029a0f5806e9ead4ec01.jpg,ZRI,0.8001,964.3,821.2,1021.7,876.5,57.4,55.3,0.8851,0.8851,TP,0.3,1.8089,,,,hayir,,,reports/hafta7_fp_protokolu.md,test,157,tahminler_taban512_hafta7.csv,tahminler_model512.csv,0.3,0.52,1.8089,0.3,0.5,0.1,8,512,110,55,20260913,"Esikler, katsayilar ve ornek buyuklukleri KARARDIR; olcumden turetilmedi. Ayrinti protokol dosyasinda.",3.13.1,8.4.144,0.12.6,2.14.0,2026-09-13 10:08:36,scripts/25_esit_fp_adaylari.py
taban_00117,Taban-512,train_ZRI_2011_JPG.rf.0650e1a725e5029a0f5806e9ead4ec01.jpg,ZRI,0.6647,861.6,30.4,921.7,114.6,60.1,84.2,0.7132,0.7132,TP,0.3,1.8089,,,,hayir,,,reports/hafta7_fp_protokolu.md,test,157,tahminler_taban512_hafta7.csv,tahminler_model512.csv,0.3,0.52,1.8089,0.3,0.5,0.1,8,512,110,55,20260913,"Esikler, katsayilar ve ornek buyuklukleri KARARDIR; olcumden turetilmedi. Ayrinti protokol dosyasinda.",3.13.1,8.4.144,0.12.6,2.14.0,2026-09-13 10:08:36,scripts/25_esit_fp_adaylari.py
taban_00118,Taban-512,train_ZRI_2011_JPG.rf.0650e1a725e5029a0f5806e9ead4ec01.jpg,ZRI,0.6017,2256.0,426.1,2338.9,504.1,82.9,78.0,0.0,,FP,0.3,1.8089,,a0227,a0065,evet,Taban-512/ZRI,0.2402,reports/hafta7_fp_protokolu.md,test,157,tahminler_taban512_hafta7.csv,tahminler_model512.csv,0.3,0.52,1.8089,0.3,0.5,0.1,8,512,110,55,20260913,"Esikler, katsayilar ve ornek buyuklukleri KARARDIR; olcumden turetilmedi. Ayrinti protokol dosyasinda.",3.13.1,8.4.144,0.12.6,2.14.0,2026-09-13 10:08:36,scripts/25_esit_fp_adaylari.py
taban_00119,Taban-512,train_ZRI_2011_JPG.rf.0650e1a725e5029a0f5806e9ead4ec01.jpg,ZRI,0.4657,1858.3,148.1,1911.1,237.9,52.8,89.8,0.6434,0.6434,TP,0.3,1.8089,,,,hayir,,,reports/hafta7_fp_protokolu.md,test,157,tahminler_taban512_hafta7.csv,tahminler_model512.csv,0.3,0.52,1.8089,0.3,0.5,0.1,8,512,110,55,20260913,"Esikler, katsayilar ve ornek buyuklukleri KARARDIR; olcumden turetilmedi. Ayrinti protokol dosyasinda.",3.13.1,8.4.144,0.12.6,2.14.0,2026-09-13 10:08:36,scripts/25_esit_fp_adaylari.py
taban_00120,Taban-512,train_ZRI_2011_JPG.rf.0650e1a725e5029a0f5806e9ead4ec01.jpg,ZRI,0.4603,1305.8,436.7,1331.8,509.1,26.0,72.4,0.4251,0.4251,TP,0.3,1.8089,,,,hayir,,,reports/hafta7_fp_protokolu.md,test,157,tahminler_taban512_hafta7.csv,tahminler_model512.csv,0.3,0.52,1.8089,0.3,0.5,0.1,8,512,110,55,20260913,"Esikler, katsayilar ve ornek buyuklukleri KARARDIR; olcumden turetilmedi. Ayrinti protokol dosyasinda.",3.13.1,8.4.144,0.12.6,2.14.0,2026-09-13 10:08:36,scripts/25_esit_fp_adaylari.py
taban_00121,Taban-512,train_ZRI_2011_JPG.rf.0650e1a725e5029a0f5806e9ead4ec01.jpg,ZRI,0.4229,1909.1,267.8,1967.9,324.9,58.8,57.1,0.8441,0.8441,TP,0.3,1.8089,,,,hayir,,,reports/hafta7_fp_protokolu.md,test,157,tahminler_taban512_hafta7.csv,tahminler_model512.csv,0.3,0.52,1.8089,0.3,0.5,0.1,8,512,110,55,20260913,"Esikler, katsayilar ve ornek buyuklukleri KARARDIR; olcumden turetilmedi. Ayrinti protokol dosyasinda.",3.13.1,8.4.144,0.12.6,2.14.0,2026-09-13 10:08:36,scripts/25_esit_fp_adaylari.py
taban_00122,Taban-512,train_ZRI_2011_JPG.rf.0650e1a725e5029a0f5806e9ead4ec01.jpg,ZRI,0.3917,1305.2,435.5,1400.7,633.7,95.5,198.2,0.206,,FP,0.3,1.8089,,,,hayir,,,reports/hafta7_fp_protokolu.md,test,157,tahminler_taban512_hafta7.csv,tahminler_model512.csv,0.3,0.52,1.8089,0.3,0.5,0.1,8,512,110,55,20260913,"Esikler, katsayilar ve ornek buyuklukleri KARARDIR; olcumden turetilmedi. Ayrinti protokol dosyasinda.",3.13.1,8.4.144,0.12.6,2.14.0,2026-09-13 10:08:36,scripts/25_esit_fp_adaylari.py
taban_00123,Taban-512,train_ZRI_2011_JPG.rf.0650e1a725e5029a0f5806e9ead4ec01.jpg,ZRI,0.3444,2050.1,1623.1,2087.6,1739.6,37.5,116.5,0.3671,0.3671,TP,0.3,1.8089,,,,hayir,,,reports/hafta7_fp_protokolu.md,test,157,tahminler_taban512_hafta7.csv,tahminler_model512.csv,0.3,0.52,1.8089,0.3,0.5,0.1,8,512,110,55,20260913,"Esikler, katsayilar ve ornek buyuklukleri KARARDIR; olcumden turetilmedi. Ayrinti protokol dosyasinda.",3.13.1,8.4.144,0.12.6,2.14.0,2026-09-13 10:08:36,scripts/25_esit_fp_adaylari.py
taban_00124,Taban-512,train_ZRI_2011_JPG.rf.0650e1a725e5029a0f5806e9ead4ec01.jpg,ZRI,0.3233,993.0,148.7,1085.1,237.5,92.1,88.8,0.0,,FP,0.3,1.8089,,,,hayir,,,reports/hafta7_fp_protokolu.md,test,157,tahminler_taban512_hafta7.csv,tahminler_model512.csv,0.3,0.52,1.8089,0.3,0.5,0.1,8,512,110,55,20260913,"Esikler, katsayilar ve ornek buyuklukleri KARARDIR; olcumden turetilmedi. Ayrinti protokol dosyasinda.",3.13.1,8.4.144,0.12.6,2.14.0,2026-09-13 10:08:36,scripts/25_esit_fp_adaylari.py
taban_00125,Taban-512,train_ZRI_2011_JPG.rf.0650e1a725e5029a0f5806e9ead4ec01.jpg,ZRI,0.32,1086.7,821.7,1139.0,860.4,52.3,38.7,0.7928,0.7928,TP,0.3,1.8089,,,,hayir,,,reports/hafta7_fp_protokolu.md,test,157,tahminler_taban512_hafta7.csv,tahminler_model512.csv,0.3,0.52,1.8089,0.3,0.5,0.1,8,512,110,55,20260913,"Esikler, katsayilar ve ornek buyuklukleri KARARDIR; olcumden turetilmedi. Ayrinti protokol dosyasinda.",3.13.1,8.4.144,0.12.6,2.14.0,2026-09-13 10:08:36,scripts/25_esit_fp_adaylari.py
taban_00126,Taban-512,train_ZRI_2011_JPG.rf.0650e1a725e5029a0f5806e9ead4ec01.jpg,ZRI,0.3177,1987.2,1678.4,2086.1,1740.5,98.9,62.1,0.2985,,FP,0.3,1.8089,,,,hayir,,,reports/hafta7_fp_protokolu.md,test,157,tahminler_taban512_hafta7.csv,tahminler_model512.csv,0.3,0.52,1.8089,0.3,0.5,0.1,8,512,110,55,20260913,"Esikler, katsayilar ve ornek buyuklukleri KARARDIR; olcumden turetilmedi. Ayrinti protokol dosyasinda.",3.13.1,8.4.144,0.12.6,2.14.0,2026-09-13 10:08:36,scripts/25_esit_fp_adaylari.py
taban_00127,Taban-512,train_ZRI_2011_JPG.rf.0650e1a725e5029a0f5806e9ead4ec01.jpg,ZRI,0.3073,1305.5,437.0,1374.6,511.7,69.1,74.7,0.688,,FP,0.3,1.8089,,,,hayir,,,reports/hafta7_fp_protokolu.md,test,157,tahminler_taban512_hafta7.csv,tahminler_model512.csv,0.3,0.52,1.8089,0.3,0.5,0.1,8,512,110,55,20260913,"Esikler, katsayilar ve ornek buyuklukleri KARARDIR; olcumden turetilmedi. Ayrinti protokol dosyasinda.",3.13.1,8.4.144,0.12.6,2.14.0,2026-09-13 10:08:36,scripts/25_esit_fp_adaylari.py
taban_00128,Taban-512,train_ZRI_2011_JPG.rf.0650e1a725e5029a0f5806e9ead4ec01.jpg,ZRI,0.3037,2017.7,1623.4,2087.3,1685.3,69.6,61.9,0.6766,,FP,0.3,1.8089,,,,hayir,,,reports/hafta7_fp_protokolu.md,test,157,tahminler_taban512_hafta7.csv,tahminler_model512.csv,0.3,0.52,1.8089,0.3,0.5,0.1,8,512,110,55,20260913,"Esikler, katsayilar ve ornek buyuklukleri KARARDIR; olcumden turetilmedi. Ayrinti protokol dosyasinda.",3.13.1,8.4.144,0.12.6,2.14.0,2026-09-13 10:08:36,scripts/25_esit_fp_adaylari.py
taban_00129,Taban-512,train_ZRI_2012_JPG.rf.c05e4c2bd31f79c57174d2c7484d907c.jpg,ZRI,0.8153,1309.1,0.1,1373.0,92.9,63.9,92.8,0.0,,FP,0.3,1.8089,,,,hayir,,,reports/hafta7_fp_protokolu.md,test,157,tahminler_taban512_hafta7.csv,tahminler_model512.csv,0.3,0.52,1.8089,0.3,0.5,0.1,8,512,110,55,20260913,"Esikler, katsayilar ve ornek buyuklukleri KARARDIR; olcumden turetilmedi. Ayrinti protokol dosyasinda.",3.13.1,8.4.144,0.12.6,2.14.0,2026-09-13 10:08:36,scripts/25_esit_fp_adaylari.py
taban_00130,Taban-512,train_ZRI_2012_JPG.rf.c05e4c2bd31f79c57174d2c7484d907c.jpg,ZRI,0.8137,1892.2,735.1,1951.2,795.7,59.0,60.6,0.8381,0.8381,TP,0.3,1.8089,,,,hayir,,,reports/hafta7_fp_protokolu.md,test,157,tahminler_taban512_hafta7.csv,tahminler_model512.csv,0.3,0.52,1.8089,0.3,0.5,0.1,8,512,110,55,20260913,"Esikler, katsayilar ve ornek buyuklukleri KARARDIR; olcumden turetilmedi. Ayrinti protokol dosyasinda.",3.13.1,8.4.144,0.12.6,2.14.0,2026-09-13 10:08:36,scripts/25_esit_fp_adaylari.py
taban_00131,Taban-512,train_ZRI_2012_JPG.rf.c05e4c2bd31f79c57174d2c7484d907c.jpg,ZRI,0.8001,1525.0,129.6,1589.8,223.3,64.8,93.7,0.9121,0.9121,TP,0.3,1.8089,,,,hayir,,,reports/hafta7_fp_protokolu.md,test,157,tahminler_taban512_hafta7.csv,tahminler_model512.csv,0.3,0.52,1.8089,0.3,0.5,0.1,8,512,110,55,20260913,"Esikler, katsayilar ve ornek buyuklukleri KARARDIR; olcumden turetilmedi. Ayrinti protokol dosyasinda.",3.13.1,8.4.144,0.12.6,2.14.0,2026-09-13 10:08:36,scripts/25_esit_fp_adaylari.py
taban_00132,Taban-512,train_ZRI_2012_JPG.rf.c05e4c2bd31f79c57174d2c7484d907c.jpg,ZRI,0.763,1720.7,621.8,1911.7,713.7,191.0,91.9,0.147,,FP,0.3,1.8089,,a0400,a0064,evet,Taban-512/ZRI,0.2402,reports/hafta7_fp_protokolu.md,test,157,tahminler_taban512_hafta7.csv,tahminler_model512.csv,0.3,0.52,1.8089,0.3,0.5,0.1,8,512,110,55,20260913,"Esikler, katsayilar ve ornek buyuklukleri KARARDIR; olcumden turetilmedi. Ayrinti protokol dosyasinda.",3.13.1,8.4.144,0.12.6,2.14.0,2026-09-13 10:08:36,scripts/25_esit_fp_adaylari.py
taban_00133,Taban-512,train_ZRI_2012_JPG.rf.c05e4c2bd31f79c57174d2c7484d907c.jpg,ZRI,0.6336,1017.4,0.1,1093.5,97.7,76.1,97.6,0.0,,FP,0.3,1.8089,,,,hayir,,,reports/hafta7_fp_protokolu.md,test,157,tahminler_taban512_hafta7.csv,tahminler_model512.csv,0.3,0.52,1.8089,0.3,0.5,0.1,8,512,110,55,20260913,"Esikler, katsayilar ve ornek buyuklukleri KARARDIR; olcumden turetilmedi. Ayrinti protokol dosyasinda.",3.13.1,8.4.144,0.12.6,2.14.0,2026-09-13 10:08:36,scripts/25_esit_fp_adaylari.py
taban_00134,Taban-512,train_ZRI_2012_JPG.rf.c05e4c2bd31f79c57174d2c7484d907c.jpg,ZRI,0.4733,816.5,531.4,887.0,600.8,70.5,69.4,0.9057,0.9057,TP,0.3,1.8089,,,,hayir,,,reports/hafta7_fp_protokolu.md,test,157,tahminler_taban512_hafta7.csv,tahminler_model512.csv,0.3,0.52,1.8089,0.3,0.5,0.1,8,512,110,55,20260913,"Esikler, katsayilar ve ornek buyuklukleri KARARDIR; olcumden turetilmedi. Ayrinti protokol dosyasinda.",3.13.1,8.4.144,0.12.6,2.14.0,2026-09-13 10:08:36,scripts/25_esit_fp_adaylari.py
taban_00135,Taban-512,train_ZRI_2012_JPG.rf.c05e4c2bd31f79c57174d2c7484d907c.jpg,ZRI,0.4491,954.5,653.4,1035.2,735.9,80.7,82.5,0.0,,FP,0.3,1.8089,,,,hayir,,,reports/hafta7_fp_protokolu.md,test,157,tahminler_taban512_hafta7.csv,tahminler_model512.csv,0.3,0.52,1.8089,0.3,0.5,0.1,8,512,110,55,20260913,"Esikler, katsayilar ve ornek buyuklukleri KARARDIR; olcumden turetilmedi. Ayrinti protokol dosyasinda.",3.13.1,8.4.144,0.12.6,2.14.0,2026-09-13 10:08:36,scripts/25_esit_fp_adaylari.py
taban_00136,Taban-512,train_ZRI_2012_JPG.rf.c05e4c2bd31f79c57174d2c7484d907c.jpg,ZRI,0.4408,2251.1,891.7,2338.3,971.4,87.2,79.7,0.3549,0.3549,TP,0.3,1.8089,,,,hayir,,,reports/hafta7_fp_protokolu.md,test,157,tahminler_taban512_hafta7.csv,tahminler_model512.csv,0.3,0.52,1.8089,0.3,0.5,0.1,8,512,110,55,20260913,"Esikler, katsayilar ve ornek buyuklukleri KARARDIR; olcumden turetilmedi. Ayrinti protokol dosyasinda.",3.13.1,8.4.144,0.12.6,2.14.0,2026-09-13 10:08:36,scripts/25_esit_fp_adaylari.py
taban_00137,Taban-512,train_ZRI_2012_JPG.rf.c05e4c2bd31f79c57174d2c7484d907c.jpg,ZRI,0.4396,520.2,0.0,694.2,120.9,174.0,120.9,0.0,,FP,0.3,1.8089,,a0396,a0025,evet,Taban-512/ZRI,0.2402,reports/hafta7_fp_protokolu.md,test,157,tahminler_taban512_hafta7.csv,tahminler_model512.csv,0.3,0.52,1.8089,0.3,0.5,0.1,8,512,110,55,20260913,"Esikler, katsayilar ve ornek buyuklukleri KARARDIR; olcumden turetilmedi. Ayrinti protokol dosyasinda.",3.13.1,8.4.144,0.12.6,2.14.0,2026-09-13 10:08:36,scripts/25_esit_fp_adaylari.py
taban_00138,Taban-512,train_ZRI_2012_JPG.rf.c05e4c2bd31f79c57174d2c7484d907c.jpg,ZRI,0.4107,3724.7,170.8,3830.3,328.1,105.6,157.3,0.3996,0.3996,TP,0.3,1.8089,,,,hayir,,,reports/hafta7_fp_protokolu.md,test,157,tahminler_taban512_hafta7.csv,tahminler_model512.csv,0.3,0.52,1.8089,0.3,0.5,0.1,8,512,110,55,20260913,"Esikler, katsayilar ve ornek buyuklukleri KARARDIR; olcumden turetilmedi. Ayrinti protokol dosyasinda.",3.13.1,8.4.144,0.12.6,2.14.0,2026-09-13 10:08:36,scripts/25_esit_fp_adaylari.py
taban_00139,Taban-512,train_ZRI_2012_JPG.rf.c05e4c2bd31f79c57174d2c7484d907c.jpg,ZRI,0.3824,1260.0,943.4,1375.0,1092.8,115.0,149.4,0.2549,,FP,0.3,1.8089,,,,hayir,,,reports/hafta7_fp_protokolu.md,test,157,tahminler_taban512_hafta7.csv,tahminler_model512.csv,0.3,0.52,1.8089,0.3,0.5,0.1,8,512,110,55,20260913,"Esikler, katsayilar ve ornek buyuklukleri KARARDIR; olcumden turetilmedi. Ayrinti protokol dosyasinda.",3.13.1,8.4.144,0.12.6,2.14.0,2026-09-13 10:08:36,scripts/25_esit_fp_adaylari.py
taban_00140,Taban-512,train_ZRI_2012_JPG.rf.c05e4c2bd31f79c57174d2c7484d907c.jpg,ZRI,0.3789,1421.1,1848.7,1486.4,1922.0,65.3,73.3,0.0,,FP,0.3,1.8089,,a0038,a0117,evet,Taban-512/ZRI,0.2402,reports/hafta7_fp_protokolu.md,test,157,tahminler_taban512_hafta7.csv,tahminler_model512.csv,0.3,0.52,1.8089,0.3,0.5,0.1,8,512,110,55,20260913,"Esikler, katsayilar ve ornek buyuklukleri KARARDIR; olcumden turetilmedi. Ayrinti protokol dosyasinda.",3.13.1,8.4.144,0.12.6,2.14.0,2026-09-13 10:08:36,scripts/25_esit_fp_adaylari.py
taban_00141,Taban-512,train_ZRI_2012_JPG.rf.c05e4c2bd31f79c57174d2c7484d907c.jpg,ZRI,0.3557,447.0,378.3,549.7,438.0,102.7,59.7,0.8569,0.8569,TP,0.3,1.8089,,,,hayir,,,reports/hafta7_fp_protokolu.md,test,157,tahminler_taban512_hafta7.csv,tahminler_model512.csv,0.3,0.52,1.8089,0.3,0.5,0.1,8,512,110,55,20260913,"Esikler, katsayilar ve ornek buyuklukleri KARARDIR; olcumden turetilmedi. Ayrinti protokol dosyasinda.",3.13.1,8.4.144,0.12.6,2.14.0,2026-09-13 10:08:36,scripts/25_esit_fp_adaylari.py
taban_00142,Taban-512,train_ZRI_2012_JPG.rf.c05e4c2bd31f79c57174d2c7484d907c.jpg,ZRI,0.3434,1307.9,0.5,1331.8,47.6,23.9,47.1,0.0,,FP,0.3,1.8089,,,,hayir,,,reports/hafta7_fp_protokolu.md,test,157,tahminler_taban512_hafta7.csv,tahminler_model512.csv,0.3,0.52,1.8089,0.3,0.5,0.1,8,512,110,55,20260913,"Esikler, katsayilar ve ornek buyuklukleri KARARDIR; olcumden turetilmedi. Ayrinti protokol dosyasinda.",3.13.1,8.4.144,0.12.6,2.14.0,2026-09-13 10:08:36,scripts/25_esit_fp_adaylari.py
taban_00143,Taban-512,train_ZRI_2012_JPG.rf.c05e4c2bd31f79c57174d2c7484d907c.jpg,ZRI,0.323,1230.0,568.5,1272.6,634.6,42.6,66.1,0.8321,0.8321,TP,0.3,1.8089,,,,hayir,,,reports/hafta7_fp_protokolu.md,test,157,tahminler_taban512_hafta7.csv,tahminler_model512.csv,0.3,0.52,1.8089,0.3,0.5,0.1,8,512,110,55,20260913,"Esikler, katsayilar ve ornek buyuklukleri KARARDIR; olcumden turetilmedi. Ayrinti protokol dosyasinda.",3.13.1,8.4.144,0.12.6,2.14.0,2026-09-13 10:08:36,scripts/25_esit_fp_adaylari.py
taban_00144,Taban-512,train_ZRI_2012_JPG.rf.c05e4c2bd31f79c57174d2c7484d907c.jpg,ZRI,0.3212,2267.6,893.8,2312.4,921.8,44.8,28.0,0.2972,,FP,0.3,1.8089,,,,hayir,,,reports/hafta7_fp_protokolu.md,test,157,tahminler_taban512_hafta7.csv,tahminler_model512.csv,0.3,0.52,1.8089,0.3,0.5,0.1,8,512,110,55,20260913,"Esikler, katsayilar ve ornek buyuklukleri KARARDIR; olcumden turetilmedi. Ayrinti protokol dosyasinda.",3.13.1,8.4.144,0.12.6,2.14.0,2026-09-13 10:08:36,scripts/25_esit_fp_adaylari.py
taban_00145,Taban-512,train_ZRI_2013_JPG.rf.fb6345ef2d790171d3f7e759f7e8a077.jpg,ZRI,0.861,1254.7,1091.9,1318.4,1148.3,63.7,56.4,0.8882,0.8882,TP,0.3,1.8089,,,,hayir,,,reports/hafta7_fp_protokolu.md,test,157,tahminler_taban512_hafta7.csv,tahminler_model512.csv,0.3,0.52,1.8089,0.3,0.5,0.1,8,512,110,55,20260913,"Esikler, katsayilar ve ornek buyuklukleri KARARDIR; olcumden turetilmedi. Ayrinti protokol dosyasinda.",3.13.1,8.4.144,0.12.6,2.14.0,2026-09-13 10:08:36,scripts/25_esit_fp_adaylari.py
taban_00146,Taban-512,train_ZRI_2013_JPG.rf.fb6345ef2d790171d3f7e759f7e8a077.jpg,ZRI,0.7448,1398.0,131.2,1472.2,212.7,74.2,81.5,0.8158,0.8158,TP,0.3,1.8089,,,,hayir,,,reports/hafta7_fp_protokolu.md,test,157,tahminler_taban512_hafta7.csv,tahminler_model512.csv,0.3,0.52,1.8089,0.3,0.5,0.1,8,512,110,55,20260913,"Esikler, katsayilar ve ornek buyuklukleri KARARDIR; olcumden turetilmedi. Ayrinti protokol dosyasinda.",3.13.1,8.4.144,0.12.6,2.14.0,2026-09-13 10:08:36,scripts/25_esit_fp_adaylari.py
taban_00147,Taban-512,train_ZRI_2013_JPG.rf.fb6345ef2d790171d3f7e759f7e8a077.jpg,ZRI,0.6324,994.9,1342.1,1092.0,1386.7,97.1,44.6,0.5621,0.5621,TP,0.3,1.8089,,,,hayir,,,reports/hafta7_fp_protokolu.md,test,157,tahminler_taban512_hafta7.csv,tahminler_model512.csv,0.3,0.52,1.8089,0.3,0.5,0.1,8,512,110,55,20260913,"Esikler, katsayilar ve ornek buyuklukleri KARARDIR; olcumden turetilmedi. Ayrinti protokol dosyasinda.",3.13.1,8.4.144,0.12.6,2.14.0,2026-09-13 10:08:36,scripts/25_esit_fp_adaylari.py
taban_00148,Taban-512,train_ZRI_2013_JPG.rf.fb6345ef2d790171d3f7e759f7e8a077.jpg,ZRI,0.4818,784.5,1640.1,921.8,1731.7,137.3,91.6,0.082,,FP,0.3,1.8089,,,,hayir,,,reports/hafta7_fp_protokolu.md,test,157,tahminler_taban512_hafta7.csv,tahminler_model512.csv,0.3,0.52,1.8089,0.3,0.5,0.1,8,512,110,55,20260913,"Esikler, katsayilar ve ornek buyuklukleri KARARDIR; olcumden turetilmedi. Ayrinti protokol dosyasinda.",3.13.1,8.4.144,0.12.6,2.14.0,2026-09-13 10:08:36,scripts/25_esit_fp_adaylari.py
taban_00149,Taban-512,train_ZRI_2013_JPG.rf.fb6345ef2d790171d3f7e759f7e8a077.jpg,ZRI,0.4667,1717.3,350.8,1741.8,390.8,24.5,40.0,0.4946,0.4946,TP,0.3,1.8089,,,,hayir,,,reports/hafta7_fp_protokolu.md,test,157,tahminler_taban512_hafta7.csv,tahminler_model512.csv,0.3,0.52,1.8089,0.3,0.5,0.1,8,512,110,55,20260913,"Esikler, katsayilar ve ornek buyuklukleri KARARDIR; olcumden turetilmedi. Ayrinti protokol dosyasinda.",3.13.1,8.4.144,0.12.6,2.14.0,2026-09-13 10:08:36,scripts/25_esit_fp_adaylari.py
taban_00150,Taban-512,train_ZRI_2013_JPG.rf.fb6345ef2d790171d3f7e759f7e8a077.jpg,ZRI,0.4462,2435.6,910.2,2486.9,965.7,51.3,55.5,0.9027,0.9027,TP,0.3,1.8089,,,,hayir,,,reports/hafta7_fp_protokolu.md,test,157,tahminler_taban512_hafta7.csv,tahminler_model512.csv,0.3,0.52,1.8089,0.3,0.5,0.1,8,512,110,55,20260913,"Esikler, katsayilar ve ornek buyuklukleri KARARDIR; olcumden turetilmedi. Ayrinti protokol dosyasinda.",3.13.1,8.4.144,0.12.6,2.14.0,2026-09-13 10:08:36,scripts/25_esit_fp_adaylari.py
taban_00151,Taban-512,train_ZRI_2013_JPG.rf.fb6345ef2d790171d3f7e759f7e8a077.jpg,ZRI,0.4165,414.4,1442.9,481.7,1484.4,67.3,41.5,0.5016,0.5016,TP,0.3,1.8089,,,,hayir,,,reports/hafta7_fp_protokolu.md,test,157,tahminler_taban512_hafta7.csv,tahminler_model512.csv,0.3,0.52,1.8089,0.3,0.5,0.1,8,512,110,55,20260913,"Esikler, katsayilar ve ornek buyuklukleri KARARDIR; olcumden turetilmedi. Ayrinti protokol dosyasinda.",3.13.1,8.4.144,0.12.6,2.14.0,2026-09-13 10:08:36,scripts/25_esit_fp_adaylari.py
taban_00152,Taban-512,train_ZRI_2013_JPG.rf.fb6345ef2d790171d3f7e759f7e8a077.jpg,ZRI,0.4156,1892.0,1349.8,1968.3,1462.2,76.3,112.4,0.0,,FP,0.3,1.8089,,,,hayir,,,reports/hafta7_fp_protokolu.md,test,157,tahminler_taban512_hafta7.csv,tahminler_model512.csv,0.3,0.52,1.8089,0.3,0.5,0.1,8,512,110,55,20260913,"Esikler, katsayilar ve ornek buyuklukleri KARARDIR; olcumden turetilmedi. Ayrinti protokol dosyasinda.",3.13.1,8.4.144,0.12.6,2.14.0,2026-09-13 10:08:36,scripts/25_esit_fp_adaylari.py
taban_00153,Taban-512,train_ZRI_2013_JPG.rf.fb6345ef2d790171d3f7e759f7e8a077.jpg,ZRI,0.3464,1799.9,410.2,1854.2,439.1,54.3,28.9,0.0,,FP,0.3,1.8089,,a0084,a0217,evet,Taban-512/ZRI,0.2402,reports/hafta7_fp_protokolu.md,test,157,tahminler_taban512_hafta7.csv,tahminler_model512.csv,0.3,0.52,1.8089,0.3,0.5,0.1,8,512,110,55,20260913,"Esikler, katsayilar ve ornek buyuklukleri KARARDIR; olcumden turetilmedi. Ayrinti protokol dosyasinda.",3.13.1,8.4.144,0.12.6,2.14.0,2026-09-13 10:08:36,scripts/25_esit_fp_adaylari.py
taban_00154,Taban-512,train_ZRI_2013_JPG.rf.fb6345ef2d790171d3f7e759f7e8a077.jpg,ZRI,0.3337,1230.5,2050.2,1322.0,2135.9,91.5,85.7,0.0,,FP,0.3,1.8089,,,,hayir,,,reports/hafta7_fp_protokolu.md,test,157,tahminler_taban512_hafta7.csv,tahminler_model512.csv,0.3,0.52,1.8089,0.3,0.5,0.1,8,512,110,55,20260913,"Esikler, katsayilar ve ornek buyuklukleri KARARDIR; olcumden turetilmedi. Ayrinti protokol dosyasinda.",3.13.1,8.4.144,0.12.6,2.14.0,2026-09-13 10:08:36,scripts/25_esit_fp_adaylari.py
taban_00155,Taban-512,train_ZRI_2013_JPG.rf.fb6345ef2d790171d3f7e759f7e8a077.jpg,ZRI,0.3298,784.4,1640.1,849.1,1660.7,64.7,20.6,0.3068,0.3068,TP,0.3,1.8089,,,,hayir,,,reports/hafta7_fp_protokolu.md,test,157,tahminler_taban512_hafta7.csv,tahminler_model512.csv,0.3,0.52,1.8089,0.3,0.5,0.1,8,512,110,55,20260913,"Esikler, katsayilar ve ornek buyuklukleri KARARDIR; olcumden turetilmedi. Ayrinti protokol dosyasinda.",3.13.1,8.4.144,0.12.6,2.14.0,2026-09-13 10:08:36,scripts/25_esit_fp_adaylari.py
taban_00156,Taban-512,train_ZRI_2013_JPG.rf.fb6345ef2d790171d3f7e759f7e8a077.jpg,ZRI,0.3279,1230.7,2050.1,1301.8,2083.0,71.1,32.9,0.0,,FP,0.3,1.8089,,,,hayir,,,reports/hafta7_fp_protokolu.md,test,157,tahminler_taban512_hafta7.csv,tahminler_model512.csv,0.3,0.52,1.8089,0.3,0.5,0.1,8,512,110,55,20260913,"Esikler, katsayilar ve ornek buyuklukleri KARARDIR; olcumden turetilmedi. Ayrinti protokol dosyasinda.",3.13.1,8.4.144,0.12.6,2.14.0,2026-09-13 10:08:36,scripts/25_esit_fp_adaylari.py
taban_00157,Taban-512,train_ZRI_2013_JPG.rf.fb6345ef2d790171d3f7e759f7e8a077.jpg,ZRI,0.3173,163.4,1640.0,228.0,1657.5,64.6,17.5,0.3167,0.3167,TP,0.3,1.8089,,,,hayir,,,reports/hafta7_fp_protokolu.md,test,157,tahminler_taban512_hafta7.csv,tahminler_model512.csv,0.3,0.52,1.8089,0.3,0.5,0.1,8,512,110,55,20260913,"Esikler, katsayilar ve ornek buyuklukleri KARARDIR; olcumden turetilmedi. Ayrinti protokol dosyasinda.",3.13.1,8.4.144,0.12.6,2.14.0,2026-09-13 10:08:36,scripts/25_esit_fp_adaylari.py
taban_00158,Taban-512,train_ZRI_2013_JPG.rf.fb6345ef2d790171d3f7e759f7e8a077.jpg,ZRI,0.3059,984.7,1089.3,1038.1,1154.0,53.4,64.7,0.5859,0.5859,TP,0.3,1.8089,,,,hayir,,,reports/hafta7_fp_protokolu.md,test,157,tahminler_taban512_hafta7.csv,tahminler_model512.csv,0.3,0.52,1.8089,0.3,0.5,0.1,8,512,110,55,20260913,"Esikler, katsayilar ve ornek buyuklukleri KARARDIR; olcumden turetilmedi. Ayrinti protokol dosyasinda.",3.13.1,8.4.144,0.12.6,2.14.0,2026-09-13 10:08:36,scripts/25_esit_fp_adaylari.py
taban_00159,Taban-512,train_ZRI_2014_JPG.rf.95f28aeba5b563f69c9b10bbb6758285.jpg,ZRI,0.7858,873.0,2575.3,935.6,2634.5,62.6,59.2,0.0,,FP,0.3,1.8089,,,,hayir,,,reports/hafta7_fp_protokolu.md,test,157,tahminler_taban512_hafta7.csv,tahminler_model512.csv,0.3,0.52,1.8089,0.3,0.5,0.1,8,512,110,55,20260913,"Esikler, katsayilar ve ornek buyuklukleri KARARDIR; olcumden turetilmedi. Ayrinti protokol dosyasinda.",3.13.1,8.4.144,0.12.6,2.14.0,2026-09-13 10:08:36,scripts/25_esit_fp_adaylari.py
taban_00160,Taban-512,train_ZRI_2014_JPG.rf.95f28aeba5b563f69c9b10bbb6758285.jpg,ZRI,0.6734,561.4,2464.4,620.1,2515.4,58.7,51.0,0.8461,0.8461,TP,0.3,1.8089,,,,hayir,,,reports/hafta7_fp_protokolu.md,test,157,tahminler_taban512_hafta7.csv,tahminler_model512.csv,0.3,0.52,1.8089,0.3,0.5,0.1,8,512,110,55,20260913,"Esikler, katsayilar ve ornek buyuklukleri KARARDIR; olcumden turetilmedi. Ayrinti protokol dosyasinda.",3.13.1,8.4.144,0.12.6,2.14.0,2026-09-13 10:08:36,scripts/25_esit_fp_adaylari.py
taban_00161,Taban-512,train_ZRI_2014_JPG.rf.95f28aeba5b563f69c9b10bbb6758285.jpg,ZRI,0.6427,592.3,2096.9,687.7,2195.1,95.4,98.2,0.4971,0.4971,TP,0.3,1.8089,,,,hayir,,,reports/hafta7_fp_protokolu.md,test,157,tahminler_taban512_hafta7.csv,tahminler_model512.csv,0.3,0.52,1.8089,0.3,0.5,0.1,8,512,110,55,20260913,"Esikler, katsayilar ve ornek buyuklukleri KARARDIR; olcumden turetilmedi. Ayrinti protokol dosyasinda.",3.13.1,8.4.144,0.12.6,2.14.0,2026-09-13 10:08:36,scripts/25_esit_fp_adaylari.py
taban_00162,Taban-512,train_ZRI_2014_JPG.rf.95f28aeba5b563f69c9b10bbb6758285.jpg,ZRI,0.642,1566.7,1086.6,1587.2,1114.8,20.5,28.2,0.0,,FP,0.3,1.8089,,,,hayir,,,reports/hafta7_fp_protokolu.md,test,157,tahminler_taban512_hafta7.csv,tahminler_model512.csv,0.3,0.52,1.8089,0.3,0.5,0.1,8,512,110,55,20260913,"Esikler, katsayilar ve ornek buyuklukleri KARARDIR; olcumden turetilmedi. Ayrinti protokol dosyasinda.",3.13.1,8.4.144,0.12.6,2.14.0,2026-09-13 10:08:36,scripts/25_esit_fp_adaylari.py
taban_00163,Taban-512,train_ZRI_2014_JPG.rf.95f28aeba5b563f69c9b10bbb6758285.jpg,ZRI,0.602,561.5,2488.2,603.2,2516.1,41.7,27.9,0.3406,,FP,0.3,1.8089,,,,hayir,,,reports/hafta7_fp_protokolu.md,test,157,tahminler_taban512_hafta7.csv,tahminler_model512.csv,0.3,0.52,1.8089,0.3,0.5,0.1,8,512,110,55,20260913,"Esikler, katsayilar ve ornek buyuklukleri KARARDIR; olcumden turetilmedi. Ayrinti protokol dosyasinda.",3.13.1,8.4.144,0.12.6,2.14.0,2026-09-13 10:08:36,scripts/25_esit_fp_adaylari.py
taban_00164,Taban-512,train_ZRI_2014_JPG.rf.95f28aeba5b563f69c9b10bbb6758285.jpg,ZRI,0.565,617.9,2096.7,688.2,2151.6,70.3,54.9,0.5893,0.5893,TP,0.3,1.8089,,,,hayir,,,reports/hafta7_fp_protokolu.md,test,157,tahminler_taban512_hafta7.csv,tahminler_model512.csv,0.3,0.52,1.8089,0.3,0.5,0.1,8,512,110,55,20260913,"Esikler, katsayilar ve ornek buyuklukleri KARARDIR; olcumden turetilmedi. Ayrinti protokol dosyasinda.",3.13.1,8.4.144,0.12.6,2.14.0,2026-09-13 10:08:36,scripts/25_esit_fp_adaylari.py
taban_00165,Taban-512,train_ZRI_2014_JPG.rf.95f28aeba5b563f69c9b10bbb6758285.jpg,ZRI,0.5478,1225.2,1714.6,1280.1,1762.5,54.9,47.9,0.9389,0.9389,TP,0.3,1.8089,,,,hayir,,,reports/hafta7_fp_protokolu.md,test,157,tahminler_taban512_hafta7.csv,tahminler_model512.csv,0.3,0.52,1.8089,0.3,0.5,0.1,8,512,110,55,20260913,"Esikler, katsayilar ve ornek buyuklukleri KARARDIR; olcumden turetilmedi. Ayrinti protokol dosyasinda.",3.13.1,8.4.144,0.12.6,2.14.0,2026-09-13 10:08:36,scripts/25_esit_fp_adaylari.py
taban_00166,Taban-512,train_ZRI_2014_JPG.rf.95f28aeba5b563f69c9b10bbb6758285.jpg,ZRI,0.5393,929.6,1664.1,1006.2,1741.7,76.6,77.6,0.4407,0.4407,TP,0.3,1.8089,,,,hayir,,,reports/hafta7_fp_protokolu.md,test,157,tahminler_taban512_hafta7.csv,tahminler_model512.csv,0.3,0.52,1.8089,0.3,0.5,0.1,8,512,110,55,20260913,"Esikler, katsayilar ve ornek buyuklukleri KARARDIR; olcumden turetilmedi. Ayrinti protokol dosyasinda.",3.13.1,8.4.144,0.12.6,2.14.0,2026-09-13 10:08:36,scripts/25_esit_fp_adaylari.py
taban_00167,Taban-512,train_ZRI_2014_JPG.rf.95f28aeba5b563f69c9b10bbb6758285.jpg,ZRI,0.5118,1227.1,1727.2,1268.9,1741.8,41.8,14.6,0.2369,,FP,0.3,1.8089,,,,hayir,,,reports/hafta7_fp_protokolu.md,test,157,tahminler_taban512_hafta7.csv,tahminler_model512.csv,0.3,0.52,1.8089,0.3,0.5,0.1,8,512,110,55,20260913,"Esikler, katsayilar ve ornek buyuklukleri KARARDIR; olcumden turetilmedi. Ayrinti protokol dosyasinda.",3.13.1,8.4.144,0.12.6,2.14.0,2026-09-13 10:08:36,scripts/25_esit_fp_adaylari.py
taban_00168,Taban-512,train_ZRI_2014_JPG.rf.95f28aeba5b563f69c9b10bbb6758285.jpg,ZRI,0.4623,732.1,2224.3,806.0,2281.3,73.9,57.0,0.8837,0.8837,TP,0.3,1.8089,,,,hayir,,,reports/hafta7_fp_protokolu.md,test,157,tahminler_taban512_hafta7.csv,tahminler_model512.csv,0.3,0.52,1.8089,0.3,0.5,0.1,8,512,110,55,20260913,"Esikler, katsayilar ve ornek buyuklukleri KARARDIR; olcumden turetilmedi. Ayrinti protokol dosyasinda.",3.13.1,8.4.144,0.12.6,2.14.0,2026-09-13 10:08:36,scripts/25_esit_fp_adaylari.py
taban_00169,Taban-512,train_ZRI_2014_JPG.rf.95f28aeba5b563f69c9b10bbb6758285.jpg,ZRI,0.4286,2259.3,814.9,2363.4,921.8,104.1,106.9,0.0,,FP,0.3,1.8089,,a0176,a0428,evet,Taban-512/ZRI,0.2402,reports/hafta7_fp_protokolu.md,test,157,tahminler_taban512_hafta7.csv,tahminler_model512.csv,0.3,0.52,1.8089,0.3,0.5,0.1,8,512,110,55,20260913,"Esikler, katsayilar ve ornek buyuklukleri KARARDIR; olcumden turetilmedi. Ayrinti protokol dosyasinda.",3.13.1,8.4.144,0.12.6,2.14.0,2026-09-13 10:08:36,scripts/25_esit_fp_adaylari.py
taban_00170,Taban-512,train_ZRI_2014_JPG.rf.95f28aeba5b563f69c9b10bbb6758285.jpg,ZRI,0.403,1615.3,2320.3,1741.9,2448.4,126.6,128.1,0.152,,FP,0.3,1.8089,,,,hayir,,,reports/hafta7_fp_protokolu.md,test,157,tahminler_taban512_hafta7.csv,tahminler_model512.csv,0.3,0.52,1.8089,0.3,0.5,0.1,8,512,110,55,20260913,"Esikler, katsayilar ve ornek buyuklukleri KARARDIR; olcumden turetilmedi. Ayrinti protokol dosyasinda.",3.13.1,8.4.144,0.12.6,2.14.0,2026-09-13 10:08:36,scripts/25_esit_fp_adaylari.py
taban_00171,Taban-512,train_ZRI_2014_JPG.rf.95f28aeba5b563f69c9b10bbb6758285.jpg,ZRI,0.3997,410.0,2063.2,431.6,2093.1,21.6,29.9,0.1123,,FP,0.3,1.8089,,,,hayir,,,reports/hafta7_fp_protokolu.md,test,157,tahminler_taban512_hafta7.csv,tahminler_model512.csv,0.3,0.52,1.8089,0.3,0.5,0.1,8,512,110,55,20260913,"Esikler, katsayilar ve ornek buyuklukleri KARARDIR; olcumden turetilmedi. Ayrinti protokol dosyasinda.",3.13.1,8.4.144,0.12.6,2.14.0,2026-09-13 10:08:36,scripts/25_esit_fp_adaylari.py
taban_00172,Taban-512,train_ZRI_2014_JPG.rf.95f28aeba5b563f69c9b10bbb6758285.jpg,ZRI,0.3972,1230.1,2649.7,1278.5,2763.0,48.4,113.3,0.0,,FP,0.3,1.8089,,,,hayir,,,reports/hafta7_fp_protokolu.md,test,157,tahminler_taban512_hafta7.csv,tahminler_model512.csv,0.3,0.52,1.8089,0.3,0.5,0.1,8,512,110,55,20260913,"Esikler, katsayilar ve ornek buyuklukleri KARARDIR; olcumden turetilmedi. Ayrinti protokol dosyasinda.",3.13.1,8.4.144,0.12.6,2.14.0,2026-09-13 10:08:36,scripts/25_esit_fp_adaylari.py
taban_00173,Taban-512,train_ZRI_2014_JPG.rf.95f28aeba5b563f69c9b10bbb6758285.jpg,ZRI,0.3865,2147.3,2584.1,2216.5,2654.3,69.2,70.2,0.0,,FP,0.3,1.8089,,,,hayir,,,reports/hafta7_fp_protokolu.md,test,157,tahminler_taban512_hafta7.csv,tahminler_model512.csv,0.3,0.52,1.8089,0.3,0.5,0.1,8,512,110,55,20260913,"Esikler, katsayilar ve ornek buyuklukleri KARARDIR; olcumden turetilmedi. Ayrinti protokol dosyasinda.",3.13.1,8.4.144,0.12.6,2.14.0,2026-09-13 10:08:36,scripts/25_esit_fp_adaylari.py
taban_00174,Taban-512,train_ZRI_2014_JPG.rf.95f28aeba5b563f69c9b10bbb6758285.jpg,ZRI,0.3822,1324.8,2333.1,1363.3,2379.7,38.5,46.6,0.0,,FP,0.3,1.8089,,a0074,a0216,evet,Taban-512/ZRI,0.2402,reports/hafta7_fp_protokolu.md,test,157,tahminler_taban512_hafta7.csv,tahminler_model512.csv,0.3,0.52,1.8089,0.3,0.5,0.1,8,512,110,55,20260913,"Esikler, katsayilar ve ornek buyuklukleri KARARDIR; olcumden turetilmedi. Ayrinti protokol dosyasinda.",3.13.1,8.4.144,0.12.6,2.14.0,2026-09-13 10:08:36,scripts/25_esit_fp_adaylari.py
taban_00175,Taban-512,train_ZRI_2014_JPG.rf.95f28aeba5b563f69c9b10bbb6758285.jpg,ZRI,0.3811,2868.9,2025.0,2944.5,2078.8,75.6,53.8,0.9267,0.9267,TP,0.3,1.8089,,,,hayir,,,reports/hafta7_fp_protokolu.md,test,157,tahminler_taban512_hafta7.csv,tahminler_model512.csv,0.3,0.52,1.8089,0.3,0.5,0.1,8,512,110,55,20260913,"Esikler, katsayilar ve ornek buyuklukleri KARARDIR; olcumden turetilmedi. Ayrinti protokol dosyasinda.",3.13.1,8.4.144,0.12.6,2.14.0,2026-09-13 10:08:36,scripts/25_esit_fp_adaylari.py
taban_00176,Taban-512,train_ZRI_2014_JPG.rf.95f28aeba5b563f69c9b10bbb6758285.jpg,ZRI,0.3792,1362.7,715.6,1435.7,796.2,73.0,80.6,0.7976,0.7976,TP,0.3,1.8089,,,,hayir,,,reports/hafta7_fp_protokolu.md,test,157,tahminler_taban512_hafta7.csv,tahminler_model512.csv,0.3,0.52,1.8089,0.3,0.5,0.1,8,512,110,55,20260913,"Esikler, katsayilar ve ornek buyuklukleri KARARDIR; olcumden turetilmedi. Ayrinti protokol dosyasinda.",3.13.1,8.4.144,0.12.6,2.14.0,2026-09-13 10:08:36,scripts/25_esit_fp_adaylari.py
taban_00177,Taban-512,train_ZRI_2014_JPG.rf.95f28aeba5b563f69c9b10bbb6758285.jpg,ZRI,0.3675,1784.5,2460.1,1845.2,2487.3,60.7,27.2,0.0,,FP,0.3,1.8089,,a0140,a0231,evet,Taban-512/ZRI,0.2402,reports/hafta7_fp_protokolu.md,test,157,tahminler_taban512_hafta7.csv,tahminler_model512.csv,0.3,0.52,1.8089,0.3,0.5,0.1,8,512,110,55,20260913,"Esikler, katsayilar ve ornek buyuklukleri KARARDIR; olcumden turetilmedi. Ayrinti protokol dosyasinda.",3.13.1,8.4.144,0.12.6,2.14.0,2026-09-13 10:08:36,scripts/25_esit_fp_adaylari.py
taban_00178,Taban-512,train_ZRI_2014_JPG.rf.95f28aeba5b563f69c9b10bbb6758285.jpg,ZRI,0.3623,931.8,1703.1,1007.6,1748.1,75.8,45.0,0.732,,FP,0.3,1.8089,,,,hayir,,,reports/hafta7_fp_protokolu.md,test,157,tahminler_taban512_hafta7.csv,tahminler_model512.csv,0.3,0.52,1.8089,0.3,0.5,0.1,8,512,110,55,20260913,"Esikler, katsayilar ve ornek buyuklukleri KARARDIR; olcumden turetilmedi. Ayrinti protokol dosyasinda.",3.13.1,8.4.144,0.12.6,2.14.0,2026-09-13 10:08:36,scripts/25_esit_fp_adaylari.py
taban_00179,Taban-512,train_ZRI_2014_JPG.rf.95f28aeba5b563f69c9b10bbb6758285.jpg,ZRI,0.3622,2115.3,2576.2,2151.8,2685.2,36.5,109.0,0.0,,FP,0.3,1.8089,,,,hayir,,,reports/hafta7_fp_protokolu.md,test,157,tahminler_taban512_hafta7.csv,tahminler_model512.csv,0.3,0.52,1.8089,0.3,0.5,0.1,8,512,110,55,20260913,"Esikler, katsayilar ve ornek buyuklukleri KARARDIR; olcumden turetilmedi. Ayrinti protokol dosyasinda.",3.13.1,8.4.144,0.12.6,2.14.0,2026-09-13 10:08:36,scripts/25_esit_fp_adaylari.py
taban_00180,Taban-512,train_ZRI_2014_JPG.rf.95f28aeba5b563f69c9b10bbb6758285.jpg,ZRI,0.3449,3258.0,2356.4,3345.5,2449.5,87.5,93.1,0.0,,FP,0.3,1.8089,,,,hayir,,,reports/hafta7_fp_protokolu.md,test,157,tahminler_taban512_hafta7.csv,tahminler_model512.csv,0.3,0.52,1.8089,0.3,0.5,0.1,8,512,110,55,20260913,"Esikler, katsayilar ve ornek buyuklukleri KARARDIR; olcumden turetilmedi. Ayrinti protokol dosyasinda.",3.13.1,8.4.144,0.12.6,2.14.0,2026-09-13 10:08:36,scripts/25_esit_fp_adaylari.py
taban_00181,Taban-512,train_ZRI_2014_JPG.rf.95f28aeba5b563f69c9b10bbb6758285.jpg,ZRI,0.3161,410.1,2051.9,474.7,2093.4,64.6,41.5,0.4266,0.4266,TP,0.3,1.8089,,,,hayir,,,reports/hafta7_fp_protokolu.md,test,157,tahminler_taban512_hafta7.csv,tahminler_model512.csv,0.3,0.52,1.8089,0.3,0.5,0.1,8,512,110,55,20260913,"Esikler, katsayilar ve ornek buyuklukleri KARARDIR; olcumden turetilmedi. Ayrinti protokol dosyasinda.",3.13.1,8.4.144,0.12.6,2.14.0,2026-09-13 10:08:36,scripts/25_esit_fp_adaylari.py
taban_00182,Taban-512,train_ZRI_2014_JPG.rf.95f28aeba5b563f69c9b10bbb6758285.jpg,ZRI,0.3071,3431.4,1230.1,3553.7,1306.9,122.3,76.8,0.1837,,FP,0.3,1.8089,,,,hayir,,,reports/hafta7_fp_protokolu.md,test,157,tahminler_taban512_hafta7.csv,tahminler_model512.csv,0.3,0.52,1.8089,0.3,0.5,0.1,8,512,110,55,20260913,"Esikler, katsayilar ve ornek buyuklukleri KARARDIR; olcumden turetilmedi. Ayrinti protokol dosyasinda.",3.13.1,8.4.144,0.12.6,2.14.0,2026-09-13 10:08:36,scripts/25_esit_fp_adaylari.py
taban_00183,Taban-512,train_ZRI_2015_JPG.rf.f377a3f68327562d2a7718cc6a1c4022.jpg,ZRI,0.7863,1230.3,2296.1,1297.5,2368.7,67.2,72.6,0.725,0.725,TP,0.3,1.8089,,,,hayir,,,reports/hafta7_fp_protokolu.md,test,157,tahminler_taban512_hafta7.csv,tahminler_model512.csv,0.3,0.52,1.8089,0.3,0.5,0.1,8,512,110,55,20260913,"Esikler, katsayilar ve ornek buyuklukleri KARARDIR; olcumden turetilmedi. Ayrinti protokol dosyasinda.",3.13.1,8.4.144,0.12.6,2.14.0,2026-09-13 10:08:36,scripts/25_esit_fp_adaylari.py
taban_00184,Taban-512,train_ZRI_2015_JPG.rf.f377a3f68327562d2a7718cc6a1c4022.jpg,ZRI,0.6783,752.8,2818.9,824.2,2899.6,71.4,80.7,0.9393,0.9393,TP,0.3,1.8089,,,,hayir,,,reports/hafta7_fp_protokolu.md,test,157,tahminler_taban512_hafta7.csv,tahminler_model512.csv,0.3,0.52,1.8089,0.3,0.5,0.1,8,512,110,55,20260913,"Esikler, katsayilar ve ornek buyuklukleri KARARDIR; olcumden turetilmedi. Ayrinti protokol dosyasinda.",3.13.1,8.4.144,0.12.6,2.14.0,2026-09-13 10:08:36,scripts/25_esit_fp_adaylari.py
taban_00185,Taban-512,train_ZRI_2015_JPG.rf.f377a3f68327562d2a7718cc6a1c4022.jpg,ZRI,0.6616,1748.0,219.8,1786.1,270.7,38.1,50.9,0.0,,FP,0.3,1.8089,,a0101,a0190,evet,Taban-512/ZRI,0.2402,reports/hafta7_fp_protokolu.md,test,157,tahminler_taban512_hafta7.csv,tahminler_model512.csv,0.3,0.52,1.8089,0.3,0.5,0.1,8,512,110,55,20260913,"Esikler, katsayilar ve ornek buyuklukleri KARARDIR; olcumden turetilmedi. Ayrinti protokol dosyasinda.",3.13.1,8.4.144,0.12.6,2.14.0,2026-09-13 10:08:36,scripts/25_esit_fp_adaylari.py
taban_00186,Taban-512,train_ZRI_2015_JPG.rf.f377a3f68327562d2a7718cc6a1c4022.jpg,ZRI,0.5768,3473.9,1755.4,3556.5,1851.9,82.6,96.5,0.0,,FP,0.3,1.8089,,,,hayir,,,reports/hafta7_fp_protokolu.md,test,157,tahminler_taban512_hafta7.csv,tahminler_model512.csv,0.3,0.52,1.8089,0.3,0.5,0.1,8,512,110,55,20260913,"Esikler, katsayilar ve ornek buyuklukleri KARARDIR; olcumden turetilmedi. Ayrinti protokol dosyasinda.",3.13.1,8.4.144,0.12.6,2.14.0,2026-09-13 10:08:36,scripts/25_esit_fp_adaylari.py
taban_00187,Taban-512,train_ZRI_2015_JPG.rf.f377a3f68327562d2a7718cc6a1c4022.jpg,ZRI,0.4826,1725.3,2915.6,1799.0,2971.7,73.7,56.1,0.5271,0.5271,TP,0.3,1.8089,,,,hayir,,,reports/hafta7_fp_protokolu.md,test,157,tahminler_taban512_hafta7.csv,tahminler_model512.csv,0.3,0.52,1.8089,0.3,0.5,0.1,8,512,110,55,20260913,"Esikler, katsayilar ve ornek buyuklukleri KARARDIR; olcumden turetilmedi. Ayrinti protokol dosyasinda.",3.13.1,8.4.144,0.12.6,2.14.0,2026-09-13 10:08:36,scripts/25_esit_fp_adaylari.py
taban_00188,Taban-512,train_ZRI_2015_JPG.rf.f377a3f68327562d2a7718cc6a1c4022.jpg,ZRI,0.4007,649.8,2905.3,725.0,2971.7,75.2,66.4,0.8896,0.8896,TP,0.3,1.8089,,,,hayir,,,reports/hafta7_fp_protokolu.md,test,157,tahminler_taban512_hafta7.csv,tahminler_model512.csv,0.3,0.52,1.8089,0.3,0.5,0.1,8,512,110,55,20260913,"Esikler, katsayilar ve ornek buyuklukleri KARARDIR; olcumden turetilmedi. Ayrinti protokol dosyasinda.",3.13.1,8.4.144,0.12.6,2.14.0,2026-09-13 10:08:36,scripts/25_esit_fp_adaylari.py
taban_00189,Taban-512,train_ZRI_2015_JPG.rf.f377a3f68327562d2a7718cc6a1c4022.jpg,ZRI,0.4,410.5,2648.4,489.8,2711.9,79.3,63.5,0.6578,0.6578,TP,0.3,1.8089,,,,hayir,,,reports/hafta7_fp_protokolu.md,test,157,tahminler_taban512_hafta7.csv,tahminler_model512.csv,0.3,0.52,1.8089,0.3,0.5,0.1,8,512,110,55,20260913,"Esikler, katsayilar ve ornek buyuklukleri KARARDIR; olcumden turetilmedi. Ayrinti protokol dosyasinda.",3.13.1,8.4.144,0.12.6,2.14.0,2026-09-13 10:08:36,scripts/25_esit_fp_adaylari.py
taban_00190,Taban-512,train_ZRI_2015_JPG.rf.f377a3f68327562d2a7718cc6a1c4022.jpg,ZRI,0.3757,938.5,2304.2,1010.4,2357.5,71.9,53.3,0.8766,0.8766,TP,0.3,1.8089,,,,hayir,,,reports/hafta7_fp_protokolu.md,test,157,tahminler_taban512_hafta7.csv,tahminler_model512.csv,0.3,0.52,1.8089,0.3,0.5,0.1,8,512,110,55,20260913,"Esikler, katsayilar ve ornek buyuklukleri KARARDIR; olcumden turetilmedi. Ayrinti protokol dosyasinda.",3.13.1,8.4.144,0.12.6,2.14.0,2026-09-13 10:08:36,scripts/25_esit_fp_adaylari.py
taban_00191,Taban-512,train_ZRI_2015_JPG.rf.f377a3f68327562d2a7718cc6a1c4022.jpg,ZRI,0.341,410.0,2665.1,450.8,2711.5,40.8,46.4,0.2889,,FP,0.3,1.8089,,,,hayir,,,reports/hafta7_fp_protokolu.md,test,157,tahminler_taban512_hafta7.csv,tahminler_model512.csv,0.3,0.52,1.8089,0.3,0.5,0.1,8,512,110,55,20260913,"Esikler, katsayilar ve ornek buyuklukleri KARARDIR; olcumden turetilmedi. Ayrinti protokol dosyasinda.",3.13.1,8.4.144,0.12.6,2.14.0,2026-09-13 10:08:36,scripts/25_esit_fp_adaylari.py
taban_00192,Taban-512,train_ZRI_2016_JPG.rf.4ddcf0bba1f6f523b5bdb548b5037f06.jpg,ZRI,0.7347,1649.5,812.3,1678.5,868.6,29.0,56.3,0.7607,0.7607,TP,0.3,1.8089,,,,hayir,,,reports/hafta7_fp_protokolu.md,test,157,tahminler_taban512_hafta7.csv,tahminler_model512.csv,0.3,0.52,1.8089,0.3,0.5,0.1,8,512,110,55,20260913,"Esikler, katsayilar ve ornek buyuklukleri KARARDIR; olcumden turetilmedi. Ayrinti protokol dosyasinda.",3.13.1,8.4.144,0.12.6,2.14.0,2026-09-13 10:08:36,scripts/25_esit_fp_adaylari.py
taban_00193,Taban-512,train_ZRI_2016_JPG.rf.4ddcf0bba1f6f523b5bdb548b5037f06.jpg,ZRI,0.5248,3591.4,820.2,3688.5,860.4,97.1,40.2,0.6475,0.6475,TP,0.3,1.8089,,,,hayir,,,reports/hafta7_fp_protokolu.md,test,157,tahminler_taban512_hafta7.csv,tahminler_model512.csv,0.3,0.52,1.8089,0.3,0.5,0.1,8,512,110,55,20260913,"Esikler, katsayilar ve ornek buyuklukleri KARARDIR; olcumden turetilmedi. Ayrinti protokol dosyasinda.",3.13.1,8.4.144,0.12.6,2.14.0,2026-09-13 10:08:36,scripts/25_esit_fp_adaylari.py
taban_00194,Taban-512,train_ZRI_2016_JPG.rf.4ddcf0bba1f6f523b5bdb548b5037f06.jpg,ZRI,0.3307,499.6,2938.6,577.3,2999.8,77.7,61.2,0.0,,FP,0.3,1.8089,,,,hayir,,,reports/hafta7_fp_protokolu.md,test,157,tahminler_taban512_hafta7.csv,tahminler_model512.csv,0.3,0.52,1.8089,0.3,0.5,0.1,8,512,110,55,20260913,"Esikler, katsayilar ve ornek buyuklukleri KARARDIR; olcumden turetilmedi. Ayrinti protokol dosyasinda.",3.13.1,8.4.144,0.12.6,2.14.0,2026-09-13 10:08:36,scripts/25_esit_fp_adaylari.py
taban_00195,Taban-512,train_ZRI_2017_JPG.rf.b924658b0f4a78544464d8eea0846909.jpg,ZRI,0.5731,1060.6,1931.5,1120.5,1966.8,59.9,35.3,0.7927,0.7927,TP,0.3,1.8089,,,,hayir,,,reports/hafta7_fp_protokolu.md,test,157,tahminler_taban512_hafta7.csv,tahminler_model512.csv,0.3,0.52,1.8089,0.3,0.5,0.1,8,512,110,55,20260913,"Esikler, katsayilar ve ornek buyuklukleri KARARDIR; olcumden turetilmedi. Ayrinti protokol dosyasinda.",3.13.1,8.4.144,0.12.6,2.14.0,2026-09-13 10:08:36,scripts/25_esit_fp_adaylari.py
taban_00196,Taban-512,train_ZRI_2017_JPG.rf.b924658b0f4a78544464d8eea0846909.jpg,ZRI,0.4292,1108.1,402.3,1168.5,512.0,60.4,109.7,0.9297,0.9297,TP,0.3,1.8089,,,,hayir,,,reports/hafta7_fp_protokolu.md,test,157,tahminler_taban512_hafta7.csv,tahminler_model512.csv,0.3,0.52,1.8089,0.3,0.5,0.1,8,512,110,55,20260913,"Esikler, katsayilar ve ornek buyuklukleri KARARDIR; olcumden turetilmedi. Ayrinti protokol dosyasinda.",3.13.1,8.4.144,0.12.6,2.14.0,2026-09-13 10:08:36,scripts/25_esit_fp_adaylari.py
taban_00197,Taban-512,train_ZRI_2017_JPG.rf.b924658b0f4a78544464d8eea0846909.jpg,ZRI,0.4014,1254.3,2737.7,1332.0,2785.8,77.7,48.1,0.0,,FP,0.3,1.8089,,,,hayir,,,reports/hafta7_fp_protokolu.md,test,157,tahminler_taban512_hafta7.csv,tahminler_model512.csv,0.3,0.52,1.8089,0.3,0.5,0.1,8,512,110,55,20260913,"Esikler, katsayilar ve ornek buyuklukleri KARARDIR; olcumden turetilmedi. Ayrinti protokol dosyasinda.",3.13.1,8.4.144,0.12.6,2.14.0,2026-09-13 10:08:36,scripts/25_esit_fp_adaylari.py
taban_00198,Taban-512,train_ZRI_2017_JPG.rf.b924658b0f4a78544464d8eea0846909.jpg,ZRI,0.369,973.8,399.1,1101.4,512.0,127.6,112.9,0.0,,FP,0.3,1.8089,,,,hayir,,,reports/hafta7_fp_protokolu.md,test,157,tahminler_taban512_hafta7.csv,tahminler_model512.csv,0.3,0.52,1.8089,0.3,0.5,0.1,8,512,110,55,20260913,"Esikler, katsayilar ve ornek buyuklukleri KARARDIR; olcumden turetilmedi. Ayrinti protokol dosyasinda.",3.13.1,8.4.144,0.12.6,2.14.0,2026-09-13 10:08:36,scripts/25_esit_fp_adaylari.py
taban_00199,Taban-512,train_ZRI_2018_JPG.rf.27cb350cd0ded58a0121e9813680c024.jpg,ZRI,0.695,1304.5,587.0,1331.8,644.9,27.3,57.9,0.6805,0.6805,TP,0.3,1.8089,,,,hayir,,,reports/hafta7_fp_protokolu.md,test,157,tahminler_taban512_hafta7.csv,tahminler_model512.csv,0.3,0.52,1.8089,0.3,0.5,0.1,8,512,110,55,20260913,"Esikler, katsayilar ve ornek buyuklukleri KARARDIR; olcumden turetilmedi. Ayrinti protokol dosyasinda.",3.13.1,8.4.144,0.12.6,2.14.0,2026-09-13 10:08:36,scripts/25_esit_fp_adaylari.py
taban_00200,Taban-512,train_ZRI_2018_JPG.rf.27cb350cd0ded58a0121e9813680c024.jpg,ZRI,0.6047,1101.8,426.2,1167.6,483.7,65.8,57.5,0.9074,0.9074,TP,0.3,1.8089,,,,hayir,,,reports/hafta7_fp_protokolu.md,test,157,tahminler_taban512_hafta7.csv,tahminler_model512.csv,0.3,0.52,1.8089,0.3,0.5,0.1,8,512,110,55,20260913,"Esikler, katsayilar ve ornek buyuklukleri KARARDIR; olcumden turetilmedi. Ayrinti protokol dosyasinda.",3.13.1,8.4.144,0.12.6,2.14.0,2026-09-13 10:08:36,scripts/25_esit_fp_adaylari.py
taban_00201,Taban-512,train_ZRI_2018_JPG.rf.27cb350cd0ded58a0121e9813680c024.jpg,ZRI,0.4818,1073.6,561.6,1128.4,630.6,54.8,69.0,0.7434,0.7434,TP,0.3,1.8089,,,,hayir,,,reports/hafta7_fp_protokolu.md,test,157,tahminler_taban512_hafta7.csv,tahminler_model512.csv,0.3,0.52,1.8089,0.3,0.5,0.1,8,512,110,55,20260913,"Esikler, katsayilar ve ornek buyuklukleri KARARDIR; olcumden turetilmedi. Ayrinti protokol dosyasinda.",3.13.1,8.4.144,0.12.6,2.14.0,2026-09-13 10:08:36,scripts/25_esit_fp_adaylari.py
taban_00202,Taban-512,train_ZRI_2018_JPG.rf.27cb350cd0ded58a0121e9813680c024.jpg,ZRI,0.3378,1122.9,581.7,1194.8,647.2,71.9,65.5,0.4612,0.4612,TP,0.3,1.8089,,,,hayir,,,reports/hafta7_fp_protokolu.md,test,157,tahminler_taban512_hafta7.csv,tahminler_model512.csv,0.3,0.52,1.8089,0.3,0.5,0.1,8,512,110,55,20260913,"Esikler, katsayilar ve ornek buyuklukleri KARARDIR; olcumden turetilmedi. Ayrinti protokol dosyasinda.",3.13.1,8.4.144,0.12.6,2.14.0,2026-09-13 10:08:36,scripts/25_esit_fp_adaylari.py
taban_00203,Taban-512,train_ZRI_2019_JPG.rf.b8e630f248c9a0965ceaaa661193f34a.jpg,ZRI,0.3952,1535.4,1256.4,1565.4,1286.3,30.0,29.9,0.6913,0.6913,TP,0.3,1.8089,,,,hayir,,,reports/hafta7_fp_protokolu.md,test,157,tahminler_taban512_hafta7.csv,tahminler_model512.csv,0.3,0.52,1.8089,0.3,0.5,0.1,8,512,110,55,20260913,"Esikler, katsayilar ve ornek buyuklukleri KARARDIR; olcumden turetilmedi. Ayrinti protokol dosyasinda.",3.13.1,8.4.144,0.12.6,2.14.0,2026-09-13 10:08:36,scripts/25_esit_fp_adaylari.py
taban_00204,Taban-512,train_ZRI_2019_JPG.rf.b8e630f248c9a0965ceaaa661193f34a.jpg,ZRI,0.394,1293.5,1230.1,1389.9,1289.8,96.4,59.7,0.7151,0.7151,TP,0.3,1.8089,,,,hayir,,,reports/hafta7_fp_protokolu.md,test,157,tahminler_taban512_hafta7.csv,tahminler_model512.csv,0.3,0.52,1.8089,0.3,0.5,0.1,8,512,110,55,20260913,"Esikler, katsayilar ve ornek buyuklukleri KARARDIR; olcumden turetilmedi. Ayrinti protokol dosyasinda.",3.13.1,8.4.144,0.12.6,2.14.0,2026-09-13 10:08:36,scripts/25_esit_fp_adaylari.py
taban_00205,Taban-512,train_ZRI_2019_JPG.rf.b8e630f248c9a0965ceaaa661193f34a.jpg,ZRI,0.3853,1080.0,2050.2,1127.1,2081.5,47.1,31.3,0.0,,FP,0.3,1.8089,,a0357,a0250,evet,Taban-512/ZRI,0.2402,reports/hafta7_fp_protokolu.md,test,157,tahminler_taban512_hafta7.csv,tahminler_model512.csv,0.3,0.52,1.8089,0.3,0.5,0.1,8,512,110,55,20260913,"Esikler, katsayilar ve ornek buyuklukleri KARARDIR; olcumden turetilmedi. Ayrinti protokol dosyasinda.",3.13.1,8.4.144,0.12.6,2.14.0,2026-09-13 10:08:36,scripts/25_esit_fp_adaylari.py
taban_00206,Taban-512,train_ZRI_2020_JPG.rf.fe7697b61c88cbd4b1212ec7a618942e.jpg,ZRI,0.4856,1251.9,1950.4,1349.8,2033.6,97.9,83.2,0.7536,0.7536,TP,0.3,1.8089,,,,hayir,,,reports/hafta7_fp_protokolu.md,test,157,tahminler_taban512_hafta7.csv,tahminler_model512.csv,0.3,0.52,1.8089,0.3,0.5,0.1,8,512,110,55,20260913,"Esikler, katsayilar ve ornek buyuklukleri KARARDIR; olcumden turetilmedi. Ayrinti protokol dosyasinda.",3.13.1,8.4.144,0.12.6,2.14.0,2026-09-13 10:08:36,scripts/25_esit_fp_adaylari.py
taban_00207,Taban-512,train_ZRI_2020_JPG.rf.fe7697b61c88cbd4b1212ec7a618942e.jpg,ZRI,0.3634,110.7,2460.1,155.2,2475.1,44.5,15.0,0.0,,FP,0.3,1.8089,,,,hayir,,,reports/hafta7_fp_protokolu.md,test,157,tahminler_taban512_hafta7.csv,tahminler_model512.csv,0.3,0.52,1.8089,0.3,0.5,0.1,8,512,110,55,20260913,"Esikler, katsayilar ve ornek buyuklukleri KARARDIR; olcumden turetilmedi. Ayrinti protokol dosyasinda.",3.13.1,8.4.144,0.12.6,2.14.0,2026-09-13 10:08:36,scripts/25_esit_fp_adaylari.py
taban_00208,Taban-512,train_ZRI_2020_JPG.rf.fe7697b61c88cbd4b1212ec7a618942e.jpg,ZRI,0.3283,410.0,2460.2,529.1,2503.2,119.1,43.0,0.0,,FP,0.3,1.8089,,,,hayir,,,reports/hafta7_fp_protokolu.md,test,157,tahminler_taban512_hafta7.csv,tahminler_model512.csv,0.3,0.52,1.8089,0.3,0.5,0.1,8,512,110,55,20260913,"Esikler, katsayilar ve ornek buyuklukleri KARARDIR; olcumden turetilmedi. Ayrinti protokol dosyasinda.",3.13.1,8.4.144,0.12.6,2.14.0,2026-09-13 10:08:36,scripts/25_esit_fp_adaylari.py
taban_00209,Taban-512,train_ZRI_2020_JPG.rf.fe7697b61c88cbd4b1212ec7a618942e.jpg,ZRI,0.3005,944.5,2321.1,958.4,2344.3,13.9,23.2,0.0,,FP,0.3,1.8089,,,,hayir,,,reports/hafta7_fp_protokolu.md,test,157,tahminler_taban512_hafta7.csv,tahminler_model512.csv,0.3,0.52,1.8089,0.3,0.5,0.1,8,512,110,55,20260913,"Esikler, katsayilar ve ornek buyuklukleri KARARDIR; olcumden turetilmedi. Ayrinti protokol dosyasinda.",3.13.1,8.4.144,0.12.6,2.14.0,2026-09-13 10:08:36,scripts/25_esit_fp_adaylari.py
taban_00210,Taban-512,train_ZRI_2021_JPG.rf.0acf422827cbc011716ca38b5cc5892d.jpg,ZRI,0.7745,1464.9,663.2,1536.4,743.5,71.5,80.3,0.898,0.898,TP,0.3,1.8089,,,,hayir,,,reports/hafta7_fp_protokolu.md,test,157,tahminler_taban512_hafta7.csv,tahminler_model512.csv,0.3,0.52,1.8089,0.3,0.5,0.1,8,512,110,55,20260913,"Esikler, katsayilar ve ornek buyuklukleri KARARDIR; olcumden turetilmedi. Ayrinti protokol dosyasinda.",3.13.1,8.4.144,0.12.6,2.14.0,2026-09-13 10:08:36,scripts/25_esit_fp_adaylari.py
taban_00211,Taban-512,train_ZRI_2021_JPG.rf.0acf422827cbc011716ca38b5cc5892d.jpg,ZRI,0.7383,1403.4,749.7,1477.9,831.2,74.5,81.5,0.8093,0.8093,TP,0.3,1.8089,,,,hayir,,,reports/hafta7_fp_protokolu.md,test,157,tahminler_taban512_hafta7.csv,tahminler_model512.csv,0.3,0.52,1.8089,0.3,0.5,0.1,8,512,110,55,20260913,"Esikler, katsayilar ve ornek buyuklukleri KARARDIR; olcumden turetilmedi. Ayrinti protokol dosyasinda.",3.13.1,8.4.144,0.12.6,2.14.0,2026-09-13 10:08:36,scripts/25_esit_fp_adaylari.py
taban_00212,Taban-512,train_ZRI_2021_JPG.rf.0acf422827cbc011716ca38b5cc5892d.jpg,ZRI,0.7283,1327.0,707.1,1369.2,764.8,42.2,57.7,0.8241,0.8241,TP,0.3,1.8089,,,,hayir,,,reports/hafta7_fp_protokolu.md,test,157,tahminler_taban512_hafta7.csv,tahminler_model512.csv,0.3,0.52,1.8089,0.3,0.5,0.1,8,512,110,55,20260913,"Esikler, katsayilar ve ornek buyuklukleri KARARDIR; olcumden turetilmedi. Ayrinti protokol dosyasinda.",3.13.1,8.4.144,0.12.6,2.14.0,2026-09-13 10:08:36,scripts/25_esit_fp_adaylari.py
taban_00213,Taban-512,train_ZRI_2021_JPG.rf.0acf422827cbc011716ca38b5cc5892d.jpg,ZRI,0.4701,1546.0,1705.0,1597.7,1741.8,51.7,36.8,0.6701,0.6701,TP,0.3,1.8089,,,,hayir,,,reports/hafta7_fp_protokolu.md,test,157,tahminler_taban512_hafta7.csv,tahminler_model512.csv,0.3,0.52,1.8089,0.3,0.5,0.1,8,512,110,55,20260913,"Esikler, katsayilar ve ornek buyuklukleri KARARDIR; olcumden turetilmedi. Ayrinti protokol dosyasinda.",3.13.1,8.4.144,0.12.6,2.14.0,2026-09-13 10:08:36,scripts/25_esit_fp_adaylari.py
taban_00214,Taban-512,train_ZRI_2021_JPG.rf.0acf422827cbc011716ca38b5cc5892d.jpg,ZRI,0.3889,1097.1,454.8,1181.2,511.7,84.1,56.9,0.0484,,FP,0.3,1.8089,,,,hayir,,,reports/hafta7_fp_protokolu.md,test,157,tahminler_taban512_hafta7.csv,tahminler_model512.csv,0.3,0.52,1.8089,0.3,0.5,0.1,8,512,110,55,20260913,"Esikler, katsayilar ve ornek buyuklukleri KARARDIR; olcumden turetilmedi. Ayrinti protokol dosyasinda.",3.13.1,8.4.144,0.12.6,2.14.0,2026-09-13 10:08:36,scripts/25_esit_fp_adaylari.py
taban_00215,Taban-512,train_ZRI_2021_JPG.rf.0acf422827cbc011716ca38b5cc5892d.jpg,ZRI,0.3531,410.1,2802.1,436.7,2866.8,26.6,64.7,0.0,,FP,0.3,1.8089,,,,hayir,,,reports/hafta7_fp_protokolu.md,test,157,tahminler_taban512_hafta7.csv,tahminler_model512.csv,0.3,0.52,1.8089,0.3,0.5,0.1,8,512,110,55,20260913,"Esikler, katsayilar ve ornek buyuklukleri KARARDIR; olcumden turetilmedi. Ayrinti protokol dosyasinda.",3.13.1,8.4.144,0.12.6,2.14.0,2026-09-13 10:08:36,scripts/25_esit_fp_adaylari.py
taban_00216,Taban-512,train_ZRI_2022_JPG.rf.afe9ce3ac8fd51e28fc46734dc3d4db5.jpg,ZRI,0.4874,705.4,1230.2,801.2,1268.0,95.8,37.8,0.5831,0.5831,TP,0.3,1.8089,,,,hayir,,,reports/hafta7_fp_protokolu.md,test,157,tahminler_taban512_hafta7.csv,tahminler_model512.csv,0.3,0.52,1.8089,0.3,0.5,0.1,8,512,110,55,20260913,"Esikler, katsayilar ve ornek buyuklukleri KARARDIR; olcumden turetilmedi. Ayrinti protokol dosyasinda.",3.13.1,8.4.144,0.12.6,2.14.0,2026-09-13 10:08:36,scripts/25_esit_fp_adaylari.py
taban_00217,Taban-512,train_ZRI_2022_JPG.rf.afe9ce3ac8fd51e28fc46734dc3d4db5.jpg,ZRI,0.3023,1313.7,1826.6,1331.8,1859.3,18.1,32.7,0.2328,,FP,0.3,1.8089,,,,hayir,,,reports/hafta7_fp_protokolu.md,test,157,tahminler_taban512_hafta7.csv,tahminler_model512.csv,0.3,0.52,1.8089,0.3,0.5,0.1,8,512,110,55,20260913,"Esikler, katsayilar ve ornek buyuklukleri KARARDIR; olcumden turetilmedi. Ayrinti protokol dosyasinda.",3.13.1,8.4.144,0.12.6,2.14.0,2026-09-13 10:08:36,scripts/25_esit_fp_adaylari.py
taban_00218,Taban-512,train_ZRI_2023_JPG.rf.22a40d9e64542136b8adc0938d870534.jpg,ZRI,0.3113,410.1,203.1,461.6,248.5,51.5,45.4,0.0,,FP,0.3,1.8089,,,,hayir,,,reports/hafta7_fp_protokolu.md,test,157,tahminler_taban512_hafta7.csv,tahminler_model512.csv,0.3,0.52,1.8089,0.3,0.5,0.1,8,512,110,55,20260913,"Esikler, katsayilar ve ornek buyuklukleri KARARDIR; olcumden turetilmedi. Ayrinti protokol dosyasinda.",3.13.1,8.4.144,0.12.6,2.14.0,2026-09-13 10:08:36,scripts/25_esit_fp_adaylari.py
taban_00219,Taban-512,train_ZRI_2024_JPG.rf.34d34a2e83f81ad9b0acaff5a330cad8.jpg,ZRI,0.7514,2561.9,1022.2,2612.6,1079.6,50.7,57.4,0.9046,0.9046,TP,0.3,1.8089,,,,hayir,,,reports/hafta7_fp_protokolu.md,test,157,tahminler_taban512_hafta7.csv,tahminler_model512.csv,0.3,0.52,1.8089,0.3,0.5,0.1,8,512,110,55,20260913,"Esikler, katsayilar ve ornek buyuklukleri KARARDIR; olcumden turetilmedi. Ayrinti protokol dosyasinda.",3.13.1,8.4.144,0.12.6,2.14.0,2026-09-13 10:08:36,scripts/25_esit_fp_adaylari.py
taban_00220,Taban-512,train_ZRI_2024_JPG.rf.34d34a2e83f81ad9b0acaff5a330cad8.jpg,ZRI,0.7471,2489.2,79.7,2533.8,149.0,44.6,69.3,0.8242,0.8242,TP,0.3,1.8089,,,,hayir,,,reports/hafta7_fp_protokolu.md,test,157,tahminler_taban512_hafta7.csv,tahminler_model512.csv,0.3,0.52,1.8089,0.3,0.5,0.1,8,512,110,55,20260913,"Esikler, katsayilar ve ornek buyuklukleri KARARDIR; olcumden turetilmedi. Ayrinti protokol dosyasinda.",3.13.1,8.4.144,0.12.6,2.14.0,2026-09-13 10:08:36,scripts/25_esit_fp_adaylari.py
taban_00221,Taban-512,train_ZRI_2024_JPG.rf.34d34a2e83f81ad9b0acaff5a330cad8.jpg,ZRI,0.7322,480.2,694.8,561.8,747.8,81.6,53.0,0.8971,0.8971,TP,0.3,1.8089,,,,hayir,,,reports/hafta7_fp_protokolu.md,test,157,tahminler_taban512_hafta7.csv,tahminler_model512.csv,0.3,0.52,1.8089,0.3,0.5,0.1,8,512,110,55,20260913,"Esikler, katsayilar ve ornek buyuklukleri KARARDIR; olcumden turetilmedi. Ayrinti protokol dosyasinda.",3.13.1,8.4.144,0.12.6,2.14.0,2026-09-13 10:08:36,scripts/25_esit_fp_adaylari.py
taban_00222,Taban-512,train_ZRI_2024_JPG.rf.34d34a2e83f81ad9b0acaff5a330cad8.jpg,ZRI,0.6962,976.3,693.5,1036.1,778.4,59.8,84.9,0.8916,0.8916,TP,0.3,1.8089,,,,hayir,,,reports/hafta7_fp_protokolu.md,test,157,tahminler_taban512_hafta7.csv,tahminler_model512.csv,0.3,0.52,1.8089,0.3,0.5,0.1,8,512,110,55,20260913,"Esikler, katsayilar ve ornek buyuklukleri KARARDIR; olcumden turetilmedi. Ayrinti protokol dosyasinda.",3.13.1,8.4.144,0.12.6,2.14.0,2026-09-13 10:08:36,scripts/25_esit_fp_adaylari.py
taban_00223,Taban-512,train_ZRI_2024_JPG.rf.34d34a2e83f81ad9b0acaff5a330cad8.jpg,ZRI,0.694,448.6,836.7,554.4,918.7,105.8,82.0,0.7014,0.7014,TP,0.3,1.8089,,,,hayir,,,reports/hafta7_fp_protokolu.md,test,157,tahminler_taban512_hafta7.csv,tahminler_model512.csv,0.3,0.52,1.8089,0.3,0.5,0.1,8,512,110,55,20260913,"Esikler, katsayilar ve ornek buyuklukleri KARARDIR; olcumden turetilmedi. Ayrinti protokol dosyasinda.",3.13.1,8.4.144,0.12.6,2.14.0,2026-09-13 10:08:36,scripts/25_esit_fp_adaylari.py
taban_00224,Taban-512,train_ZRI_2024_JPG.rf.34d34a2e83f81ad9b0acaff5a330cad8.jpg,ZRI,0.5358,866.5,2841.0,916.3,2954.9,49.8,113.9,0.0,,FP,0.3,1.8089,,,,hayir,,,reports/hafta7_fp_protokolu.md,test,157,tahminler_taban512_hafta7.csv,tahminler_model512.csv,0.3,0.52,1.8089,0.3,0.5,0.1,8,512,110,55,20260913,"Esikler, katsayilar ve ornek buyuklukleri KARARDIR; olcumden turetilmedi. Ayrinti protokol dosyasinda.",3.13.1,8.4.144,0.12.6,2.14.0,2026-09-13 10:08:36,scripts/25_esit_fp_adaylari.py
taban_00225,Taban-512,train_ZRI_2024_JPG.rf.34d34a2e83f81ad9b0acaff5a330cad8.jpg,ZRI,0.4672,644.8,2487.1,732.3,2561.7,87.5,74.6,0.0,,FP,0.3,1.8089,,,,hayir,,,reports/hafta7_fp_protokolu.md,test,157,tahminler_taban512_hafta7.csv,tahminler_model512.csv,0.3,0.52,1.8089,0.3,0.5,0.1,8,512,110,55,20260913,"Esikler, katsayilar ve ornek buyuklukleri KARARDIR; olcumden turetilmedi. Ayrinti protokol dosyasinda.",3.13.1,8.4.144,0.12.6,2.14.0,2026-09-13 10:08:36,scripts/25_esit_fp_adaylari.py
taban_00226,Taban-512,train_ZRI_2025_JPG.rf.67fe730a69c4e3e025dac0ba8a60f0bd.jpg,ZRI,0.7839,862.7,1805.8,921.6,1943.3,58.9,137.5,0.2545,,FP,0.3,1.8089,,a0202,a0438,evet,Taban-512/ZRI,0.2402,reports/hafta7_fp_protokolu.md,test,157,tahminler_taban512_hafta7.csv,tahminler_model512.csv,0.3,0.52,1.8089,0.3,0.5,0.1,8,512,110,55,20260913,"Esikler, katsayilar ve ornek buyuklukleri KARARDIR; olcumden turetilmedi. Ayrinti protokol dosyasinda.",3.13.1,8.4.144,0.12.6,2.14.0,2026-09-13 10:08:36,scripts/25_esit_fp_adaylari.py
taban_00227,Taban-512,train_ZRI_2025_JPG.rf.67fe730a69c4e3e025dac0ba8a60f0bd.jpg,ZRI,0.7403,1892.0,612.0,1941.2,673.5,49.2,61.5,0.8816,0.8816,TP,0.3,1.8089,,,,hayir,,,reports/hafta7_fp_protokolu.md,test,157,tahminler_taban512_hafta7.csv,tahminler_model512.csv,0.3,0.52,1.8089,0.3,0.5,0.1,8,512,110,55,20260913,"Esikler, katsayilar ve ornek buyuklukleri KARARDIR; olcumden turetilmedi. Ayrinti protokol dosyasinda.",3.13.1,8.4.144,0.12.6,2.14.0,2026-09-13 10:08:36,scripts/25_esit_fp_adaylari.py
taban_00228,Taban-512,train_ZRI_2025_JPG.rf.67fe730a69c4e3e025dac0ba8a60f0bd.jpg,ZRI,0.5595,1640.2,428.8,1675.4,477.1,35.2,48.3,0.0,,FP,0.3,1.8089,,,,hayir,,,reports/hafta7_fp_protokolu.md,test,157,tahminler_taban512_hafta7.csv,tahminler_model512.csv,0.3,0.52,1.8089,0.3,0.5,0.1,8,512,110,55,20260913,"Esikler, katsayilar ve ornek buyuklukleri KARARDIR; olcumden turetilmedi. Ayrinti protokol dosyasinda.",3.13.1,8.4.144,0.12.6,2.14.0,2026-09-13 10:08:36,scripts/25_esit_fp_adaylari.py
taban_00229,Taban-512,train_ZRI_2025_JPG.rf.67fe730a69c4e3e025dac0ba8a60f0bd.jpg,ZRI,0.4925,504.8,2282.4,575.0,2336.4,70.2,54.0,0.591,0.591,TP,0.3,1.8089,,,,hayir,,,reports/hafta7_fp_protokolu.md,test,157,tahminler_taban512_hafta7.csv,tahminler_model512.csv,0.3,0.52,1.8089,0.3,0.5,0.1,8,512,110,55,20260913,"Esikler, katsayilar ve ornek buyuklukleri KARARDIR; olcumden turetilmedi. Ayrinti protokol dosyasinda.",3.13.1,8.4.144,0.12.6,2.14.0,2026-09-13 10:08:36,scripts/25_esit_fp_adaylari.py
taban_00230,Taban-512,train_ZRI_2025_JPG.rf.67fe730a69c4e3e025dac0ba8a60f0bd.jpg,ZRI,0.4339,1524.9,427.9,1676.0,554.3,151.1,126.4,0.0,,FP,0.3,1.8089,,,,hayir,,,reports/hafta7_fp_protokolu.md,test,157,tahminler_taban512_hafta7.csv,tahminler_model512.csv,0.3,0.52,1.8089,0.3,0.5,0.1,8,512,110,55,20260913,"Esikler, katsayilar ve ornek buyuklukleri KARARDIR; olcumden turetilmedi. Ayrinti protokol dosyasinda.",3.13.1,8.4.144,0.12.6,2.14.0,2026-09-13 10:08:36,scripts/25_esit_fp_adaylari.py
taban_00231,Taban-512,train_ZRI_2025_JPG.rf.67fe730a69c4e3e025dac0ba8a60f0bd.jpg,ZRI,0.3178,2456.4,1369.1,2530.3,1408.1,73.9,39.0,0.8634,0.8634,TP,0.3,1.8089,,,,hayir,,,reports/hafta7_fp_protokolu.md,test,157,tahminler_taban512_hafta7.csv,tahminler_model512.csv,0.3,0.52,1.8089,0.3,0.5,0.1,8,512,110,55,20260913,"Esikler, katsayilar ve ornek buyuklukleri KARARDIR; olcumden turetilmedi. Ayrinti protokol dosyasinda.",3.13.1,8.4.144,0.12.6,2.14.0,2026-09-13 10:08:36,scripts/25_esit_fp_adaylari.py
taban_00232,Taban-512,train_ZRI_2026_JPG.rf.244d506f042253e60c59419f79524686.jpg,ZRI,0.4719,2678.7,1839.5,2742.0,1898.7,63.3,59.2,0.9089,0.9089,TP,0.3,1.8089,,,,hayir,,,reports/hafta7_fp_protokolu.md,test,157,tahminler_taban512_hafta7.csv,tahminler_model512.csv,0.3,0.52,1.8089,0.3,0.5,0.1,8,512,110,55,20260913,"Esikler, katsayilar ve ornek buyuklukleri KARARDIR; olcumden turetilmedi. Ayrinti protokol dosyasinda.",3.13.1,8.4.144,0.12.6,2.14.0,2026-09-13 10:08:36,scripts/25_esit_fp_adaylari.py
taban_00233,Taban-512,train_ZRI_2026_JPG.rf.244d506f042253e60c59419f79524686.jpg,ZRI,0.3422,1105.5,2674.4,1196.8,2879.9,91.3,205.5,0.2627,,FP,0.3,1.8089,,,,hayir,,,reports/hafta7_fp_protokolu.md,test,157,tahminler_taban512_hafta7.csv,tahminler_model512.csv,0.3,0.52,1.8089,0.3,0.5,0.1,8,512,110,55,20260913,"Esikler, katsayilar ve ornek buyuklukleri KARARDIR; olcumden turetilmedi. Ayrinti protokol dosyasinda.",3.13.1,8.4.144,0.12.6,2.14.0,2026-09-13 10:08:36,scripts/25_esit_fp_adaylari.py
taban_00234,Taban-512,train_ZRI_2026_JPG.rf.244d506f042253e60c59419f79524686.jpg,ZRI,0.3273,1281.2,1230.0,1413.1,1304.8,131.9,74.8,0.0,,FP,0.3,1.8089,,a0305,a0203,evet,Taban-512/ZRI,0.2402,reports/hafta7_fp_protokolu.md,test,157,tahminler_taban512_hafta7.csv,tahminler_model512.csv,0.3,0.52,1.8089,0.3,0.5,0.1,8,512,110,55,20260913,"Esikler, katsayilar ve ornek buyuklukleri KARARDIR; olcumden turetilmedi. Ayrinti protokol dosyasinda.",3.13.1,8.4.144,0.12.6,2.14.0,2026-09-13 10:08:36,scripts/25_esit_fp_adaylari.py
taban_00235,Taban-512,train_ZRI_2026_JPG.rf.244d506f042253e60c59419f79524686.jpg,ZRI,0.3024,2576.8,1857.5,2630.8,1895.8,54.0,38.3,0.8974,0.8974,TP,0.3,1.8089,,,,hayir,,,reports/hafta7_fp_protokolu.md,test,157,tahminler_taban512_hafta7.csv,tahminler_model512.csv,0.3,0.52,1.8089,0.3,0.5,0.1,8,512,110,55,20260913,"Esikler, katsayilar ve ornek buyuklukleri KARARDIR; olcumden turetilmedi. Ayrinti protokol dosyasinda.",3.13.1,8.4.144,0.12.6,2.14.0,2026-09-13 10:08:36,scripts/25_esit_fp_adaylari.py
taban_00236,Taban-512,train_ZRI_2027_JPG.rf.20f6586039a8c1a6dc397e439913444e.jpg,ZRI,0.4799,1670.7,242.5,1728.4,326.3,57.7,83.8,0.8722,0.8722,TP,0.3,1.8089,,,,hayir,,,reports/hafta7_fp_protokolu.md,test,157,tahminler_taban512_hafta7.csv,tahminler_model512.csv,0.3,0.52,1.8089,0.3,0.5,0.1,8,512,110,55,20260913,"Esikler, katsayilar ve ornek buyuklukleri KARARDIR; olcumden turetilmedi. Ayrinti protokol dosyasinda.",3.13.1,8.4.144,0.12.6,2.14.0,2026-09-13 10:08:36,scripts/25_esit_fp_adaylari.py
taban_00237,Taban-512,train_ZRI_2027_JPG.rf.20f6586039a8c1a6dc397e439913444e.jpg,ZRI,0.4492,2048.7,645.1,2092.9,735.7,44.2,90.6,0.7931,0.7931,TP,0.3,1.8089,,,,hayir,,,reports/hafta7_fp_protokolu.md,test,157,tahminler_taban512_hafta7.csv,tahminler_model512.csv,0.3,0.52,1.8089,0.3,0.5,0.1,8,512,110,55,20260913,"Esikler, katsayilar ve ornek buyuklukleri KARARDIR; olcumden turetilmedi. Ayrinti protokol dosyasinda.",3.13.1,8.4.144,0.12.6,2.14.0,2026-09-13 10:08:36,scripts/25_esit_fp_adaylari.py
taban_00238,Taban-512,train_ZRI_2028_JPG.rf.db47a839f5e1f87c7602db7e8ec148b9.jpg,ZRI,0.5315,1713.4,1112.7,1741.8,1159.3,28.4,46.6,0.4128,0.4128,TP,0.3,1.8089,,,,hayir,,,reports/hafta7_fp_protokolu.md,test,157,tahminler_taban512_hafta7.csv,tahminler_model512.csv,0.3,0.52,1.8089,0.3,0.5,0.1,8,512,110,55,20260913,"Esikler, katsayilar ve ornek buyuklukleri KARARDIR; olcumden turetilmedi. Ayrinti protokol dosyasinda.",3.13.1,8.4.144,0.12.6,2.14.0,2026-09-13 10:08:36,scripts/25_esit_fp_adaylari.py
taban_00239,Taban-512,train_ZRI_2029_JPG.rf.7b352d771a36f6ad3f74519584833482.jpg,ZRI,0.3635,1642.0,1443.2,1693.3,1497.6,51.3,54.4,0.7745,0.7745,TP,0.3,1.8089,,,,hayir,,,reports/hafta7_fp_protokolu.md,test,157,tahminler_taban512_hafta7.csv,tahminler_model512.csv,0.3,0.52,1.8089,0.3,0.5,0.1,8,512,110,55,20260913,"Esikler, katsayilar ve ornek buyuklukleri KARARDIR; olcumden turetilmedi. Ayrinti protokol dosyasinda.",3.13.1,8.4.144,0.12.6,2.14.0,2026-09-13 10:08:36,scripts/25_esit_fp_adaylari.py
taban_00240,Taban-512,train_ZRI_2030_JPG.rf.f5be72b3ce51a5abe5717ec467beb983.jpg,ZRI,0.8557,1371.1,197.2,1435.6,273.1,64.5,75.9,0.9144,0.9144,TP,0.3,1.8089,,,,hayir,,,reports/hafta7_fp_protokolu.md,test,157,tahminler_taban512_hafta7.csv,tahminler_model512.csv,0.3,0.52,1.8089,0.3,0.5,0.1,8,512,110,55,20260913,"Esikler, katsayilar ve ornek buyuklukleri KARARDIR; olcumden turetilmedi. Ayrinti protokol dosyasinda.",3.13.1,8.4.144,0.12.6,2.14.0,2026-09-13 10:08:36,scripts/25_esit_fp_adaylari.py
taban_00241,Taban-512,train_ZRI_2030_JPG.rf.f5be72b3ce51a5abe5717ec467beb983.jpg,ZRI,0.3921,333.9,1298.1,383.6,1331.9,49.7,33.8,0.0,,FP,0.3,1.8089,,,,hayir,,,reports/hafta7_fp_protokolu.md,test,157,tahminler_taban512_hafta7.csv,tahminler_model512.csv,0.3,0.52,1.8089,0.3,0.5,0.1,8,512,110,55,20260913,"Esikler, katsayilar ve ornek buyuklukleri KARARDIR; olcumden turetilmedi. Ayrinti protokol dosyasinda.",3.13.1,8.4.144,0.12.6,2.14.0,2026-09-13 10:08:36,scripts/25_esit_fp_adaylari.py
taban_00242,Taban-512,train_ZRI_2030_JPG.rf.f5be72b3ce51a5abe5717ec467beb983.jpg,ZRI,0.3542,2256.8,1541.3,2333.5,1596.0,76.7,54.7,0.8463,0.8463,TP,0.3,1.8089,,,,hayir,,,reports/hafta7_fp_protokolu.md,test,157,tahminler_taban512_hafta7.csv,tahminler_model512.csv,0.3,0.52,1.8089,0.3,0.5,0.1,8,512,110,55,20260913,"Esikler, katsayilar ve ornek buyuklukleri KARARDIR; olcumden turetilmedi. Ayrinti protokol dosyasinda.",3.13.1,8.4.144,0.12.6,2.14.0,2026-09-13 10:08:36,scripts/25_esit_fp_adaylari.py
taban_00243,Taban-512,train_ZRI_2031_JPG.rf.6637eeede974d137c26c06f05e71de95.jpg,ZRI,0.6627,2008.1,133.1,2064.9,194.7,56.8,61.6,0.5679,0.5679,TP,0.3,1.8089,,,,hayir,,,reports/hafta7_fp_protokolu.md,test,157,tahminler_taban512_hafta7.csv,tahminler_model512.csv,0.3,0.52,1.8089,0.3,0.5,0.1,8,512,110,55,20260913,"Esikler, katsayilar ve ornek buyuklukleri KARARDIR; olcumden turetilmedi. Ayrinti protokol dosyasinda.",3.13.1,8.4.144,0.12.6,2.14.0,2026-09-13 10:08:36,scripts/25_esit_fp_adaylari.py
taban_00244,Taban-512,train_ZRI_2031_JPG.rf.6637eeede974d137c26c06f05e71de95.jpg,ZRI,0.533,2050.1,135.2,2065.3,190.2,15.2,55.0,0.1357,,FP,0.3,1.8089,,,,hayir,,,reports/hafta7_fp_protokolu.md,test,157,tahminler_taban512_hafta7.csv,tahminler_model512.csv,0.3,0.52,1.8089,0.3,0.5,0.1,8,512,110,55,20260913,"Esikler, katsayilar ve ornek buyuklukleri KARARDIR; olcumden turetilmedi. Ayrinti protokol dosyasinda.",3.13.1,8.4.144,0.12.6,2.14.0,2026-09-13 10:08:36,scripts/25_esit_fp_adaylari.py
taban_00245,Taban-512,train_ZRI_2031_JPG.rf.6637eeede974d137c26c06f05e71de95.jpg,ZRI,0.5285,2062.6,182.1,2114.5,241.3,51.9,59.2,0.5152,0.5152,TP,0.3,1.8089,,,,hayir,,,reports/hafta7_fp_protokolu.md,test,157,tahminler_taban512_hafta7.csv,tahminler_model512.csv,0.3,0.52,1.8089,0.3,0.5,0.1,8,512,110,55,20260913,"Esikler, katsayilar ve ornek buyuklukleri KARARDIR; olcumden turetilmedi. Ayrinti protokol dosyasinda.",3.13.1,8.4.144,0.12.6,2.14.0,2026-09-13 10:08:36,scripts/25_esit_fp_adaylari.py
taban_00246,Taban-512,train_ZRI_2031_JPG.rf.6637eeede974d137c26c06f05e71de95.jpg,ZRI,0.4361,2063.1,183.9,2115.4,296.5,52.3,112.6,0.9158,,FP,0.3,1.8089,,,,hayir,,,reports/hafta7_fp_protokolu.md,test,157,tahminler_taban512_hafta7.csv,tahminler_model512.csv,0.3,0.52,1.8089,0.3,0.5,0.1,8,512,110,55,20260913,"Esikler, katsayilar ve ornek buyuklukleri KARARDIR; olcumden turetilmedi. Ayrinti protokol dosyasinda.",3.13.1,8.4.144,0.12.6,2.14.0,2026-09-13 10:08:36,scripts/25_esit_fp_adaylari.py
taban_00247,Taban-512,train_ZRI_2031_JPG.rf.6637eeede974d137c26c06f05e71de95.jpg,ZRI,0.4114,2062.5,188.9,2090.1,236.8,27.6,47.9,0.235,,FP,0.3,1.8089,,,,hayir,,,reports/hafta7_fp_protokolu.md,test,157,tahminler_taban512_hafta7.csv,tahminler_model512.csv,0.3,0.52,1.8089,0.3,0.5,0.1,8,512,110,55,20260913,"Esikler, katsayilar ve ornek buyuklukleri KARARDIR; olcumden turetilmedi. Ayrinti protokol dosyasinda.",3.13.1,8.4.144,0.12.6,2.14.0,2026-09-13 10:08:36,scripts/25_esit_fp_adaylari.py
taban_00248,Taban-512,train_ZRI_2031_JPG.rf.6637eeede974d137c26c06f05e71de95.jpg,ZRI,0.3711,1786.6,202.1,1885.0,299.3,98.4,97.2,0.4337,0.4337,TP,0.3,1.8089,,,,hayir,,,reports/hafta7_fp_protokolu.md,test,157,tahminler_taban512_hafta7.csv,tahminler_model512.csv,0.3,0.52,1.8089,0.3,0.5,0.1,8,512,110,55,20260913,"Esikler, katsayilar ve ornek buyuklukleri KARARDIR; olcumden turetilmedi. Ayrinti protokol dosyasinda.",3.13.1,8.4.144,0.12.6,2.14.0,2026-09-13 10:08:36,scripts/25_esit_fp_adaylari.py
taban_00249,Taban-512,train_ZRI_2031_JPG.rf.6637eeede974d137c26c06f05e71de95.jpg,ZRI,0.314,990.3,72.0,1069.6,151.4,79.3,79.4,0.4351,0.4351,TP,0.3,1.8089,,,,hayir,,,reports/hafta7_fp_protokolu.md,test,157,tahminler_taban512_hafta7.csv,tahminler_model512.csv,0.3,0.52,1.8089,0.3,0.5,0.1,8,512,110,55,20260913,"Esikler, katsayilar ve ornek buyuklukleri KARARDIR; olcumden turetilmedi. Ayrinti protokol dosyasinda.",3.13.1,8.4.144,0.12.6,2.14.0,2026-09-13 10:08:36,scripts/25_esit_fp_adaylari.py
taban_00250,Taban-512,train_ZRI_2032_JPG.rf.49927cb43742154fd5f0f8aa302575b6.jpg,ZRI,0.565,1931.9,1001.7,1978.7,1058.5,46.8,56.8,0.8616,0.8616,TP,0.3,1.8089,,,,hayir,,,reports/hafta7_fp_protokolu.md,test,157,tahminler_taban512_hafta7.csv,tahminler_model512.csv,0.3,0.52,1.8089,0.3,0.5,0.1,8,512,110,55,20260913,"Esikler, katsayilar ve ornek buyuklukleri KARARDIR; olcumden turetilmedi. Ayrinti protokol dosyasinda.",3.13.1,8.4.144,0.12.6,2.14.0,2026-09-13 10:08:36,scripts/25_esit_fp_adaylari.py
taban_00251,Taban-512,train_ZRI_2032_JPG.rf.49927cb43742154fd5f0f8aa302575b6.jpg,ZRI,0.4678,1060.0,520.5,1172.4,622.0,112.4,101.5,0.4405,0.4405,TP,0.3,1.8089,,,,hayir,,,reports/hafta7_fp_protokolu.md,test,157,tahminler_taban512_hafta7.csv,tahminler_model512.csv,0.3,0.52,1.8089,0.3,0.5,0.1,8,512,110,55,20260913,"Esikler, katsayilar ve ornek buyuklukleri KARARDIR; olcumden turetilmedi. Ayrinti protokol dosyasinda.",3.13.1,8.4.144,0.12.6,2.14.0,2026-09-13 10:08:36,scripts/25_esit_fp_adaylari.py
taban_00252,Taban-512,train_ZRI_2032_JPG.rf.49927cb43742154fd5f0f8aa302575b6.jpg,ZRI,0.3656,2222.7,2933.7,2260.6,2999.7,37.9,66.0,0.0,,FP,0.3,1.8089,,a0425,a0281,evet,Taban-512/ZRI,0.2402,reports/hafta7_fp_protokolu.md,test,157,tahminler_taban512_hafta7.csv,tahminler_model512.csv,0.3,0.52,1.8089,0.3,0.5,0.1,8,512,110,55,20260913,"Esikler, katsayilar ve ornek buyuklukleri KARARDIR; olcumden turetilmedi. Ayrinti protokol dosyasinda.",3.13.1,8.4.144,0.12.6,2.14.0,2026-09-13 10:08:36,scripts/25_esit_fp_adaylari.py
taban_00253,Taban-512,train_ZRI_2033_JPG.rf.9a239a616f9277852538bd95edcc770e.jpg,ZRI,0.4506,1055.1,0.3,1123.9,70.0,68.8,69.7,0.9649,0.9649,TP,0.3,1.8089,,,,hayir,,,reports/hafta7_fp_protokolu.md,test,157,tahminler_taban512_hafta7.csv,tahminler_model512.csv,0.3,0.52,1.8089,0.3,0.5,0.1,8,512,110,55,20260913,"Esikler, katsayilar ve ornek buyuklukleri KARARDIR; olcumden turetilmedi. Ayrinti protokol dosyasinda.",3.13.1,8.4.144,0.12.6,2.14.0,2026-09-13 10:08:36,scripts/25_esit_fp_adaylari.py
taban_00254,Taban-512,train_ZRI_2033_JPG.rf.9a239a616f9277852538bd95edcc770e.jpg,ZRI,0.4121,3601.9,2521.2,3687.2,2561.8,85.3,40.6,0.2127,,FP,0.3,1.8089,,a0338,a0057,evet,Taban-512/ZRI,0.2402,reports/hafta7_fp_protokolu.md,test,157,tahminler_taban512_hafta7.csv,tahminler_model512.csv,0.3,0.52,1.8089,0.3,0.5,0.1,8,512,110,55,20260913,"Esikler, katsayilar ve ornek buyuklukleri KARARDIR; olcumden turetilmedi. Ayrinti protokol dosyasinda.",3.13.1,8.4.144,0.12.6,2.14.0,2026-09-13 10:08:36,scripts/25_esit_fp_adaylari.py
taban_00255,Taban-512,train_ZRI_2033_JPG.rf.9a239a616f9277852538bd95edcc770e.jpg,ZRI,0.4024,1956.8,1640.2,2004.3,1667.8,47.5,27.6,0.5153,0.5153,TP,0.3,1.8089,,,,hayir,,,reports/hafta7_fp_protokolu.md,test,157,tahminler_taban512_hafta7.csv,tahminler_model512.csv,0.3,0.52,1.8089,0.3,0.5,0.1,8,512,110,55,20260913,"Esikler, katsayilar ve ornek buyuklukleri KARARDIR; olcumden turetilmedi. Ayrinti protokol dosyasinda.",3.13.1,8.4.144,0.12.6,2.14.0,2026-09-13 10:08:36,scripts/25_esit_fp_adaylari.py
taban_00256,Taban-512,train_ZRI_2033_JPG.rf.9a239a616f9277852538bd95edcc770e.jpg,ZRI,0.3149,1775.4,1340.8,1928.2,1497.4,152.8,156.6,0.1358,,FP,0.3,1.8089,,,,hayir,,,reports/hafta7_fp_protokolu.md,test,157,tahminler_taban512_hafta7.csv,tahminler_model512.csv,0.3,0.52,1.8089,0.3,0.5,0.1,8,512,110,55,20260913,"Esikler, katsayilar ve ornek buyuklukleri KARARDIR; olcumden turetilmedi. Ayrinti protokol dosyasinda.",3.13.1,8.4.144,0.12.6,2.14.0,2026-09-13 10:08:36,scripts/25_esit_fp_adaylari.py
taban_00257,Taban-512,train_ZRI_2034_JPG.rf.f46e467586e3c5aa8c16eaf4382ce56f.jpg,ZRI,0.8807,1234.0,1042.8,1280.4,1108.6,46.4,65.8,0.883,0.883,TP,0.3,1.8089,,,,hayir,,,reports/hafta7_fp_protokolu.md,test,157,tahminler_taban512_hafta7.csv,tahminler_model512.csv,0.3,0.52,1.8089,0.3,0.5,0.1,8,512,110,55,20260913,"Esikler, katsayilar ve ornek buyuklukleri KARARDIR; olcumden turetilmedi. Ayrinti protokol dosyasinda.",3.13.1,8.4.144,0.12.6,2.14.0,2026-09-13 10:08:36,scripts/25_esit_fp_adaylari.py
taban_00258,Taban-512,train_ZRI_2034_JPG.rf.f46e467586e3c5aa8c16eaf4382ce56f.jpg,ZRI,0.6814,3280.2,1413.7,3352.4,1519.5,72.2,105.8,0.61,0.61,TP,0.3,1.8089,,,,hayir,,,reports/hafta7_fp_protokolu.md,test,157,tahminler_taban512_hafta7.csv,tahminler_model512.csv,0.3,0.52,1.8089,0.3,0.5,0.1,8,512,110,55,20260913,"Esikler, katsayilar ve ornek buyuklukleri KARARDIR; olcumden turetilmedi. Ayrinti protokol dosyasinda.",3.13.1,8.4.144,0.12.6,2.14.0,2026-09-13 10:08:36,scripts/25_esit_fp_adaylari.py
taban_00259,Taban-512,train_ZRI_2034_JPG.rf.f46e467586e3c5aa8c16eaf4382ce56f.jpg,ZRI,0.6166,3774.1,933.3,3830.9,975.6,56.8,42.3,0.8412,0.8412,TP,0.3,1.8089,,,,hayir,,,reports/hafta7_fp_protokolu.md,test,157,tahminler_taban512_hafta7.csv,tahminler_model512.csv,0.3,0.52,1.8089,0.3,0.5,0.1,8,512,110,55,20260913,"Esikler, katsayilar ve ornek buyuklukleri KARARDIR; olcumden turetilmedi. Ayrinti protokol dosyasinda.",3.13.1,8.4.144,0.12.6,2.14.0,2026-09-13 10:08:36,scripts/25_esit_fp_adaylari.py
taban_00260,Taban-512,train_ZRI_2034_JPG.rf.f46e467586e3c5aa8c16eaf4382ce56f.jpg,ZRI,0.551,1340.2,2455.1,1408.1,2529.2,67.9,74.1,0.8888,0.8888,TP,0.3,1.8089,,,,hayir,,,reports/hafta7_fp_protokolu.md,test,157,tahminler_taban512_hafta7.csv,tahminler_model512.csv,0.3,0.52,1.8089,0.3,0.5,0.1,8,512,110,55,20260913,"Esikler, katsayilar ve ornek buyuklukleri KARARDIR; olcumden turetilmedi. Ayrinti protokol dosyasinda.",3.13.1,8.4.144,0.12.6,2.14.0,2026-09-13 10:08:36,scripts/25_esit_fp_adaylari.py
taban_00261,Taban-512,train_ZRI_2034_JPG.rf.f46e467586e3c5aa8c16eaf4382ce56f.jpg,ZRI,0.5182,1141.7,1024.2,1208.7,1088.6,67.0,64.4,0.8685,0.8685,TP,0.3,1.8089,,,,hayir,,,reports/hafta7_fp_protokolu.md,test,157,tahminler_taban512_hafta7.csv,tahminler_model512.csv,0.3,0.52,1.8089,0.3,0.5,0.1,8,512,110,55,20260913,"Esikler, katsayilar ve ornek buyuklukleri KARARDIR; olcumden turetilmedi. Ayrinti protokol dosyasinda.",3.13.1,8.4.144,0.12.6,2.14.0,2026-09-13 10:08:36,scripts/25_esit_fp_adaylari.py
taban_00262,Taban-512,train_ZRI_2034_JPG.rf.f46e467586e3c5aa8c16eaf4382ce56f.jpg,ZRI,0.4796,2088.9,2544.3,2110.8,2561.8,21.9,17.5,0.0,,FP,0.3,1.8089,,,,hayir,,,reports/hafta7_fp_protokolu.md,test,157,tahminler_taban512_hafta7.csv,tahminler_model512.csv,0.3,0.52,1.8089,0.3,0.5,0.1,8,512,110,55,20260913,"Esikler, katsayilar ve ornek buyuklukleri KARARDIR; olcumden turetilmedi. Ayrinti protokol dosyasinda.",3.13.1,8.4.144,0.12.6,2.14.0,2026-09-13 10:08:36,scripts/25_esit_fp_adaylari.py
taban_00263,Taban-512,train_ZRI_2034_JPG.rf.f46e467586e3c5aa8c16eaf4382ce56f.jpg,ZRI,0.3949,1316.3,2378.7,1383.7,2444.3,67.4,65.6,0.8135,0.8135,TP,0.3,1.8089,,,,hayir,,,reports/hafta7_fp_protokolu.md,test,157,tahminler_taban512_hafta7.csv,tahminler_model512.csv,0.3,0.52,1.8089,0.3,0.5,0.1,8,512,110,55,20260913,"Esikler, katsayilar ve ornek buyuklukleri KARARDIR; olcumden turetilmedi. Ayrinti protokol dosyasinda.",3.13.1,8.4.144,0.12.6,2.14.0,2026-09-13 10:08:36,scripts/25_esit_fp_adaylari.py
taban_00264,Taban-512,train_ZRI_2034_JPG.rf.f46e467586e3c5aa8c16eaf4382ce56f.jpg,ZRI,0.3501,3773.9,934.4,3791.9,976.5,18.0,42.1,0.2733,,FP,0.3,1.8089,,,,hayir,,,reports/hafta7_fp_protokolu.md,test,157,tahminler_taban512_hafta7.csv,tahminler_model512.csv,0.3,0.52,1.8089,0.3,0.5,0.1,8,512,110,55,20260913,"Esikler, katsayilar ve ornek buyuklukleri KARARDIR; olcumden turetilmedi. Ayrinti protokol dosyasinda.",3.13.1,8.4.144,0.12.6,2.14.0,2026-09-13 10:08:36,scripts/25_esit_fp_adaylari.py
taban_00265,Taban-512,train_ZRI_2035_JPG.rf.59dfa568de01527e83d9b4b52c088911.jpg,ZRI,0.7332,2353.8,173.4,2399.7,234.0,45.9,60.6,0.892,0.892,TP,0.3,1.8089,,,,hayir,,,reports/hafta7_fp_protokolu.md,test,157,tahminler_taban512_hafta7.csv,tahminler_model512.csv,0.3,0.52,1.8089,0.3,0.5,0.1,8,512,110,55,20260913,"Esikler, katsayilar ve ornek buyuklukleri KARARDIR; olcumden turetilmedi. Ayrinti protokol dosyasinda.",3.13.1,8.4.144,0.12.6,2.14.0,2026-09-13 10:08:36,scripts/25_esit_fp_adaylari.py
taban_00266,Taban-512,train_ZRI_2035_JPG.rf.59dfa568de01527e83d9b4b52c088911.jpg,ZRI,0.5717,2580.2,2847.4,2619.2,2896.2,39.0,48.8,0.8841,0.8841,TP,0.3,1.8089,,,,hayir,,,reports/hafta7_fp_protokolu.md,test,157,tahminler_taban512_hafta7.csv,tahminler_model512.csv,0.3,0.52,1.8089,0.3,0.5,0.1,8,512,110,55,20260913,"Esikler, katsayilar ve ornek buyuklukleri KARARDIR; olcumden turetilmedi. Ayrinti protokol dosyasinda.",3.13.1,8.4.144,0.12.6,2.14.0,2026-09-13 10:08:36,scripts/25_esit_fp_adaylari.py
taban_00267,Taban-512,train_ZRI_2035_JPG.rf.59dfa568de01527e83d9b4b52c088911.jpg,ZRI,0.5252,3020.7,514.4,3112.0,604.9,91.3,90.5,0.7407,0.7407,TP,0.3,1.8089,,,,hayir,,,reports/hafta7_fp_protokolu.md,test,157,tahminler_taban512_hafta7.csv,tahminler_model512.csv,0.3,0.52,1.8089,0.3,0.5,0.1,8,512,110,55,20260913,"Esikler, katsayilar ve ornek buyuklukleri KARARDIR; olcumden turetilmedi. Ayrinti protokol dosyasinda.",3.13.1,8.4.144,0.12.6,2.14.0,2026-09-13 10:08:36,scripts/25_esit_fp_adaylari.py
taban_00268,Taban-512,train_ZRI_2035_JPG.rf.59dfa568de01527e83d9b4b52c088911.jpg,ZRI,0.4952,2543.7,2548.1,2580.7,2597.6,37.0,49.5,0.9543,0.9543,TP,0.3,1.8089,,,,hayir,,,reports/hafta7_fp_protokolu.md,test,157,tahminler_taban512_hafta7.csv,tahminler_model512.csv,0.3,0.52,1.8089,0.3,0.5,0.1,8,512,110,55,20260913,"Esikler, katsayilar ve ornek buyuklukleri KARARDIR; olcumden turetilmedi. Ayrinti protokol dosyasinda.",3.13.1,8.4.144,0.12.6,2.14.0,2026-09-13 10:08:36,scripts/25_esit_fp_adaylari.py
taban_00269,Taban-512,train_ZRI_2035_JPG.rf.59dfa568de01527e83d9b4b52c088911.jpg,ZRI,0.4709,3088.1,410.2,3160.5,457.2,72.4,47.0,0.6099,0.6099,TP,0.3,1.8089,,,,hayir,,,reports/hafta7_fp_protokolu.md,test,157,tahminler_taban512_hafta7.csv,tahminler_model512.csv,0.3,0.52,1.8089,0.3,0.5,0.1,8,512,110,55,20260913,"Esikler, katsayilar ve ornek buyuklukleri KARARDIR; olcumden turetilmedi. Ayrinti protokol dosyasinda.",3.13.1,8.4.144,0.12.6,2.14.0,2026-09-13 10:08:36,scripts/25_esit_fp_adaylari.py
taban_00270,Taban-512,train_ZRI_2035_JPG.rf.59dfa568de01527e83d9b4b52c088911.jpg,ZRI,0.3941,2947.7,1640.2,3036.3,1705.6,88.6,65.4,0.0,,FP,0.3,1.8089,,a0426,a0166,evet,Taban-512/ZRI,0.2402,reports/hafta7_fp_protokolu.md,test,157,tahminler_taban512_hafta7.csv,tahminler_model512.csv,0.3,0.52,1.8089,0.3,0.5,0.1,8,512,110,55,20260913,"Esikler, katsayilar ve ornek buyuklukleri KARARDIR; olcumden turetilmedi. Ayrinti protokol dosyasinda.",3.13.1,8.4.144,0.12.6,2.14.0,2026-09-13 10:08:36,scripts/25_esit_fp_adaylari.py
taban_00271,Taban-512,train_ZRI_2035_JPG.rf.59dfa568de01527e83d9b4b52c088911.jpg,ZRI,0.3418,2362.9,1325.9,2425.4,1391.7,62.5,65.8,0.9248,0.9248,TP,0.3,1.8089,,,,hayir,,,reports/hafta7_fp_protokolu.md,test,157,tahminler_taban512_hafta7.csv,tahminler_model512.csv,0.3,0.52,1.8089,0.3,0.5,0.1,8,512,110,55,20260913,"Esikler, katsayilar ve ornek buyuklukleri KARARDIR; olcumden turetilmedi. Ayrinti protokol dosyasinda.",3.13.1,8.4.144,0.12.6,2.14.0,2026-09-13 10:08:36,scripts/25_esit_fp_adaylari.py
taban_00272,Taban-512,train_ZRI_2042_JPG.rf.f93dac15f1ae723890c10805241087d8.jpg,ZRI,0.3375,3280.1,2204.3,3338.0,2257.7,57.9,53.4,0.339,0.339,TP,0.3,1.8089,,,,hayir,,,reports/hafta7_fp_protokolu.md,test,157,tahminler_taban512_hafta7.csv,tahminler_model512.csv,0.3,0.52,1.8089,0.3,0.5,0.1,8,512,110,55,20260913,"Esikler, katsayilar ve ornek buyuklukleri KARARDIR; olcumden turetilmedi. Ayrinti protokol dosyasinda.",3.13.1,8.4.144,0.12.6,2.14.0,2026-09-13 10:08:36,scripts/25_esit_fp_adaylari.py
taban_00273,Taban-512,train_ZRI_2046_JPG.rf.6e0e88c5239bc031fcd5636dc1b42f80.jpg,ZRI,0.8328,2463.6,1280.4,2523.9,1331.7,60.3,51.3,0.6276,0.6276,TP,0.3,1.8089,,,,hayir,,,reports/hafta7_fp_protokolu.md,test,157,tahminler_taban512_hafta7.csv,tahminler_model512.csv,0.3,0.52,1.8089,0.3,0.5,0.1,8,512,110,55,20260913,"Esikler, katsayilar ve ornek buyuklukleri KARARDIR; olcumden turetilmedi. Ayrinti protokol dosyasinda.",3.13.1,8.4.144,0.12.6,2.14.0,2026-09-13 10:08:36,scripts/25_esit_fp_adaylari.py
taban_00274,Taban-512,train_ZRI_2046_JPG.rf.6e0e88c5239bc031fcd5636dc1b42f80.jpg,ZRI,0.7587,2672.9,597.3,2705.5,683.8,32.6,86.5,0.642,0.642,TP,0.3,1.8089,,,,hayir,,,reports/hafta7_fp_protokolu.md,test,157,tahminler_taban512_hafta7.csv,tahminler_model512.csv,0.3,0.52,1.8089,0.3,0.5,0.1,8,512,110,55,20260913,"Esikler, katsayilar ve ornek buyuklukleri KARARDIR; olcumden turetilmedi. Ayrinti protokol dosyasinda.",3.13.1,8.4.144,0.12.6,2.14.0,2026-09-13 10:08:36,scripts/25_esit_fp_adaylari.py
taban_00275,Taban-512,train_ZRI_2046_JPG.rf.6e0e88c5239bc031fcd5636dc1b42f80.jpg,ZRI,0.7422,2286.3,886.6,2338.9,954.3,52.6,67.7,0.8211,0.8211,TP,0.3,1.8089,,,,hayir,,,reports/hafta7_fp_protokolu.md,test,157,tahminler_taban512_hafta7.csv,tahminler_model512.csv,0.3,0.52,1.8089,0.3,0.5,0.1,8,512,110,55,20260913,"Esikler, katsayilar ve ornek buyuklukleri KARARDIR; olcumden turetilmedi. Ayrinti protokol dosyasinda.",3.13.1,8.4.144,0.12.6,2.14.0,2026-09-13 10:08:36,scripts/25_esit_fp_adaylari.py
taban_00276,Taban-512,train_ZRI_2046_JPG.rf.6e0e88c5239bc031fcd5636dc1b42f80.jpg,ZRI,0.6803,1683.3,464.4,1741.7,538.2,58.4,73.8,0.641,0.641,TP,0.3,1.8089,,,,hayir,,,reports/hafta7_fp_protokolu.md,test,157,tahminler_taban512_hafta7.csv,tahminler_model512.csv,0.3,0.52,1.8089,0.3,0.5,0.1,8,512,110,55,20260913,"Esikler, katsayilar ve ornek buyuklukleri KARARDIR; olcumden turetilmedi. Ayrinti protokol dosyasinda.",3.13.1,8.4.144,0.12.6,2.14.0,2026-09-13 10:08:36,scripts/25_esit_fp_adaylari.py
taban_00277,Taban-512,train_ZRI_2046_JPG.rf.6e0e88c5239bc031fcd5636dc1b42f80.jpg,ZRI,0.6645,2359.5,897.6,2384.6,972.7,25.1,75.1,0.2633,,FP,0.3,1.8089,,,,hayir,,,reports/hafta7_fp_protokolu.md,test,157,tahminler_taban512_hafta7.csv,tahminler_model512.csv,0.3,0.52,1.8089,0.3,0.5,0.1,8,512,110,55,20260913,"Esikler, katsayilar ve ornek buyuklukleri KARARDIR; olcumden turetilmedi. Ayrinti protokol dosyasinda.",3.13.1,8.4.144,0.12.6,2.14.0,2026-09-13 10:08:36,scripts/25_esit_fp_adaylari.py
taban_00278,Taban-512,train_ZRI_2046_JPG.rf.6e0e88c5239bc031fcd5636dc1b42f80.jpg,ZRI,0.6206,1683.8,464.4,1713.1,511.8,29.3,47.4,0.383,,FP,0.3,1.8089,,,,hayir,,,reports/hafta7_fp_protokolu.md,test,157,tahminler_taban512_hafta7.csv,tahminler_model512.csv,0.3,0.52,1.8089,0.3,0.5,0.1,8,512,110,55,20260913,"Esikler, katsayilar ve ornek buyuklukleri KARARDIR; olcumden turetilmedi. Ayrinti protokol dosyasinda.",3.13.1,8.4.144,0.12.6,2.14.0,2026-09-13 10:08:36,scripts/25_esit_fp_adaylari.py
taban_00279,Taban-512,train_ZRI_2046_JPG.rf.6e0e88c5239bc031fcd5636dc1b42f80.jpg,ZRI,0.6065,1916.2,895.8,1961.9,980.9,45.7,85.1,0.8209,0.8209,TP,0.3,1.8089,,,,hayir,,,reports/hafta7_fp_protokolu.md,test,157,tahminler_taban512_hafta7.csv,tahminler_model512.csv,0.3,0.52,1.8089,0.3,0.5,0.1,8,512,110,55,20260913,"Esikler, katsayilar ve ornek buyuklukleri KARARDIR; olcumden turetilmedi. Ayrinti protokol dosyasinda.",3.13.1,8.4.144,0.12.6,2.14.0,2026-09-13 10:08:36,scripts/25_esit_fp_adaylari.py
taban_00280,Taban-512,train_ZRI_2046_JPG.rf.6e0e88c5239bc031fcd5636dc1b42f80.jpg,ZRI,0.5608,728.7,178.0,760.8,209.2,32.1,31.2,0.5023,0.5023,TP,0.3,1.8089,,,,hayir,,,reports/hafta7_fp_protokolu.md,test,157,tahminler_taban512_hafta7.csv,tahminler_model512.csv,0.3,0.52,1.8089,0.3,0.5,0.1,8,512,110,55,20260913,"Esikler, katsayilar ve ornek buyuklukleri KARARDIR; olcumden turetilmedi. Ayrinti protokol dosyasinda.",3.13.1,8.4.144,0.12.6,2.14.0,2026-09-13 10:08:36,scripts/25_esit_fp_adaylari.py
taban_00281,Taban-512,train_ZRI_2046_JPG.rf.6e0e88c5239bc031fcd5636dc1b42f80.jpg,ZRI,0.498,1916.5,895.7,1960.4,921.7,43.9,26.0,0.2776,,FP,0.3,1.8089,,,,hayir,,,reports/hafta7_fp_protokolu.md,test,157,tahminler_taban512_hafta7.csv,tahminler_model512.csv,0.3,0.52,1.8089,0.3,0.5,0.1,8,512,110,55,20260913,"Esikler, katsayilar ve ornek buyuklukleri KARARDIR; olcumden turetilmedi. Ayrinti protokol dosyasinda.",3.13.1,8.4.144,0.12.6,2.14.0,2026-09-13 10:08:36,scripts/25_esit_fp_adaylari.py
taban_00282,Taban-512,train_ZRI_2046_JPG.rf.6e0e88c5239bc031fcd5636dc1b42f80.jpg,ZRI,0.4594,1174.1,19.8,1212.7,93.6,38.6,73.8,0.8592,0.8592,TP,0.3,1.8089,,,,hayir,,,reports/hafta7_fp_protokolu.md,test,157,tahminler_taban512_hafta7.csv,tahminler_model512.csv,0.3,0.52,1.8089,0.3,0.5,0.1,8,512,110,55,20260913,"Esikler, katsayilar ve ornek buyuklukleri KARARDIR; olcumden turetilmedi. Ayrinti protokol dosyasinda.",3.13.1,8.4.144,0.12.6,2.14.0,2026-09-13 10:08:36,scripts/25_esit_fp_adaylari.py
taban_00283,Taban-512,train_ZRI_2046_JPG.rf.6e0e88c5239bc031fcd5636dc1b42f80.jpg,ZRI,0.446,2657.3,1400.7,2702.0,1462.2,44.7,61.5,0.6211,0.6211,TP,0.3,1.8089,,,,hayir,,,reports/hafta7_fp_protokolu.md,test,157,tahminler_taban512_hafta7.csv,tahminler_model512.csv,0.3,0.52,1.8089,0.3,0.5,0.1,8,512,110,55,20260913,"Esikler, katsayilar ve ornek buyuklukleri KARARDIR; olcumden turetilmedi. Ayrinti protokol dosyasinda.",3.13.1,8.4.144,0.12.6,2.14.0,2026-09-13 10:08:36,scripts/25_esit_fp_adaylari.py
taban_00284,Taban-512,train_ZRI_2046_JPG.rf.6e0e88c5239bc031fcd5636dc1b42f80.jpg,ZRI,0.4121,1640.0,117.2,1682.2,222.9,42.2,105.7,0.3872,0.3872,TP,0.3,1.8089,,,,hayir,,,reports/hafta7_fp_protokolu.md,test,157,tahminler_taban512_hafta7.csv,tahminler_model512.csv,0.3,0.52,1.8089,0.3,0.5,0.1,8,512,110,55,20260913,"Esikler, katsayilar ve ornek buyuklukleri KARARDIR; olcumden turetilmedi. Ayrinti protokol dosyasinda.",3.13.1,8.4.144,0.12.6,2.14.0,2026-09-13 10:08:36,scripts/25_esit_fp_adaylari.py
taban_00285,Taban-512,train_ZRI_2046_JPG.rf.6e0e88c5239bc031fcd5636dc1b42f80.jpg,ZRI,0.4068,2360.0,897.2,2383.5,921.8,23.5,24.6,0.0532,,FP,0.3,1.8089,,a0124,a0061,evet,Taban-512/ZRI,0.2402,reports/hafta7_fp_protokolu.md,test,157,tahminler_taban512_hafta7.csv,tahminler_model512.csv,0.3,0.52,1.8089,0.3,0.5,0.1,8,512,110,55,20260913,"Esikler, katsayilar ve ornek buyuklukleri KARARDIR; olcumden turetilmedi. Ayrinti protokol dosyasinda.",3.13.1,8.4.144,0.12.6,2.14.0,2026-09-13 10:08:36,scripts/25_esit_fp_adaylari.py
taban_00286,Taban-512,train_ZRI_2046_JPG.rf.6e0e88c5239bc031fcd5636dc1b42f80.jpg,ZRI,0.4,1978.6,1109.1,2046.9,1152.2,68.3,43.1,0.0,,FP,0.3,1.8089,,,,hayir,,,reports/hafta7_fp_protokolu.md,test,157,tahminler_taban512_hafta7.csv,tahminler_model512.csv,0.3,0.52,1.8089,0.3,0.5,0.1,8,512,110,55,20260913,"Esikler, katsayilar ve ornek buyuklukleri KARARDIR; olcumden turetilmedi. Ayrinti protokol dosyasinda.",3.13.1,8.4.144,0.12.6,2.14.0,2026-09-13 10:08:36,scripts/25_esit_fp_adaylari.py
taban_00287,Taban-512,train_ZRI_2046_JPG.rf.6e0e88c5239bc031fcd5636dc1b42f80.jpg,ZRI,0.3521,2515.8,913.6,2558.0,977.2,42.2,63.6,0.0,,FP,0.3,1.8089,,a0335,a0023,evet,Taban-512/ZRI,0.2402,reports/hafta7_fp_protokolu.md,test,157,tahminler_taban512_hafta7.csv,tahminler_model512.csv,0.3,0.52,1.8089,0.3,0.5,0.1,8,512,110,55,20260913,"Esikler, katsayilar ve ornek buyuklukleri KARARDIR; olcumden turetilmedi. Ayrinti protokol dosyasinda.",3.13.1,8.4.144,0.12.6,2.14.0,2026-09-13 10:08:36,scripts/25_esit_fp_adaylari.py
taban_00288,Taban-512,train_ZRI_2046_JPG.rf.6e0e88c5239bc031fcd5636dc1b42f80.jpg,ZRI,0.3094,206.9,1846.1,284.9,1927.1,78.0,81.0,0.0,,FP,0.3,1.8089,,a0193,a0146,evet,Taban-512/ZRI,0.2402,reports/hafta7_fp_protokolu.md,test,157,tahminler_taban512_hafta7.csv,tahminler_model512.csv,0.3,0.52,1.8089,0.3,0.5,0.1,8,512,110,55,20260913,"Esikler, katsayilar ve ornek buyuklukleri KARARDIR; olcumden turetilmedi. Ayrinti protokol dosyasinda.",3.13.1,8.4.144,0.12.6,2.14.0,2026-09-13 10:08:36,scripts/25_esit_fp_adaylari.py
taban_00289,Taban-512,train_ZRI_2047_JPG.rf.28100fb3bc7c0eb615dea5cc673ffa75.jpg,ZRI,0.8719,2135.9,1797.0,2187.8,1873.2,51.9,76.2,0.9288,0.9288,TP,0.3,1.8089,,,,hayir,,,reports/hafta7_fp_protokolu.md,test,157,tahminler_taban512_hafta7.csv,tahminler_model512.csv,0.3,0.52,1.8089,0.3,0.5,0.1,8,512,110,55,20260913,"Esikler, katsayilar ve ornek buyuklukleri KARARDIR; olcumden turetilmedi. Ayrinti protokol dosyasinda.",3.13.1,8.4.144,0.12.6,2.14.0,2026-09-13 10:08:36,scripts/25_esit_fp_adaylari.py
taban_00290,Taban-512,train_ZRI_2047_JPG.rf.28100fb3bc7c0eb615dea5cc673ffa75.jpg,ZRI,0.8717,742.9,447.6,797.4,540.4,54.5,92.8,0.9345,0.9345,TP,0.3,1.8089,,,,hayir,,,reports/hafta7_fp_protokolu.md,test,157,tahminler_taban512_hafta7.csv,tahminler_model512.csv,0.3,0.52,1.8089,0.3,0.5,0.1,8,512,110,55,20260913,"Esikler, katsayilar ve ornek buyuklukleri KARARDIR; olcumden turetilmedi. Ayrinti protokol dosyasinda.",3.13.1,8.4.144,0.12.6,2.14.0,2026-09-13 10:08:36,scripts/25_esit_fp_adaylari.py
taban_00291,Taban-512,train_ZRI_2047_JPG.rf.28100fb3bc7c0eb615dea5cc673ffa75.jpg,ZRI,0.8625,712.3,205.9,776.1,280.6,63.8,74.7,0.8423,0.8423,TP,0.3,1.8089,,,,hayir,,,reports/hafta7_fp_protokolu.md,test,157,tahminler_taban512_hafta7.csv,tahminler_model512.csv,0.3,0.52,1.8089,0.3,0.5,0.1,8,512,110,55,20260913,"Esikler, katsayilar ve ornek buyuklukleri KARARDIR; olcumden turetilmedi. Ayrinti protokol dosyasinda.",3.13.1,8.4.144,0.12.6,2.14.0,2026-09-13 10:08:36,scripts/25_esit_fp_adaylari.py
taban_00292,Taban-512,train_ZRI_2047_JPG.rf.28100fb3bc7c0eb615dea5cc673ffa75.jpg,ZRI,0.8425,658.0,474.1,712.0,561.6,54.0,87.5,0.7594,0.7594,TP,0.3,1.8089,,,,hayir,,,reports/hafta7_fp_protokolu.md,test,157,tahminler_taban512_hafta7.csv,tahminler_model512.csv,0.3,0.52,1.8089,0.3,0.5,0.1,8,512,110,55,20260913,"Esikler, katsayilar ve ornek buyuklukleri KARARDIR; olcumden turetilmedi. Ayrinti protokol dosyasinda.",3.13.1,8.4.144,0.12.6,2.14.0,2026-09-13 10:08:36,scripts/25_esit_fp_adaylari.py
taban_00293,Taban-512,train_ZRI_2047_JPG.rf.28100fb3bc7c0eb615dea5cc673ffa75.jpg,ZRI,0.827,3179.2,1471.7,3239.0,1526.9,59.8,55.2,0.8194,0.8194,TP,0.3,1.8089,,,,hayir,,,reports/hafta7_fp_protokolu.md,test,157,tahminler_taban512_hafta7.csv,tahminler_model512.csv,0.3,0.52,1.8089,0.3,0.5,0.1,8,512,110,55,20260913,"Esikler, katsayilar ve ornek buyuklukleri KARARDIR; olcumden turetilmedi. Ayrinti protokol dosyasinda.",3.13.1,8.4.144,0.12.6,2.14.0,2026-09-13 10:08:36,scripts/25_esit_fp_adaylari.py
taban_00294,Taban-512,train_ZRI_2047_JPG.rf.28100fb3bc7c0eb615dea5cc673ffa75.jpg,ZRI,0.7699,2143.7,1352.5,2187.3,1397.9,43.6,45.4,0.0,,FP,0.3,1.8089,,,,hayir,,,reports/hafta7_fp_protokolu.md,test,157,tahminler_taban512_hafta7.csv,tahminler_model512.csv,0.3,0.52,1.8089,0.3,0.5,0.1,8,512,110,55,20260913,"Esikler, katsayilar ve ornek buyuklukleri KARARDIR; olcumden turetilmedi. Ayrinti protokol dosyasinda.",3.13.1,8.4.144,0.12.6,2.14.0,2026-09-13 10:08:36,scripts/25_esit_fp_adaylari.py
taban_00295,Taban-512,train_ZRI_2047_JPG.rf.28100fb3bc7c0eb615dea5cc673ffa75.jpg,ZRI,0.7679,776.5,312.0,820.9,391.1,44.4,79.1,0.78,0.78,TP,0.3,1.8089,,,,hayir,,,reports/hafta7_fp_protokolu.md,test,157,tahminler_taban512_hafta7.csv,tahminler_model512.csv,0.3,0.52,1.8089,0.3,0.5,0.1,8,512,110,55,20260913,"Esikler, katsayilar ve ornek buyuklukleri KARARDIR; olcumden turetilmedi. Ayrinti protokol dosyasinda.",3.13.1,8.4.144,0.12.6,2.14.0,2026-09-13 10:08:36,scripts/25_esit_fp_adaylari.py
taban_00296,Taban-512,train_ZRI_2047_JPG.rf.28100fb3bc7c0eb615dea5cc673ffa75.jpg,ZRI,0.7633,1002.3,1054.8,1052.0,1121.9,49.7,67.1,0.0,,FP,0.3,1.8089,,,,hayir,,,reports/hafta7_fp_protokolu.md,test,157,tahminler_taban512_hafta7.csv,tahminler_model512.csv,0.3,0.52,1.8089,0.3,0.5,0.1,8,512,110,55,20260913,"Esikler, katsayilar ve ornek buyuklukleri KARARDIR; olcumden turetilmedi. Ayrinti protokol dosyasinda.",3.13.1,8.4.144,0.12.6,2.14.0,2026-09-13 10:08:36,scripts/25_esit_fp_adaylari.py
taban_00297,Taban-512,train_ZRI_2047_JPG.rf.28100fb3bc7c0eb615dea5cc673ffa75.jpg,ZRI,0.7569,1869.2,1357.8,1896.6,1430.4,27.4,72.6,0.061,,FP,0.3,1.8089,,,,hayir,,,reports/hafta7_fp_protokolu.md,test,157,tahminler_taban512_hafta7.csv,tahminler_model512.csv,0.3,0.52,1.8089,0.3,0.5,0.1,8,512,110,55,20260913,"Esikler, katsayilar ve ornek buyuklukleri KARARDIR; olcumden turetilmedi. Ayrinti protokol dosyasinda.",3.13.1,8.4.144,0.12.6,2.14.0,2026-09-13 10:08:36,scripts/25_esit_fp_adaylari.py
taban_00298,Taban-512,train_ZRI_2047_JPG.rf.28100fb3bc7c0eb615dea5cc673ffa75.jpg,ZRI,0.7273,276.6,662.5,337.2,733.8,60.6,71.3,0.8982,0.8982,TP,0.3,1.8089,,,,hayir,,,reports/hafta7_fp_protokolu.md,test,157,tahminler_taban512_hafta7.csv,tahminler_model512.csv,0.3,0.52,1.8089,0.3,0.5,0.1,8,512,110,55,20260913,"Esikler, katsayilar ve ornek buyuklukleri KARARDIR; olcumden turetilmedi. Ayrinti protokol dosyasinda.",3.13.1,8.4.144,0.12.6,2.14.0,2026-09-13 10:08:36,scripts/25_esit_fp_adaylari.py
taban_00299,Taban-512,train_ZRI_2047_JPG.rf.28100fb3bc7c0eb615dea5cc673ffa75.jpg,ZRI,0.7189,658.2,474.3,707.6,511.8,49.4,37.5,0.2977,,FP,0.3,1.8089,,,,hayir,,,reports/hafta7_fp_protokolu.md,test,157,tahminler_taban512_hafta7.csv,tahminler_model512.csv,0.3,0.52,1.8089,0.3,0.5,0.1,8,512,110,55,20260913,"Esikler, katsayilar ve ornek buyuklukleri KARARDIR; olcumden turetilmedi. Ayrinti protokol dosyasinda.",3.13.1,8.4.144,0.12.6,2.14.0,2026-09-13 10:08:36,scripts/25_esit_fp_adaylari.py
taban_00300,Taban-512,train_ZRI_2047_JPG.rf.28100fb3bc7c0eb615dea5cc673ffa75.jpg,ZRI,0.6411,1805.7,1362.0,1847.2,1433.4,41.5,71.4,0.8332,0.8332,TP,0.3,1.8089,,,,hayir,,,reports/hafta7_fp_protokolu.md,test,157,tahminler_taban512_hafta7.csv,tahminler_model512.csv,0.3,0.52,1.8089,0.3,0.5,0.1,8,512,110,55,20260913,"Esikler, katsayilar ve ornek buyuklukleri KARARDIR; olcumden turetilmedi. Ayrinti protokol dosyasinda.",3.13.1,8.4.144,0.12.6,2.14.0,2026-09-13 10:08:36,scripts/25_esit_fp_adaylari.py
taban_00301,Taban-512,train_ZRI_2047_JPG.rf.28100fb3bc7c0eb615dea5cc673ffa75.jpg,ZRI,0.6239,2304.3,1084.1,2357.0,1143.8,52.7,59.7,0.9124,0.9124,TP,0.3,1.8089,,,,hayir,,,reports/hafta7_fp_protokolu.md,test,157,tahminler_taban512_hafta7.csv,tahminler_model512.csv,0.3,0.52,1.8089,0.3,0.5,0.1,8,512,110,55,20260913,"Esikler, katsayilar ve ornek buyuklukleri KARARDIR; olcumden turetilmedi. Ayrinti protokol dosyasinda.",3.13.1,8.4.144,0.12.6,2.14.0,2026-09-13 10:08:36,scripts/25_esit_fp_adaylari.py
taban_00302,Taban-512,train_ZRI_2047_JPG.rf.28100fb3bc7c0eb615dea5cc673ffa75.jpg,ZRI,0.5883,1476.1,1695.7,1532.5,1741.8,56.4,46.1,0.6432,0.6432,TP,0.3,1.8089,,,,hayir,,,reports/hafta7_fp_protokolu.md,test,157,tahminler_taban512_hafta7.csv,tahminler_model512.csv,0.3,0.52,1.8089,0.3,0.5,0.1,8,512,110,55,20260913,"Esikler, katsayilar ve ornek buyuklukleri KARARDIR; olcumden turetilmedi. Ayrinti protokol dosyasinda.",3.13.1,8.4.144,0.12.6,2.14.0,2026-09-13 10:08:36,scripts/25_esit_fp_adaylari.py
taban_00303,Taban-512,train_ZRI_2047_JPG.rf.28100fb3bc7c0eb615dea5cc673ffa75.jpg,ZRI,0.5835,1362.2,0.7,1397.8,57.0,35.6,56.3,0.0,,FP,0.3,1.8089,,a0030,a0116,evet,Taban-512/ZRI,0.2402,reports/hafta7_fp_protokolu.md,test,157,tahminler_taban512_hafta7.csv,tahminler_model512.csv,0.3,0.52,1.8089,0.3,0.5,0.1,8,512,110,55,20260913,"Esikler, katsayilar ve ornek buyuklukleri KARARDIR; olcumden turetilmedi. Ayrinti protokol dosyasinda.",3.13.1,8.4.144,0.12.6,2.14.0,2026-09-13 10:08:36,scripts/25_esit_fp_adaylari.py
taban_00304,Taban-512,train_ZRI_2047_JPG.rf.28100fb3bc7c0eb615dea5cc673ffa75.jpg,ZRI,0.5431,2046.2,1332.1,2082.9,1408.6,36.7,76.5,0.0,,FP,0.3,1.8089,,,,hayir,,,reports/hafta7_fp_protokolu.md,test,157,tahminler_taban512_hafta7.csv,tahminler_model512.csv,0.3,0.52,1.8089,0.3,0.5,0.1,8,512,110,55,20260913,"Esikler, katsayilar ve ornek buyuklukleri KARARDIR; olcumden turetilmedi. Ayrinti protokol dosyasinda.",3.13.1,8.4.144,0.12.6,2.14.0,2026-09-13 10:08:36,scripts/25_esit_fp_adaylari.py
taban_00305,Taban-512,train_ZRI_2047_JPG.rf.28100fb3bc7c0eb615dea5cc673ffa75.jpg,ZRI,0.528,3189.8,1394.1,3231.4,1425.7,41.6,31.6,0.0,,FP,0.3,1.8089,,a0340,a0058,evet,Taban-512/ZRI,0.2402,reports/hafta7_fp_protokolu.md,test,157,tahminler_taban512_hafta7.csv,tahminler_model512.csv,0.3,0.52,1.8089,0.3,0.5,0.1,8,512,110,55,20260913,"Esikler, katsayilar ve ornek buyuklukleri KARARDIR; olcumden turetilmedi. Ayrinti protokol dosyasinda.",3.13.1,8.4.144,0.12.6,2.14.0,2026-09-13 10:08:36,scripts/25_esit_fp_adaylari.py
taban_00306,Taban-512,train_ZRI_2047_JPG.rf.28100fb3bc7c0eb615dea5cc673ffa75.jpg,ZRI,0.5155,1476.3,1696.0,1551.1,1840.3,74.8,144.3,0.3052,,FP,0.3,1.8089,,,,hayir,,,reports/hafta7_fp_protokolu.md,test,157,tahminler_taban512_hafta7.csv,tahminler_model512.csv,0.3,0.52,1.8089,0.3,0.5,0.1,8,512,110,55,20260913,"Esikler, katsayilar ve ornek buyuklukleri KARARDIR; olcumden turetilmedi. Ayrinti protokol dosyasinda.",3.13.1,8.4.144,0.12.6,2.14.0,2026-09-13 10:08:36,scripts/25_esit_fp_adaylari.py
taban_00307,Taban-512,train_ZRI_2047_JPG.rf.28100fb3bc7c0eb615dea5cc673ffa75.jpg,ZRI,0.4784,824.6,641.1,887.9,742.9,63.3,101.8,0.4405,0.4405,TP,0.3,1.8089,,,,hayir,,,reports/hafta7_fp_protokolu.md,test,157,tahminler_taban512_hafta7.csv,tahminler_model512.csv,0.3,0.52,1.8089,0.3,0.5,0.1,8,512,110,55,20260913,"Esikler, katsayilar ve ornek buyuklukleri KARARDIR; olcumden turetilmedi. Ayrinti protokol dosyasinda.",3.13.1,8.4.144,0.12.6,2.14.0,2026-09-13 10:08:36,scripts/25_esit_fp_adaylari.py
taban_00308,Taban-512,train_ZRI_2047_JPG.rf.28100fb3bc7c0eb615dea5cc673ffa75.jpg,ZRI,0.4307,3644.2,1181.7,3720.9,1253.4,76.7,71.7,0.8857,0.8857,TP,0.3,1.8089,,,,hayir,,,reports/hafta7_fp_protokolu.md,test,157,tahminler_taban512_hafta7.csv,tahminler_model512.csv,0.3,0.52,1.8089,0.3,0.5,0.1,8,512,110,55,20260913,"Esikler, katsayilar ve ornek buyuklukleri KARARDIR; olcumden turetilmedi. Ayrinti protokol dosyasinda.",3.13.1,8.4.144,0.12.6,2.14.0,2026-09-13 10:08:36,scripts/25_esit_fp_adaylari.py
taban_00309,Taban-512,train_ZRI_2047_JPG.rf.28100fb3bc7c0eb615dea5cc673ffa75.jpg,ZRI,0.4174,822.0,684.1,863.6,734.9,41.6,50.8,0.343,,FP,0.3,1.8089,,,,hayir,,,reports/hafta7_fp_protokolu.md,test,157,tahminler_taban512_hafta7.csv,tahminler_model512.csv,0.3,0.52,1.8089,0.3,0.5,0.1,8,512,110,55,20260913,"Esikler, katsayilar ve ornek buyuklukleri KARARDIR; olcumden turetilmedi. Ayrinti protokol dosyasinda.",3.13.1,8.4.144,0.12.6,2.14.0,2026-09-13 10:08:36,scripts/25_esit_fp_adaylari.py
taban_00310,Taban-512,train_ZRI_2047_JPG.rf.28100fb3bc7c0eb615dea5cc673ffa75.jpg,ZRI,0.4128,678.4,147.7,712.2,211.1,33.8,63.4,0.586,0.586,TP,0.3,1.8089,,,,hayir,,,reports/hafta7_fp_protokolu.md,test,157,tahminler_taban512_hafta7.csv,tahminler_model512.csv,0.3,0.52,1.8089,0.3,0.5,0.1,8,512,110,55,20260913,"Esikler, katsayilar ve ornek buyuklukleri KARARDIR; olcumden turetilmedi. Ayrinti protokol dosyasinda.",3.13.1,8.4.144,0.12.6,2.14.0,2026-09-13 10:08:36,scripts/25_esit_fp_adaylari.py
taban_00311,Taban-512,train_ZRI_2047_JPG.rf.28100fb3bc7c0eb615dea5cc673ffa75.jpg,ZRI,0.3715,1889.5,1371.7,1928.7,1449.3,39.2,77.6,0.8848,0.8848,TP,0.3,1.8089,,,,hayir,,,reports/hafta7_fp_protokolu.md,test,157,tahminler_taban512_hafta7.csv,tahminler_model512.csv,0.3,0.52,1.8089,0.3,0.5,0.1,8,512,110,55,20260913,"Esikler, katsayilar ve ornek buyuklukleri KARARDIR; olcumden turetilmedi. Ayrinti protokol dosyasinda.",3.13.1,8.4.144,0.12.6,2.14.0,2026-09-13 10:08:36,scripts/25_esit_fp_adaylari.py
taban_00312,Taban-512,train_ZRI_2047_JPG.rf.28100fb3bc7c0eb615dea5cc673ffa75.jpg,ZRI,0.3329,2355.8,1102.7,2394.3,1155.4,38.5,52.7,0.5511,0.5511,TP,0.3,1.8089,,,,hayir,,,reports/hafta7_fp_protokolu.md,test,157,tahminler_taban512_hafta7.csv,tahminler_model512.csv,0.3,0.52,1.8089,0.3,0.5,0.1,8,512,110,55,20260913,"Esikler, katsayilar ve ornek buyuklukleri KARARDIR; olcumden turetilmedi. Ayrinti protokol dosyasinda.",3.13.1,8.4.144,0.12.6,2.14.0,2026-09-13 10:08:36,scripts/25_esit_fp_adaylari.py
taban_00313,Taban-512,train_ZRI_2047_JPG.rf.28100fb3bc7c0eb615dea5cc673ffa75.jpg,ZRI,0.3259,2281.0,1812.3,2349.3,1893.0,68.3,80.7,0.0997,,FP,0.3,1.8089,,,,hayir,,,reports/hafta7_fp_protokolu.md,test,157,tahminler_taban512_hafta7.csv,tahminler_model512.csv,0.3,0.52,1.8089,0.3,0.5,0.1,8,512,110,55,20260913,"Esikler, katsayilar ve ornek buyuklukleri KARARDIR; olcumden turetilmedi. Ayrinti protokol dosyasinda.",3.13.1,8.4.144,0.12.6,2.14.0,2026-09-13 10:08:36,scripts/25_esit_fp_adaylari.py
taban_00314,Taban-512,train_ZRI_2047_JPG.rf.28100fb3bc7c0eb615dea5cc673ffa75.jpg,ZRI,0.3235,1368.9,1230.1,1446.0,1269.8,77.1,39.7,0.0,,FP,0.3,1.8089,,a0167,a0261,evet,Taban-512/ZRI,0.2402,reports/hafta7_fp_protokolu.md,test,157,tahminler_taban512_hafta7.csv,tahminler_model512.csv,0.3,0.52,1.8089,0.3,0.5,0.1,8,512,110,55,20260913,"Esikler, katsayilar ve ornek buyuklukleri KARARDIR; olcumden turetilmedi. Ayrinti protokol dosyasinda.",3.13.1,8.4.144,0.12.6,2.14.0,2026-09-13 10:08:36,scripts/25_esit_fp_adaylari.py
taban_00315,Taban-512,train_ZRI_2047_JPG.rf.28100fb3bc7c0eb615dea5cc673ffa75.jpg,ZRI,0.3129,2387.5,2481.6,2476.2,2562.0,88.7,80.4,0.0,,FP,0.3,1.8089,,,,hayir,,,reports/hafta7_fp_protokolu.md,test,157,tahminler_taban512_hafta7.csv,tahminler_model512.csv,0.3,0.52,1.8089,0.3,0.5,0.1,8,512,110,55,20260913,"Esikler, katsayilar ve ornek buyuklukleri KARARDIR; olcumden turetilmedi. Ayrinti protokol dosyasinda.",3.13.1,8.4.144,0.12.6,2.14.0,2026-09-13 10:08:36,scripts/25_esit_fp_adaylari.py
taban_00316,Taban-512,train_ZRI_2048_JPG.rf.0fae12d6c534313cce3f628106f8d597.jpg,ZRI,0.8369,559.8,1230.2,630.9,1297.2,71.1,67.0,0.6439,0.6439,TP,0.3,1.8089,,,,hayir,,,reports/hafta7_fp_protokolu.md,test,157,tahminler_taban512_hafta7.csv,tahminler_model512.csv,0.3,0.52,1.8089,0.3,0.5,0.1,8,512,110,55,20260913,"Esikler, katsayilar ve ornek buyuklukleri KARARDIR; olcumden turetilmedi. Ayrinti protokol dosyasinda.",3.13.1,8.4.144,0.12.6,2.14.0,2026-09-13 10:08:36,scripts/25_esit_fp_adaylari.py
taban_00317,Taban-512,train_ZRI_2048_JPG.rf.0fae12d6c534313cce3f628106f8d597.jpg,ZRI,0.791,1185.7,439.8,1237.6,497.2,51.9,57.4,0.9266,0.9266,TP,0.3,1.8089,,,,hayir,,,reports/hafta7_fp_protokolu.md,test,157,tahminler_taban512_hafta7.csv,tahminler_model512.csv,0.3,0.52,1.8089,0.3,0.5,0.1,8,512,110,55,20260913,"Esikler, katsayilar ve ornek buyuklukleri KARARDIR; olcumden turetilmedi. Ayrinti protokol dosyasinda.",3.13.1,8.4.144,0.12.6,2.14.0,2026-09-13 10:08:36,scripts/25_esit_fp_adaylari.py
taban_00318,Taban-512,train_ZRI_2048_JPG.rf.0fae12d6c534313cce3f628106f8d597.jpg,ZRI,0.7326,592.9,686.0,666.7,764.6,73.8,78.6,0.8843,0.8843,TP,0.3,1.8089,,,,hayir,,,reports/hafta7_fp_protokolu.md,test,157,tahminler_taban512_hafta7.csv,tahminler_model512.csv,0.3,0.52,1.8089,0.3,0.5,0.1,8,512,110,55,20260913,"Esikler, katsayilar ve ornek buyuklukleri KARARDIR; olcumden turetilmedi. Ayrinti protokol dosyasinda.",3.13.1,8.4.144,0.12.6,2.14.0,2026-09-13 10:08:36,scripts/25_esit_fp_adaylari.py
taban_00319,Taban-512,train_ZRI_2048_JPG.rf.0fae12d6c534313cce3f628106f8d597.jpg,ZRI,0.7241,1337.1,415.5,1377.0,469.9,39.9,54.4,0.7481,0.7481,TP,0.3,1.8089,,,,hayir,,,reports/hafta7_fp_protokolu.md,test,157,tahminler_taban512_hafta7.csv,tahminler_model512.csv,0.3,0.52,1.8089,0.3,0.5,0.1,8,512,110,55,20260913,"Esikler, katsayilar ve ornek buyuklukleri KARARDIR; olcumden turetilmedi. Ayrinti protokol dosyasinda.",3.13.1,8.4.144,0.12.6,2.14.0,2026-09-13 10:08:36,scripts/25_esit_fp_adaylari.py
taban_00320,Taban-512,train_ZRI_2048_JPG.rf.0fae12d6c534313cce3f628106f8d597.jpg,ZRI,0.6443,93.5,2464.8,155.3,2514.9,61.8,50.1,0.0,,FP,0.3,1.8089,,a0102,a0329,evet,Taban-512/ZRI,0.2402,reports/hafta7_fp_protokolu.md,test,157,tahminler_taban512_hafta7.csv,tahminler_model512.csv,0.3,0.52,1.8089,0.3,0.5,0.1,8,512,110,55,20260913,"Esikler, katsayilar ve ornek buyuklukleri KARARDIR; olcumden turetilmedi. Ayrinti protokol dosyasinda.",3.13.1,8.4.144,0.12.6,2.14.0,2026-09-13 10:08:36,scripts/25_esit_fp_adaylari.py
taban_00321,Taban-512,train_ZRI_2048_JPG.rf.0fae12d6c534313cce3f628106f8d597.jpg,ZRI,0.5923,427.5,1228.6,511.5,1314.4,84.0,85.8,0.9414,0.9414,TP,0.3,1.8089,,,,hayir,,,reports/hafta7_fp_protokolu.md,test,157,tahminler_taban512_hafta7.csv,tahminler_model512.csv,0.3,0.52,1.8089,0.3,0.5,0.1,8,512,110,55,20260913,"Esikler, katsayilar ve ornek buyuklukleri KARARDIR; olcumden turetilmedi. Ayrinti protokol dosyasinda.",3.13.1,8.4.144,0.12.6,2.14.0,2026-09-13 10:08:36,scripts/25_esit_fp_adaylari.py
taban_00322,Taban-512,train_ZRI_2048_JPG.rf.0fae12d6c534313cce3f628106f8d597.jpg,ZRI,0.5846,78.2,1285.4,132.7,1331.8,54.5,46.4,0.4811,0.4811,TP,0.3,1.8089,,,,hayir,,,reports/hafta7_fp_protokolu.md,test,157,tahminler_taban512_hafta7.csv,tahminler_model512.csv,0.3,0.52,1.8089,0.3,0.5,0.1,8,512,110,55,20260913,"Esikler, katsayilar ve ornek buyuklukleri KARARDIR; olcumden turetilmedi. Ayrinti protokol dosyasinda.",3.13.1,8.4.144,0.12.6,2.14.0,2026-09-13 10:08:36,scripts/25_esit_fp_adaylari.py
taban_00323,Taban-512,train_ZRI_2048_JPG.rf.0fae12d6c534313cce3f628106f8d597.jpg,ZRI,0.5733,542.8,658.4,575.8,688.4,33.0,30.0,0.1056,,FP,0.3,1.8089,,,,hayir,,,reports/hafta7_fp_protokolu.md,test,157,tahminler_taban512_hafta7.csv,tahminler_model512.csv,0.3,0.52,1.8089,0.3,0.5,0.1,8,512,110,55,20260913,"Esikler, katsayilar ve ornek buyuklukleri KARARDIR; olcumden turetilmedi. Ayrinti protokol dosyasinda.",3.13.1,8.4.144,0.12.6,2.14.0,2026-09-13 10:08:36,scripts/25_esit_fp_adaylari.py
taban_00324,Taban-512,train_ZRI_2048_JPG.rf.0fae12d6c534313cce3f628106f8d597.jpg,ZRI,0.5688,3295.8,2538.4,3367.2,2579.6,71.4,41.2,0.0,,FP,0.3,1.8089,,,,hayir,,,reports/hafta7_fp_protokolu.md,test,157,tahminler_taban512_hafta7.csv,tahminler_model512.csv,0.3,0.52,1.8089,0.3,0.5,0.1,8,512,110,55,20260913,"Esikler, katsayilar ve ornek buyuklukleri KARARDIR; olcumden turetilmedi. Ayrinti protokol dosyasinda.",3.13.1,8.4.144,0.12.6,2.14.0,2026-09-13 10:08:36,scripts/25_esit_fp_adaylari.py
taban_00325,Taban-512,train_ZRI_2048_JPG.rf.0fae12d6c534313cce3f628106f8d597.jpg,ZRI,0.5409,78.0,1286.0,151.5,1356.3,73.5,70.3,0.8409,,FP,0.3,1.8089,,,,hayir,,,reports/hafta7_fp_protokolu.md,test,157,tahminler_taban512_hafta7.csv,tahminler_model512.csv,0.3,0.52,1.8089,0.3,0.5,0.1,8,512,110,55,20260913,"Esikler, katsayilar ve ornek buyuklukleri KARARDIR; olcumden turetilmedi. Ayrinti protokol dosyasinda.",3.13.1,8.4.144,0.12.6,2.14.0,2026-09-13 10:08:36,scripts/25_esit_fp_adaylari.py
taban_00326,Taban-512,train_ZRI_2048_JPG.rf.0fae12d6c534313cce3f628106f8d597.jpg,ZRI,0.5079,2741.7,2050.3,2811.5,2106.5,69.8,56.2,0.4619,0.4619,TP,0.3,1.8089,,,,hayir,,,reports/hafta7_fp_protokolu.md,test,157,tahminler_taban512_hafta7.csv,tahminler_model512.csv,0.3,0.52,1.8089,0.3,0.5,0.1,8,512,110,55,20260913,"Esikler, katsayilar ve ornek buyuklukleri KARARDIR; olcumden turetilmedi. Ayrinti protokol dosyasinda.",3.13.1,8.4.144,0.12.6,2.14.0,2026-09-13 10:08:36,scripts/25_esit_fp_adaylari.py
taban_00327,Taban-512,train_ZRI_2048_JPG.rf.0fae12d6c534313cce3f628106f8d597.jpg,ZRI,0.4933,1380.8,419.6,1401.0,449.4,20.2,29.8,0.0,,FP,0.3,1.8089,,,,hayir,,,reports/hafta7_fp_protokolu.md,test,157,tahminler_taban512_hafta7.csv,tahminler_model512.csv,0.3,0.52,1.8089,0.3,0.5,0.1,8,512,110,55,20260913,"Esikler, katsayilar ve ornek buyuklukleri KARARDIR; olcumden turetilmedi. Ayrinti protokol dosyasinda.",3.13.1,8.4.144,0.12.6,2.14.0,2026-09-13 10:08:36,scripts/25_esit_fp_adaylari.py
taban_00328,Taban-512,train_ZRI_2048_JPG.rf.0fae12d6c534313cce3f628106f8d597.jpg,ZRI,0.4879,1069.9,410.1,1124.4,462.3,54.5,52.2,0.0,,FP,0.3,1.8089,,,,hayir,,,reports/hafta7_fp_protokolu.md,test,157,tahminler_taban512_hafta7.csv,tahminler_model512.csv,0.3,0.52,1.8089,0.3,0.5,0.1,8,512,110,55,20260913,"Esikler, katsayilar ve ornek buyuklukleri KARARDIR; olcumden turetilmedi. Ayrinti protokol dosyasinda.",3.13.1,8.4.144,0.12.6,2.14.0,2026-09-13 10:08:36,scripts/25_esit_fp_adaylari.py
taban_00329,Taban-512,train_ZRI_2048_JPG.rf.0fae12d6c534313cce3f628106f8d597.jpg,ZRI,0.4497,1845.4,2248.6,1908.1,2329.6,62.7,81.0,0.7597,0.7597,TP,0.3,1.8089,,,,hayir,,,reports/hafta7_fp_protokolu.md,test,157,tahminler_taban512_hafta7.csv,tahminler_model512.csv,0.3,0.52,1.8089,0.3,0.5,0.1,8,512,110,55,20260913,"Esikler, katsayilar ve ornek buyuklukleri KARARDIR; olcumden turetilmedi. Ayrinti protokol dosyasinda.",3.13.1,8.4.144,0.12.6,2.14.0,2026-09-13 10:08:36,scripts/25_esit_fp_adaylari.py
taban_00330,Taban-512,train_ZRI_2048_JPG.rf.0fae12d6c534313cce3f628106f8d597.jpg,ZRI,0.4073,2366.9,2855.0,2561.4,2999.6,194.5,144.6,0.0,,FP,0.3,1.8089,,,,hayir,,,reports/hafta7_fp_protokolu.md,test,157,tahminler_taban512_hafta7.csv,tahminler_model512.csv,0.3,0.52,1.8089,0.3,0.5,0.1,8,512,110,55,20260913,"Esikler, katsayilar ve ornek buyuklukleri KARARDIR; olcumden turetilmedi. Ayrinti protokol dosyasinda.",3.13.1,8.4.144,0.12.6,2.14.0,2026-09-13 10:08:36,scripts/25_esit_fp_adaylari.py
taban_00331,Taban-512,train_ZRI_2048_JPG.rf.0fae12d6c534313cce3f628106f8d597.jpg,ZRI,0.3823,710.4,1249.6,784.7,1372.7,74.3,123.1,0.2879,,FP,0.3,1.8089,,a0226,a0197,evet,Taban-512/ZRI,0.2402,reports/hafta7_fp_protokolu.md,test,157,tahminler_taban512_hafta7.csv,tahminler_model512.csv,0.3,0.52,1.8089,0.3,0.5,0.1,8,512,110,55,20260913,"Esikler, katsayilar ve ornek buyuklukleri KARARDIR; olcumden turetilmedi. Ayrinti protokol dosyasinda.",3.13.1,8.4.144,0.12.6,2.14.0,2026-09-13 10:08:36,scripts/25_esit_fp_adaylari.py
taban_00332,Taban-512,train_ZRI_2048_JPG.rf.0fae12d6c534313cce3f628106f8d597.jpg,ZRI,0.3801,1230.0,471.1,1237.8,498.8,7.8,27.7,0.0706,,FP,0.3,1.8089,,a0356,a0262,evet,Taban-512/ZRI,0.2402,reports/hafta7_fp_protokolu.md,test,157,tahminler_taban512_hafta7.csv,tahminler_model512.csv,0.3,0.52,1.8089,0.3,0.5,0.1,8,512,110,55,20260913,"Esikler, katsayilar ve ornek buyuklukleri KARARDIR; olcumden turetilmedi. Ayrinti protokol dosyasinda.",3.13.1,8.4.144,0.12.6,2.14.0,2026-09-13 10:08:36,scripts/25_esit_fp_adaylari.py
taban_00333,Taban-512,train_ZRI_2048_JPG.rf.0fae12d6c534313cce3f628106f8d597.jpg,ZRI,0.3413,868.2,2488.6,1044.2,2692.4,176.0,203.8,0.0,,FP,0.3,1.8089,,,,hayir,,,reports/hafta7_fp_protokolu.md,test,157,tahminler_taban512_hafta7.csv,tahminler_model512.csv,0.3,0.52,1.8089,0.3,0.5,0.1,8,512,110,55,20260913,"Esikler, katsayilar ve ornek buyuklukleri KARARDIR; olcumden turetilmedi. Ayrinti protokol dosyasinda.",3.13.1,8.4.144,0.12.6,2.14.0,2026-09-13 10:08:36,scripts/25_esit_fp_adaylari.py
taban_00334,Taban-512,train_ZRI_2048_JPG.rf.0fae12d6c534313cce3f628106f8d597.jpg,ZRI,0.3353,2732.8,2029.0,2813.0,2151.8,80.2,122.8,0.4028,,FP,0.3,1.8089,,,,hayir,,,reports/hafta7_fp_protokolu.md,test,157,tahminler_taban512_hafta7.csv,tahminler_model512.csv,0.3,0.52,1.8089,0.3,0.5,0.1,8,512,110,55,20260913,"Esikler, katsayilar ve ornek buyuklukleri KARARDIR; olcumden turetilmedi. Ayrinti protokol dosyasinda.",3.13.1,8.4.144,0.12.6,2.14.0,2026-09-13 10:08:36,scripts/25_esit_fp_adaylari.py
taban_00335,Taban-512,train_ZRI_2048_JPG.rf.0fae12d6c534313cce3f628106f8d597.jpg,ZRI,0.3154,2414.3,2856.0,2495.0,2971.7,80.7,115.7,0.0,,FP,0.3,1.8089,,,,hayir,,,reports/hafta7_fp_protokolu.md,test,157,tahminler_taban512_hafta7.csv,tahminler_model512.csv,0.3,0.52,1.8089,0.3,0.5,0.1,8,512,110,55,20260913,"Esikler, katsayilar ve ornek buyuklukleri KARARDIR; olcumden turetilmedi. Ayrinti protokol dosyasinda.",3.13.1,8.4.144,0.12.6,2.14.0,2026-09-13 10:08:36,scripts/25_esit_fp_adaylari.py
taban_00336,Taban-512,train_ZRI_2048_JPG.rf.0fae12d6c534313cce3f628106f8d597.jpg,ZRI,0.305,554.3,602.6,593.0,661.7,38.7,59.1,0.4042,0.4042,TP,0.3,1.8089,,,,hayir,,,reports/hafta7_fp_protokolu.md,test,157,tahminler_taban512_hafta7.csv,tahminler_model512.csv,0.3,0.52,1.8089,0.3,0.5,0.1,8,512,110,55,20260913,"Esikler, katsayilar ve ornek buyuklukleri KARARDIR; olcumden turetilmedi. Ayrinti protokol dosyasinda.",3.13.1,8.4.144,0.12.6,2.14.0,2026-09-13 10:08:36,scripts/25_esit_fp_adaylari.py
taban_00337,Taban-512,train_ZRI_2049_JPG.rf.35c07c1208f36c275450d0a1f718410a.jpg,ZRI,0.8397,1792.0,2781.1,1853.0,2855.7,61.0,74.6,0.0,,FP,0.3,1.8089,,,,hayir,,,reports/hafta7_fp_protokolu.md,test,157,tahminler_taban512_hafta7.csv,tahminler_model512.csv,0.3,0.52,1.8089,0.3,0.5,0.1,8,512,110,55,20260913,"Esikler, katsayilar ve ornek buyuklukleri KARARDIR; olcumden turetilmedi. Ayrinti protokol dosyasinda.",3.13.1,8.4.144,0.12.6,2.14.0,2026-09-13 10:08:36,scripts/25_esit_fp_adaylari.py
taban_00338,Taban-512,train_ZRI_2049_JPG.rf.35c07c1208f36c275450d0a1f718410a.jpg,ZRI,0.6609,1270.7,166.2,1315.2,271.2,44.5,105.0,0.8936,0.8936,TP,0.3,1.8089,,,,hayir,,,reports/hafta7_fp_protokolu.md,test,157,tahminler_taban512_hafta7.csv,tahminler_model512.csv,0.3,0.52,1.8089,0.3,0.5,0.1,8,512,110,55,20260913,"Esikler, katsayilar ve ornek buyuklukleri KARARDIR; olcumden turetilmedi. Ayrinti protokol dosyasinda.",3.13.1,8.4.144,0.12.6,2.14.0,2026-09-13 10:08:36,scripts/25_esit_fp_adaylari.py
taban_00339,Taban-512,train_ZRI_2049_JPG.rf.35c07c1208f36c275450d0a1f718410a.jpg,ZRI,0.6507,1310.6,164.2,1360.4,271.1,49.8,106.9,0.8822,0.8822,TP,0.3,1.8089,,,,hayir,,,reports/hafta7_fp_protokolu.md,test,157,tahminler_taban512_hafta7.csv,tahminler_model512.csv,0.3,0.52,1.8089,0.3,0.5,0.1,8,512,110,55,20260913,"Esikler, katsayilar ve ornek buyuklukleri KARARDIR; olcumden turetilmedi. Ayrinti protokol dosyasinda.",3.13.1,8.4.144,0.12.6,2.14.0,2026-09-13 10:08:36,scripts/25_esit_fp_adaylari.py
taban_00340,Taban-512,train_ZRI_2049_JPG.rf.35c07c1208f36c275450d0a1f718410a.jpg,ZRI,0.6087,1945.8,348.9,1990.5,437.8,44.7,88.9,0.9517,0.9517,TP,0.3,1.8089,,,,hayir,,,reports/hafta7_fp_protokolu.md,test,157,tahminler_taban512_hafta7.csv,tahminler_model512.csv,0.3,0.52,1.8089,0.3,0.5,0.1,8,512,110,55,20260913,"Esikler, katsayilar ve ornek buyuklukleri KARARDIR; olcumden turetilmedi. Ayrinti protokol dosyasinda.",3.13.1,8.4.144,0.12.6,2.14.0,2026-09-13 10:08:36,scripts/25_esit_fp_adaylari.py
taban_00341,Taban-512,train_ZRI_2049_JPG.rf.35c07c1208f36c275450d0a1f718410a.jpg,ZRI,0.5968,1975.8,332.8,2005.2,431.2,29.4,98.4,0.6924,0.6924,TP,0.3,1.8089,,,,hayir,,,reports/hafta7_fp_protokolu.md,test,157,tahminler_taban512_hafta7.csv,tahminler_model512.csv,0.3,0.52,1.8089,0.3,0.5,0.1,8,512,110,55,20260913,"Esikler, katsayilar ve ornek buyuklukleri KARARDIR; olcumden turetilmedi. Ayrinti protokol dosyasinda.",3.13.1,8.4.144,0.12.6,2.14.0,2026-09-13 10:08:36,scripts/25_esit_fp_adaylari.py
taban_00342,Taban-512,train_ZRI_2049_JPG.rf.35c07c1208f36c275450d0a1f718410a.jpg,ZRI,0.5737,649.7,2933.8,687.8,3000.0,38.1,66.2,0.0,,FP,0.3,1.8089,,,,hayir,,,reports/hafta7_fp_protokolu.md,test,157,tahminler_taban512_hafta7.csv,tahminler_model512.csv,0.3,0.52,1.8089,0.3,0.5,0.1,8,512,110,55,20260913,"Esikler, katsayilar ve ornek buyuklukleri KARARDIR; olcumden turetilmedi. Ayrinti protokol dosyasinda.",3.13.1,8.4.144,0.12.6,2.14.0,2026-09-13 10:08:36,scripts/25_esit_fp_adaylari.py
taban_00343,Taban-512,train_ZRI_2049_JPG.rf.35c07c1208f36c275450d0a1f718410a.jpg,ZRI,0.4955,1944.2,410.1,1997.3,439.0,53.1,28.9,0.2819,,FP,0.3,1.8089,,a0149,a0222,evet,Taban-512/ZRI,0.2402,reports/hafta7_fp_protokolu.md,test,157,tahminler_taban512_hafta7.csv,tahminler_model512.csv,0.3,0.52,1.8089,0.3,0.5,0.1,8,512,110,55,20260913,"Esikler, katsayilar ve ornek buyuklukleri KARARDIR; olcumden turetilmedi. Ayrinti protokol dosyasinda.",3.13.1,8.4.144,0.12.6,2.14.0,2026-09-13 10:08:36,scripts/25_esit_fp_adaylari.py
taban_00344,Taban-512,train_ZRI_2049_JPG.rf.35c07c1208f36c275450d0a1f718410a.jpg,ZRI,0.4235,1314.9,1490.3,1331.8,1529.9,16.9,39.6,0.243,,FP,0.3,1.8089,,,,hayir,,,reports/hafta7_fp_protokolu.md,test,157,tahminler_taban512_hafta7.csv,tahminler_model512.csv,0.3,0.52,1.8089,0.3,0.5,0.1,8,512,110,55,20260913,"Esikler, katsayilar ve ornek buyuklukleri KARARDIR; olcumden turetilmedi. Ayrinti protokol dosyasinda.",3.13.1,8.4.144,0.12.6,2.14.0,2026-09-13 10:08:36,scripts/25_esit_fp_adaylari.py
taban_00345,Taban-512,train_ZRI_2049_JPG.rf.35c07c1208f36c275450d0a1f718410a.jpg,ZRI,0.3713,602.1,2980.1,637.8,2999.8,35.7,19.7,0.0,,FP,0.3,1.8089,,a0299,a0052,evet,Taban-512/ZRI,0.2402,reports/hafta7_fp_protokolu.md,test,157,tahminler_taban512_hafta7.csv,tahminler_model512.csv,0.3,0.52,1.8089,0.3,0.5,0.1,8,512,110,55,20260913,"Esikler, katsayilar ve ornek buyuklukleri KARARDIR; olcumden turetilmedi. Ayrinti protokol dosyasinda.",3.13.1,8.4.144,0.12.6,2.14.0,2026-09-13 10:08:36,scripts/25_esit_fp_adaylari.py
taban_00346,Taban-512,train_ZRI_2049_JPG.rf.35c07c1208f36c275450d0a1f718410a.jpg,ZRI,0.3396,383.0,977.1,413.3,1028.5,30.3,51.4,0.0,,FP,0.3,1.8089,,a0072,a0330,evet,Taban-512/ZRI,0.2402,reports/hafta7_fp_protokolu.md,test,157,tahminler_taban512_hafta7.csv,tahminler_model512.csv,0.3,0.52,1.8089,0.3,0.5,0.1,8,512,110,55,20260913,"Esikler, katsayilar ve ornek buyuklukleri KARARDIR; olcumden turetilmedi. Ayrinti protokol dosyasinda.",3.13.1,8.4.144,0.12.6,2.14.0,2026-09-13 10:08:36,scripts/25_esit_fp_adaylari.py
taban_00347,Taban-512,train_ZRI_2050_JPG.rf.6921c2273a748f4edbc0852aa24bddca.jpg,ZRI,0.7847,1309.7,831.4,1357.1,916.2,47.4,84.8,0.7423,0.7423,TP,0.3,1.8089,,,,hayir,,,reports/hafta7_fp_protokolu.md,test,157,tahminler_taban512_hafta7.csv,tahminler_model512.csv,0.3,0.52,1.8089,0.3,0.5,0.1,8,512,110,55,20260913,"Esikler, katsayilar ve ornek buyuklukleri KARARDIR; olcumden turetilmedi. Ayrinti protokol dosyasinda.",3.13.1,8.4.144,0.12.6,2.14.0,2026-09-13 10:08:36,scripts/25_esit_fp_adaylari.py
taban_00348,Taban-512,train_ZRI_2050_JPG.rf.6921c2273a748f4edbc0852aa24bddca.jpg,ZRI,0.7617,1253.1,804.5,1297.9,906.4,44.8,101.9,0.8983,0.8983,TP,0.3,1.8089,,,,hayir,,,reports/hafta7_fp_protokolu.md,test,157,tahminler_taban512_hafta7.csv,tahminler_model512.csv,0.3,0.52,1.8089,0.3,0.5,0.1,8,512,110,55,20260913,"Esikler, katsayilar ve ornek buyuklukleri KARARDIR; olcumden turetilmedi. Ayrinti protokol dosyasinda.",3.13.1,8.4.144,0.12.6,2.14.0,2026-09-13 10:08:36,scripts/25_esit_fp_adaylari.py
taban_00349,Taban-512,train_ZRI_2050_JPG.rf.6921c2273a748f4edbc0852aa24bddca.jpg,ZRI,0.6238,2499.2,1401.2,2534.8,1487.1,35.6,85.9,0.1696,,FP,0.3,1.8089,,a0245,a0210,evet,Taban-512/ZRI,0.2402,reports/hafta7_fp_protokolu.md,test,157,tahminler_taban512_hafta7.csv,tahminler_model512.csv,0.3,0.52,1.8089,0.3,0.5,0.1,8,512,110,55,20260913,"Esikler, katsayilar ve ornek buyuklukleri KARARDIR; olcumden turetilmedi. Ayrinti protokol dosyasinda.",3.13.1,8.4.144,0.12.6,2.14.0,2026-09-13 10:08:36,scripts/25_esit_fp_adaylari.py
taban_00350,Taban-512,train_ZRI_2050_JPG.rf.6921c2273a748f4edbc0852aa24bddca.jpg,ZRI,0.5863,1309.9,831.5,1331.9,897.0,22.0,65.5,0.2661,,FP,0.3,1.8089,,,,hayir,,,reports/hafta7_fp_protokolu.md,test,157,tahminler_taban512_hafta7.csv,tahminler_model512.csv,0.3,0.52,1.8089,0.3,0.5,0.1,8,512,110,55,20260913,"Esikler, katsayilar ve ornek buyuklukleri KARARDIR; olcumden turetilmedi. Ayrinti protokol dosyasinda.",3.13.1,8.4.144,0.12.6,2.14.0,2026-09-13 10:08:36,scripts/25_esit_fp_adaylari.py
taban_00351,Taban-512,train_ZRI_2050_JPG.rf.6921c2273a748f4edbc0852aa24bddca.jpg,ZRI,0.5382,2468.6,1425.7,2508.0,1496.0,39.4,70.3,0.7636,0.7636,TP,0.3,1.8089,,,,hayir,,,reports/hafta7_fp_protokolu.md,test,157,tahminler_taban512_hafta7.csv,tahminler_model512.csv,0.3,0.52,1.8089,0.3,0.5,0.1,8,512,110,55,20260913,"Esikler, katsayilar ve ornek buyuklukleri KARARDIR; olcumden turetilmedi. Ayrinti protokol dosyasinda.",3.13.1,8.4.144,0.12.6,2.14.0,2026-09-13 10:08:36,scripts/25_esit_fp_adaylari.py
taban_00352,Taban-512,train_ZRI_2050_JPG.rf.6921c2273a748f4edbc0852aa24bddca.jpg,ZRI,0.3714,128.8,1252.5,211.9,1307.3,83.1,54.8,0.0,,FP,0.3,1.8089,,,,hayir,,,reports/hafta7_fp_protokolu.md,test,157,tahminler_taban512_hafta7.csv,tahminler_model512.csv,0.3,0.52,1.8089,0.3,0.5,0.1,8,512,110,55,20260913,"Esikler, katsayilar ve ornek buyuklukleri KARARDIR; olcumden turetilmedi. Ayrinti protokol dosyasinda.",3.13.1,8.4.144,0.12.6,2.14.0,2026-09-13 10:08:36,scripts/25_esit_fp_adaylari.py
taban_00353,Taban-512,train_ZRI_2050_JPG.rf.6921c2273a748f4edbc0852aa24bddca.jpg,ZRI,0.3384,878.7,2501.3,1058.5,2668.5,179.8,167.2,0.0,,FP,0.3,1.8089,,,,hayir,,,reports/hafta7_fp_protokolu.md,test,157,tahminler_taban512_hafta7.csv,tahminler_model512.csv,0.3,0.52,1.8089,0.3,0.5,0.1,8,512,110,55,20260913,"Esikler, katsayilar ve ornek buyuklukleri KARARDIR; olcumden turetilmedi. Ayrinti protokol dosyasinda.",3.13.1,8.4.144,0.12.6,2.14.0,2026-09-13 10:08:36,scripts/25_esit_fp_adaylari.py
taban_00354,Taban-512,train_ZRI_2051_JPG.rf.c6b80d7c803e9e8d6c0e97620237f374.jpg,ZRI,0.7125,2104.8,1046.7,2141.8,1126.9,37.0,80.2,0.9636,0.9636,TP,0.3,1.8089,,,,hayir,,,reports/hafta7_fp_protokolu.md,test,157,tahminler_taban512_hafta7.csv,tahminler_model512.csv,0.3,0.52,1.8089,0.3,0.5,0.1,8,512,110,55,20260913,"Esikler, katsayilar ve ornek buyuklukleri KARARDIR; olcumden turetilmedi. Ayrinti protokol dosyasinda.",3.13.1,8.4.144,0.12.6,2.14.0,2026-09-13 10:08:36,scripts/25_esit_fp_adaylari.py
taban_00355,Taban-512,train_ZRI_2051_JPG.rf.c6b80d7c803e9e8d6c0e97620237f374.jpg,ZRI,0.7092,3862.5,2368.2,3953.7,2443.1,91.2,74.9,0.8581,0.8581,TP,0.3,1.8089,,,,hayir,,,reports/hafta7_fp_protokolu.md,test,157,tahminler_taban512_hafta7.csv,tahminler_model512.csv,0.3,0.52,1.8089,0.3,0.5,0.1,8,512,110,55,20260913,"Esikler, katsayilar ve ornek buyuklukleri KARARDIR; olcumden turetilmedi. Ayrinti protokol dosyasinda.",3.13.1,8.4.144,0.12.6,2.14.0,2026-09-13 10:08:36,scripts/25_esit_fp_adaylari.py
taban_00356,Taban-512,train_ZRI_2051_JPG.rf.c6b80d7c803e9e8d6c0e97620237f374.jpg,ZRI,0.5896,1830.2,1494.8,1854.0,1539.4,23.8,44.6,0.0,,FP,0.3,1.8089,,a0387,a0043,evet,Taban-512/ZRI,0.2402,reports/hafta7_fp_protokolu.md,test,157,tahminler_taban512_hafta7.csv,tahminler_model512.csv,0.3,0.52,1.8089,0.3,0.5,0.1,8,512,110,55,20260913,"Esikler, katsayilar ve ornek buyuklukleri KARARDIR; olcumden turetilmedi. Ayrinti protokol dosyasinda.",3.13.1,8.4.144,0.12.6,2.14.0,2026-09-13 10:08:36,scripts/25_esit_fp_adaylari.py
taban_00357,Taban-512,train_ZRI_2051_JPG.rf.c6b80d7c803e9e8d6c0e97620237f374.jpg,ZRI,0.5649,2050.0,1059.8,2082.4,1164.3,32.4,104.5,0.3814,0.3814,TP,0.3,1.8089,,,,hayir,,,reports/hafta7_fp_protokolu.md,test,157,tahminler_taban512_hafta7.csv,tahminler_model512.csv,0.3,0.52,1.8089,0.3,0.5,0.1,8,512,110,55,20260913,"Esikler, katsayilar ve ornek buyuklukleri KARARDIR; olcumden turetilmedi. Ayrinti protokol dosyasinda.",3.13.1,8.4.144,0.12.6,2.14.0,2026-09-13 10:08:36,scripts/25_esit_fp_adaylari.py
taban_00358,Taban-512,train_ZRI_2051_JPG.rf.c6b80d7c803e9e8d6c0e97620237f374.jpg,ZRI,0.5433,2189.7,1801.0,2230.1,1888.7,40.4,87.7,0.8111,0.8111,TP,0.3,1.8089,,,,hayir,,,reports/hafta7_fp_protokolu.md,test,157,tahminler_taban512_hafta7.csv,tahminler_model512.csv,0.3,0.52,1.8089,0.3,0.5,0.1,8,512,110,55,20260913,"Esikler, katsayilar ve ornek buyuklukleri KARARDIR; olcumden turetilmedi. Ayrinti protokol dosyasinda.",3.13.1,8.4.144,0.12.6,2.14.0,2026-09-13 10:08:36,scripts/25_esit_fp_adaylari.py
taban_00359,Taban-512,train_ZRI_2051_JPG.rf.c6b80d7c803e9e8d6c0e97620237f374.jpg,ZRI,0.4542,3375.3,1829.7,3422.6,1904.3,47.3,74.6,0.6903,0.6903,TP,0.3,1.8089,,,,hayir,,,reports/hafta7_fp_protokolu.md,test,157,tahminler_taban512_hafta7.csv,tahminler_model512.csv,0.3,0.52,1.8089,0.3,0.5,0.1,8,512,110,55,20260913,"Esikler, katsayilar ve ornek buyuklukleri KARARDIR; olcumden turetilmedi. Ayrinti protokol dosyasinda.",3.13.1,8.4.144,0.12.6,2.14.0,2026-09-13 10:08:36,scripts/25_esit_fp_adaylari.py
taban_00360,Taban-512,train_ZRI_2051_JPG.rf.c6b80d7c803e9e8d6c0e97620237f374.jpg,ZRI,0.4515,2251.6,81.7,2283.3,158.7,31.7,77.0,0.0,,FP,0.3,1.8089,,,,hayir,,,reports/hafta7_fp_protokolu.md,test,157,tahminler_taban512_hafta7.csv,tahminler_model512.csv,0.3,0.52,1.8089,0.3,0.5,0.1,8,512,110,55,20260913,"Esikler, katsayilar ve ornek buyuklukleri KARARDIR; olcumden turetilmedi. Ayrinti protokol dosyasinda.",3.13.1,8.4.144,0.12.6,2.14.0,2026-09-13 10:08:36,scripts/25_esit_fp_adaylari.py
taban_00361,Taban-512,train_ZRI_2051_JPG.rf.c6b80d7c803e9e8d6c0e97620237f374.jpg,ZRI,0.3296,3420.5,1421.2,3456.0,1505.2,35.5,84.0,0.068,,FP,0.3,1.8089,,,,hayir,,,reports/hafta7_fp_protokolu.md,test,157,tahminler_taban512_hafta7.csv,tahminler_model512.csv,0.3,0.52,1.8089,0.3,0.5,0.1,8,512,110,55,20260913,"Esikler, katsayilar ve ornek buyuklukleri KARARDIR; olcumden turetilmedi. Ayrinti protokol dosyasinda.",3.13.1,8.4.144,0.12.6,2.14.0,2026-09-13 10:08:36,scripts/25_esit_fp_adaylari.py
taban_00362,Taban-512,train_ZRI_2051_JPG.rf.c6b80d7c803e9e8d6c0e97620237f374.jpg,ZRI,0.3211,3957.7,2408.8,3999.8,2455.2,42.1,46.4,0.0,,FP,0.3,1.8089,,a0090,a0367,evet,Taban-512/ZRI,0.2402,reports/hafta7_fp_protokolu.md,test,157,tahminler_taban512_hafta7.csv,tahminler_model512.csv,0.3,0.52,1.8089,0.3,0.5,0.1,8,512,110,55,20260913,"Esikler, katsayilar ve ornek buyuklukleri KARARDIR; olcumden turetilmedi. Ayrinti protokol dosyasinda.",3.13.1,8.4.144,0.12.6,2.14.0,2026-09-13 10:08:36,scripts/25_esit_fp_adaylari.py
taban_00363,Taban-512,train_ZRI_2051_JPG.rf.c6b80d7c803e9e8d6c0e97620237f374.jpg,ZRI,0.3097,2036.4,1092.6,2078.5,1168.3,42.1,75.7,0.5711,0.5711,TP,0.3,1.8089,,,,hayir,,,reports/hafta7_fp_protokolu.md,test,157,tahminler_taban512_hafta7.csv,tahminler_model512.csv,0.3,0.52,1.8089,0.3,0.5,0.1,8,512,110,55,20260913,"Esikler, katsayilar ve ornek buyuklukleri KARARDIR; olcumden turetilmedi. Ayrinti protokol dosyasinda.",3.13.1,8.4.144,0.12.6,2.14.0,2026-09-13 10:08:36,scripts/25_esit_fp_adaylari.py
taban_00364,Taban-512,train_ZRI_2051_JPG.rf.c6b80d7c803e9e8d6c0e97620237f374.jpg,ZRI,0.3012,3429.6,2548.7,3539.5,2763.1,109.9,214.4,0.331,0.331,TP,0.3,1.8089,,,,hayir,,,reports/hafta7_fp_protokolu.md,test,157,tahminler_taban512_hafta7.csv,tahminler_model512.csv,0.3,0.52,1.8089,0.3,0.5,0.1,8,512,110,55,20260913,"Esikler, katsayilar ve ornek buyuklukleri KARARDIR; olcumden turetilmedi. Ayrinti protokol dosyasinda.",3.13.1,8.4.144,0.12.6,2.14.0,2026-09-13 10:08:36,scripts/25_esit_fp_adaylari.py
taban_00365,Taban-512,train_ZRI_2052_JPG.rf.50c49144f7a8de99bbafb62bb04d74fb.jpg,ZRI,0.8273,2700.9,848.5,2734.5,921.8,33.6,73.3,0.4469,0.4469,TP,0.3,1.8089,,,,hayir,,,reports/hafta7_fp_protokolu.md,test,157,tahminler_taban512_hafta7.csv,tahminler_model512.csv,0.3,0.52,1.8089,0.3,0.5,0.1,8,512,110,55,20260913,"Esikler, katsayilar ve ornek buyuklukleri KARARDIR; olcumden turetilmedi. Ayrinti protokol dosyasinda.",3.13.1,8.4.144,0.12.6,2.14.0,2026-09-13 10:08:36,scripts/25_esit_fp_adaylari.py
taban_00366,Taban-512,train_ZRI_2052_JPG.rf.50c49144f7a8de99bbafb62bb04d74fb.jpg,ZRI,0.7995,2367.3,841.5,2406.0,922.0,38.7,80.5,0.6335,0.6335,TP,0.3,1.8089,,,,hayir,,,reports/hafta7_fp_protokolu.md,test,157,tahminler_taban512_hafta7.csv,tahminler_model512.csv,0.3,0.52,1.8089,0.3,0.5,0.1,8,512,110,55,20260913,"Esikler, katsayilar ve ornek buyuklukleri KARARDIR; olcumden turetilmedi. Ayrinti protokol dosyasinda.",3.13.1,8.4.144,0.12.6,2.14.0,2026-09-13 10:08:36,scripts/25_esit_fp_adaylari.py
taban_00367,Taban-512,train_ZRI_2052_JPG.rf.50c49144f7a8de99bbafb62bb04d74fb.jpg,ZRI,0.7384,3459.1,629.7,3535.3,749.2,76.2,119.5,0.0,,FP,0.3,1.8089,,a0374,a0142,evet,Taban-512/ZRI,0.2402,reports/hafta7_fp_protokolu.md,test,157,tahminler_taban512_hafta7.csv,tahminler_model512.csv,0.3,0.52,1.8089,0.3,0.5,0.1,8,512,110,55,20260913,"Esikler, katsayilar ve ornek buyuklukleri KARARDIR; olcumden turetilmedi. Ayrinti protokol dosyasinda.",3.13.1,8.4.144,0.12.6,2.14.0,2026-09-13 10:08:36,scripts/25_esit_fp_adaylari.py
taban_00368,Taban-512,train_ZRI_2052_JPG.rf.50c49144f7a8de99bbafb62bb04d74fb.jpg,ZRI,0.716,3037.3,1515.1,3105.0,1608.8,67.7,93.7,0.8833,0.8833,TP,0.3,1.8089,,,,hayir,,,reports/hafta7_fp_protokolu.md,test,157,tahminler_taban512_hafta7.csv,tahminler_model512.csv,0.3,0.52,1.8089,0.3,0.5,0.1,8,512,110,55,20260913,"Esikler, katsayilar ve ornek buyuklukleri KARARDIR; olcumden turetilmedi. Ayrinti protokol dosyasinda.",3.13.1,8.4.144,0.12.6,2.14.0,2026-09-13 10:08:36,scripts/25_esit_fp_adaylari.py
taban_00369,Taban-512,train_ZRI_2052_JPG.rf.50c49144f7a8de99bbafb62bb04d74fb.jpg,ZRI,0.6589,2323.0,948.7,2354.0,998.2,31.0,49.5,0.7502,0.7502,TP,0.3,1.8089,,,,hayir,,,reports/hafta7_fp_protokolu.md,test,157,tahminler_taban512_hafta7.csv,tahminler_model512.csv,0.3,0.52,1.8089,0.3,0.5,0.1,8,512,110,55,20260913,"Esikler, katsayilar ve ornek buyuklukleri KARARDIR; olcumden turetilmedi. Ayrinti protokol dosyasinda.",3.13.1,8.4.144,0.12.6,2.14.0,2026-09-13 10:08:36,scripts/25_esit_fp_adaylari.py
taban_00370,Taban-512,train_ZRI_2052_JPG.rf.50c49144f7a8de99bbafb62bb04d74fb.jpg,ZRI,0.6475,3101.9,1486.8,3173.5,1585.3,71.6,98.5,0.8788,0.8788,TP,0.3,1.8089,,,,hayir,,,reports/hafta7_fp_protokolu.md,test,157,tahminler_taban512_hafta7.csv,tahminler_model512.csv,0.3,0.52,1.8089,0.3,0.5,0.1,8,512,110,55,20260913,"Esikler, katsayilar ve ornek buyuklukleri KARARDIR; olcumden turetilmedi. Ayrinti protokol dosyasinda.",3.13.1,8.4.144,0.12.6,2.14.0,2026-09-13 10:08:36,scripts/25_esit_fp_adaylari.py
taban_00371,Taban-512,train_ZRI_2052_JPG.rf.50c49144f7a8de99bbafb62bb04d74fb.jpg,ZRI,0.6314,3505.5,643.4,3569.6,744.4,64.1,101.0,0.0,,FP,0.3,1.8089,,,,hayir,,,reports/hafta7_fp_protokolu.md,test,157,tahminler_taban512_hafta7.csv,tahminler_model512.csv,0.3,0.52,1.8089,0.3,0.5,0.1,8,512,110,55,20260913,"Esikler, katsayilar ve ornek buyuklukleri KARARDIR; olcumden turetilmedi. Ayrinti protokol dosyasinda.",3.13.1,8.4.144,0.12.6,2.14.0,2026-09-13 10:08:36,scripts/25_esit_fp_adaylari.py
taban_00372,Taban-512,train_ZRI_2052_JPG.rf.50c49144f7a8de99bbafb62bb04d74fb.jpg,ZRI,0.601,2631.9,727.9,2683.2,810.2,51.3,82.3,0.7909,0.7909,TP,0.3,1.8089,,,,hayir,,,reports/hafta7_fp_protokolu.md,test,157,tahminler_taban512_hafta7.csv,tahminler_model512.csv,0.3,0.52,1.8089,0.3,0.5,0.1,8,512,110,55,20260913,"Esikler, katsayilar ve ornek buyuklukleri KARARDIR; olcumden turetilmedi. Ayrinti protokol dosyasinda.",3.13.1,8.4.144,0.12.6,2.14.0,2026-09-13 10:08:36,scripts/25_esit_fp_adaylari.py
taban_00373,Taban-512,train_ZRI_2052_JPG.rf.50c49144f7a8de99bbafb62bb04d74fb.jpg,ZRI,0.5785,2624.2,854.7,2671.7,921.7,47.5,67.0,0.0,,FP,0.3,1.8089,,,,hayir,,,reports/hafta7_fp_protokolu.md,test,157,tahminler_taban512_hafta7.csv,tahminler_model512.csv,0.3,0.52,1.8089,0.3,0.5,0.1,8,512,110,55,20260913,"Esikler, katsayilar ve ornek buyuklukleri KARARDIR; olcumden turetilmedi. Ayrinti protokol dosyasinda.",3.13.1,8.4.144,0.12.6,2.14.0,2026-09-13 10:08:36,scripts/25_esit_fp_adaylari.py
taban_00374,Taban-512,train_ZRI_2052_JPG.rf.50c49144f7a8de99bbafb62bb04d74fb.jpg,ZRI,0.564,1277.5,791.7,1412.9,908.6,135.4,116.9,0.0,,FP,0.3,1.8089,,a0195,a0274,evet,Taban-512/ZRI,0.2402,reports/hafta7_fp_protokolu.md,test,157,tahminler_taban512_hafta7.csv,tahminler_model512.csv,0.3,0.52,1.8089,0.3,0.5,0.1,8,512,110,55,20260913,"Esikler, katsayilar ve ornek buyuklukleri KARARDIR; olcumden turetilmedi. Ayrinti protokol dosyasinda.",3.13.1,8.4.144,0.12.6,2.14.0,2026-09-13 10:08:36,scripts/25_esit_fp_adaylari.py
taban_00375,Taban-512,train_ZRI_2052_JPG.rf.50c49144f7a8de99bbafb62bb04d74fb.jpg,ZRI,0.5413,2236.3,894.7,2271.9,962.1,35.6,67.4,0.8074,0.8074,TP,0.3,1.8089,,,,hayir,,,reports/hafta7_fp_protokolu.md,test,157,tahminler_taban512_hafta7.csv,tahminler_model512.csv,0.3,0.52,1.8089,0.3,0.5,0.1,8,512,110,55,20260913,"Esikler, katsayilar ve ornek buyuklukleri KARARDIR; olcumden turetilmedi. Ayrinti protokol dosyasinda.",3.13.1,8.4.144,0.12.6,2.14.0,2026-09-13 10:08:36,scripts/25_esit_fp_adaylari.py
taban_00376,Taban-512,train_ZRI_2052_JPG.rf.50c49144f7a8de99bbafb62bb04d74fb.jpg,ZRI,0.5243,3890.6,1230.4,3962.3,1331.3,71.7,100.9,0.5606,0.5606,TP,0.3,1.8089,,,,hayir,,,reports/hafta7_fp_protokolu.md,test,157,tahminler_taban512_hafta7.csv,tahminler_model512.csv,0.3,0.52,1.8089,0.3,0.5,0.1,8,512,110,55,20260913,"Esikler, katsayilar ve ornek buyuklukleri KARARDIR; olcumden turetilmedi. Ayrinti protokol dosyasinda.",3.13.1,8.4.144,0.12.6,2.14.0,2026-09-13 10:08:36,scripts/25_esit_fp_adaylari.py
taban_00377,Taban-512,train_ZRI_2052_JPG.rf.50c49144f7a8de99bbafb62bb04d74fb.jpg,ZRI,0.4971,2269.3,890.7,2301.5,921.8,32.2,31.1,0.0299,,FP,0.3,1.8089,,,,hayir,,,reports/hafta7_fp_protokolu.md,test,157,tahminler_taban512_hafta7.csv,tahminler_model512.csv,0.3,0.52,1.8089,0.3,0.5,0.1,8,512,110,55,20260913,"Esikler, katsayilar ve ornek buyuklukleri KARARDIR; olcumden turetilmedi. Ayrinti protokol dosyasinda.",3.13.1,8.4.144,0.12.6,2.14.0,2026-09-13 10:08:36,scripts/25_esit_fp_adaylari.py
taban_00378,Taban-512,train_ZRI_2052_JPG.rf.50c49144f7a8de99bbafb62bb04d74fb.jpg,ZRI,0.4643,3488.1,630.3,3534.2,717.5,46.1,87.2,0.0,,FP,0.3,1.8089,,,,hayir,,,reports/hafta7_fp_protokolu.md,test,157,tahminler_taban512_hafta7.csv,tahminler_model512.csv,0.3,0.52,1.8089,0.3,0.5,0.1,8,512,110,55,20260913,"Esikler, katsayilar ve ornek buyuklukleri KARARDIR; olcumden turetilmedi. Ayrinti protokol dosyasinda.",3.13.1,8.4.144,0.12.6,2.14.0,2026-09-13 10:08:36,scripts/25_esit_fp_adaylari.py
taban_00379,Taban-512,train_ZRI_2052_JPG.rf.50c49144f7a8de99bbafb62bb04d74fb.jpg,ZRI,0.4494,2270.8,889.9,2310.4,968.1,39.6,78.2,0.0269,,FP,0.3,1.8089,,,,hayir,,,reports/hafta7_fp_protokolu.md,test,157,tahminler_taban512_hafta7.csv,tahminler_model512.csv,0.3,0.52,1.8089,0.3,0.5,0.1,8,512,110,55,20260913,"Esikler, katsayilar ve ornek buyuklukleri KARARDIR; olcumden turetilmedi. Ayrinti protokol dosyasinda.",3.13.1,8.4.144,0.12.6,2.14.0,2026-09-13 10:08:36,scripts/25_esit_fp_adaylari.py
taban_00380,Taban-512,train_ZRI_2052_JPG.rf.50c49144f7a8de99bbafb62bb04d74fb.jpg,ZRI,0.3957,2616.1,536.9,2631.9,559.2,15.8,22.3,0.0,,FP,0.3,1.8089,,,,hayir,,,reports/hafta7_fp_protokolu.md,test,157,tahminler_taban512_hafta7.csv,tahminler_model512.csv,0.3,0.52,1.8089,0.3,0.5,0.1,8,512,110,55,20260913,"Esikler, katsayilar ve ornek buyuklukleri KARARDIR; olcumden turetilmedi. Ayrinti protokol dosyasinda.",3.13.1,8.4.144,0.12.6,2.14.0,2026-09-13 10:08:36,scripts/25_esit_fp_adaylari.py
taban_00381,Taban-512,train_ZRI_2052_JPG.rf.50c49144f7a8de99bbafb62bb04d74fb.jpg,ZRI,0.3825,2748.6,1843.2,2903.4,2027.4,154.8,184.2,0.0,,FP,0.3,1.8089,,,,hayir,,,reports/hafta7_fp_protokolu.md,test,157,tahminler_taban512_hafta7.csv,tahminler_model512.csv,0.3,0.52,1.8089,0.3,0.5,0.1,8,512,110,55,20260913,"Esikler, katsayilar ve ornek buyuklukleri KARARDIR; olcumden turetilmedi. Ayrinti protokol dosyasinda.",3.13.1,8.4.144,0.12.6,2.14.0,2026-09-13 10:08:36,scripts/25_esit_fp_adaylari.py
taban_00382,Taban-512,train_ZRI_2052_JPG.rf.50c49144f7a8de99bbafb62bb04d74fb.jpg,ZRI,0.3653,1336.5,1767.5,1395.3,1869.7,58.8,102.2,0.8594,0.8594,TP,0.3,1.8089,,,,hayir,,,reports/hafta7_fp_protokolu.md,test,157,tahminler_taban512_hafta7.csv,tahminler_model512.csv,0.3,0.52,1.8089,0.3,0.5,0.1,8,512,110,55,20260913,"Esikler, katsayilar ve ornek buyuklukleri KARARDIR; olcumden turetilmedi. Ayrinti protokol dosyasinda.",3.13.1,8.4.144,0.12.6,2.14.0,2026-09-13 10:08:36,scripts/25_esit_fp_adaylari.py
taban_00383,Taban-512,train_ZRI_2052_JPG.rf.50c49144f7a8de99bbafb62bb04d74fb.jpg,ZRI,0.3587,2615.6,536.4,2631.4,583.1,15.8,46.7,0.0,,FP,0.3,1.8089,,,,hayir,,,reports/hafta7_fp_protokolu.md,test,157,tahminler_taban512_hafta7.csv,tahminler_model512.csv,0.3,0.52,1.8089,0.3,0.5,0.1,8,512,110,55,20260913,"Esikler, katsayilar ve ornek buyuklukleri KARARDIR; olcumden turetilmedi. Ayrinti protokol dosyasinda.",3.13.1,8.4.144,0.12.6,2.14.0,2026-09-13 10:08:36,scripts/25_esit_fp_adaylari.py
taban_00384,Taban-512,train_ZRI_2052_JPG.rf.50c49144f7a8de99bbafb62bb04d74fb.jpg,ZRI,0.3457,2495.8,774.8,2570.2,846.1,74.4,71.3,0.0068,,FP,0.3,1.8089,,,,hayir,,,reports/hafta7_fp_protokolu.md,test,157,tahminler_taban512_hafta7.csv,tahminler_model512.csv,0.3,0.52,1.8089,0.3,0.5,0.1,8,512,110,55,20260913,"Esikler, katsayilar ve ornek buyuklukleri KARARDIR; olcumden turetilmedi. Ayrinti protokol dosyasinda.",3.13.1,8.4.144,0.12.6,2.14.0,2026-09-13 10:08:36,scripts/25_esit_fp_adaylari.py
taban_00385,Taban-512,train_ZRI_2052_JPG.rf.50c49144f7a8de99bbafb62bb04d74fb.jpg,ZRI,0.3265,2489.4,2528.6,2546.5,2561.8,57.1,33.2,0.0,,FP,0.3,1.8089,,,,hayir,,,reports/hafta7_fp_protokolu.md,test,157,tahminler_taban512_hafta7.csv,tahminler_model512.csv,0.3,0.52,1.8089,0.3,0.5,0.1,8,512,110,55,20260913,"Esikler, katsayilar ve ornek buyuklukleri KARARDIR; olcumden turetilmedi. Ayrinti protokol dosyasinda.",3.13.1,8.4.144,0.12.6,2.14.0,2026-09-13 10:08:36,scripts/25_esit_fp_adaylari.py
taban_00386,Taban-512,train_ZRI_2052_JPG.rf.50c49144f7a8de99bbafb62bb04d74fb.jpg,ZRI,0.3178,2602.1,746.6,2622.6,795.7,20.5,49.1,0.0254,,FP,0.3,1.8089,,,,hayir,,,reports/hafta7_fp_protokolu.md,test,157,tahminler_taban512_hafta7.csv,tahminler_model512.csv,0.3,0.52,1.8089,0.3,0.5,0.1,8,512,110,55,20260913,"Esikler, katsayilar ve ornek buyuklukleri KARARDIR; olcumden turetilmedi. Ayrinti protokol dosyasinda.",3.13.1,8.4.144,0.12.6,2.14.0,2026-09-13 10:08:36,scripts/25_esit_fp_adaylari.py
taban_00387,Taban-512,train_ZRI_2052_JPG.rf.50c49144f7a8de99bbafb62bb04d74fb.jpg,ZRI,0.3143,2570.1,744.9,2607.5,817.7,37.4,72.8,0.8172,0.8172,TP,0.3,1.8089,,,,hayir,,,reports/hafta7_fp_protokolu.md,test,157,tahminler_taban512_hafta7.csv,tahminler_model512.csv,0.3,0.52,1.8089,0.3,0.5,0.1,8,512,110,55,20260913,"Esikler, katsayilar ve ornek buyuklukleri KARARDIR; olcumden turetilmedi. Ayrinti protokol dosyasinda.",3.13.1,8.4.144,0.12.6,2.14.0,2026-09-13 10:08:36,scripts/25_esit_fp_adaylari.py
taban_00388,Taban-512,train_ZRI_2052_JPG.rf.50c49144f7a8de99bbafb62bb04d74fb.jpg,ZRI,0.3076,790.7,1086.2,845.9,1185.8,55.2,99.6,0.8743,0.8743,TP,0.3,1.8089,,,,hayir,,,reports/hafta7_fp_protokolu.md,test,157,tahminler_taban512_hafta7.csv,tahminler_model512.csv,0.3,0.52,1.8089,0.3,0.5,0.1,8,512,110,55,20260913,"Esikler, katsayilar ve ornek buyuklukleri KARARDIR; olcumden turetilmedi. Ayrinti protokol dosyasinda.",3.13.1,8.4.144,0.12.6,2.14.0,2026-09-13 10:08:36,scripts/25_esit_fp_adaylari.py
taban_00389,Taban-512,train_ZRI_2052_JPG.rf.50c49144f7a8de99bbafb62bb04d74fb.jpg,ZRI,0.3076,1191.4,1338.0,1230.5,1391.0,39.1,53.0,0.0,,FP,0.3,1.8089,,,,hayir,,,reports/hafta7_fp_protokolu.md,test,157,tahminler_taban512_hafta7.csv,tahminler_model512.csv,0.3,0.52,1.8089,0.3,0.5,0.1,8,512,110,55,20260913,"Esikler, katsayilar ve ornek buyuklukleri KARARDIR; olcumden turetilmedi. Ayrinti protokol dosyasinda.",3.13.1,8.4.144,0.12.6,2.14.0,2026-09-13 10:08:36,scripts/25_esit_fp_adaylari.py
taban_00390,Taban-512,train_ZRI_2053_JPG.rf.18a77a9247976767870670bd190baa49.jpg,ZRI,0.878,3297.3,998.6,3407.4,1173.5,110.1,174.9,0.8926,0.8926,TP,0.3,1.8089,,,,hayir,,,reports/hafta7_fp_protokolu.md,test,157,tahminler_taban512_hafta7.csv,tahminler_model512.csv,0.3,0.52,1.8089,0.3,0.5,0.1,8,512,110,55,20260913,"Esikler, katsayilar ve ornek buyuklukleri KARARDIR; olcumden turetilmedi. Ayrinti protokol dosyasinda.",3.13.1,8.4.144,0.12.6,2.14.0,2026-09-13 10:08:36,scripts/25_esit_fp_adaylari.py
taban_00391,Taban-512,train_ZRI_2053_JPG.rf.18a77a9247976767870670bd190baa49.jpg,ZRI,0.8215,1254.9,1292.4,1326.2,1431.6,71.3,139.2,0.8576,0.8576,TP,0.3,1.8089,,,,hayir,,,reports/hafta7_fp_protokolu.md,test,157,tahminler_taban512_hafta7.csv,tahminler_model512.csv,0.3,0.52,1.8089,0.3,0.5,0.1,8,512,110,55,20260913,"Esikler, katsayilar ve ornek buyuklukleri KARARDIR; olcumden turetilmedi. Ayrinti protokol dosyasinda.",3.13.1,8.4.144,0.12.6,2.14.0,2026-09-13 10:08:36,scripts/25_esit_fp_adaylari.py
taban_00392,Taban-512,train_ZRI_2053_JPG.rf.18a77a9247976767870670bd190baa49.jpg,ZRI,0.8119,410.9,1456.3,479.3,1579.3,68.4,123.0,0.0,,FP,0.3,1.8089,,a0437,a0107,evet,Taban-512/ZRI,0.2402,reports/hafta7_fp_protokolu.md,test,157,tahminler_taban512_hafta7.csv,tahminler_model512.csv,0.3,0.52,1.8089,0.3,0.5,0.1,8,512,110,55,20260913,"Esikler, katsayilar ve ornek buyuklukleri KARARDIR; olcumden turetilmedi. Ayrinti protokol dosyasinda.",3.13.1,8.4.144,0.12.6,2.14.0,2026-09-13 10:08:36,scripts/25_esit_fp_adaylari.py
taban_00393,Taban-512,train_ZRI_2053_JPG.rf.18a77a9247976767870670bd190baa49.jpg,ZRI,0.7836,1255.2,1292.5,1297.8,1331.7,42.6,39.2,0.1433,,FP,0.3,1.8089,,,,hayir,,,reports/hafta7_fp_protokolu.md,test,157,tahminler_taban512_hafta7.csv,tahminler_model512.csv,0.3,0.52,1.8089,0.3,0.5,0.1,8,512,110,55,20260913,"Esikler, katsayilar ve ornek buyuklukleri KARARDIR; olcumden turetilmedi. Ayrinti protokol dosyasinda.",3.13.1,8.4.144,0.12.6,2.14.0,2026-09-13 10:08:36,scripts/25_esit_fp_adaylari.py
taban_00394,Taban-512,train_ZRI_2053_JPG.rf.18a77a9247976767870670bd190baa49.jpg,ZRI,0.7543,2051.2,328.3,2080.4,401.9,29.2,73.6,0.0,,FP,0.3,1.8089,,,,hayir,,,reports/hafta7_fp_protokolu.md,test,157,tahminler_taban512_hafta7.csv,tahminler_model512.csv,0.3,0.52,1.8089,0.3,0.5,0.1,8,512,110,55,20260913,"Esikler, katsayilar ve ornek buyuklukleri KARARDIR; olcumden turetilmedi. Ayrinti protokol dosyasinda.",3.13.1,8.4.144,0.12.6,2.14.0,2026-09-13 10:08:36,scripts/25_esit_fp_adaylari.py
taban_00395,Taban-512,train_ZRI_2053_JPG.rf.18a77a9247976767870670bd190baa49.jpg,ZRI,0.7398,1519.7,542.3,1580.1,679.8,60.4,137.5,0.8345,0.8345,TP,0.3,1.8089,,,,hayir,,,reports/hafta7_fp_protokolu.md,test,157,tahminler_taban512_hafta7.csv,tahminler_model512.csv,0.3,0.52,1.8089,0.3,0.5,0.1,8,512,110,55,20260913,"Esikler, katsayilar ve ornek buyuklukleri KARARDIR; olcumden turetilmedi. Ayrinti protokol dosyasinda.",3.13.1,8.4.144,0.12.6,2.14.0,2026-09-13 10:08:36,scripts/25_esit_fp_adaylari.py
taban_00396,Taban-512,train_ZRI_2053_JPG.rf.18a77a9247976767870670bd190baa49.jpg,ZRI,0.4453,3049.6,2120.8,3085.9,2151.8,36.3,31.0,0.0557,,FP,0.3,1.8089,,,,hayir,,,reports/hafta7_fp_protokolu.md,test,157,tahminler_taban512_hafta7.csv,tahminler_model512.csv,0.3,0.52,1.8089,0.3,0.5,0.1,8,512,110,55,20260913,"Esikler, katsayilar ve ornek buyuklukleri KARARDIR; olcumden turetilmedi. Ayrinti protokol dosyasinda.",3.13.1,8.4.144,0.12.6,2.14.0,2026-09-13 10:08:36,scripts/25_esit_fp_adaylari.py
taban_00397,Taban-512,train_ZRI_2053_JPG.rf.18a77a9247976767870670bd190baa49.jpg,ZRI,0.3462,2680.4,0.2,2722.1,29.6,41.7,29.4,0.0,,FP,0.3,1.8089,,,,hayir,,,reports/hafta7_fp_protokolu.md,test,157,tahminler_taban512_hafta7.csv,tahminler_model512.csv,0.3,0.52,1.8089,0.3,0.5,0.1,8,512,110,55,20260913,"Esikler, katsayilar ve ornek buyuklukleri KARARDIR; olcumden turetilmedi. Ayrinti protokol dosyasinda.",3.13.1,8.4.144,0.12.6,2.14.0,2026-09-13 10:08:36,scripts/25_esit_fp_adaylari.py
taban_00398,Taban-512,train_ZRI_2053_JPG.rf.18a77a9247976767870670bd190baa49.jpg,ZRI,0.3447,3055.1,2120.4,3157.5,2278.8,102.4,158.4,0.9214,0.9214,TP,0.3,1.8089,,,,hayir,,,reports/hafta7_fp_protokolu.md,test,157,tahminler_taban512_hafta7.csv,tahminler_model512.csv,0.3,0.52,1.8089,0.3,0.5,0.1,8,512,110,55,20260913,"Esikler, katsayilar ve ornek buyuklukleri KARARDIR; olcumden turetilmedi. Ayrinti protokol dosyasinda.",3.13.1,8.4.144,0.12.6,2.14.0,2026-09-13 10:08:36,scripts/25_esit_fp_adaylari.py
taban_00399,Taban-512,train_ZRI_2056_JPG.rf.39ae2ff97fdcb96cc6aacd3f1010aa2a.jpg,ZRI,0.5892,949.2,295.9,1085.7,445.8,136.5,149.9,0.3446,0.3446,TP,0.3,1.8089,,,,hayir,,,reports/hafta7_fp_protokolu.md,test,157,tahminler_taban512_hafta7.csv,tahminler_model512.csv,0.3,0.52,1.8089,0.3,0.5,0.1,8,512,110,55,20260913,"Esikler, katsayilar ve ornek buyuklukleri KARARDIR; olcumden turetilmedi. Ayrinti protokol dosyasinda.",3.13.1,8.4.144,0.12.6,2.14.0,2026-09-13 10:08:36,scripts/25_esit_fp_adaylari.py
taban_00400,Taban-512,train_ZRI_2056_JPG.rf.39ae2ff97fdcb96cc6aacd3f1010aa2a.jpg,ZRI,0.5148,945.2,410.2,1034.9,447.6,89.7,37.4,0.2176,,FP,0.3,1.8089,,,,hayir,,,reports/hafta7_fp_protokolu.md,test,157,tahminler_taban512_hafta7.csv,tahminler_model512.csv,0.3,0.52,1.8089,0.3,0.5,0.1,8,512,110,55,20260913,"Esikler, katsayilar ve ornek buyuklukleri KARARDIR; olcumden turetilmedi. Ayrinti protokol dosyasinda.",3.13.1,8.4.144,0.12.6,2.14.0,2026-09-13 10:08:36,scripts/25_esit_fp_adaylari.py
taban_00401,Taban-512,train_ZRI_2056_JPG.rf.39ae2ff97fdcb96cc6aacd3f1010aa2a.jpg,ZRI,0.5046,556.6,920.8,624.8,969.0,68.2,48.2,0.5795,0.5795,TP,0.3,1.8089,,,,hayir,,,reports/hafta7_fp_protokolu.md,test,157,tahminler_taban512_hafta7.csv,tahminler_model512.csv,0.3,0.52,1.8089,0.3,0.5,0.1,8,512,110,55,20260913,"Esikler, katsayilar ve ornek buyuklukleri KARARDIR; olcumden turetilmedi. Ayrinti protokol dosyasinda.",3.13.1,8.4.144,0.12.6,2.14.0,2026-09-13 10:08:36,scripts/25_esit_fp_adaylari.py
taban_00402,Taban-512,train_ZRI_2056_JPG.rf.39ae2ff97fdcb96cc6aacd3f1010aa2a.jpg,ZRI,0.4619,2460.1,2727.7,2503.8,2801.7,43.7,74.0,0.5117,0.5117,TP,0.3,1.8089,,,,hayir,,,reports/hafta7_fp_protokolu.md,test,157,tahminler_taban512_hafta7.csv,tahminler_model512.csv,0.3,0.52,1.8089,0.3,0.5,0.1,8,512,110,55,20260913,"Esikler, katsayilar ve ornek buyuklukleri KARARDIR; olcumden turetilmedi. Ayrinti protokol dosyasinda.",3.13.1,8.4.144,0.12.6,2.14.0,2026-09-13 10:08:36,scripts/25_esit_fp_adaylari.py
taban_00403,Taban-512,train_ZRI_2056_JPG.rf.39ae2ff97fdcb96cc6aacd3f1010aa2a.jpg,ZRI,0.4364,1323.7,410.2,1413.5,488.1,89.8,77.9,0.0,,FP,0.3,1.8089,,,,hayir,,,reports/hafta7_fp_protokolu.md,test,157,tahminler_taban512_hafta7.csv,tahminler_model512.csv,0.3,0.52,1.8089,0.3,0.5,0.1,8,512,110,55,20260913,"Esikler, katsayilar ve ornek buyuklukleri KARARDIR; olcumden turetilmedi. Ayrinti protokol dosyasinda.",3.13.1,8.4.144,0.12.6,2.14.0,2026-09-13 10:08:36,scripts/25_esit_fp_adaylari.py
taban_00404,Taban-512,train_ZRI_2056_JPG.rf.39ae2ff97fdcb96cc6aacd3f1010aa2a.jpg,ZRI,0.3107,1320.3,348.1,1445.8,489.1,125.5,141.0,0.0,,FP,0.3,1.8089,,,,hayir,,,reports/hafta7_fp_protokolu.md,test,157,tahminler_taban512_hafta7.csv,tahminler_model512.csv,0.3,0.52,1.8089,0.3,0.5,0.1,8,512,110,55,20260913,"Esikler, katsayilar ve ornek buyuklukleri KARARDIR; olcumden turetilmedi. Ayrinti protokol dosyasinda.",3.13.1,8.4.144,0.12.6,2.14.0,2026-09-13 10:08:36,scripts/25_esit_fp_adaylari.py
taban_00405,Taban-512,train_ZRI_2058_JPG.rf.34e7e941d692239be5f03263699cf42f.jpg,ZRI,0.6736,2160.7,650.0,2188.9,687.7,28.2,37.7,0.7329,0.7329,TP,0.3,1.8089,,,,hayir,,,reports/hafta7_fp_protokolu.md,test,157,tahminler_taban512_hafta7.csv,tahminler_model512.csv,0.3,0.52,1.8089,0.3,0.5,0.1,8,512,110,55,20260913,"Esikler, katsayilar ve ornek buyuklukleri KARARDIR; olcumden turetilmedi. Ayrinti protokol dosyasinda.",3.13.1,8.4.144,0.12.6,2.14.0,2026-09-13 10:08:36,scripts/25_esit_fp_adaylari.py
taban_00406,Taban-512,train_ZRI_2058_JPG.rf.34e7e941d692239be5f03263699cf42f.jpg,ZRI,0.616,1924.8,727.9,1977.0,800.6,52.2,72.7,0.7104,0.7104,TP,0.3,1.8089,,,,hayir,,,reports/hafta7_fp_protokolu.md,test,157,tahminler_taban512_hafta7.csv,tahminler_model512.csv,0.3,0.52,1.8089,0.3,0.5,0.1,8,512,110,55,20260913,"Esikler, katsayilar ve ornek buyuklukleri KARARDIR; olcumden turetilmedi. Ayrinti protokol dosyasinda.",3.13.1,8.4.144,0.12.6,2.14.0,2026-09-13 10:08:36,scripts/25_esit_fp_adaylari.py
taban_00407,Taban-512,train_ZRI_2058_JPG.rf.34e7e941d692239be5f03263699cf42f.jpg,ZRI,0.5774,1855.4,501.9,1896.6,565.1,41.2,63.2,0.8883,0.8883,TP,0.3,1.8089,,,,hayir,,,reports/hafta7_fp_protokolu.md,test,157,tahminler_taban512_hafta7.csv,tahminler_model512.csv,0.3,0.52,1.8089,0.3,0.5,0.1,8,512,110,55,20260913,"Esikler, katsayilar ve ornek buyuklukleri KARARDIR; olcumden turetilmedi. Ayrinti protokol dosyasinda.",3.13.1,8.4.144,0.12.6,2.14.0,2026-09-13 10:08:36,scripts/25_esit_fp_adaylari.py
taban_00408,Taban-512,train_ZRI_2058_JPG.rf.34e7e941d692239be5f03263699cf42f.jpg,ZRI,0.5757,1793.5,598.1,1870.6,648.9,77.1,50.8,0.0,,FP,0.3,1.8089,,,,hayir,,,reports/hafta7_fp_protokolu.md,test,157,tahminler_taban512_hafta7.csv,tahminler_model512.csv,0.3,0.52,1.8089,0.3,0.5,0.1,8,512,110,55,20260913,"Esikler, katsayilar ve ornek buyuklukleri KARARDIR; olcumden turetilmedi. Ayrinti protokol dosyasinda.",3.13.1,8.4.144,0.12.6,2.14.0,2026-09-13 10:08:36,scripts/25_esit_fp_adaylari.py
taban_00409,Taban-512,train_ZRI_2058_JPG.rf.34e7e941d692239be5f03263699cf42f.jpg,ZRI,0.5158,853.3,2416.5,921.7,2517.1,68.4,100.6,0.1651,,FP,0.3,1.8089,,a0417,a0192,evet,Taban-512/ZRI,0.2402,reports/hafta7_fp_protokolu.md,test,157,tahminler_taban512_hafta7.csv,tahminler_model512.csv,0.3,0.52,1.8089,0.3,0.5,0.1,8,512,110,55,20260913,"Esikler, katsayilar ve ornek buyuklukleri KARARDIR; olcumden turetilmedi. Ayrinti protokol dosyasinda.",3.13.1,8.4.144,0.12.6,2.14.0,2026-09-13 10:08:36,scripts/25_esit_fp_adaylari.py
taban_00410,Taban-512,train_ZRI_2058_JPG.rf.34e7e941d692239be5f03263699cf42f.jpg,ZRI,0.4851,1253.3,2462.1,1331.7,2567.7,78.4,105.6,0.0,,FP,0.3,1.8089,,a0427,a0096,evet,Taban-512/ZRI,0.2402,reports/hafta7_fp_protokolu.md,test,157,tahminler_taban512_hafta7.csv,tahminler_model512.csv,0.3,0.52,1.8089,0.3,0.5,0.1,8,512,110,55,20260913,"Esikler, katsayilar ve ornek buyuklukleri KARARDIR; olcumden turetilmedi. Ayrinti protokol dosyasinda.",3.13.1,8.4.144,0.12.6,2.14.0,2026-09-13 10:08:36,scripts/25_esit_fp_adaylari.py
taban_00411,Taban-512,train_ZRI_2058_JPG.rf.34e7e941d692239be5f03263699cf42f.jpg,ZRI,0.4802,856.6,2488.2,921.7,2516.3,65.1,28.1,0.0685,,FP,0.3,1.8089,,,,hayir,,,reports/hafta7_fp_protokolu.md,test,157,tahminler_taban512_hafta7.csv,tahminler_model512.csv,0.3,0.52,1.8089,0.3,0.5,0.1,8,512,110,55,20260913,"Esikler, katsayilar ve ornek buyuklukleri KARARDIR; olcumden turetilmedi. Ayrinti protokol dosyasinda.",3.13.1,8.4.144,0.12.6,2.14.0,2026-09-13 10:08:36,scripts/25_esit_fp_adaylari.py
taban_00412,Taban-512,train_ZRI_2058_JPG.rf.34e7e941d692239be5f03263699cf42f.jpg,ZRI,0.4644,869.3,2460.2,969.3,2500.4,100.0,40.2,0.4856,0.4856,TP,0.3,1.8089,,,,hayir,,,reports/hafta7_fp_protokolu.md,test,157,tahminler_taban512_hafta7.csv,tahminler_model512.csv,0.3,0.52,1.8089,0.3,0.5,0.1,8,512,110,55,20260913,"Esikler, katsayilar ve ornek buyuklukleri KARARDIR; olcumden turetilmedi. Ayrinti protokol dosyasinda.",3.13.1,8.4.144,0.12.6,2.14.0,2026-09-13 10:08:36,scripts/25_esit_fp_adaylari.py
taban_00413,Taban-512,train_ZRI_2058_JPG.rf.34e7e941d692239be5f03263699cf42f.jpg,ZRI,0.4643,2088.7,410.3,2116.7,461.6,28.0,51.3,0.5955,0.5955,TP,0.3,1.8089,,,,hayir,,,reports/hafta7_fp_protokolu.md,test,157,tahminler_taban512_hafta7.csv,tahminler_model512.csv,0.3,0.52,1.8089,0.3,0.5,0.1,8,512,110,55,20260913,"Esikler, katsayilar ve ornek buyuklukleri KARARDIR; olcumden turetilmedi. Ayrinti protokol dosyasinda.",3.13.1,8.4.144,0.12.6,2.14.0,2026-09-13 10:08:36,scripts/25_esit_fp_adaylari.py
taban_00414,Taban-512,train_ZRI_2058_JPG.rf.34e7e941d692239be5f03263699cf42f.jpg,ZRI,0.4457,3085.4,587.4,3208.2,715.7,122.8,128.3,0.3135,0.3135,TP,0.3,1.8089,,,,hayir,,,reports/hafta7_fp_protokolu.md,test,157,tahminler_taban512_hafta7.csv,tahminler_model512.csv,0.3,0.52,1.8089,0.3,0.5,0.1,8,512,110,55,20260913,"Esikler, katsayilar ve ornek buyuklukleri KARARDIR; olcumden turetilmedi. Ayrinti protokol dosyasinda.",3.13.1,8.4.144,0.12.6,2.14.0,2026-09-13 10:08:36,scripts/25_esit_fp_adaylari.py
taban_00415,Taban-512,train_ZRI_2058_JPG.rf.34e7e941d692239be5f03263699cf42f.jpg,ZRI,0.408,1654.5,721.5,1678.5,773.5,24.0,52.0,0.0,,FP,0.3,1.8089,,,,hayir,,,reports/hafta7_fp_protokolu.md,test,157,tahminler_taban512_hafta7.csv,tahminler_model512.csv,0.3,0.52,1.8089,0.3,0.5,0.1,8,512,110,55,20260913,"Esikler, katsayilar ve ornek buyuklukleri KARARDIR; olcumden turetilmedi. Ayrinti protokol dosyasinda.",3.13.1,8.4.144,0.12.6,2.14.0,2026-09-13 10:08:36,scripts/25_esit_fp_adaylari.py
taban_00416,Taban-512,train_ZRI_2058_JPG.rf.34e7e941d692239be5f03263699cf42f.jpg,ZRI,0.3811,859.7,2359.0,1025.4,2509.2,165.7,150.2,0.2205,,FP,0.3,1.8089,,,,hayir,,,reports/hafta7_fp_protokolu.md,test,157,tahminler_taban512_hafta7.csv,tahminler_model512.csv,0.3,0.52,1.8089,0.3,0.5,0.1,8,512,110,55,20260913,"Esikler, katsayilar ve ornek buyuklukleri KARARDIR; olcumden turetilmedi. Ayrinti protokol dosyasinda.",3.13.1,8.4.144,0.12.6,2.14.0,2026-09-13 10:08:36,scripts/25_esit_fp_adaylari.py
taban_00417,Taban-512,train_ZRI_2058_JPG.rf.34e7e941d692239be5f03263699cf42f.jpg,ZRI,0.3809,1393.3,667.1,1431.2,713.5,37.9,46.4,0.0,,FP,0.3,1.8089,,,,hayir,,,reports/hafta7_fp_protokolu.md,test,157,tahminler_taban512_hafta7.csv,tahminler_model512.csv,0.3,0.52,1.8089,0.3,0.5,0.1,8,512,110,55,20260913,"Esikler, katsayilar ve ornek buyuklukleri KARARDIR; olcumden turetilmedi. Ayrinti protokol dosyasinda.",3.13.1,8.4.144,0.12.6,2.14.0,2026-09-13 10:08:36,scripts/25_esit_fp_adaylari.py
taban_00418,Taban-512,train_ZRI_2058_JPG.rf.34e7e941d692239be5f03263699cf42f.jpg,ZRI,0.3759,2230.8,988.7,2320.4,1069.9,89.6,81.2,0.2882,,FP,0.3,1.8089,,,,hayir,,,reports/hafta7_fp_protokolu.md,test,157,tahminler_taban512_hafta7.csv,tahminler_model512.csv,0.3,0.52,1.8089,0.3,0.5,0.1,8,512,110,55,20260913,"Esikler, katsayilar ve ornek buyuklukleri KARARDIR; olcumden turetilmedi. Ayrinti protokol dosyasinda.",3.13.1,8.4.144,0.12.6,2.14.0,2026-09-13 10:08:36,scripts/25_esit_fp_adaylari.py
taban_00419,Taban-512,train_ZRI_2058_JPG.rf.34e7e941d692239be5f03263699cf42f.jpg,ZRI,0.3711,2088.7,410.1,2151.6,462.1,62.9,52.0,0.3341,,FP,0.3,1.8089,,,,hayir,,,reports/hafta7_fp_protokolu.md,test,157,tahminler_taban512_hafta7.csv,tahminler_model512.csv,0.3,0.52,1.8089,0.3,0.5,0.1,8,512,110,55,20260913,"Esikler, katsayilar ve ornek buyuklukleri KARARDIR; olcumden turetilmedi. Ayrinti protokol dosyasinda.",3.13.1,8.4.144,0.12.6,2.14.0,2026-09-13 10:08:36,scripts/25_esit_fp_adaylari.py
taban_00420,Taban-512,train_ZRI_2058_JPG.rf.34e7e941d692239be5f03263699cf42f.jpg,ZRI,0.3382,2680.3,222.1,2746.7,295.0,66.4,72.9,0.8332,0.8332,TP,0.3,1.8089,,,,hayir,,,reports/hafta7_fp_protokolu.md,test,157,tahminler_taban512_hafta7.csv,tahminler_model512.csv,0.3,0.52,1.8089,0.3,0.5,0.1,8,512,110,55,20260913,"Esikler, katsayilar ve ornek buyuklukleri KARARDIR; olcumden turetilmedi. Ayrinti protokol dosyasinda.",3.13.1,8.4.144,0.12.6,2.14.0,2026-09-13 10:08:36,scripts/25_esit_fp_adaylari.py
taban_00421,Taban-512,train_ZRI_2058_JPG.rf.34e7e941d692239be5f03263699cf42f.jpg,ZRI,0.3085,1623.0,747.6,1643.9,797.1,20.9,49.5,0.0,,FP,0.3,1.8089,,,,hayir,,,reports/hafta7_fp_protokolu.md,test,157,tahminler_taban512_hafta7.csv,tahminler_model512.csv,0.3,0.52,1.8089,0.3,0.5,0.1,8,512,110,55,20260913,"Esikler, katsayilar ve ornek buyuklukleri KARARDIR; olcumden turetilmedi. Ayrinti protokol dosyasinda.",3.13.1,8.4.144,0.12.6,2.14.0,2026-09-13 10:08:36,scripts/25_esit_fp_adaylari.py
taban_00422,Taban-512,train_ZRI_2065_JPG.rf.830ac62cc7542ba9b85d03b76e773cef.jpg,ZRI,0.6802,383.3,452.1,494.0,530.2,110.7,78.1,0.7859,0.7859,TP,0.3,1.8089,,,,hayir,,,reports/hafta7_fp_protokolu.md,test,157,tahminler_taban512_hafta7.csv,tahminler_model512.csv,0.3,0.52,1.8089,0.3,0.5,0.1,8,512,110,55,20260913,"Esikler, katsayilar ve ornek buyuklukleri KARARDIR; olcumden turetilmedi. Ayrinti protokol dosyasinda.",3.13.1,8.4.144,0.12.6,2.14.0,2026-09-13 10:08:36,scripts/25_esit_fp_adaylari.py
taban_00423,Taban-512,train_ZRI_2065_JPG.rf.830ac62cc7542ba9b85d03b76e773cef.jpg,ZRI,0.5729,569.2,314.5,658.8,375.7,89.6,61.2,0.8841,0.8841,TP,0.3,1.8089,,,,hayir,,,reports/hafta7_fp_protokolu.md,test,157,tahminler_taban512_hafta7.csv,tahminler_model512.csv,0.3,0.52,1.8089,0.3,0.5,0.1,8,512,110,55,20260913,"Esikler, katsayilar ve ornek buyuklukleri KARARDIR; olcumden turetilmedi. Ayrinti protokol dosyasinda.",3.13.1,8.4.144,0.12.6,2.14.0,2026-09-13 10:08:36,scripts/25_esit_fp_adaylari.py
taban_00424,Taban-512,train_ZRI_2065_JPG.rf.830ac62cc7542ba9b85d03b76e773cef.jpg,ZRI,0.5584,727.7,829.3,797.8,892.4,70.1,63.1,0.759,0.759,TP,0.3,1.8089,,,,hayir,,,reports/hafta7_fp_protokolu.md,test,157,tahminler_taban512_hafta7.csv,tahminler_model512.csv,0.3,0.52,1.8089,0.3,0.5,0.1,8,512,110,55,20260913,"Esikler, katsayilar ve ornek buyuklukleri KARARDIR; olcumden turetilmedi. Ayrinti protokol dosyasinda.",3.13.1,8.4.144,0.12.6,2.14.0,2026-09-13 10:08:36,scripts/25_esit_fp_adaylari.py
taban_00425,Taban-512,train_ZRI_2065_JPG.rf.830ac62cc7542ba9b85d03b76e773cef.jpg,ZRI,0.5242,820.3,2668.0,869.8,2749.7,49.5,81.7,0.4656,0.4656,TP,0.3,1.8089,,,,hayir,,,reports/hafta7_fp_protokolu.md,test,157,tahminler_taban512_hafta7.csv,tahminler_model512.csv,0.3,0.52,1.8089,0.3,0.5,0.1,8,512,110,55,20260913,"Esikler, katsayilar ve ornek buyuklukleri KARARDIR; olcumden turetilmedi. Ayrinti protokol dosyasinda.",3.13.1,8.4.144,0.12.6,2.14.0,2026-09-13 10:08:36,scripts/25_esit_fp_adaylari.py
taban_00426,Taban-512,train_ZRI_2065_JPG.rf.830ac62cc7542ba9b85d03b76e773cef.jpg,ZRI,0.4722,741.1,935.3,824.8,979.2,83.7,43.9,0.6959,0.6959,TP,0.3,1.8089,,,,hayir,,,reports/hafta7_fp_protokolu.md,test,157,tahminler_taban512_hafta7.csv,tahminler_model512.csv,0.3,0.52,1.8089,0.3,0.5,0.1,8,512,110,55,20260913,"Esikler, katsayilar ve ornek buyuklukleri KARARDIR; olcumden turetilmedi. Ayrinti protokol dosyasinda.",3.13.1,8.4.144,0.12.6,2.14.0,2026-09-13 10:08:36,scripts/25_esit_fp_adaylari.py
taban_00427,Taban-512,train_ZRI_2065_JPG.rf.830ac62cc7542ba9b85d03b76e773cef.jpg,ZRI,0.4621,918.6,2488.1,1038.9,2523.2,120.3,35.1,0.0,,FP,0.3,1.8089,,,,hayir,,,reports/hafta7_fp_protokolu.md,test,157,tahminler_taban512_hafta7.csv,tahminler_model512.csv,0.3,0.52,1.8089,0.3,0.5,0.1,8,512,110,55,20260913,"Esikler, katsayilar ve ornek buyuklukleri KARARDIR; olcumden turetilmedi. Ayrinti protokol dosyasinda.",3.13.1,8.4.144,0.12.6,2.14.0,2026-09-13 10:08:36,scripts/25_esit_fp_adaylari.py
taban_00428,Taban-512,train_ZRI_2065_JPG.rf.830ac62cc7542ba9b85d03b76e773cef.jpg,ZRI,0.4516,964.9,134.7,1080.0,279.5,115.1,144.8,0.0,,FP,0.3,1.8089,,,,hayir,,,reports/hafta7_fp_protokolu.md,test,157,tahminler_taban512_hafta7.csv,tahminler_model512.csv,0.3,0.52,1.8089,0.3,0.5,0.1,8,512,110,55,20260913,"Esikler, katsayilar ve ornek buyuklukleri KARARDIR; olcumden turetilmedi. Ayrinti protokol dosyasinda.",3.13.1,8.4.144,0.12.6,2.14.0,2026-09-13 10:08:36,scripts/25_esit_fp_adaylari.py
taban_00429,Taban-512,train_ZRI_2065_JPG.rf.830ac62cc7542ba9b85d03b76e773cef.jpg,ZRI,0.4263,249.3,1346.2,357.5,1388.3,108.2,42.1,0.7012,0.7012,TP,0.3,1.8089,,,,hayir,,,reports/hafta7_fp_protokolu.md,test,157,tahminler_taban512_hafta7.csv,tahminler_model512.csv,0.3,0.52,1.8089,0.3,0.5,0.1,8,512,110,55,20260913,"Esikler, katsayilar ve ornek buyuklukleri KARARDIR; olcumden turetilmedi. Ayrinti protokol dosyasinda.",3.13.1,8.4.144,0.12.6,2.14.0,2026-09-13 10:08:36,scripts/25_esit_fp_adaylari.py
taban_00430,Taban-512,train_ZRI_2065_JPG.rf.830ac62cc7542ba9b85d03b76e773cef.jpg,ZRI,0.3089,410.1,150.1,443.0,195.5,32.9,45.4,0.1778,,FP,0.3,1.8089,,,,hayir,,,reports/hafta7_fp_protokolu.md,test,157,tahminler_taban512_hafta7.csv,tahminler_model512.csv,0.3,0.52,1.8089,0.3,0.5,0.1,8,512,110,55,20260913,"Esikler, katsayilar ve ornek buyuklukleri KARARDIR; olcumden turetilmedi. Ayrinti protokol dosyasinda.",3.13.1,8.4.144,0.12.6,2.14.0,2026-09-13 10:08:36,scripts/25_esit_fp_adaylari.py
taban_00431,Taban-512,train_ZRI_2066_JPG.rf.6c0b5d1549d2bce7c67ce607ffb519ee.jpg,ZRI,0.767,1764.8,31.1,1809.5,102.2,44.7,71.1,0.656,0.656,TP,0.3,1.8089,,,,hayir,,,reports/hafta7_fp_protokolu.md,test,157,tahminler_taban512_hafta7.csv,tahminler_model512.csv,0.3,0.52,1.8089,0.3,0.5,0.1,8,512,110,55,20260913,"Esikler, katsayilar ve ornek buyuklukleri KARARDIR; olcumden turetilmedi. Ayrinti protokol dosyasinda.",3.13.1,8.4.144,0.12.6,2.14.0,2026-09-13 10:08:36,scripts/25_esit_fp_adaylari.py
taban_00432,Taban-512,train_ZRI_2066_JPG.rf.6c0b5d1549d2bce7c67ce607ffb519ee.jpg,ZRI,0.7414,392.0,555.2,486.8,646.7,94.8,91.5,0.9125,0.9125,TP,0.3,1.8089,,,,hayir,,,reports/hafta7_fp_protokolu.md,test,157,tahminler_taban512_hafta7.csv,tahminler_model512.csv,0.3,0.52,1.8089,0.3,0.5,0.1,8,512,110,55,20260913,"Esikler, katsayilar ve ornek buyuklukleri KARARDIR; olcumden turetilmedi. Ayrinti protokol dosyasinda.",3.13.1,8.4.144,0.12.6,2.14.0,2026-09-13 10:08:36,scripts/25_esit_fp_adaylari.py
taban_00433,Taban-512,train_ZRI_2066_JPG.rf.6c0b5d1549d2bce7c67ce607ffb519ee.jpg,ZRI,0.6744,1965.4,0.2,2000.3,44.2,34.9,44.0,0.0,,FP,0.3,1.8089,,,,hayir,,,reports/hafta7_fp_protokolu.md,test,157,tahminler_taban512_hafta7.csv,tahminler_model512.csv,0.3,0.52,1.8089,0.3,0.5,0.1,8,512,110,55,20260913,"Esikler, katsayilar ve ornek buyuklukleri KARARDIR; olcumden turetilmedi. Ayrinti protokol dosyasinda.",3.13.1,8.4.144,0.12.6,2.14.0,2026-09-13 10:08:36,scripts/25_esit_fp_adaylari.py
taban_00434,Taban-512,train_ZRI_2066_JPG.rf.6c0b5d1549d2bce7c67ce607ffb519ee.jpg,ZRI,0.6734,464.2,438.3,511.8,488.6,47.6,50.3,0.3654,0.3654,TP,0.3,1.8089,,,,hayir,,,reports/hafta7_fp_protokolu.md,test,157,tahminler_taban512_hafta7.csv,tahminler_model512.csv,0.3,0.52,1.8089,0.3,0.5,0.1,8,512,110,55,20260913,"Esikler, katsayilar ve ornek buyuklukleri KARARDIR; olcumden turetilmedi. Ayrinti protokol dosyasinda.",3.13.1,8.4.144,0.12.6,2.14.0,2026-09-13 10:08:36,scripts/25_esit_fp_adaylari.py
taban_00435,Taban-512,train_ZRI_2066_JPG.rf.6c0b5d1549d2bce7c67ce607ffb519ee.jpg,ZRI,0.6411,831.4,1407.9,911.2,1462.3,79.8,54.4,0.7561,0.7561,TP,0.3,1.8089,,,,hayir,,,reports/hafta7_fp_protokolu.md,test,157,tahminler_taban512_hafta7.csv,tahminler_model512.csv,0.3,0.52,1.8089,0.3,0.5,0.1,8,512,110,55,20260913,"Esikler, katsayilar ve ornek buyuklukleri KARARDIR; olcumden turetilmedi. Ayrinti protokol dosyasinda.",3.13.1,8.4.144,0.12.6,2.14.0,2026-09-13 10:08:36,scripts/25_esit_fp_adaylari.py
taban_00436,Taban-512,train_ZRI_2066_JPG.rf.6c0b5d1549d2bce7c67ce607ffb519ee.jpg,ZRI,0.6195,848.3,1014.7,1006.8,1080.9,158.5,66.2,0.3618,0.3618,TP,0.3,1.8089,,,,hayir,,,reports/hafta7_fp_protokolu.md,test,157,tahminler_taban512_hafta7.csv,tahminler_model512.csv,0.3,0.52,1.8089,0.3,0.5,0.1,8,512,110,55,20260913,"Esikler, katsayilar ve ornek buyuklukleri KARARDIR; olcumden turetilmedi. Ayrinti protokol dosyasinda.",3.13.1,8.4.144,0.12.6,2.14.0,2026-09-13 10:08:36,scripts/25_esit_fp_adaylari.py
taban_00437,Taban-512,train_ZRI_2066_JPG.rf.6c0b5d1549d2bce7c67ce607ffb519ee.jpg,ZRI,0.6153,1110.6,2454.9,1221.1,2561.9,110.5,107.0,0.0,,FP,0.3,1.8089,,a0296,a0383,evet,Taban-512/ZRI,0.2402,reports/hafta7_fp_protokolu.md,test,157,tahminler_taban512_hafta7.csv,tahminler_model512.csv,0.3,0.52,1.8089,0.3,0.5,0.1,8,512,110,55,20260913,"Esikler, katsayilar ve ornek buyuklukleri KARARDIR; olcumden turetilmedi. Ayrinti protokol dosyasinda.",3.13.1,8.4.144,0.12.6,2.14.0,2026-09-13 10:08:36,scripts/25_esit_fp_adaylari.py
taban_00438,Taban-512,train_ZRI_2066_JPG.rf.6c0b5d1549d2bce7c67ce607ffb519ee.jpg,ZRI,0.6074,813.5,1341.6,895.1,1395.6,81.6,54.0,0.8641,0.8641,TP,0.3,1.8089,,,,hayir,,,reports/hafta7_fp_protokolu.md,test,157,tahminler_taban512_hafta7.csv,tahminler_model512.csv,0.3,0.52,1.8089,0.3,0.5,0.1,8,512,110,55,20260913,"Esikler, katsayilar ve ornek buyuklukleri KARARDIR; olcumden turetilmedi. Ayrinti protokol dosyasinda.",3.13.1,8.4.144,0.12.6,2.14.0,2026-09-13 10:08:36,scripts/25_esit_fp_adaylari.py
taban_00439,Taban-512,train_ZRI_2066_JPG.rf.6c0b5d1549d2bce7c67ce607ffb519ee.jpg,ZRI,0.6055,848.2,1014.8,921.7,1073.6,73.5,58.8,0.8321,,FP,0.3,1.8089,,,,hayir,,,reports/hafta7_fp_protokolu.md,test,157,tahminler_taban512_hafta7.csv,tahminler_model512.csv,0.3,0.52,1.8089,0.3,0.5,0.1,8,512,110,55,20260913,"Esikler, katsayilar ve ornek buyuklukleri KARARDIR; olcumden turetilmedi. Ayrinti protokol dosyasinda.",3.13.1,8.4.144,0.12.6,2.14.0,2026-09-13 10:08:36,scripts/25_esit_fp_adaylari.py
taban_00440,Taban-512,train_ZRI_2066_JPG.rf.6c0b5d1549d2bce7c67ce607ffb519ee.jpg,ZRI,0.5946,465.3,446.3,543.7,499.5,78.4,53.2,0.6366,,FP,0.3,1.8089,,,,hayir,,,reports/hafta7_fp_protokolu.md,test,157,tahminler_taban512_hafta7.csv,tahminler_model512.csv,0.3,0.52,1.8089,0.3,0.5,0.1,8,512,110,55,20260913,"Esikler, katsayilar ve ornek buyuklukleri KARARDIR; olcumden turetilmedi. Ayrinti protokol dosyasinda.",3.13.1,8.4.144,0.12.6,2.14.0,2026-09-13 10:08:36,scripts/25_esit_fp_adaylari.py
taban_00441,Taban-512,train_ZRI_2066_JPG.rf.6c0b5d1549d2bce7c67ce607ffb519ee.jpg,ZRI,0.4722,3582.5,0.1,3660.6,39.7,78.1,39.6,0.0,,FP,0.3,1.8089,,,,hayir,,,reports/hafta7_fp_protokolu.md,test,157,tahminler_taban512_hafta7.csv,tahminler_model512.csv,0.3,0.52,1.8089,0.3,0.5,0.1,8,512,110,55,20260913,"Esikler, katsayilar ve ornek buyuklukleri KARARDIR; olcumden turetilmedi. Ayrinti protokol dosyasinda.",3.13.1,8.4.144,0.12.6,2.14.0,2026-09-13 10:08:36,scripts/25_esit_fp_adaylari.py
taban_00442,Taban-512,train_ZRI_2066_JPG.rf.6c0b5d1549d2bce7c67ce607ffb519ee.jpg,ZRI,0.3979,532.6,310.2,583.6,375.6,51.0,65.4,0.0,,FP,0.3,1.8089,,,,hayir,,,reports/hafta7_fp_protokolu.md,test,157,tahminler_taban512_hafta7.csv,tahminler_model512.csv,0.3,0.52,1.8089,0.3,0.5,0.1,8,512,110,55,20260913,"Esikler, katsayilar ve ornek buyuklukleri KARARDIR; olcumden turetilmedi. Ayrinti protokol dosyasinda.",3.13.1,8.4.144,0.12.6,2.14.0,2026-09-13 10:08:36,scripts/25_esit_fp_adaylari.py
taban_00443,Taban-512,train_ZRI_2066_JPG.rf.6c0b5d1549d2bce7c67ce607ffb519ee.jpg,ZRI,0.3473,368.9,624.2,461.0,684.7,92.1,60.5,0.8436,0.8436,TP,0.3,1.8089,,,,hayir,,,reports/hafta7_fp_protokolu.md,test,157,tahminler_taban512_hafta7.csv,tahminler_model512.csv,0.3,0.52,1.8089,0.3,0.5,0.1,8,512,110,55,20260913,"Esikler, katsayilar ve ornek buyuklukleri KARARDIR; olcumden turetilmedi. Ayrinti protokol dosyasinda.",3.13.1,8.4.144,0.12.6,2.14.0,2026-09-13 10:08:36,scripts/25_esit_fp_adaylari.py
taban_00444,Taban-512,train_ZRI_2069_JPG.rf.6a409d8c56d0318e69673369fd6d2678.jpg,ZRI,0.7594,1082.2,904.1,1139.3,968.9,57.1,64.8,0.6857,0.6857,TP,0.3,1.8089,,,,hayir,,,reports/hafta7_fp_protokolu.md,test,157,tahminler_taban512_hafta7.csv,tahminler_model512.csv,0.3,0.52,1.8089,0.3,0.5,0.1,8,512,110,55,20260913,"Esikler, katsayilar ve ornek buyuklukleri KARARDIR; olcumden turetilmedi. Ayrinti protokol dosyasinda.",3.13.1,8.4.144,0.12.6,2.14.0,2026-09-13 10:08:36,scripts/25_esit_fp_adaylari.py
taban_00445,Taban-512,train_ZRI_2069_JPG.rf.6a409d8c56d0318e69673369fd6d2678.jpg,ZRI,0.749,2073.0,1888.5,2108.1,1949.7,35.1,61.2,0.8118,0.8118,TP,0.3,1.8089,,,,hayir,,,reports/hafta7_fp_protokolu.md,test,157,tahminler_taban512_hafta7.csv,tahminler_model512.csv,0.3,0.52,1.8089,0.3,0.5,0.1,8,512,110,55,20260913,"Esikler, katsayilar ve ornek buyuklukleri KARARDIR; olcumden turetilmedi. Ayrinti protokol dosyasinda.",3.13.1,8.4.144,0.12.6,2.14.0,2026-09-13 10:08:36,scripts/25_esit_fp_adaylari.py
taban_00446,Taban-512,train_ZRI_2069_JPG.rf.6a409d8c56d0318e69673369fd6d2678.jpg,ZRI,0.7117,2492.7,179.9,2527.8,227.5,35.1,47.6,0.5328,0.5328,TP,0.3,1.8089,,,,hayir,,,reports/hafta7_fp_protokolu.md,test,157,tahminler_taban512_hafta7.csv,tahminler_model512.csv,0.3,0.52,1.8089,0.3,0.5,0.1,8,512,110,55,20260913,"Esikler, katsayilar ve ornek buyuklukleri KARARDIR; olcumden turetilmedi. Ayrinti protokol dosyasinda.",3.13.1,8.4.144,0.12.6,2.14.0,2026-09-13 10:08:36,scripts/25_esit_fp_adaylari.py
taban_00447,Taban-512,train_ZRI_2069_JPG.rf.6a409d8c56d0318e69673369fd6d2678.jpg,ZRI,0.6923,3810.8,2512.8,3910.0,2646.1,99.2,133.3,0.6125,0.6125,TP,0.3,1.8089,,,,hayir,,,reports/hafta7_fp_protokolu.md,test,157,tahminler_taban512_hafta7.csv,tahminler_model512.csv,0.3,0.52,1.8089,0.3,0.5,0.1,8,512,110,55,20260913,"Esikler, katsayilar ve ornek buyuklukleri KARARDIR; olcumden turetilmedi. Ayrinti protokol dosyasinda.",3.13.1,8.4.144,0.12.6,2.14.0,2026-09-13 10:08:36,scripts/25_esit_fp_adaylari.py
taban_00448,Taban-512,train_ZRI_2069_JPG.rf.6a409d8c56d0318e69673369fd6d2678.jpg,ZRI,0.4242,1084.0,904.0,1132.8,921.7,48.8,17.7,0.1601,,FP,0.3,1.8089,,a0301,a0022,evet,Taban-512/ZRI,0.2402,reports/hafta7_fp_protokolu.md,test,157,tahminler_taban512_hafta7.csv,tahminler_model512.csv,0.3,0.52,1.8089,0.3,0.5,0.1,8,512,110,55,20260913,"Esikler, katsayilar ve ornek buyuklukleri KARARDIR; olcumden turetilmedi. Ayrinti protokol dosyasinda.",3.13.1,8.4.144,0.12.6,2.14.0,2026-09-13 10:08:36,scripts/25_esit_fp_adaylari.py
taban_00449,Taban-512,train_ZRI_2069_JPG.rf.6a409d8c56d0318e69673369fd6d2678.jpg,ZRI,0.3567,2250.9,2218.3,2341.7,2312.1,90.8,93.8,0.0,,FP,0.3,1.8089,,a0006,a0036,evet,Taban-512/ZRI,0.2402,reports/hafta7_fp_protokolu.md,test,157,tahminler_taban512_hafta7.csv,tahminler_model512.csv,0.3,0.52,1.8089,0.3,0.5,0.1,8,512,110,55,20260913,"Esikler, katsayilar ve ornek buyuklukleri KARARDIR; olcumden turetilmedi. Ayrinti protokol dosyasinda.",3.13.1,8.4.144,0.12.6,2.14.0,2026-09-13 10:08:36,scripts/25_esit_fp_adaylari.py
taban_00450,Taban-512,train_ZRI_2069_JPG.rf.6a409d8c56d0318e69673369fd6d2678.jpg,ZRI,0.304,2264.1,1988.4,2324.7,2056.3,60.6,67.9,0.895,0.895,TP,0.3,1.8089,,,,hayir,,,reports/hafta7_fp_protokolu.md,test,157,tahminler_taban512_hafta7.csv,tahminler_model512.csv,0.3,0.52,1.8089,0.3,0.5,0.1,8,512,110,55,20260913,"Esikler, katsayilar ve ornek buyuklukleri KARARDIR; olcumden turetilmedi. Ayrinti protokol dosyasinda.",3.13.1,8.4.144,0.12.6,2.14.0,2026-09-13 10:08:36,scripts/25_esit_fp_adaylari.py
taban_00451,Taban-512,train_ZRI_2071_JPG.rf.fcdb961ab586bb519156035e5c925048.jpg,ZRI,0.7235,2237.0,492.1,2278.9,552.0,41.9,59.9,0.6803,0.6803,TP,0.3,1.8089,,,,hayir,,,reports/hafta7_fp_protokolu.md,test,157,tahminler_taban512_hafta7.csv,tahminler_model512.csv,0.3,0.52,1.8089,0.3,0.5,0.1,8,512,110,55,20260913,"Esikler, katsayilar ve ornek buyuklukleri KARARDIR; olcumden turetilmedi. Ayrinti protokol dosyasinda.",3.13.1,8.4.144,0.12.6,2.14.0,2026-09-13 10:08:36,scripts/25_esit_fp_adaylari.py
taban_00452,Taban-512,train_ZRI_2071_JPG.rf.fcdb961ab586bb519156035e5c925048.jpg,ZRI,0.7185,2112.7,672.7,2145.6,719.3,32.9,46.6,0.8405,0.8405,TP,0.3,1.8089,,,,hayir,,,reports/hafta7_fp_protokolu.md,test,157,tahminler_taban512_hafta7.csv,tahminler_model512.csv,0.3,0.52,1.8089,0.3,0.5,0.1,8,512,110,55,20260913,"Esikler, katsayilar ve ornek buyuklukleri KARARDIR; olcumden turetilmedi. Ayrinti protokol dosyasinda.",3.13.1,8.4.144,0.12.6,2.14.0,2026-09-13 10:08:36,scripts/25_esit_fp_adaylari.py
taban_00453,Taban-512,train_ZRI_2071_JPG.rf.fcdb961ab586bb519156035e5c925048.jpg,ZRI,0.5819,2593.2,905.2,2623.2,954.8,30.0,49.6,0.6937,0.6937,TP,0.3,1.8089,,,,hayir,,,reports/hafta7_fp_protokolu.md,test,157,tahminler_taban512_hafta7.csv,tahminler_model512.csv,0.3,0.52,1.8089,0.3,0.5,0.1,8,512,110,55,20260913,"Esikler, katsayilar ve ornek buyuklukleri KARARDIR; olcumden turetilmedi. Ayrinti protokol dosyasinda.",3.13.1,8.4.144,0.12.6,2.14.0,2026-09-13 10:08:36,scripts/25_esit_fp_adaylari.py
taban_00454,Taban-512,train_ZRI_2071_JPG.rf.fcdb961ab586bb519156035e5c925048.jpg,ZRI,0.5646,1971.4,272.1,2015.0,332.1,43.6,60.0,0.8568,0.8568,TP,0.3,1.8089,,,,hayir,,,reports/hafta7_fp_protokolu.md,test,157,tahminler_taban512_hafta7.csv,tahminler_model512.csv,0.3,0.52,1.8089,0.3,0.5,0.1,8,512,110,55,20260913,"Esikler, katsayilar ve ornek buyuklukleri KARARDIR; olcumden turetilmedi. Ayrinti protokol dosyasinda.",3.13.1,8.4.144,0.12.6,2.14.0,2026-09-13 10:08:36,scripts/25_esit_fp_adaylari.py
taban_00455,Taban-512,train_ZRI_2071_JPG.rf.fcdb961ab586bb519156035e5c925048.jpg,ZRI,0.4182,1968.0,34.3,2053.8,158.9,85.8,124.6,0.0,,FP,0.3,1.8089,,,,hayir,,,reports/hafta7_fp_protokolu.md,test,157,tahminler_taban512_hafta7.csv,tahminler_model512.csv,0.3,0.52,1.8089,0.3,0.5,0.1,8,512,110,55,20260913,"Esikler, katsayilar ve ornek buyuklukleri KARARDIR; olcumden turetilmedi. Ayrinti protokol dosyasinda.",3.13.1,8.4.144,0.12.6,2.14.0,2026-09-13 10:08:36,scripts/25_esit_fp_adaylari.py
taban_00456,Taban-512,train_ZRI_2071_JPG.rf.fcdb961ab586bb519156035e5c925048.jpg,ZRI,0.3258,1554.5,0.2,1601.3,25.9,46.8,25.7,0.0,,FP,0.3,1.8089,,,,hayir,,,reports/hafta7_fp_protokolu.md,test,157,tahminler_taban512_hafta7.csv,tahminler_model512.csv,0.3,0.52,1.8089,0.3,0.5,0.1,8,512,110,55,20260913,"Esikler, katsayilar ve ornek buyuklukleri KARARDIR; olcumden turetilmedi. Ayrinti protokol dosyasinda.",3.13.1,8.4.144,0.12.6,2.14.0,2026-09-13 10:08:36,scripts/25_esit_fp_adaylari.py
taban_00457,Taban-512,train_ZRI_2077_JPG.rf.4d76c4ca04fa80302c2f7619779966c5.jpg,ZRI,0.5094,0.1,513.2,64.8,565.9,64.7,52.7,0.0,,FP,0.3,1.8089,,,,hayir,,,reports/hafta7_fp_protokolu.md,test,157,tahminler_taban512_hafta7.csv,tahminler_model512.csv,0.3,0.52,1.8089,0.3,0.5,0.1,8,512,110,55,20260913,"Esikler, katsayilar ve ornek buyuklukleri KARARDIR; olcumden turetilmedi. Ayrinti protokol dosyasinda.",3.13.1,8.4.144,0.12.6,2.14.0,2026-09-13 10:08:36,scripts/25_esit_fp_adaylari.py
taban_00458,Taban-512,train_ZRI_2077_JPG.rf.4d76c4ca04fa80302c2f7619779966c5.jpg,ZRI,0.4138,1661.4,497.0,1702.6,561.6,41.2,64.6,0.6975,0.6975,TP,0.3,1.8089,,,,hayir,,,reports/hafta7_fp_protokolu.md,test,157,tahminler_taban512_hafta7.csv,tahminler_model512.csv,0.3,0.52,1.8089,0.3,0.5,0.1,8,512,110,55,20260913,"Esikler, katsayilar ve ornek buyuklukleri KARARDIR; olcumden turetilmedi. Ayrinti protokol dosyasinda.",3.13.1,8.4.144,0.12.6,2.14.0,2026-09-13 10:08:36,scripts/25_esit_fp_adaylari.py
taban_00459,Taban-512,train_ZRI_2077_JPG.rf.4d76c4ca04fa80302c2f7619779966c5.jpg,ZRI,0.3993,2680.8,272.4,2746.3,352.0,65.5,79.6,0.6271,0.6271,TP,0.3,1.8089,,,,hayir,,,reports/hafta7_fp_protokolu.md,test,157,tahminler_taban512_hafta7.csv,tahminler_model512.csv,0.3,0.52,1.8089,0.3,0.5,0.1,8,512,110,55,20260913,"Esikler, katsayilar ve ornek buyuklukleri KARARDIR; olcumden turetilmedi. Ayrinti protokol dosyasinda.",3.13.1,8.4.144,0.12.6,2.14.0,2026-09-13 10:08:36,scripts/25_esit_fp_adaylari.py
taban_00460,Taban-512,train_ZRI_2077_JPG.rf.4d76c4ca04fa80302c2f7619779966c5.jpg,ZRI,0.3909,1568.4,379.5,1635.3,503.8,66.9,124.3,0.4507,0.4507,TP,0.3,1.8089,,,,hayir,,,reports/hafta7_fp_protokolu.md,test,157,tahminler_taban512_hafta7.csv,tahminler_model512.csv,0.3,0.52,1.8089,0.3,0.5,0.1,8,512,110,55,20260913,"Esikler, katsayilar ve ornek buyuklukleri KARARDIR; olcumden turetilmedi. Ayrinti protokol dosyasinda.",3.13.1,8.4.144,0.12.6,2.14.0,2026-09-13 10:08:36,scripts/25_esit_fp_adaylari.py
taban_00461,Taban-512,train_ZRI_2087_JPG.rf.25e89ef6f3583ab049f69cd7ff8a86f7.jpg,ZRI,0.4182,341.6,555.0,428.3,688.3,86.7,133.3,0.3564,0.3564,TP,0.3,1.8089,,,,hayir,,,reports/hafta7_fp_protokolu.md,test,157,tahminler_taban512_hafta7.csv,tahminler_model512.csv,0.3,0.52,1.8089,0.3,0.5,0.1,8,512,110,55,20260913,"Esikler, katsayilar ve ornek buyuklukleri KARARDIR; olcumden turetilmedi. Ayrinti protokol dosyasinda.",3.13.1,8.4.144,0.12.6,2.14.0,2026-09-13 10:08:36,scripts/25_esit_fp_adaylari.py
taban_00462,Taban-512,train_ZRI_2087_JPG.rf.25e89ef6f3583ab049f69cd7ff8a86f7.jpg,ZRI,0.3395,638.7,0.0,747.9,78.9,109.2,78.9,0.0,,FP,0.3,1.8089,,a0292,a0021,evet,Taban-512/ZRI,0.2402,reports/hafta7_fp_protokolu.md,test,157,tahminler_taban512_hafta7.csv,tahminler_model512.csv,0.3,0.52,1.8089,0.3,0.5,0.1,8,512,110,55,20260913,"Esikler, katsayilar ve ornek buyuklukleri KARARDIR; olcumden turetilmedi. Ayrinti protokol dosyasinda.",3.13.1,8.4.144,0.12.6,2.14.0,2026-09-13 10:08:36,scripts/25_esit_fp_adaylari.py
taban_00463,Taban-512,train_ZRI_3001_JPG.rf.87934c388c284001e56188d171bf0641.jpg,ZRI,0.727,338.5,2096.3,453.8,2174.0,115.3,77.7,0.6569,0.6569,TP,0.3,1.8089,,,,hayir,,,reports/hafta7_fp_protokolu.md,test,157,tahminler_taban512_hafta7.csv,tahminler_model512.csv,0.3,0.52,1.8089,0.3,0.5,0.1,8,512,110,55,20260913,"Esikler, katsayilar ve ornek buyuklukleri KARARDIR; olcumden turetilmedi. Ayrinti protokol dosyasinda.",3.13.1,8.4.144,0.12.6,2.14.0,2026-09-13 10:08:36,scripts/25_esit_fp_adaylari.py
taban_00464,Taban-512,train_ZRI_3001_JPG.rf.87934c388c284001e56188d171bf0641.jpg,ZRI,0.6144,1350.2,1458.3,1438.9,1519.7,88.7,61.4,0.7726,0.7726,TP,0.3,1.8089,,,,hayir,,,reports/hafta7_fp_protokolu.md,test,157,tahminler_taban512_hafta7.csv,tahminler_model512.csv,0.3,0.52,1.8089,0.3,0.5,0.1,8,512,110,55,20260913,"Esikler, katsayilar ve ornek buyuklukleri KARARDIR; olcumden turetilmedi. Ayrinti protokol dosyasinda.",3.13.1,8.4.144,0.12.6,2.14.0,2026-09-13 10:08:36,scripts/25_esit_fp_adaylari.py
taban_00465,Taban-512,train_ZRI_3001_JPG.rf.87934c388c284001e56188d171bf0641.jpg,ZRI,0.5365,2870.2,2822.0,2924.3,2888.1,54.1,66.1,0.518,0.518,TP,0.3,1.8089,,,,hayir,,,reports/hafta7_fp_protokolu.md,test,157,tahminler_taban512_hafta7.csv,tahminler_model512.csv,0.3,0.52,1.8089,0.3,0.5,0.1,8,512,110,55,20260913,"Esikler, katsayilar ve ornek buyuklukleri KARARDIR; olcumden turetilmedi. Ayrinti protokol dosyasinda.",3.13.1,8.4.144,0.12.6,2.14.0,2026-09-13 10:08:36,scripts/25_esit_fp_adaylari.py
taban_00466,Taban-512,train_ZRI_3001_JPG.rf.87934c388c284001e56188d171bf0641.jpg,ZRI,0.536,3621.5,1640.2,3704.8,1680.2,83.3,40.0,0.6427,0.6427,TP,0.3,1.8089,,,,hayir,,,reports/hafta7_fp_protokolu.md,test,157,tahminler_taban512_hafta7.csv,tahminler_model512.csv,0.3,0.52,1.8089,0.3,0.5,0.1,8,512,110,55,20260913,"Esikler, katsayilar ve ornek buyuklukleri KARARDIR; olcumden turetilmedi. Ayrinti protokol dosyasinda.",3.13.1,8.4.144,0.12.6,2.14.0,2026-09-13 10:08:36,scripts/25_esit_fp_adaylari.py
taban_00467,Taban-512,train_ZRI_3001_JPG.rf.87934c388c284001e56188d171bf0641.jpg,ZRI,0.5282,462.3,2961.4,543.7,2999.7,81.4,38.3,0.0,,FP,0.3,1.8089,,,,hayir,,,reports/hafta7_fp_protokolu.md,test,157,tahminler_taban512_hafta7.csv,tahminler_model512.csv,0.3,0.52,1.8089,0.3,0.5,0.1,8,512,110,55,20260913,"Esikler, katsayilar ve ornek buyuklukleri KARARDIR; olcumden turetilmedi. Ayrinti protokol dosyasinda.",3.13.1,8.4.144,0.12.6,2.14.0,2026-09-13 10:08:36,scripts/25_esit_fp_adaylari.py
taban_00468,Taban-512,train_ZRI_3001_JPG.rf.87934c388c284001e56188d171bf0641.jpg,ZRI,0.5015,284.4,2656.8,356.6,2719.4,72.2,62.6,0.0,,FP,0.3,1.8089,,,,hayir,,,reports/hafta7_fp_protokolu.md,test,157,tahminler_taban512_hafta7.csv,tahminler_model512.csv,0.3,0.52,1.8089,0.3,0.5,0.1,8,512,110,55,20260913,"Esikler, katsayilar ve ornek buyuklukleri KARARDIR; olcumden turetilmedi. Ayrinti protokol dosyasinda.",3.13.1,8.4.144,0.12.6,2.14.0,2026-09-13 10:08:36,scripts/25_esit_fp_adaylari.py
taban_00469,Taban-512,train_ZRI_3001_JPG.rf.87934c388c284001e56188d171bf0641.jpg,ZRI,0.4245,2954.5,2050.1,3022.7,2075.2,68.2,25.1,0.4778,0.4778,TP,0.3,1.8089,,,,hayir,,,reports/hafta7_fp_protokolu.md,test,157,tahminler_taban512_hafta7.csv,tahminler_model512.csv,0.3,0.52,1.8089,0.3,0.5,0.1,8,512,110,55,20260913,"Esikler, katsayilar ve ornek buyuklukleri KARARDIR; olcumden turetilmedi. Ayrinti protokol dosyasinda.",3.13.1,8.4.144,0.12.6,2.14.0,2026-09-13 10:08:36,scripts/25_esit_fp_adaylari.py
taban_00470,Taban-512,train_ZRI_3001_JPG.rf.87934c388c284001e56188d171bf0641.jpg,ZRI,0.3723,1010.7,2250.7,1049.9,2301.4,39.2,50.7,0.0,,FP,0.3,1.8089,,a0321,a0055,evet,Taban-512/ZRI,0.2402,reports/hafta7_fp_protokolu.md,test,157,tahminler_taban512_hafta7.csv,tahminler_model512.csv,0.3,0.52,1.8089,0.3,0.5,0.1,8,512,110,55,20260913,"Esikler, katsayilar ve ornek buyuklukleri KARARDIR; olcumden turetilmedi. Ayrinti protokol dosyasinda.",3.13.1,8.4.144,0.12.6,2.14.0,2026-09-13 10:08:36,scripts/25_esit_fp_adaylari.py
taban_00471,Taban-512,train_ZRI_3001_JPG.rf.87934c388c284001e56188d171bf0641.jpg,ZRI,0.325,3304.5,2608.4,3353.9,2647.3,49.4,38.9,0.0,,FP,0.3,1.8089,,a0347,a0432,evet,Taban-512/ZRI,0.2402,reports/hafta7_fp_protokolu.md,test,157,tahminler_taban512_hafta7.csv,tahminler_model512.csv,0.3,0.52,1.8089,0.3,0.5,0.1,8,512,110,55,20260913,"Esikler, katsayilar ve ornek buyuklukleri KARARDIR; olcumden turetilmedi. Ayrinti protokol dosyasinda.",3.13.1,8.4.144,0.12.6,2.14.0,2026-09-13 10:08:36,scripts/25_esit_fp_adaylari.py
taban_00472,Taban-512,train_ZRI_3002_JPG.rf.419b179d91d72e79b60547b3c2bfdfb1.jpg,ZRI,0.5631,2894.4,2815.4,2971.8,2935.5,77.4,120.1,0.7811,0.7811,TP,0.3,1.8089,,,,hayir,,,reports/hafta7_fp_protokolu.md,test,157,tahminler_taban512_hafta7.csv,tahminler_model512.csv,0.3,0.52,1.8089,0.3,0.5,0.1,8,512,110,55,20260913,"Esikler, katsayilar ve ornek buyuklukleri KARARDIR; olcumden turetilmedi. Ayrinti protokol dosyasinda.",3.13.1,8.4.144,0.12.6,2.14.0,2026-09-13 10:08:36,scripts/25_esit_fp_adaylari.py
taban_00473,Taban-512,train_ZRI_3002_JPG.rf.419b179d91d72e79b60547b3c2bfdfb1.jpg,ZRI,0.5479,3280.1,1197.7,3358.3,1303.4,78.2,105.7,0.4621,0.4621,TP,0.3,1.8089,,,,hayir,,,reports/hafta7_fp_protokolu.md,test,157,tahminler_taban512_hafta7.csv,tahminler_model512.csv,0.3,0.52,1.8089,0.3,0.5,0.1,8,512,110,55,20260913,"Esikler, katsayilar ve ornek buyuklukleri KARARDIR; olcumden turetilmedi. Ayrinti protokol dosyasinda.",3.13.1,8.4.144,0.12.6,2.14.0,2026-09-13 10:08:36,scripts/25_esit_fp_adaylari.py
taban_00474,Taban-512,train_ZRI_3002_JPG.rf.419b179d91d72e79b60547b3c2bfdfb1.jpg,ZRI,0.3479,3153.9,2377.0,3253.9,2456.3,100.0,79.3,0.8111,0.8111,TP,0.3,1.8089,,,,hayir,,,reports/hafta7_fp_protokolu.md,test,157,tahminler_taban512_hafta7.csv,tahminler_model512.csv,0.3,0.52,1.8089,0.3,0.5,0.1,8,512,110,55,20260913,"Esikler, katsayilar ve ornek buyuklukleri KARARDIR; olcumden turetilmedi. Ayrinti protokol dosyasinda.",3.13.1,8.4.144,0.12.6,2.14.0,2026-09-13 10:08:36,scripts/25_esit_fp_adaylari.py
taban_00475,Taban-512,train_ZRI_3002_JPG.rf.419b179d91d72e79b60547b3c2bfdfb1.jpg,ZRI,0.3022,1330.6,2254.5,1408.7,2337.2,78.1,82.7,0.6224,0.6224,TP,0.3,1.8089,,,,hayir,,,reports/hafta7_fp_protokolu.md,test,157,tahminler_taban512_hafta7.csv,tahminler_model512.csv,0.3,0.52,1.8089,0.3,0.5,0.1,8,512,110,55,20260913,"Esikler, katsayilar ve ornek buyuklukleri KARARDIR; olcumden turetilmedi. Ayrinti protokol dosyasinda.",3.13.1,8.4.144,0.12.6,2.14.0,2026-09-13 10:08:36,scripts/25_esit_fp_adaylari.py
taban_00476,Taban-512,train_ZRI_3002_JPG.rf.419b179d91d72e79b60547b3c2bfdfb1.jpg,ZRI,0.3016,81.8,1403.2,224.6,1463.6,142.8,60.4,0.8702,0.8702,TP,0.3,1.8089,,,,hayir,,,reports/hafta7_fp_protokolu.md,test,157,tahminler_taban512_hafta7.csv,tahminler_model512.csv,0.3,0.52,1.8089,0.3,0.5,0.1,8,512,110,55,20260913,"Esikler, katsayilar ve ornek buyuklukleri KARARDIR; olcumden turetilmedi. Ayrinti protokol dosyasinda.",3.13.1,8.4.144,0.12.6,2.14.0,2026-09-13 10:08:36,scripts/25_esit_fp_adaylari.py
taban_00477,Taban-512,train_ZRI_3003_JPG.rf.d28000a3014df2b27372c17bb2d7b1f4.jpg,ZRI,0.7353,1937.3,2680.3,2006.5,2740.8,69.2,60.5,0.8358,0.8358,TP,0.3,1.8089,,,,hayir,,,reports/hafta7_fp_protokolu.md,test,157,tahminler_taban512_hafta7.csv,tahminler_model512.csv,0.3,0.52,1.8089,0.3,0.5,0.1,8,512,110,55,20260913,"Esikler, katsayilar ve ornek buyuklukleri KARARDIR; olcumden turetilmedi. Ayrinti protokol dosyasinda.",3.13.1,8.4.144,0.12.6,2.14.0,2026-09-13 10:08:36,scripts/25_esit_fp_adaylari.py
taban_00478,Taban-512,train_ZRI_3003_JPG.rf.d28000a3014df2b27372c17bb2d7b1f4.jpg,ZRI,0.5071,3600.9,2511.6,3702.2,2561.7,101.3,50.1,0.7214,0.7214,TP,0.3,1.8089,,,,hayir,,,reports/hafta7_fp_protokolu.md,test,157,tahminler_taban512_hafta7.csv,tahminler_model512.csv,0.3,0.52,1.8089,0.3,0.5,0.1,8,512,110,55,20260913,"Esikler, katsayilar ve ornek buyuklukleri KARARDIR; olcumden turetilmedi. Ayrinti protokol dosyasinda.",3.13.1,8.4.144,0.12.6,2.14.0,2026-09-13 10:08:36,scripts/25_esit_fp_adaylari.py
taban_00479,Taban-512,train_ZRI_3003_JPG.rf.d28000a3014df2b27372c17bb2d7b1f4.jpg,ZRI,0.4309,2050.1,1507.7,2111.8,1604.9,61.7,97.2,0.3603,0.3603,TP,0.3,1.8089,,,,hayir,,,reports/hafta7_fp_protokolu.md,test,157,tahminler_taban512_hafta7.csv,tahminler_model512.csv,0.3,0.52,1.8089,0.3,0.5,0.1,8,512,110,55,20260913,"Esikler, katsayilar ve ornek buyuklukleri KARARDIR; olcumden turetilmedi. Ayrinti protokol dosyasinda.",3.13.1,8.4.144,0.12.6,2.14.0,2026-09-13 10:08:36,scripts/25_esit_fp_adaylari.py
taban_00480,Taban-512,train_ZRI_3003_JPG.rf.d28000a3014df2b27372c17bb2d7b1f4.jpg,ZRI,0.3741,1976.5,1507.4,2113.3,1619.7,136.8,112.3,0.8836,,FP,0.3,1.8089,,,,hayir,,,reports/hafta7_fp_protokolu.md,test,157,tahminler_taban512_hafta7.csv,tahminler_model512.csv,0.3,0.52,1.8089,0.3,0.5,0.1,8,512,110,55,20260913,"Esikler, katsayilar ve ornek buyuklukleri KARARDIR; olcumden turetilmedi. Ayrinti protokol dosyasinda.",3.13.1,8.4.144,0.12.6,2.14.0,2026-09-13 10:08:36,scripts/25_esit_fp_adaylari.py
taban_00481,Taban-512,train_ZRI_3004_JPG.rf.478fe98972b9067b88a1482ac43c1599.jpg,ZRI,0.6429,1840.9,0.2,1886.5,144.4,45.6,144.2,0.0,,FP,0.3,1.8089,,,,hayir,,,reports/hafta7_fp_protokolu.md,test,157,tahminler_taban512_hafta7.csv,tahminler_model512.csv,0.3,0.52,1.8089,0.3,0.5,0.1,8,512,110,55,20260913,"Esikler, katsayilar ve ornek buyuklukleri KARARDIR; olcumden turetilmedi. Ayrinti protokol dosyasinda.",3.13.1,8.4.144,0.12.6,2.14.0,2026-09-13 10:08:36,scripts/25_esit_fp_adaylari.py
taban_00482,Taban-512,train_ZRI_3004_JPG.rf.478fe98972b9067b88a1482ac43c1599.jpg,ZRI,0.5557,2748.4,1694.5,2882.0,1808.0,133.6,113.5,0.9104,0.9104,TP,0.3,1.8089,,,,hayir,,,reports/hafta7_fp_protokolu.md,test,157,tahminler_taban512_hafta7.csv,tahminler_model512.csv,0.3,0.52,1.8089,0.3,0.5,0.1,8,512,110,55,20260913,"Esikler, katsayilar ve ornek buyuklukleri KARARDIR; olcumden turetilmedi. Ayrinti protokol dosyasinda.",3.13.1,8.4.144,0.12.6,2.14.0,2026-09-13 10:08:36,scripts/25_esit_fp_adaylari.py
taban_00483,Taban-512,train_ZRI_3004_JPG.rf.478fe98972b9067b88a1482ac43c1599.jpg,ZRI,0.4369,2651.0,703.6,2722.3,792.5,71.3,88.9,0.845,0.845,TP,0.3,1.8089,,,,hayir,,,reports/hafta7_fp_protokolu.md,test,157,tahminler_taban512_hafta7.csv,tahminler_model512.csv,0.3,0.52,1.8089,0.3,0.5,0.1,8,512,110,55,20260913,"Esikler, katsayilar ve ornek buyuklukleri KARARDIR; olcumden turetilmedi. Ayrinti protokol dosyasinda.",3.13.1,8.4.144,0.12.6,2.14.0,2026-09-13 10:08:36,scripts/25_esit_fp_adaylari.py
taban_00484,Taban-512,train_ZRI_3004_JPG.rf.478fe98972b9067b88a1482ac43c1599.jpg,ZRI,0.4097,2904.9,1230.2,2971.6,1294.4,66.7,64.2,0.8471,0.8471,TP,0.3,1.8089,,,,hayir,,,reports/hafta7_fp_protokolu.md,test,157,tahminler_taban512_hafta7.csv,tahminler_model512.csv,0.3,0.52,1.8089,0.3,0.5,0.1,8,512,110,55,20260913,"Esikler, katsayilar ve ornek buyuklukleri KARARDIR; olcumden turetilmedi. Ayrinti protokol dosyasinda.",3.13.1,8.4.144,0.12.6,2.14.0,2026-09-13 10:08:36,scripts/25_esit_fp_adaylari.py
taban_00485,Taban-512,train_ZRI_3005_JPG.rf.8f1c33d04181cef15f01d0171934347d.jpg,ZRI,0.7908,1734.4,724.8,1857.6,839.6,123.2,114.8,0.9506,0.9506,TP,0.3,1.8089,,,,hayir,,,reports/hafta7_fp_protokolu.md,test,157,tahminler_taban512_hafta7.csv,tahminler_model512.csv,0.3,0.52,1.8089,0.3,0.5,0.1,8,512,110,55,20260913,"Esikler, katsayilar ve ornek buyuklukleri KARARDIR; olcumden turetilmedi. Ayrinti protokol dosyasinda.",3.13.1,8.4.144,0.12.6,2.14.0,2026-09-13 10:08:36,scripts/25_esit_fp_adaylari.py
taban_00486,Taban-512,train_ZRI_3005_JPG.rf.8f1c33d04181cef15f01d0171934347d.jpg,ZRI,0.6673,2898.4,540.7,2958.0,623.9,59.6,83.2,0.8981,0.8981,TP,0.3,1.8089,,,,hayir,,,reports/hafta7_fp_protokolu.md,test,157,tahminler_taban512_hafta7.csv,tahminler_model512.csv,0.3,0.52,1.8089,0.3,0.5,0.1,8,512,110,55,20260913,"Esikler, katsayilar ve ornek buyuklukleri KARARDIR; olcumden turetilmedi. Ayrinti protokol dosyasinda.",3.13.1,8.4.144,0.12.6,2.14.0,2026-09-13 10:08:36,scripts/25_esit_fp_adaylari.py
taban_00487,Taban-512,train_ZRI_3005_JPG.rf.8f1c33d04181cef15f01d0171934347d.jpg,ZRI,0.4637,3583.6,575.5,3696.3,707.5,112.7,132.0,0.5292,0.5292,TP,0.3,1.8089,,,,hayir,,,reports/hafta7_fp_protokolu.md,test,157,tahminler_taban512_hafta7.csv,tahminler_model512.csv,0.3,0.52,1.8089,0.3,0.5,0.1,8,512,110,55,20260913,"Esikler, katsayilar ve ornek buyuklukleri KARARDIR; olcumden turetilmedi. Ayrinti protokol dosyasinda.",3.13.1,8.4.144,0.12.6,2.14.0,2026-09-13 10:08:36,scripts/25_esit_fp_adaylari.py
taban_00488,Taban-512,train_ZRI_3006_JPG.rf.bf10ed09f4f2ac910abbb51be21dcaca.jpg,ZRI,0.6483,1699.0,1914.0,1718.4,1940.8,19.4,26.8,0.2407,,FP,0.3,1.8089,,,,hayir,,,reports/hafta7_fp_protokolu.md,test,157,tahminler_taban512_hafta7.csv,tahminler_model512.csv,0.3,0.52,1.8089,0.3,0.5,0.1,8,512,110,55,20260913,"Esikler, katsayilar ve ornek buyuklukleri KARARDIR; olcumden turetilmedi. Ayrinti protokol dosyasinda.",3.13.1,8.4.144,0.12.6,2.14.0,2026-09-13 10:08:36,scripts/25_esit_fp_adaylari.py
taban_00489,Taban-512,train_ZRI_3006_JPG.rf.bf10ed09f4f2ac910abbb51be21dcaca.jpg,ZRI,0.6127,1748.9,708.2,1870.3,823.2,121.4,115.0,0.9563,0.9563,TP,0.3,1.8089,,,,hayir,,,reports/hafta7_fp_protokolu.md,test,157,tahminler_taban512_hafta7.csv,tahminler_model512.csv,0.3,0.52,1.8089,0.3,0.5,0.1,8,512,110,55,20260913,"Esikler, katsayilar ve ornek buyuklukleri KARARDIR; olcumden turetilmedi. Ayrinti protokol dosyasinda.",3.13.1,8.4.144,0.12.6,2.14.0,2026-09-13 10:08:36,scripts/25_esit_fp_adaylari.py
taban_00490,Taban-512,train_ZRI_3006_JPG.rf.bf10ed09f4f2ac910abbb51be21dcaca.jpg,ZRI,0.436,2907.2,530.5,2968.1,615.9,60.9,85.4,0.7968,0.7968,TP,0.3,1.8089,,,,hayir,,,reports/hafta7_fp_protokolu.md,test,157,tahminler_taban512_hafta7.csv,tahminler_model512.csv,0.3,0.52,1.8089,0.3,0.5,0.1,8,512,110,55,20260913,"Esikler, katsayilar ve ornek buyuklukleri KARARDIR; olcumden turetilmedi. Ayrinti protokol dosyasinda.",3.13.1,8.4.144,0.12.6,2.14.0,2026-09-13 10:08:36,scripts/25_esit_fp_adaylari.py
taban_00491,Taban-512,train_ZRI_3006_JPG.rf.bf10ed09f4f2ac910abbb51be21dcaca.jpg,ZRI,0.4195,2742.0,1223.9,2815.7,1303.5,73.7,79.6,0.8716,0.8716,TP,0.3,1.8089,,,,hayir,,,reports/hafta7_fp_protokolu.md,test,157,tahminler_taban512_hafta7.csv,tahminler_model512.csv,0.3,0.52,1.8089,0.3,0.5,0.1,8,512,110,55,20260913,"Esikler, katsayilar ve ornek buyuklukleri KARARDIR; olcumden turetilmedi. Ayrinti protokol dosyasinda.",3.13.1,8.4.144,0.12.6,2.14.0,2026-09-13 10:08:36,scripts/25_esit_fp_adaylari.py
taban_00492,Taban-512,train_ZRI_3006_JPG.rf.bf10ed09f4f2ac910abbb51be21dcaca.jpg,ZRI,0.409,2407.8,1150.9,2488.3,1213.4,80.5,62.5,0.9232,0.9232,TP,0.3,1.8089,,,,hayir,,,reports/hafta7_fp_protokolu.md,test,157,tahminler_taban512_hafta7.csv,tahminler_model512.csv,0.3,0.52,1.8089,0.3,0.5,0.1,8,512,110,55,20260913,"Esikler, katsayilar ve ornek buyuklukleri KARARDIR; olcumden turetilmedi. Ayrinti protokol dosyasinda.",3.13.1,8.4.144,0.12.6,2.14.0,2026-09-13 10:08:36,scripts/25_esit_fp_adaylari.py
taban_00493,Taban-512,train_ZRI_3006_JPG.rf.bf10ed09f4f2ac910abbb51be21dcaca.jpg,ZRI,0.3792,2157.3,211.0,2224.0,282.8,66.7,71.8,0.782,0.782,TP,0.3,1.8089,,,,hayir,,,reports/hafta7_fp_protokolu.md,test,157,tahminler_taban512_hafta7.csv,tahminler_model512.csv,0.3,0.52,1.8089,0.3,0.5,0.1,8,512,110,55,20260913,"Esikler, katsayilar ve ornek buyuklukleri KARARDIR; olcumden turetilmedi. Ayrinti protokol dosyasinda.",3.13.1,8.4.144,0.12.6,2.14.0,2026-09-13 10:08:36,scripts/25_esit_fp_adaylari.py
taban_00494,Taban-512,train_ZRI_3007_JPG.rf.9aaa808230b7b9af324a301c05899671.jpg,ZRI,0.649,2081.1,462.9,2123.7,549.2,42.6,86.3,0.9227,0.9227,TP,0.3,1.8089,,,,hayir,,,reports/hafta7_fp_protokolu.md,test,157,tahminler_taban512_hafta7.csv,tahminler_model512.csv,0.3,0.52,1.8089,0.3,0.5,0.1,8,512,110,55,20260913,"Esikler, katsayilar ve ornek buyuklukleri KARARDIR; olcumden turetilmedi. Ayrinti protokol dosyasinda.",3.13.1,8.4.144,0.12.6,2.14.0,2026-09-13 10:08:36,scripts/25_esit_fp_adaylari.py
taban_00495,Taban-512,train_ZRI_3007_JPG.rf.9aaa808230b7b9af324a301c05899671.jpg,ZRI,0.6355,2658.1,327.2,2732.0,409.9,73.9,82.7,0.5969,0.5969,TP,0.3,1.8089,,,,hayir,,,reports/hafta7_fp_protokolu.md,test,157,tahminler_taban512_hafta7.csv,tahminler_model512.csv,0.3,0.52,1.8089,0.3,0.5,0.1,8,512,110,55,20260913,"Esikler, katsayilar ve ornek buyuklukleri KARARDIR; olcumden turetilmedi. Ayrinti protokol dosyasinda.",3.13.1,8.4.144,0.12.6,2.14.0,2026-09-13 10:08:36,scripts/25_esit_fp_adaylari.py
taban_00496,Taban-512,train_ZRI_3007_JPG.rf.9aaa808230b7b9af324a301c05899671.jpg,ZRI,0.517,1787.6,760.6,1853.7,806.0,66.1,45.4,0.8389,0.8389,TP,0.3,1.8089,,,,hayir,,,reports/hafta7_fp_protokolu.md,test,157,tahminler_taban512_hafta7.csv,tahminler_model512.csv,0.3,0.52,1.8089,0.3,0.5,0.1,8,512,110,55,20260913,"Esikler, katsayilar ve ornek buyuklukleri KARARDIR; olcumden turetilmedi. Ayrinti protokol dosyasinda.",3.13.1,8.4.144,0.12.6,2.14.0,2026-09-13 10:08:36,scripts/25_esit_fp_adaylari.py
taban_00497,Taban-512,train_ZRI_3007_JPG.rf.9aaa808230b7b9af324a301c05899671.jpg,ZRI,0.4034,1697.7,2527.2,1741.8,2592.4,44.1,65.2,0.325,0.325,TP,0.3,1.8089,,,,hayir,,,reports/hafta7_fp_protokolu.md,test,157,tahminler_taban512_hafta7.csv,tahminler_model512.csv,0.3,0.52,1.8089,0.3,0.5,0.1,8,512,110,55,20260913,"Esikler, katsayilar ve ornek buyuklukleri KARARDIR; olcumden turetilmedi. Ayrinti protokol dosyasinda.",3.13.1,8.4.144,0.12.6,2.14.0,2026-09-13 10:08:36,scripts/25_esit_fp_adaylari.py
taban_00498,Taban-512,train_ZRI_3007_JPG.rf.9aaa808230b7b9af324a301c05899671.jpg,ZRI,0.38,2760.2,1383.5,2863.0,1472.8,102.8,89.3,0.4425,0.4425,TP,0.3,1.8089,,,,hayir,,,reports/hafta7_fp_protokolu.md,test,157,tahminler_taban512_hafta7.csv,tahminler_model512.csv,0.3,0.52,1.8089,0.3,0.5,0.1,8,512,110,55,20260913,"Esikler, katsayilar ve ornek buyuklukleri KARARDIR; olcumden turetilmedi. Ayrinti protokol dosyasinda.",3.13.1,8.4.144,0.12.6,2.14.0,2026-09-13 10:08:36,scripts/25_esit_fp_adaylari.py
taban_00499,Taban-512,train_ZRI_3007_JPG.rf.9aaa808230b7b9af324a301c05899671.jpg,ZRI,0.3632,1302.6,1640.2,1366.7,1696.9,64.1,56.7,0.5994,0.5994,TP,0.3,1.8089,,,,hayir,,,reports/hafta7_fp_protokolu.md,test,157,tahminler_taban512_hafta7.csv,tahminler_model512.csv,0.3,0.52,1.8089,0.3,0.5,0.1,8,512,110,55,20260913,"Esikler, katsayilar ve ornek buyuklukleri KARARDIR; olcumden turetilmedi. Ayrinti protokol dosyasinda.",3.13.1,8.4.144,0.12.6,2.14.0,2026-09-13 10:08:36,scripts/25_esit_fp_adaylari.py
taban_00500,Taban-512,train_ZRI_3007_JPG.rf.9aaa808230b7b9af324a301c05899671.jpg,ZRI,0.3433,2360.4,2373.0,2420.8,2470.9,60.4,97.9,0.8767,0.8767,TP,0.3,1.8089,,,,hayir,,,reports/hafta7_fp_protokolu.md,test,157,tahminler_taban512_hafta7.csv,tahminler_model512.csv,0.3,0.52,1.8089,0.3,0.5,0.1,8,512,110,55,20260913,"Esikler, katsayilar ve ornek buyuklukleri KARARDIR; olcumden turetilmedi. Ayrinti protokol dosyasinda.",3.13.1,8.4.144,0.12.6,2.14.0,2026-09-13 10:08:36,scripts/25_esit_fp_adaylari.py
taban_00501,Taban-512,train_ZRI_3007_JPG.rf.9aaa808230b7b9af324a301c05899671.jpg,ZRI,0.3203,2010.0,2180.8,2090.4,2250.8,80.4,70.0,0.682,0.682,TP,0.3,1.8089,,,,hayir,,,reports/hafta7_fp_protokolu.md,test,157,tahminler_taban512_hafta7.csv,tahminler_model512.csv,0.3,0.52,1.8089,0.3,0.5,0.1,8,512,110,55,20260913,"Esikler, katsayilar ve ornek buyuklukleri KARARDIR; olcumden turetilmedi. Ayrinti protokol dosyasinda.",3.13.1,8.4.144,0.12.6,2.14.0,2026-09-13 10:08:36,scripts/25_esit_fp_adaylari.py
taban_00502,Taban-512,train_ZRI_3008_JPG.rf.183af878bc7881b534b79d94d74b2f23.jpg,ZRI,0.7134,2662.2,472.2,2712.6,511.8,50.4,39.6,0.2778,,FP,0.3,1.8089,,,,hayir,,,reports/hafta7_fp_protokolu.md,test,157,tahminler_taban512_hafta7.csv,tahminler_model512.csv,0.3,0.52,1.8089,0.3,0.5,0.1,8,512,110,55,20260913,"Esikler, katsayilar ve ornek buyuklukleri KARARDIR; olcumden turetilmedi. Ayrinti protokol dosyasinda.",3.13.1,8.4.144,0.12.6,2.14.0,2026-09-13 10:08:36,scripts/25_esit_fp_adaylari.py
taban_00503,Taban-512,train_ZRI_3008_JPG.rf.183af878bc7881b534b79d94d74b2f23.jpg,ZRI,0.6777,2754.8,1531.8,2853.1,1613.7,98.3,81.9,0.4564,0.4564,TP,0.3,1.8089,,,,hayir,,,reports/hafta7_fp_protokolu.md,test,157,tahminler_taban512_hafta7.csv,tahminler_model512.csv,0.3,0.52,1.8089,0.3,0.5,0.1,8,512,110,55,20260913,"Esikler, katsayilar ve ornek buyuklukleri KARARDIR; olcumden turetilmedi. Ayrinti protokol dosyasinda.",3.13.1,8.4.144,0.12.6,2.14.0,2026-09-13 10:08:36,scripts/25_esit_fp_adaylari.py
taban_00504,Taban-512,train_ZRI_3008_JPG.rf.183af878bc7881b534b79d94d74b2f23.jpg,ZRI,0.5533,2925.5,2636.5,3014.0,2708.1,88.5,71.6,0.9175,0.9175,TP,0.3,1.8089,,,,hayir,,,reports/hafta7_fp_protokolu.md,test,157,tahminler_taban512_hafta7.csv,tahminler_model512.csv,0.3,0.52,1.8089,0.3,0.5,0.1,8,512,110,55,20260913,"Esikler, katsayilar ve ornek buyuklukleri KARARDIR; olcumden turetilmedi. Ayrinti protokol dosyasinda.",3.13.1,8.4.144,0.12.6,2.14.0,2026-09-13 10:08:36,scripts/25_esit_fp_adaylari.py
taban_00505,Taban-512,train_ZRI_3008_JPG.rf.183af878bc7881b534b79d94d74b2f23.jpg,ZRI,0.501,1774.6,916.7,1842.0,960.4,67.4,43.7,0.8305,0.8305,TP,0.3,1.8089,,,,hayir,,,reports/hafta7_fp_protokolu.md,test,157,tahminler_taban512_hafta7.csv,tahminler_model512.csv,0.3,0.52,1.8089,0.3,0.5,0.1,8,512,110,55,20260913,"Esikler, katsayilar ve ornek buyuklukleri KARARDIR; olcumden turetilmedi. Ayrinti protokol dosyasinda.",3.13.1,8.4.144,0.12.6,2.14.0,2026-09-13 10:08:36,scripts/25_esit_fp_adaylari.py
taban_00506,Taban-512,train_ZRI_3008_JPG.rf.183af878bc7881b534b79d94d74b2f23.jpg,ZRI,0.4537,2066.3,615.2,2118.9,700.9,52.6,85.7,0.6802,0.6802,TP,0.3,1.8089,,,,hayir,,,reports/hafta7_fp_protokolu.md,test,157,tahminler_taban512_hafta7.csv,tahminler_model512.csv,0.3,0.52,1.8089,0.3,0.5,0.1,8,512,110,55,20260913,"Esikler, katsayilar ve ornek buyuklukleri KARARDIR; olcumden turetilmedi. Ayrinti protokol dosyasinda.",3.13.1,8.4.144,0.12.6,2.14.0,2026-09-13 10:08:36,scripts/25_esit_fp_adaylari.py
taban_00507,Taban-512,train_ZRI_3008_JPG.rf.183af878bc7881b534b79d94d74b2f23.jpg,ZRI,0.3993,2014.6,2333.9,2094.5,2402.0,79.9,68.1,0.9121,0.9121,TP,0.3,1.8089,,,,hayir,,,reports/hafta7_fp_protokolu.md,test,157,tahminler_taban512_hafta7.csv,tahminler_model512.csv,0.3,0.52,1.8089,0.3,0.5,0.1,8,512,110,55,20260913,"Esikler, katsayilar ve ornek buyuklukleri KARARDIR; olcumden turetilmedi. Ayrinti protokol dosyasinda.",3.13.1,8.4.144,0.12.6,2.14.0,2026-09-13 10:08:36,scripts/25_esit_fp_adaylari.py
taban_00508,Taban-512,train_ZRI_3008_JPG.rf.183af878bc7881b534b79d94d74b2f23.jpg,ZRI,0.393,2640.4,494.3,2661.4,511.8,21.0,17.5,0.086,,FP,0.3,1.8089,,,,hayir,,,reports/hafta7_fp_protokolu.md,test,157,tahminler_taban512_hafta7.csv,tahminler_model512.csv,0.3,0.52,1.8089,0.3,0.5,0.1,8,512,110,55,20260913,"Esikler, katsayilar ve ornek buyuklukleri KARARDIR; olcumden turetilmedi. Ayrinti protokol dosyasinda.",3.13.1,8.4.144,0.12.6,2.14.0,2026-09-13 10:08:36,scripts/25_esit_fp_adaylari.py
taban_00509,Taban-512,train_ZRI_3009_JPG.rf.5a29177c9c62ef46d522a5cb0a8865da.jpg,ZRI,0.5838,3449.5,2352.7,3537.3,2432.2,87.8,79.5,0.6431,0.6431,TP,0.3,1.8089,,,,hayir,,,reports/hafta7_fp_protokolu.md,test,157,tahminler_taban512_hafta7.csv,tahminler_model512.csv,0.3,0.52,1.8089,0.3,0.5,0.1,8,512,110,55,20260913,"Esikler, katsayilar ve ornek buyuklukleri KARARDIR; olcumden turetilmedi. Ayrinti protokol dosyasinda.",3.13.1,8.4.144,0.12.6,2.14.0,2026-09-13 10:08:36,scripts/25_esit_fp_adaylari.py
taban_00510,Taban-512,train_ZRI_3009_JPG.rf.5a29177c9c62ef46d522a5cb0a8865da.jpg,ZRI,0.3321,2050.1,2831.5,2064.3,2868.9,14.2,37.4,0.0,,FP,0.3,1.8089,,,,hayir,,,reports/hafta7_fp_protokolu.md,test,157,tahminler_taban512_hafta7.csv,tahminler_model512.csv,0.3,0.52,1.8089,0.3,0.5,0.1,8,512,110,55,20260913,"Esikler, katsayilar ve ornek buyuklukleri KARARDIR; olcumden turetilmedi. Ayrinti protokol dosyasinda.",3.13.1,8.4.144,0.12.6,2.14.0,2026-09-13 10:08:36,scripts/25_esit_fp_adaylari.py
taban_00511,Taban-512,train_ZRI_3009_JPG.rf.5a29177c9c62ef46d522a5cb0a8865da.jpg,ZRI,0.3163,1380.5,1124.1,1416.4,1164.4,35.9,40.3,0.0,,FP,0.3,1.8089,,,,hayir,,,reports/hafta7_fp_protokolu.md,test,157,tahminler_taban512_hafta7.csv,tahminler_model512.csv,0.3,0.52,1.8089,0.3,0.5,0.1,8,512,110,55,20260913,"Esikler, katsayilar ve ornek buyuklukleri KARARDIR; olcumden turetilmedi. Ayrinti protokol dosyasinda.",3.13.1,8.4.144,0.12.6,2.14.0,2026-09-13 10:08:36,scripts/25_esit_fp_adaylari.py
taban_00512,Taban-512,train_ZRI_3010_JPG.rf.7d93f21911b164c740d9757de3848d4b.jpg,ZRI,0.6493,3488.6,2510.8,3584.6,2587.2,96.0,76.4,0.679,0.679,TP,0.3,1.8089,,,,hayir,,,reports/hafta7_fp_protokolu.md,test,157,tahminler_taban512_hafta7.csv,tahminler_model512.csv,0.3,0.52,1.8089,0.3,0.5,0.1,8,512,110,55,20260913,"Esikler, katsayilar ve ornek buyuklukleri KARARDIR; olcumden turetilmedi. Ayrinti protokol dosyasinda.",3.13.1,8.4.144,0.12.6,2.14.0,2026-09-13 10:08:36,scripts/25_esit_fp_adaylari.py
taban_00513,Taban-512,train_ZRI_3010_JPG.rf.7d93f21911b164c740d9757de3848d4b.jpg,ZRI,0.5023,1845.5,2520.6,1900.3,2561.7,54.8,41.1,0.0,,FP,0.3,1.8089,,,,hayir,,,reports/hafta7_fp_protokolu.md,test,157,tahminler_taban512_hafta7.csv,tahminler_model512.csv,0.3,0.52,1.8089,0.3,0.5,0.1,8,512,110,55,20260913,"Esikler, katsayilar ve ornek buyuklukleri KARARDIR; olcumden turetilmedi. Ayrinti protokol dosyasinda.",3.13.1,8.4.144,0.12.6,2.14.0,2026-09-13 10:08:36,scripts/25_esit_fp_adaylari.py
taban_00514,Taban-512,train_ZRI_3010_JPG.rf.7d93f21911b164c740d9757de3848d4b.jpg,ZRI,0.3455,2729.7,2050.1,2798.9,2079.7,69.2,29.6,0.3006,0.3006,TP,0.3,1.8089,,,,hayir,,,reports/hafta7_fp_protokolu.md,test,157,tahminler_taban512_hafta7.csv,tahminler_model512.csv,0.3,0.52,1.8089,0.3,0.5,0.1,8,512,110,55,20260913,"Esikler, katsayilar ve ornek buyuklukleri KARARDIR; olcumden turetilmedi. Ayrinti protokol dosyasinda.",3.13.1,8.4.144,0.12.6,2.14.0,2026-09-13 10:08:36,scripts/25_esit_fp_adaylari.py
taban_00515,Taban-512,train_ZRI_3011_JPG.rf.17d4eef4ec23427de8b43cec1a2f4bf7.jpg,ZRI,0.568,1856.8,2495.5,1940.8,2561.8,84.0,66.3,0.0,,FP,0.3,1.8089,,,,hayir,,,reports/hafta7_fp_protokolu.md,test,157,tahminler_taban512_hafta7.csv,tahminler_model512.csv,0.3,0.52,1.8089,0.3,0.5,0.1,8,512,110,55,20260913,"Esikler, katsayilar ve ornek buyuklukleri KARARDIR; olcumden turetilmedi. Ayrinti protokol dosyasinda.",3.13.1,8.4.144,0.12.6,2.14.0,2026-09-13 10:08:36,scripts/25_esit_fp_adaylari.py
taban_00516,Taban-512,train_ZRI_3011_JPG.rf.17d4eef4ec23427de8b43cec1a2f4bf7.jpg,ZRI,0.319,637.6,2925.1,666.7,2956.2,29.1,31.1,0.0,,FP,0.3,1.8089,,,,hayir,,,reports/hafta7_fp_protokolu.md,test,157,tahminler_taban512_hafta7.csv,tahminler_model512.csv,0.3,0.52,1.8089,0.3,0.5,0.1,8,512,110,55,20260913,"Esikler, katsayilar ve ornek buyuklukleri KARARDIR; olcumden turetilmedi. Ayrinti protokol dosyasinda.",3.13.1,8.4.144,0.12.6,2.14.0,2026-09-13 10:08:36,scripts/25_esit_fp_adaylari.py
taban_00517,Taban-512,train_ZRI_3012_JPG.rf.1e9e9801c76d218506e789eb7e0eb27c.jpg,ZRI,0.4331,3557.8,2488.1,3658.7,2541.5,100.9,53.4,0.7145,0.7145,TP,0.3,1.8089,,,,hayir,,,reports/hafta7_fp_protokolu.md,test,157,tahminler_taban512_hafta7.csv,tahminler_model512.csv,0.3,0.52,1.8089,0.3,0.5,0.1,8,512,110,55,20260913,"Esikler, katsayilar ve ornek buyuklukleri KARARDIR; olcumden turetilmedi. Ayrinti protokol dosyasinda.",3.13.1,8.4.144,0.12.6,2.14.0,2026-09-13 10:08:36,scripts/25_esit_fp_adaylari.py
taban_00518,Taban-512,train_ZRI_3012_JPG.rf.1e9e9801c76d218506e789eb7e0eb27c.jpg,ZRI,0.3406,1854.0,2488.7,1949.6,2561.8,95.6,73.1,0.0,,FP,0.3,1.8089,,,,hayir,,,reports/hafta7_fp_protokolu.md,test,157,tahminler_taban512_hafta7.csv,tahminler_model512.csv,0.3,0.52,1.8089,0.3,0.5,0.1,8,512,110,55,20260913,"Esikler, katsayilar ve ornek buyuklukleri KARARDIR; olcumden turetilmedi. Ayrinti protokol dosyasinda.",3.13.1,8.4.144,0.12.6,2.14.0,2026-09-13 10:08:36,scripts/25_esit_fp_adaylari.py
taban_00519,Taban-512,train_ZRI_3012_JPG.rf.1e9e9801c76d218506e789eb7e0eb27c.jpg,ZRI,0.3049,3727.8,1365.4,3846.2,1440.3,118.4,74.9,0.5777,0.5777,TP,0.3,1.8089,,,,hayir,,,reports/hafta7_fp_protokolu.md,test,157,tahminler_taban512_hafta7.csv,tahminler_model512.csv,0.3,0.52,1.8089,0.3,0.5,0.1,8,512,110,55,20260913,"Esikler, katsayilar ve ornek buyuklukleri KARARDIR; olcumden turetilmedi. Ayrinti protokol dosyasinda.",3.13.1,8.4.144,0.12.6,2.14.0,2026-09-13 10:08:36,scripts/25_esit_fp_adaylari.py
taban_00520,Taban-512,train_ZRI_3015_JPG.rf.b1e5f01a18e7e5febc08aebe16c4741c.jpg,ZRI,0.8648,3385.8,2877.9,3455.6,2968.7,69.8,90.8,0.6197,0.6197,TP,0.3,1.8089,,,,hayir,,,reports/hafta7_fp_protokolu.md,test,157,tahminler_taban512_hafta7.csv,tahminler_model512.csv,0.3,0.52,1.8089,0.3,0.5,0.1,8,512,110,55,20260913,"Esikler, katsayilar ve ornek buyuklukleri KARARDIR; olcumden turetilmedi. Ayrinti protokol dosyasinda.",3.13.1,8.4.144,0.12.6,2.14.0,2026-09-13 10:08:36,scripts/25_esit_fp_adaylari.py
taban_00521,Taban-512,train_ZRI_3015_JPG.rf.b1e5f01a18e7e5febc08aebe16c4741c.jpg,ZRI,0.8585,3248.2,1203.5,3311.3,1316.5,63.1,113.0,0.6389,0.6389,TP,0.3,1.8089,,,,hayir,,,reports/hafta7_fp_protokolu.md,test,157,tahminler_taban512_hafta7.csv,tahminler_model512.csv,0.3,0.52,1.8089,0.3,0.5,0.1,8,512,110,55,20260913,"Esikler, katsayilar ve ornek buyuklukleri KARARDIR; olcumden turetilmedi. Ayrinti protokol dosyasinda.",3.13.1,8.4.144,0.12.6,2.14.0,2026-09-13 10:08:36,scripts/25_esit_fp_adaylari.py
taban_00522,Taban-512,train_ZRI_3015_JPG.rf.b1e5f01a18e7e5febc08aebe16c4741c.jpg,ZRI,0.7064,1759.5,1449.6,1857.8,1562.7,98.3,113.1,0.9064,0.9064,TP,0.3,1.8089,,,,hayir,,,reports/hafta7_fp_protokolu.md,test,157,tahminler_taban512_hafta7.csv,tahminler_model512.csv,0.3,0.52,1.8089,0.3,0.5,0.1,8,512,110,55,20260913,"Esikler, katsayilar ve ornek buyuklukleri KARARDIR; olcumden turetilmedi. Ayrinti protokol dosyasinda.",3.13.1,8.4.144,0.12.6,2.14.0,2026-09-13 10:08:36,scripts/25_esit_fp_adaylari.py
taban_00523,Taban-512,train_ZRI_3015_JPG.rf.b1e5f01a18e7e5febc08aebe16c4741c.jpg,ZRI,0.6609,3522.1,2160.9,3605.9,2260.9,83.8,100.0,0.7744,0.7744,TP,0.3,1.8089,,,,hayir,,,reports/hafta7_fp_protokolu.md,test,157,tahminler_taban512_hafta7.csv,tahminler_model512.csv,0.3,0.52,1.8089,0.3,0.5,0.1,8,512,110,55,20260913,"Esikler, katsayilar ve ornek buyuklukleri KARARDIR; olcumden turetilmedi. Ayrinti protokol dosyasinda.",3.13.1,8.4.144,0.12.6,2.14.0,2026-09-13 10:08:36,scripts/25_esit_fp_adaylari.py
taban_00524,Taban-512,train_ZRI_3015_JPG.rf.b1e5f01a18e7e5febc08aebe16c4741c.jpg,ZRI,0.5322,3169.3,1901.3,3232.8,2035.9,63.5,134.6,0.7611,0.7611,TP,0.3,1.8089,,,,hayir,,,reports/hafta7_fp_protokolu.md,test,157,tahminler_taban512_hafta7.csv,tahminler_model512.csv,0.3,0.52,1.8089,0.3,0.5,0.1,8,512,110,55,20260913,"Esikler, katsayilar ve ornek buyuklukleri KARARDIR; olcumden turetilmedi. Ayrinti protokol dosyasinda.",3.13.1,8.4.144,0.12.6,2.14.0,2026-09-13 10:08:36,scripts/25_esit_fp_adaylari.py
taban_00525,Taban-512,train_ZRI_3015_JPG.rf.b1e5f01a18e7e5febc08aebe16c4741c.jpg,ZRI,0.4922,3561.7,1279.9,3646.4,1331.8,84.7,51.9,0.8456,0.8456,TP,0.3,1.8089,,,,hayir,,,reports/hafta7_fp_protokolu.md,test,157,tahminler_taban512_hafta7.csv,tahminler_model512.csv,0.3,0.52,1.8089,0.3,0.5,0.1,8,512,110,55,20260913,"Esikler, katsayilar ve ornek buyuklukleri KARARDIR; olcumden turetilmedi. Ayrinti protokol dosyasinda.",3.13.1,8.4.144,0.12.6,2.14.0,2026-09-13 10:08:36,scripts/25_esit_fp_adaylari.py
taban_00526,Taban-512,train_ZRI_3015_JPG.rf.b1e5f01a18e7e5febc08aebe16c4741c.jpg,ZRI,0.4207,3280.1,1230.3,3311.6,1317.1,31.5,86.8,0.1771,,FP,0.3,1.8089,,,,hayir,,,reports/hafta7_fp_protokolu.md,test,157,tahminler_taban512_hafta7.csv,tahminler_model512.csv,0.3,0.52,1.8089,0.3,0.5,0.1,8,512,110,55,20260913,"Esikler, katsayilar ve ornek buyuklukleri KARARDIR; olcumden turetilmedi. Ayrinti protokol dosyasinda.",3.13.1,8.4.144,0.12.6,2.14.0,2026-09-13 10:08:36,scripts/25_esit_fp_adaylari.py
taban_00527,Taban-512,train_ZRI_3015_JPG.rf.b1e5f01a18e7e5febc08aebe16c4741c.jpg,ZRI,0.4166,1882.5,429.8,1932.6,516.8,50.1,87.0,0.6609,0.6609,TP,0.3,1.8089,,,,hayir,,,reports/hafta7_fp_protokolu.md,test,157,tahminler_taban512_hafta7.csv,tahminler_model512.csv,0.3,0.52,1.8089,0.3,0.5,0.1,8,512,110,55,20260913,"Esikler, katsayilar ve ornek buyuklukleri KARARDIR; olcumden turetilmedi. Ayrinti protokol dosyasinda.",3.13.1,8.4.144,0.12.6,2.14.0,2026-09-13 10:08:36,scripts/25_esit_fp_adaylari.py
taban_00528,Taban-512,train_ZRI_3016_JPG.rf.e55d832df94150161e141df12c0b1999.jpg,ZRI,0.8541,1674.2,406.6,1724.6,487.0,50.4,80.4,0.867,0.867,TP,0.3,1.8089,,,,hayir,,,reports/hafta7_fp_protokolu.md,test,157,tahminler_taban512_hafta7.csv,tahminler_model512.csv,0.3,0.52,1.8089,0.3,0.5,0.1,8,512,110,55,20260913,"Esikler, katsayilar ve ornek buyuklukleri KARARDIR; olcumden turetilmedi. Ayrinti protokol dosyasinda.",3.13.1,8.4.144,0.12.6,2.14.0,2026-09-13 10:08:36,scripts/25_esit_fp_adaylari.py
taban_00529,Taban-512,train_ZRI_3016_JPG.rf.e55d832df94150161e141df12c0b1999.jpg,ZRI,0.5975,1640.0,441.6,1671.7,503.0,31.7,61.4,0.5885,0.5885,TP,0.3,1.8089,,,,hayir,,,reports/hafta7_fp_protokolu.md,test,157,tahminler_taban512_hafta7.csv,tahminler_model512.csv,0.3,0.52,1.8089,0.3,0.5,0.1,8,512,110,55,20260913,"Esikler, katsayilar ve ornek buyuklukleri KARARDIR; olcumden turetilmedi. Ayrinti protokol dosyasinda.",3.13.1,8.4.144,0.12.6,2.14.0,2026-09-13 10:08:36,scripts/25_esit_fp_adaylari.py
taban_00530,Taban-512,train_ZRI_3016_JPG.rf.e55d832df94150161e141df12c0b1999.jpg,ZRI,0.4652,2695.1,595.6,2756.8,678.6,61.7,83.0,0.5121,0.5121,TP,0.3,1.8089,,,,hayir,,,reports/hafta7_fp_protokolu.md,test,157,tahminler_taban512_hafta7.csv,tahminler_model512.csv,0.3,0.52,1.8089,0.3,0.5,0.1,8,512,110,55,20260913,"Esikler, katsayilar ve ornek buyuklukleri KARARDIR; olcumden turetilmedi. Ayrinti protokol dosyasinda.",3.13.1,8.4.144,0.12.6,2.14.0,2026-09-13 10:08:36,scripts/25_esit_fp_adaylari.py
taban_00531,Taban-512,train_ZRI_3016_JPG.rf.e55d832df94150161e141df12c0b1999.jpg,ZRI,0.4138,2870.1,158.5,2894.9,221.4,24.8,62.9,0.201,,FP,0.3,1.8089,,,,hayir,,,reports/hafta7_fp_protokolu.md,test,157,tahminler_taban512_hafta7.csv,tahminler_model512.csv,0.3,0.52,1.8089,0.3,0.5,0.1,8,512,110,55,20260913,"Esikler, katsayilar ve ornek buyuklukleri KARARDIR; olcumden turetilmedi. Ayrinti protokol dosyasinda.",3.13.1,8.4.144,0.12.6,2.14.0,2026-09-13 10:08:36,scripts/25_esit_fp_adaylari.py
taban_00532,Taban-512,train_ZRI_3016_JPG.rf.e55d832df94150161e141df12c0b1999.jpg,ZRI,0.3514,1578.5,169.8,1622.4,239.3,43.9,69.5,0.2565,,FP,0.3,1.8089,,,,hayir,,,reports/hafta7_fp_protokolu.md,test,157,tahminler_taban512_hafta7.csv,tahminler_model512.csv,0.3,0.52,1.8089,0.3,0.5,0.1,8,512,110,55,20260913,"Esikler, katsayilar ve ornek buyuklukleri KARARDIR; olcumden turetilmedi. Ayrinti protokol dosyasinda.",3.13.1,8.4.144,0.12.6,2.14.0,2026-09-13 10:08:36,scripts/25_esit_fp_adaylari.py
taban_00533,Taban-512,train_ZRI_3017_JPG.rf.5007898a1182a140b1486a2353f22912.jpg,ZRI,0.331,445.3,0.2,507.4,46.4,62.1,46.2,0.0,,FP,0.3,1.8089,,a0184,a0069,evet,Taban-512/ZRI,0.2402,reports/hafta7_fp_protokolu.md,test,157,tahminler_taban512_hafta7.csv,tahminler_model512.csv,0.3,0.52,1.8089,0.3,0.5,0.1,8,512,110,55,20260913,"Esikler, katsayilar ve ornek buyuklukleri KARARDIR; olcumden turetilmedi. Ayrinti protokol dosyasinda.",3.13.1,8.4.144,0.12.6,2.14.0,2026-09-13 10:08:36,scripts/25_esit_fp_adaylari.py
taban_00534,Taban-512,train_ZRI_3017_JPG.rf.5007898a1182a140b1486a2353f22912.jpg,ZRI,0.3023,1898.1,2533.8,1920.8,2560.4,22.7,26.6,0.0,,FP,0.3,1.8089,,,,hayir,,,reports/hafta7_fp_protokolu.md,test,157,tahminler_taban512_hafta7.csv,tahminler_model512.csv,0.3,0.52,1.8089,0.3,0.5,0.1,8,512,110,55,20260913,"Esikler, katsayilar ve ornek buyuklukleri KARARDIR; olcumden turetilmedi. Ayrinti protokol dosyasinda.",3.13.1,8.4.144,0.12.6,2.14.0,2026-09-13 10:08:36,scripts/25_esit_fp_adaylari.py
taban_00535,Taban-512,train_ZRI_3018_JPG.rf.7d3c3d9dd3130ea8882712a0ef220c3f.jpg,ZRI,0.4029,457.8,1126.4,511.8,1179.8,54.0,53.4,0.5846,0.5846,TP,0.3,1.8089,,,,hayir,,,reports/hafta7_fp_protokolu.md,test,157,tahminler_taban512_hafta7.csv,tahminler_model512.csv,0.3,0.52,1.8089,0.3,0.5,0.1,8,512,110,55,20260913,"Esikler, katsayilar ve ornek buyuklukleri KARARDIR; olcumden turetilmedi. Ayrinti protokol dosyasinda.",3.13.1,8.4.144,0.12.6,2.14.0,2026-09-13 10:08:36,scripts/25_esit_fp_adaylari.py
taban_00536,Taban-512,train_ZRI_3019_JPG.rf.0717ec5bd3af4d0e32b2c1de5e2575cf.jpg,ZRI,0.814,1325.9,299.0,1397.9,428.0,72.0,129.0,0.9068,0.9068,TP,0.3,1.8089,,,,hayir,,,reports/hafta7_fp_protokolu.md,test,157,tahminler_taban512_hafta7.csv,tahminler_model512.csv,0.3,0.52,1.8089,0.3,0.5,0.1,8,512,110,55,20260913,"Esikler, katsayilar ve ornek buyuklukleri KARARDIR; olcumden turetilmedi. Ayrinti protokol dosyasinda.",3.13.1,8.4.144,0.12.6,2.14.0,2026-09-13 10:08:36,scripts/25_esit_fp_adaylari.py
taban_00537,Taban-512,train_ZRI_3019_JPG.rf.0717ec5bd3af4d0e32b2c1de5e2575cf.jpg,ZRI,0.7627,3258.5,1454.6,3331.9,1516.5,73.4,61.9,0.898,0.898,TP,0.3,1.8089,,,,hayir,,,reports/hafta7_fp_protokolu.md,test,157,tahminler_taban512_hafta7.csv,tahminler_model512.csv,0.3,0.52,1.8089,0.3,0.5,0.1,8,512,110,55,20260913,"Esikler, katsayilar ve ornek buyuklukleri KARARDIR; olcumden turetilmedi. Ayrinti protokol dosyasinda.",3.13.1,8.4.144,0.12.6,2.14.0,2026-09-13 10:08:36,scripts/25_esit_fp_adaylari.py
taban_00538,Taban-512,train_ZRI_3019_JPG.rf.0717ec5bd3af4d0e32b2c1de5e2575cf.jpg,ZRI,0.6814,1228.3,1015.6,1285.7,1102.7,57.4,87.1,0.7071,0.7071,TP,0.3,1.8089,,,,hayir,,,reports/hafta7_fp_protokolu.md,test,157,tahminler_taban512_hafta7.csv,tahminler_model512.csv,0.3,0.52,1.8089,0.3,0.5,0.1,8,512,110,55,20260913,"Esikler, katsayilar ve ornek buyuklukleri KARARDIR; olcumden turetilmedi. Ayrinti protokol dosyasinda.",3.13.1,8.4.144,0.12.6,2.14.0,2026-09-13 10:08:36,scripts/25_esit_fp_adaylari.py
taban_00539,Taban-512,train_ZRI_3019_JPG.rf.0717ec5bd3af4d0e32b2c1de5e2575cf.jpg,ZRI,0.5971,2051.9,788.5,2139.7,881.0,87.8,92.5,0.7563,0.7563,TP,0.3,1.8089,,,,hayir,,,reports/hafta7_fp_protokolu.md,test,157,tahminler_taban512_hafta7.csv,tahminler_model512.csv,0.3,0.52,1.8089,0.3,0.5,0.1,8,512,110,55,20260913,"Esikler, katsayilar ve ornek buyuklukleri KARARDIR; olcumden turetilmedi. Ayrinti protokol dosyasinda.",3.13.1,8.4.144,0.12.6,2.14.0,2026-09-13 10:08:36,scripts/25_esit_fp_adaylari.py
taban_00540,Taban-512,train_ZRI_3019_JPG.rf.0717ec5bd3af4d0e32b2c1de5e2575cf.jpg,ZRI,0.5239,1975.0,1230.1,2035.8,1267.1,60.8,37.0,0.357,0.357,TP,0.3,1.8089,,,,hayir,,,reports/hafta7_fp_protokolu.md,test,157,tahminler_taban512_hafta7.csv,tahminler_model512.csv,0.3,0.52,1.8089,0.3,0.5,0.1,8,512,110,55,20260913,"Esikler, katsayilar ve ornek buyuklukleri KARARDIR; olcumden turetilmedi. Ayrinti protokol dosyasinda.",3.13.1,8.4.144,0.12.6,2.14.0,2026-09-13 10:08:36,scripts/25_esit_fp_adaylari.py
taban_00541,Taban-512,train_ZRI_3019_JPG.rf.0717ec5bd3af4d0e32b2c1de5e2575cf.jpg,ZRI,0.4565,2159.7,2270.1,2211.2,2323.0,51.5,52.9,0.6653,0.6653,TP,0.3,1.8089,,,,hayir,,,reports/hafta7_fp_protokolu.md,test,157,tahminler_taban512_hafta7.csv,tahminler_model512.csv,0.3,0.52,1.8089,0.3,0.5,0.1,8,512,110,55,20260913,"Esikler, katsayilar ve ornek buyuklukleri KARARDIR; olcumden turetilmedi. Ayrinti protokol dosyasinda.",3.13.1,8.4.144,0.12.6,2.14.0,2026-09-13 10:08:36,scripts/25_esit_fp_adaylari.py
taban_00542,Taban-512,train_ZRI_3019_JPG.rf.0717ec5bd3af4d0e32b2c1de5e2575cf.jpg,ZRI,0.4262,1326.5,410.0,1384.9,429.0,58.4,19.0,0.1117,,FP,0.3,1.8089,,a0114,a0129,evet,Taban-512/ZRI,0.2402,reports/hafta7_fp_protokolu.md,test,157,tahminler_taban512_hafta7.csv,tahminler_model512.csv,0.3,0.52,1.8089,0.3,0.5,0.1,8,512,110,55,20260913,"Esikler, katsayilar ve ornek buyuklukleri KARARDIR; olcumden turetilmedi. Ayrinti protokol dosyasinda.",3.13.1,8.4.144,0.12.6,2.14.0,2026-09-13 10:08:36,scripts/25_esit_fp_adaylari.py
taban_00543,Taban-512,train_ZRI_3019_JPG.rf.0717ec5bd3af4d0e32b2c1de5e2575cf.jpg,ZRI,0.4187,1960.1,2613.1,2048.4,2720.6,88.3,107.5,0.9589,0.9589,TP,0.3,1.8089,,,,hayir,,,reports/hafta7_fp_protokolu.md,test,157,tahminler_taban512_hafta7.csv,tahminler_model512.csv,0.3,0.52,1.8089,0.3,0.5,0.1,8,512,110,55,20260913,"Esikler, katsayilar ve ornek buyuklukleri KARARDIR; olcumden turetilmedi. Ayrinti protokol dosyasinda.",3.13.1,8.4.144,0.12.6,2.14.0,2026-09-13 10:08:36,scripts/25_esit_fp_adaylari.py
taban_00544,Taban-512,train_ZRI_3019_JPG.rf.0717ec5bd3af4d0e32b2c1de5e2575cf.jpg,ZRI,0.389,2944.5,1931.1,3041.8,2028.8,97.3,97.7,0.9544,0.9544,TP,0.3,1.8089,,,,hayir,,,reports/hafta7_fp_protokolu.md,test,157,tahminler_taban512_hafta7.csv,tahminler_model512.csv,0.3,0.52,1.8089,0.3,0.5,0.1,8,512,110,55,20260913,"Esikler, katsayilar ve ornek buyuklukleri KARARDIR; olcumden turetilmedi. Ayrinti protokol dosyasinda.",3.13.1,8.4.144,0.12.6,2.14.0,2026-09-13 10:08:36,scripts/25_esit_fp_adaylari.py
taban_00545,Taban-512,train_ZRI_3019_JPG.rf.0717ec5bd3af4d0e32b2c1de5e2575cf.jpg,ZRI,0.3721,3727.1,1283.8,3803.2,1411.8,76.1,128.0,0.9266,0.9266,TP,0.3,1.8089,,,,hayir,,,reports/hafta7_fp_protokolu.md,test,157,tahminler_taban512_hafta7.csv,tahminler_model512.csv,0.3,0.52,1.8089,0.3,0.5,0.1,8,512,110,55,20260913,"Esikler, katsayilar ve ornek buyuklukleri KARARDIR; olcumden turetilmedi. Ayrinti protokol dosyasinda.",3.13.1,8.4.144,0.12.6,2.14.0,2026-09-13 10:08:36,scripts/25_esit_fp_adaylari.py
taban_00546,Taban-512,train_ZRI_3019_JPG.rf.0717ec5bd3af4d0e32b2c1de5e2575cf.jpg,ZRI,0.3327,2944.9,1963.5,2971.8,2027.8,26.9,64.3,0.1733,,FP,0.3,1.8089,,,,hayir,,,reports/hafta7_fp_protokolu.md,test,157,tahminler_taban512_hafta7.csv,tahminler_model512.csv,0.3,0.52,1.8089,0.3,0.5,0.1,8,512,110,55,20260913,"Esikler, katsayilar ve ornek buyuklukleri KARARDIR; olcumden turetilmedi. Ayrinti protokol dosyasinda.",3.13.1,8.4.144,0.12.6,2.14.0,2026-09-13 10:08:36,scripts/25_esit_fp_adaylari.py
taban_00547,Taban-512,train_ZRI_3019_JPG.rf.0717ec5bd3af4d0e32b2c1de5e2575cf.jpg,ZRI,0.3107,255.2,2793.2,325.8,2854.5,70.6,61.3,0.0,,FP,0.3,1.8089,,,,hayir,,,reports/hafta7_fp_protokolu.md,test,157,tahminler_taban512_hafta7.csv,tahminler_model512.csv,0.3,0.52,1.8089,0.3,0.5,0.1,8,512,110,55,20260913,"Esikler, katsayilar ve ornek buyuklukleri KARARDIR; olcumden turetilmedi. Ayrinti protokol dosyasinda.",3.13.1,8.4.144,0.12.6,2.14.0,2026-09-13 10:08:36,scripts/25_esit_fp_adaylari.py
taban_00548,Taban-512,train_ZRI_3020_JPG.rf.755a92000e873bc5de222da850f53ffe.jpg,ZRI,0.8964,1311.3,410.2,1384.9,532.8,73.6,122.6,0.8798,0.8798,TP,0.3,1.8089,,,,hayir,,,reports/hafta7_fp_protokolu.md,test,157,tahminler_taban512_hafta7.csv,tahminler_model512.csv,0.3,0.52,1.8089,0.3,0.5,0.1,8,512,110,55,20260913,"Esikler, katsayilar ve ornek buyuklukleri KARARDIR; olcumden turetilmedi. Ayrinti protokol dosyasinda.",3.13.1,8.4.144,0.12.6,2.14.0,2026-09-13 10:08:36,scripts/25_esit_fp_adaylari.py
taban_00549,Taban-512,train_ZRI_3020_JPG.rf.755a92000e873bc5de222da850f53ffe.jpg,ZRI,0.7086,3775.3,1447.4,3857.2,1575.8,81.9,128.4,0.9131,0.9131,TP,0.3,1.8089,,,,hayir,,,reports/hafta7_fp_protokolu.md,test,157,tahminler_taban512_hafta7.csv,tahminler_model512.csv,0.3,0.52,1.8089,0.3,0.5,0.1,8,512,110,55,20260913,"Esikler, katsayilar ve ornek buyuklukleri KARARDIR; olcumden turetilmedi. Ayrinti protokol dosyasinda.",3.13.1,8.4.144,0.12.6,2.14.0,2026-09-13 10:08:36,scripts/25_esit_fp_adaylari.py
taban_00550,Taban-512,train_ZRI_3020_JPG.rf.755a92000e873bc5de222da850f53ffe.jpg,ZRI,0.6076,1310.6,482.2,1331.8,532.4,21.2,50.2,0.1095,,FP,0.3,1.8089,,a0354,a0314,evet,Taban-512/ZRI,0.2402,reports/hafta7_fp_protokolu.md,test,157,tahminler_taban512_hafta7.csv,tahminler_model512.csv,0.3,0.52,1.8089,0.3,0.5,0.1,8,512,110,55,20260913,"Esikler, katsayilar ve ornek buyuklukleri KARARDIR; olcumden turetilmedi. Ayrinti protokol dosyasinda.",3.13.1,8.4.144,0.12.6,2.14.0,2026-09-13 10:08:36,scripts/25_esit_fp_adaylari.py
taban_00551,Taban-512,train_ZRI_3020_JPG.rf.755a92000e873bc5de222da850f53ffe.jpg,ZRI,0.5473,2959.2,2105.9,3060.4,2207.3,101.2,101.4,0.9117,0.9117,TP,0.3,1.8089,,,,hayir,,,reports/hafta7_fp_protokolu.md,test,157,tahminler_taban512_hafta7.csv,tahminler_model512.csv,0.3,0.52,1.8089,0.3,0.5,0.1,8,512,110,55,20260913,"Esikler, katsayilar ve ornek buyuklukleri KARARDIR; olcumden turetilmedi. Ayrinti protokol dosyasinda.",3.13.1,8.4.144,0.12.6,2.14.0,2026-09-13 10:08:36,scripts/25_esit_fp_adaylari.py
taban_00552,Taban-512,train_ZRI_3020_JPG.rf.755a92000e873bc5de222da850f53ffe.jpg,ZRI,0.5372,1196.5,1146.1,1259.6,1207.0,63.1,60.9,0.8207,0.8207,TP,0.3,1.8089,,,,hayir,,,reports/hafta7_fp_protokolu.md,test,157,tahminler_taban512_hafta7.csv,tahminler_model512.csv,0.3,0.52,1.8089,0.3,0.5,0.1,8,512,110,55,20260913,"Esikler, katsayilar ve ornek buyuklukleri KARARDIR; olcumden turetilmedi. Ayrinti protokol dosyasinda.",3.13.1,8.4.144,0.12.6,2.14.0,2026-09-13 10:08:36,scripts/25_esit_fp_adaylari.py
taban_00553,Taban-512,train_ZRI_3020_JPG.rf.755a92000e873bc5de222da850f53ffe.jpg,ZRI,0.5188,3288.8,1615.2,3365.0,1678.1,76.2,62.9,0.9512,0.9512,TP,0.3,1.8089,,,,hayir,,,reports/hafta7_fp_protokolu.md,test,157,tahminler_taban512_hafta7.csv,tahminler_model512.csv,0.3,0.52,1.8089,0.3,0.5,0.1,8,512,110,55,20260913,"Esikler, katsayilar ve ornek buyuklukleri KARARDIR; olcumden turetilmedi. Ayrinti protokol dosyasinda.",3.13.1,8.4.144,0.12.6,2.14.0,2026-09-13 10:08:36,scripts/25_esit_fp_adaylari.py
taban_00554,Taban-512,train_ZRI_3020_JPG.rf.755a92000e873bc5de222da850f53ffe.jpg,ZRI,0.4054,2977.4,2105.7,3060.0,2151.8,82.6,46.1,0.366,,FP,0.3,1.8089,,,,hayir,,,reports/hafta7_fp_protokolu.md,test,157,tahminler_taban512_hafta7.csv,tahminler_model512.csv,0.3,0.52,1.8089,0.3,0.5,0.1,8,512,110,55,20260913,"Esikler, katsayilar ve ornek buyuklukleri KARARDIR; olcumden turetilmedi. Ayrinti protokol dosyasinda.",3.13.1,8.4.144,0.12.6,2.14.0,2026-09-13 10:08:36,scripts/25_esit_fp_adaylari.py
taban_00555,Taban-512,train_ZRI_3020_JPG.rf.755a92000e873bc5de222da850f53ffe.jpg,ZRI,0.3978,3362.5,2010.1,3381.8,2041.3,19.3,31.2,0.0922,,FP,0.3,1.8089,,,,hayir,,,reports/hafta7_fp_protokolu.md,test,157,tahminler_taban512_hafta7.csv,tahminler_model512.csv,0.3,0.52,1.8089,0.3,0.5,0.1,8,512,110,55,20260913,"Esikler, katsayilar ve ornek buyuklukleri KARARDIR; olcumden turetilmedi. Ayrinti protokol dosyasinda.",3.13.1,8.4.144,0.12.6,2.14.0,2026-09-13 10:08:36,scripts/25_esit_fp_adaylari.py
taban_00556,Taban-512,train_ZRI_3020_JPG.rf.755a92000e873bc5de222da850f53ffe.jpg,ZRI,0.3882,2872.5,913.8,2931.4,972.9,58.9,59.1,0.8259,0.8259,TP,0.3,1.8089,,,,hayir,,,reports/hafta7_fp_protokolu.md,test,157,tahminler_taban512_hafta7.csv,tahminler_model512.csv,0.3,0.52,1.8089,0.3,0.5,0.1,8,512,110,55,20260913,"Esikler, katsayilar ve ornek buyuklukleri KARARDIR; olcumden turetilmedi. Ayrinti protokol dosyasinda.",3.13.1,8.4.144,0.12.6,2.14.0,2026-09-13 10:08:36,scripts/25_esit_fp_adaylari.py
taban_00557,Taban-512,train_ZRI_3021_JPG.rf.de50a726e16c7075eedea7d52769769b.jpg,ZRI,0.6843,2513.8,225.7,2567.0,305.9,53.2,80.2,0.9277,0.9277,TP,0.3,1.8089,,,,hayir,,,reports/hafta7_fp_protokolu.md,test,157,tahminler_taban512_hafta7.csv,tahminler_model512.csv,0.3,0.52,1.8089,0.3,0.5,0.1,8,512,110,55,20260913,"Esikler, katsayilar ve ornek buyuklukleri KARARDIR; olcumden turetilmedi. Ayrinti protokol dosyasinda.",3.13.1,8.4.144,0.12.6,2.14.0,2026-09-13 10:08:36,scripts/25_esit_fp_adaylari.py
taban_00558,Taban-512,train_ZRI_3021_JPG.rf.de50a726e16c7075eedea7d52769769b.jpg,ZRI,0.592,1210.7,1640.1,1270.6,1664.0,59.9,23.9,0.1728,,FP,0.3,1.8089,,a0047,a0087,evet,Taban-512/ZRI,0.2402,reports/hafta7_fp_protokolu.md,test,157,tahminler_taban512_hafta7.csv,tahminler_model512.csv,0.3,0.52,1.8089,0.3,0.5,0.1,8,512,110,55,20260913,"Esikler, katsayilar ve ornek buyuklukleri KARARDIR; olcumden turetilmedi. Ayrinti protokol dosyasinda.",3.13.1,8.4.144,0.12.6,2.14.0,2026-09-13 10:08:36,scripts/25_esit_fp_adaylari.py
taban_00559,Taban-512,train_ZRI_3021_JPG.rf.de50a726e16c7075eedea7d52769769b.jpg,ZRI,0.586,2605.0,209.4,2660.1,302.5,55.1,93.1,0.9023,0.9023,TP,0.3,1.8089,,,,hayir,,,reports/hafta7_fp_protokolu.md,test,157,tahminler_taban512_hafta7.csv,tahminler_model512.csv,0.3,0.52,1.8089,0.3,0.5,0.1,8,512,110,55,20260913,"Esikler, katsayilar ve ornek buyuklukleri KARARDIR; olcumden turetilmedi. Ayrinti protokol dosyasinda.",3.13.1,8.4.144,0.12.6,2.14.0,2026-09-13 10:08:36,scripts/25_esit_fp_adaylari.py
taban_00560,Taban-512,train_ZRI_3021_JPG.rf.de50a726e16c7075eedea7d52769769b.jpg,ZRI,0.5639,3157.9,2682.3,3232.1,2747.0,74.2,64.7,0.8699,0.8699,TP,0.3,1.8089,,,,hayir,,,reports/hafta7_fp_protokolu.md,test,157,tahminler_taban512_hafta7.csv,tahminler_model512.csv,0.3,0.52,1.8089,0.3,0.5,0.1,8,512,110,55,20260913,"Esikler, katsayilar ve ornek buyuklukleri KARARDIR; olcumden turetilmedi. Ayrinti protokol dosyasinda.",3.13.1,8.4.144,0.12.6,2.14.0,2026-09-13 10:08:36,scripts/25_esit_fp_adaylari.py
taban_00561,Taban-512,train_ZRI_3021_JPG.rf.de50a726e16c7075eedea7d52769769b.jpg,ZRI,0.5542,1944.7,2050.0,2036.5,2131.0,91.8,81.0,0.5757,0.5757,TP,0.3,1.8089,,,,hayir,,,reports/hafta7_fp_protokolu.md,test,157,tahminler_taban512_hafta7.csv,tahminler_model512.csv,0.3,0.52,1.8089,0.3,0.5,0.1,8,512,110,55,20260913,"Esikler, katsayilar ve ornek buyuklukleri KARARDIR; olcumden turetilmedi. Ayrinti protokol dosyasinda.",3.13.1,8.4.144,0.12.6,2.14.0,2026-09-13 10:08:36,scripts/25_esit_fp_adaylari.py
taban_00562,Taban-512,train_ZRI_3021_JPG.rf.de50a726e16c7075eedea7d52769769b.jpg,ZRI,0.5457,1209.9,1564.6,1272.3,1663.1,62.4,98.5,0.745,0.745,TP,0.3,1.8089,,,,hayir,,,reports/hafta7_fp_protokolu.md,test,157,tahminler_taban512_hafta7.csv,tahminler_model512.csv,0.3,0.52,1.8089,0.3,0.5,0.1,8,512,110,55,20260913,"Esikler, katsayilar ve ornek buyuklukleri KARARDIR; olcumden turetilmedi. Ayrinti protokol dosyasinda.",3.13.1,8.4.144,0.12.6,2.14.0,2026-09-13 10:08:36,scripts/25_esit_fp_adaylari.py
taban_00563,Taban-512,train_ZRI_3021_JPG.rf.de50a726e16c7075eedea7d52769769b.jpg,ZRI,0.5256,1868.0,2460.2,1952.2,2511.6,84.2,51.4,0.6911,0.6911,TP,0.3,1.8089,,,,hayir,,,reports/hafta7_fp_protokolu.md,test,157,tahminler_taban512_hafta7.csv,tahminler_model512.csv,0.3,0.52,1.8089,0.3,0.5,0.1,8,512,110,55,20260913,"Esikler, katsayilar ve ornek buyuklukleri KARARDIR; olcumden turetilmedi. Ayrinti protokol dosyasinda.",3.13.1,8.4.144,0.12.6,2.14.0,2026-09-13 10:08:36,scripts/25_esit_fp_adaylari.py
taban_00564,Taban-512,train_ZRI_3021_JPG.rf.de50a726e16c7075eedea7d52769769b.jpg,ZRI,0.5089,2751.1,2050.1,2799.8,2075.8,48.7,25.7,0.3178,0.3178,TP,0.3,1.8089,,,,hayir,,,reports/hafta7_fp_protokolu.md,test,157,tahminler_taban512_hafta7.csv,tahminler_model512.csv,0.3,0.52,1.8089,0.3,0.5,0.1,8,512,110,55,20260913,"Esikler, katsayilar ve ornek buyuklukleri KARARDIR; olcumden turetilmedi. Ayrinti protokol dosyasinda.",3.13.1,8.4.144,0.12.6,2.14.0,2026-09-13 10:08:36,scripts/25_esit_fp_adaylari.py
taban_00565,Taban-512,train_ZRI_3022_JPG.rf.d115c4fe72b775641f52aadcf9d5236f.jpg,ZRI,0.775,1902.0,2342.1,1997.6,2443.9,95.6,101.8,0.7553,0.7553,TP,0.3,1.8089,,,,hayir,,,reports/hafta7_fp_protokolu.md,test,157,tahminler_taban512_hafta7.csv,tahminler_model512.csv,0.3,0.52,1.8089,0.3,0.5,0.1,8,512,110,55,20260913,"Esikler, katsayilar ve ornek buyuklukleri KARARDIR; olcumden turetilmedi. Ayrinti protokol dosyasinda.",3.13.1,8.4.144,0.12.6,2.14.0,2026-09-13 10:08:36,scripts/25_esit_fp_adaylari.py
taban_00566,Taban-512,train_ZRI_3022_JPG.rf.d115c4fe72b775641f52aadcf9d5236f.jpg,ZRI,0.5596,2625.6,459.3,2681.8,554.7,56.2,95.4,0.8289,0.8289,TP,0.3,1.8089,,,,hayir,,,reports/hafta7_fp_protokolu.md,test,157,tahminler_taban512_hafta7.csv,tahminler_model512.csv,0.3,0.52,1.8089,0.3,0.5,0.1,8,512,110,55,20260913,"Esikler, katsayilar ve ornek buyuklukleri KARARDIR; olcumden turetilmedi. Ayrinti protokol dosyasinda.",3.13.1,8.4.144,0.12.6,2.14.0,2026-09-13 10:08:36,scripts/25_esit_fp_adaylari.py
taban_00567,Taban-512,train_ZRI_3022_JPG.rf.d115c4fe72b775641f52aadcf9d5236f.jpg,ZRI,0.5326,2530.6,474.2,2585.1,557.0,54.5,82.8,0.9251,0.9251,TP,0.3,1.8089,,,,hayir,,,reports/hafta7_fp_protokolu.md,test,157,tahminler_taban512_hafta7.csv,tahminler_model512.csv,0.3,0.52,1.8089,0.3,0.5,0.1,8,512,110,55,20260913,"Esikler, katsayilar ve ornek buyuklukleri KARARDIR; olcumden turetilmedi. Ayrinti protokol dosyasinda.",3.13.1,8.4.144,0.12.6,2.14.0,2026-09-13 10:08:36,scripts/25_esit_fp_adaylari.py
taban_00568,Taban-512,train_ZRI_3022_JPG.rf.d115c4fe72b775641f52aadcf9d5236f.jpg,ZRI,0.5152,1075.0,2917.9,1187.1,2971.7,112.1,53.8,0.6459,0.6459,TP,0.3,1.8089,,,,hayir,,,reports/hafta7_fp_protokolu.md,test,157,tahminler_taban512_hafta7.csv,tahminler_model512.csv,0.3,0.52,1.8089,0.3,0.5,0.1,8,512,110,55,20260913,"Esikler, katsayilar ve ornek buyuklukleri KARARDIR; olcumden turetilmedi. Ayrinti protokol dosyasinda.",3.13.1,8.4.144,0.12.6,2.14.0,2026-09-13 10:08:36,scripts/25_esit_fp_adaylari.py
taban_00569,Taban-512,train_ZRI_3022_JPG.rf.d115c4fe72b775641f52aadcf9d5236f.jpg,ZRI,0.4358,2529.9,474.2,2578.1,511.8,48.2,37.6,0.3953,,FP,0.3,1.8089,,,,hayir,,,reports/hafta7_fp_protokolu.md,test,157,tahminler_taban512_hafta7.csv,tahminler_model512.csv,0.3,0.52,1.8089,0.3,0.5,0.1,8,512,110,55,20260913,"Esikler, katsayilar ve ornek buyuklukleri KARARDIR; olcumden turetilmedi. Ayrinti protokol dosyasinda.",3.13.1,8.4.144,0.12.6,2.14.0,2026-09-13 10:08:36,scripts/25_esit_fp_adaylari.py
taban_00570,Taban-512,train_ZRI_3022_JPG.rf.d115c4fe72b775641f52aadcf9d5236f.jpg,ZRI,0.312,1834.7,1057.4,1883.2,1109.0,48.5,51.6,0.0,,FP,0.3,1.8089,,a0268,a0420,evet,Taban-512/ZRI,0.2402,reports/hafta7_fp_protokolu.md,test,157,tahminler_taban512_hafta7.csv,tahminler_model512.csv,0.3,0.52,1.8089,0.3,0.5,0.1,8,512,110,55,20260913,"Esikler, katsayilar ve ornek buyuklukleri KARARDIR; olcumden turetilmedi. Ayrinti protokol dosyasinda.",3.13.1,8.4.144,0.12.6,2.14.0,2026-09-13 10:08:36,scripts/25_esit_fp_adaylari.py
taban_00571,Taban-512,train_ZRI_3023_JPG.rf.53c979cc18817a0169dc7a3d0aa70e4d.jpg,ZRI,0.8371,3757.6,1568.2,3861.9,1665.4,104.3,97.2,0.8633,0.8633,TP,0.3,1.8089,,,,hayir,,,reports/hafta7_fp_protokolu.md,test,157,tahminler_taban512_hafta7.csv,tahminler_model512.csv,0.3,0.52,1.8089,0.3,0.5,0.1,8,512,110,55,20260913,"Esikler, katsayilar ve ornek buyuklukleri KARARDIR; olcumden turetilmedi. Ayrinti protokol dosyasinda.",3.13.1,8.4.144,0.12.6,2.14.0,2026-09-13 10:08:36,scripts/25_esit_fp_adaylari.py
taban_00572,Taban-512,train_ZRI_3023_JPG.rf.53c979cc18817a0169dc7a3d0aa70e4d.jpg,ZRI,0.7534,2571.2,2434.0,2672.2,2555.1,101.0,121.1,0.6181,0.6181,TP,0.3,1.8089,,,,hayir,,,reports/hafta7_fp_protokolu.md,test,157,tahminler_taban512_hafta7.csv,tahminler_model512.csv,0.3,0.52,1.8089,0.3,0.5,0.1,8,512,110,55,20260913,"Esikler, katsayilar ve ornek buyuklukleri KARARDIR; olcumden turetilmedi. Ayrinti protokol dosyasinda.",3.13.1,8.4.144,0.12.6,2.14.0,2026-09-13 10:08:36,scripts/25_esit_fp_adaylari.py
taban_00573,Taban-512,train_ZRI_3023_JPG.rf.53c979cc18817a0169dc7a3d0aa70e4d.jpg,ZRI,0.4247,2602.7,2488.1,2671.6,2553.3,68.9,65.2,0.2861,,FP,0.3,1.8089,,,,hayir,,,reports/hafta7_fp_protokolu.md,test,157,tahminler_taban512_hafta7.csv,tahminler_model512.csv,0.3,0.52,1.8089,0.3,0.5,0.1,8,512,110,55,20260913,"Esikler, katsayilar ve ornek buyuklukleri KARARDIR; olcumden turetilmedi. Ayrinti protokol dosyasinda.",3.13.1,8.4.144,0.12.6,2.14.0,2026-09-13 10:08:36,scripts/25_esit_fp_adaylari.py
taban_00574,Taban-512,train_ZRI_3023_JPG.rf.53c979cc18817a0169dc7a3d0aa70e4d.jpg,ZRI,0.3833,2720.6,2855.2,2816.0,2940.1,95.4,84.9,0.8952,0.8952,TP,0.3,1.8089,,,,hayir,,,reports/hafta7_fp_protokolu.md,test,157,tahminler_taban512_hafta7.csv,tahminler_model512.csv,0.3,0.52,1.8089,0.3,0.5,0.1,8,512,110,55,20260913,"Esikler, katsayilar ve ornek buyuklukleri KARARDIR; olcumden turetilmedi. Ayrinti protokol dosyasinda.",3.13.1,8.4.144,0.12.6,2.14.0,2026-09-13 10:08:36,scripts/25_esit_fp_adaylari.py
taban_00575,Taban-512,train_ZRI_3023_JPG.rf.53c979cc18817a0169dc7a3d0aa70e4d.jpg,ZRI,0.3553,3301.0,1239.4,3367.8,1309.4,66.8,70.0,0.8885,0.8885,TP,0.3,1.8089,,,,hayir,,,reports/hafta7_fp_protokolu.md,test,157,tahminler_taban512_hafta7.csv,tahminler_model512.csv,0.3,0.52,1.8089,0.3,0.5,0.1,8,512,110,55,20260913,"Esikler, katsayilar ve ornek buyuklukleri KARARDIR; olcumden turetilmedi. Ayrinti protokol dosyasinda.",3.13.1,8.4.144,0.12.6,2.14.0,2026-09-13 10:08:36,scripts/25_esit_fp_adaylari.py
taban_00576,Taban-512,train_ZRI_3023_JPG.rf.53c979cc18817a0169dc7a3d0aa70e4d.jpg,ZRI,0.3546,3660.1,2488.0,3757.6,2526.5,97.5,38.5,0.1235,,FP,0.3,1.8089,,a0320,a0398,evet,Taban-512/ZRI,0.2402,reports/hafta7_fp_protokolu.md,test,157,tahminler_taban512_hafta7.csv,tahminler_model512.csv,0.3,0.52,1.8089,0.3,0.5,0.1,8,512,110,55,20260913,"Esikler, katsayilar ve ornek buyuklukleri KARARDIR; olcumden turetilmedi. Ayrinti protokol dosyasinda.",3.13.1,8.4.144,0.12.6,2.14.0,2026-09-13 10:08:36,scripts/25_esit_fp_adaylari.py
taban_00577,Taban-512,train_ZRI_3023_JPG.rf.53c979cc18817a0169dc7a3d0aa70e4d.jpg,ZRI,0.3394,2050.1,1224.0,2079.0,1288.1,28.9,64.1,0.364,0.364,TP,0.3,1.8089,,,,hayir,,,reports/hafta7_fp_protokolu.md,test,157,tahminler_taban512_hafta7.csv,tahminler_model512.csv,0.3,0.52,1.8089,0.3,0.5,0.1,8,512,110,55,20260913,"Esikler, katsayilar ve ornek buyuklukleri KARARDIR; olcumden turetilmedi. Ayrinti protokol dosyasinda.",3.13.1,8.4.144,0.12.6,2.14.0,2026-09-13 10:08:36,scripts/25_esit_fp_adaylari.py
taban_00578,Taban-512,train_ZRI_3024_JPG.rf.d9829573e67bca0f8b2b0001749feb1d.jpg,ZRI,0.6105,3305.7,1249.4,3370.2,1319.0,64.5,69.6,0.7876,0.7876,TP,0.3,1.8089,,,,hayir,,,reports/hafta7_fp_protokolu.md,test,157,tahminler_taban512_hafta7.csv,tahminler_model512.csv,0.3,0.52,1.8089,0.3,0.5,0.1,8,512,110,55,20260913,"Esikler, katsayilar ve ornek buyuklukleri KARARDIR; olcumden turetilmedi. Ayrinti protokol dosyasinda.",3.13.1,8.4.144,0.12.6,2.14.0,2026-09-13 10:08:36,scripts/25_esit_fp_adaylari.py
taban_00579,Taban-512,train_ZRI_3024_JPG.rf.d9829573e67bca0f8b2b0001749feb1d.jpg,ZRI,0.5289,2050.1,1255.9,2089.1,1330.3,39.0,74.4,0.6539,0.6539,TP,0.3,1.8089,,,,hayir,,,reports/hafta7_fp_protokolu.md,test,157,tahminler_taban512_hafta7.csv,tahminler_model512.csv,0.3,0.52,1.8089,0.3,0.5,0.1,8,512,110,55,20260913,"Esikler, katsayilar ve ornek buyuklukleri KARARDIR; olcumden turetilmedi. Ayrinti protokol dosyasinda.",3.13.1,8.4.144,0.12.6,2.14.0,2026-09-13 10:08:36,scripts/25_esit_fp_adaylari.py
taban_00580,Taban-512,train_ZRI_3024_JPG.rf.d9829573e67bca0f8b2b0001749feb1d.jpg,ZRI,0.4564,3765.9,1568.2,3871.6,1665.0,105.7,96.8,0.9525,0.9525,TP,0.3,1.8089,,,,hayir,,,reports/hafta7_fp_protokolu.md,test,157,tahminler_taban512_hafta7.csv,tahminler_model512.csv,0.3,0.52,1.8089,0.3,0.5,0.1,8,512,110,55,20260913,"Esikler, katsayilar ve ornek buyuklukleri KARARDIR; olcumden turetilmedi. Ayrinti protokol dosyasinda.",3.13.1,8.4.144,0.12.6,2.14.0,2026-09-13 10:08:36,scripts/25_esit_fp_adaylari.py
taban_00581,Taban-512,train_ZRI_3024_JPG.rf.d9829573e67bca0f8b2b0001749feb1d.jpg,ZRI,0.3072,2601.9,2454.7,2703.8,2561.7,101.9,107.0,0.6405,0.6405,TP,0.3,1.8089,,,,hayir,,,reports/hafta7_fp_protokolu.md,test,157,tahminler_taban512_hafta7.csv,tahminler_model512.csv,0.3,0.52,1.8089,0.3,0.5,0.1,8,512,110,55,20260913,"Esikler, katsayilar ve ornek buyuklukleri KARARDIR; olcumden turetilmedi. Ayrinti protokol dosyasinda.",3.13.1,8.4.144,0.12.6,2.14.0,2026-09-13 10:08:36,scripts/25_esit_fp_adaylari.py
taban_00582,Taban-512,train_ZRI_3025_JPG.rf.bec9752c53ca7b71a9d3b682bdbe850f.jpg,ZRI,0.6855,2625.5,2458.8,2729.3,2561.8,103.8,103.0,0.6365,0.6365,TP,0.3,1.8089,,,,hayir,,,reports/hafta7_fp_protokolu.md,test,157,tahminler_taban512_hafta7.csv,tahminler_model512.csv,0.3,0.52,1.8089,0.3,0.5,0.1,8,512,110,55,20260913,"Esikler, katsayilar ve ornek buyuklukleri KARARDIR; olcumden turetilmedi. Ayrinti protokol dosyasinda.",3.13.1,8.4.144,0.12.6,2.14.0,2026-09-13 10:08:36,scripts/25_esit_fp_adaylari.py
taban_00583,Taban-512,train_ZRI_3025_JPG.rf.bec9752c53ca7b71a9d3b682bdbe850f.jpg,ZRI,0.5292,3713.0,2460.0,3820.4,2505.9,107.4,45.9,0.2643,,FP,0.3,1.8089,,a0138,a0214,evet,Taban-512/ZRI,0.2402,reports/hafta7_fp_protokolu.md,test,157,tahminler_taban512_hafta7.csv,tahminler_model512.csv,0.3,0.52,1.8089,0.3,0.5,0.1,8,512,110,55,20260913,"Esikler, katsayilar ve ornek buyuklukleri KARARDIR; olcumden turetilmedi. Ayrinti protokol dosyasinda.",3.13.1,8.4.144,0.12.6,2.14.0,2026-09-13 10:08:36,scripts/25_esit_fp_adaylari.py
taban_00584,Taban-512,train_ZRI_3025_JPG.rf.bec9752c53ca7b71a9d3b682bdbe850f.jpg,ZRI,0.4378,2050.1,1264.9,2093.8,1331.7,43.7,66.8,0.6726,0.6726,TP,0.3,1.8089,,,,hayir,,,reports/hafta7_fp_protokolu.md,test,157,tahminler_taban512_hafta7.csv,tahminler_model512.csv,0.3,0.52,1.8089,0.3,0.5,0.1,8,512,110,55,20260913,"Esikler, katsayilar ve ornek buyuklukleri KARARDIR; olcumden turetilmedi. Ayrinti protokol dosyasinda.",3.13.1,8.4.144,0.12.6,2.14.0,2026-09-13 10:08:36,scripts/25_esit_fp_adaylari.py
taban_00585,Taban-512,train_ZRI_3025_JPG.rf.bec9752c53ca7b71a9d3b682bdbe850f.jpg,ZRI,0.4049,2566.7,1729.8,2631.0,1822.0,64.3,92.2,0.7345,0.7345,TP,0.3,1.8089,,,,hayir,,,reports/hafta7_fp_protokolu.md,test,157,tahminler_taban512_hafta7.csv,tahminler_model512.csv,0.3,0.52,1.8089,0.3,0.5,0.1,8,512,110,55,20260913,"Esikler, katsayilar ve ornek buyuklukleri KARARDIR; olcumden turetilmedi. Ayrinti protokol dosyasinda.",3.13.1,8.4.144,0.12.6,2.14.0,2026-09-13 10:08:36,scripts/25_esit_fp_adaylari.py
taban_00586,Taban-512,train_ZRI_3025_JPG.rf.bec9752c53ca7b71a9d3b682bdbe850f.jpg,ZRI,0.3561,2210.6,2596.3,2299.8,2664.1,89.2,67.8,0.7927,0.7927,TP,0.3,1.8089,,,,hayir,,,reports/hafta7_fp_protokolu.md,test,157,tahminler_taban512_hafta7.csv,tahminler_model512.csv,0.3,0.52,1.8089,0.3,0.5,0.1,8,512,110,55,20260913,"Esikler, katsayilar ve ornek buyuklukleri KARARDIR; olcumden turetilmedi. Ayrinti protokol dosyasinda.",3.13.1,8.4.144,0.12.6,2.14.0,2026-09-13 10:08:36,scripts/25_esit_fp_adaylari.py
taban_00587,Taban-512,train_ZRI_3025_JPG.rf.bec9752c53ca7b71a9d3b682bdbe850f.jpg,ZRI,0.3404,3779.6,1550.4,3885.1,1648.5,105.5,98.1,0.9166,0.9166,TP,0.3,1.8089,,,,hayir,,,reports/hafta7_fp_protokolu.md,test,157,tahminler_taban512_hafta7.csv,tahminler_model512.csv,0.3,0.52,1.8089,0.3,0.5,0.1,8,512,110,55,20260913,"Esikler, katsayilar ve ornek buyuklukleri KARARDIR; olcumden turetilmedi. Ayrinti protokol dosyasinda.",3.13.1,8.4.144,0.12.6,2.14.0,2026-09-13 10:08:36,scripts/25_esit_fp_adaylari.py
taban_00588,Taban-512,train_ZRI_3026_JPG.rf.1503e7f8824e0cca340091e680501e12.jpg,ZRI,0.8248,1831.3,3.5,1867.4,97.0,36.1,93.5,0.8565,0.8565,TP,0.3,1.8089,,,,hayir,,,reports/hafta7_fp_protokolu.md,test,157,tahminler_taban512_hafta7.csv,tahminler_model512.csv,0.3,0.52,1.8089,0.3,0.5,0.1,8,512,110,55,20260913,"Esikler, katsayilar ve ornek buyuklukleri KARARDIR; olcumden turetilmedi. Ayrinti protokol dosyasinda.",3.13.1,8.4.144,0.12.6,2.14.0,2026-09-13 10:08:36,scripts/25_esit_fp_adaylari.py
taban_00589,Taban-512,train_ZRI_3026_JPG.rf.1503e7f8824e0cca340091e680501e12.jpg,ZRI,0.4721,2502.7,135.2,2581.0,231.4,78.3,96.2,0.7017,0.7017,TP,0.3,1.8089,,,,hayir,,,reports/hafta7_fp_protokolu.md,test,157,tahminler_taban512_hafta7.csv,tahminler_model512.csv,0.3,0.52,1.8089,0.3,0.5,0.1,8,512,110,55,20260913,"Esikler, katsayilar ve ornek buyuklukleri KARARDIR; olcumden turetilmedi. Ayrinti protokol dosyasinda.",3.13.1,8.4.144,0.12.6,2.14.0,2026-09-13 10:08:36,scripts/25_esit_fp_adaylari.py
taban_00590,Taban-512,train_ZRI_3026_JPG.rf.1503e7f8824e0cca340091e680501e12.jpg,ZRI,0.422,2510.2,39.0,2588.3,100.9,78.1,61.9,0.8252,0.8252,TP,0.3,1.8089,,,,hayir,,,reports/hafta7_fp_protokolu.md,test,157,tahminler_taban512_hafta7.csv,tahminler_model512.csv,0.3,0.52,1.8089,0.3,0.5,0.1,8,512,110,55,20260913,"Esikler, katsayilar ve ornek buyuklukleri KARARDIR; olcumden turetilmedi. Ayrinti protokol dosyasinda.",3.13.1,8.4.144,0.12.6,2.14.0,2026-09-13 10:08:36,scripts/25_esit_fp_adaylari.py
taban_00591,Taban-512,train_ZRI_3026_JPG.rf.1503e7f8824e0cca340091e680501e12.jpg,ZRI,0.3659,347.1,2941.2,392.4,2971.7,45.3,30.5,0.0,,FP,0.3,1.8089,,,,hayir,,,reports/hafta7_fp_protokolu.md,test,157,tahminler_taban512_hafta7.csv,tahminler_model512.csv,0.3,0.52,1.8089,0.3,0.5,0.1,8,512,110,55,20260913,"Esikler, katsayilar ve ornek buyuklukleri KARARDIR; olcumden turetilmedi. Ayrinti protokol dosyasinda.",3.13.1,8.4.144,0.12.6,2.14.0,2026-09-13 10:08:36,scripts/25_esit_fp_adaylari.py
taban_00592,Taban-512,train_ZRI_3026_JPG.rf.1503e7f8824e0cca340091e680501e12.jpg,ZRI,0.3005,1702.2,145.1,1741.8,209.6,39.6,64.5,0.5214,0.5214,TP,0.3,1.8089,,,,hayir,,,reports/hafta7_fp_protokolu.md,test,157,tahminler_taban512_hafta7.csv,tahminler_model512.csv,0.3,0.52,1.8089,0.3,0.5,0.1,8,512,110,55,20260913,"Esikler, katsayilar ve ornek buyuklukleri KARARDIR; olcumden turetilmedi. Ayrinti protokol dosyasinda.",3.13.1,8.4.144,0.12.6,2.14.0,2026-09-13 10:08:36,scripts/25_esit_fp_adaylari.py
taban_00593,Taban-512,train_ZRI_3027_JPG.rf.99f697df2ae83d2ef77dd3effe2b5f2a.jpg,ZRI,0.5905,2490.6,1.5,2569.5,95.0,78.9,93.5,0.6376,0.6376,TP,0.3,1.8089,,,,hayir,,,reports/hafta7_fp_protokolu.md,test,157,tahminler_taban512_hafta7.csv,tahminler_model512.csv,0.3,0.52,1.8089,0.3,0.5,0.1,8,512,110,55,20260913,"Esikler, katsayilar ve ornek buyuklukleri KARARDIR; olcumden turetilmedi. Ayrinti protokol dosyasinda.",3.13.1,8.4.144,0.12.6,2.14.0,2026-09-13 10:08:36,scripts/25_esit_fp_adaylari.py
taban_00594,Taban-512,train_ZRI_3027_JPG.rf.99f697df2ae83d2ef77dd3effe2b5f2a.jpg,ZRI,0.4357,3458.7,2624.2,3593.7,2730.8,135.0,106.6,0.2693,,FP,0.3,1.8089,,,,hayir,,,reports/hafta7_fp_protokolu.md,test,157,tahminler_taban512_hafta7.csv,tahminler_model512.csv,0.3,0.52,1.8089,0.3,0.5,0.1,8,512,110,55,20260913,"Esikler, katsayilar ve ornek buyuklukleri KARARDIR; olcumden turetilmedi. Ayrinti protokol dosyasinda.",3.13.1,8.4.144,0.12.6,2.14.0,2026-09-13 10:08:36,scripts/25_esit_fp_adaylari.py
taban_00595,Taban-512,train_ZRI_3027_JPG.rf.99f697df2ae83d2ef77dd3effe2b5f2a.jpg,ZRI,0.335,3488.4,2642.2,3607.7,2814.7,119.3,172.5,0.1713,,FP,0.3,1.8089,,,,hayir,,,reports/hafta7_fp_protokolu.md,test,157,tahminler_taban512_hafta7.csv,tahminler_model512.csv,0.3,0.52,1.8089,0.3,0.5,0.1,8,512,110,55,20260913,"Esikler, katsayilar ve ornek buyuklukleri KARARDIR; olcumden turetilmedi. Ayrinti protokol dosyasinda.",3.13.1,8.4.144,0.12.6,2.14.0,2026-09-13 10:08:36,scripts/25_esit_fp_adaylari.py
taban_00596,Taban-512,train_ZRI_3027_JPG.rf.99f697df2ae83d2ef77dd3effe2b5f2a.jpg,ZRI,0.3283,1695.1,6.1,1760.5,77.8,65.4,71.7,0.8625,0.8625,TP,0.3,1.8089,,,,hayir,,,reports/hafta7_fp_protokolu.md,test,157,tahminler_taban512_hafta7.csv,tahminler_model512.csv,0.3,0.52,1.8089,0.3,0.5,0.1,8,512,110,55,20260913,"Esikler, katsayilar ve ornek buyuklukleri KARARDIR; olcumden turetilmedi. Ayrinti protokol dosyasinda.",3.13.1,8.4.144,0.12.6,2.14.0,2026-09-13 10:08:36,scripts/25_esit_fp_adaylari.py
taban_00597,Taban-512,train_ZRI_3030_JPG.rf.cd2f9a5414e77b121e0373a683d08cff.jpg,ZRI,0.5974,2050.1,0.2,2105.5,50.5,55.4,50.3,0.0,,FP,0.3,1.8089,,,,hayir,,,reports/hafta7_fp_protokolu.md,test,157,tahminler_taban512_hafta7.csv,tahminler_model512.csv,0.3,0.52,1.8089,0.3,0.5,0.1,8,512,110,55,20260913,"Esikler, katsayilar ve ornek buyuklukleri KARARDIR; olcumden turetilmedi. Ayrinti protokol dosyasinda.",3.13.1,8.4.144,0.12.6,2.14.0,2026-09-13 10:08:36,scripts/25_esit_fp_adaylari.py
taban_00598,Taban-512,train_ZRI_3030_JPG.rf.cd2f9a5414e77b121e0373a683d08cff.jpg,ZRI,0.4227,1234.2,1912.7,1267.6,1952.9,33.4,40.2,0.6989,0.6989,TP,0.3,1.8089,,,,hayir,,,reports/hafta7_fp_protokolu.md,test,157,tahminler_taban512_hafta7.csv,tahminler_model512.csv,0.3,0.52,1.8089,0.3,0.5,0.1,8,512,110,55,20260913,"Esikler, katsayilar ve ornek buyuklukleri KARARDIR; olcumden turetilmedi. Ayrinti protokol dosyasinda.",3.13.1,8.4.144,0.12.6,2.14.0,2026-09-13 10:08:36,scripts/25_esit_fp_adaylari.py
taban_00599,Taban-512,train_ZRI_3030_JPG.rf.cd2f9a5414e77b121e0373a683d08cff.jpg,ZRI,0.3276,3114.9,416.1,3198.6,502.2,83.7,86.1,0.7736,0.7736,TP,0.3,1.8089,,,,hayir,,,reports/hafta7_fp_protokolu.md,test,157,tahminler_taban512_hafta7.csv,tahminler_model512.csv,0.3,0.52,1.8089,0.3,0.5,0.1,8,512,110,55,20260913,"Esikler, katsayilar ve ornek buyuklukleri KARARDIR; olcumden turetilmedi. Ayrinti protokol dosyasinda.",3.13.1,8.4.144,0.12.6,2.14.0,2026-09-13 10:08:36,scripts/25_esit_fp_adaylari.py
taban_00600,Taban-512,train_ZRI_3031_JPG.rf.77fb682816ff2a80876429e205b7da83.jpg,ZRI,0.4941,2991.4,361.3,3067.4,488.0,76.0,126.7,0.7022,0.7022,TP,0.3,1.8089,,,,hayir,,,reports/hafta7_fp_protokolu.md,test,157,tahminler_taban512_hafta7.csv,tahminler_model512.csv,0.3,0.52,1.8089,0.3,0.5,0.1,8,512,110,55,20260913,"Esikler, katsayilar ve ornek buyuklukleri KARARDIR; olcumden turetilmedi. Ayrinti protokol dosyasinda.",3.13.1,8.4.144,0.12.6,2.14.0,2026-09-13 10:08:36,scripts/25_esit_fp_adaylari.py
taban_00601,Taban-512,train_ZRI_3031_JPG.rf.77fb682816ff2a80876429e205b7da83.jpg,ZRI,0.4265,2994.9,410.1,3055.9,487.7,61.0,77.6,0.2942,,FP,0.3,1.8089,,,,hayir,,,reports/hafta7_fp_protokolu.md,test,157,tahminler_taban512_hafta7.csv,tahminler_model512.csv,0.3,0.52,1.8089,0.3,0.5,0.1,8,512,110,55,20260913,"Esikler, katsayilar ve ornek buyuklukleri KARARDIR; olcumden turetilmedi. Ayrinti protokol dosyasinda.",3.13.1,8.4.144,0.12.6,2.14.0,2026-09-13 10:08:36,scripts/25_esit_fp_adaylari.py
taban_00602,Taban-512,train_ZRI_3031_JPG.rf.77fb682816ff2a80876429e205b7da83.jpg,ZRI,0.3963,2616.7,1121.7,2705.4,1199.5,88.7,77.8,0.7016,0.7016,TP,0.3,1.8089,,,,hayir,,,reports/hafta7_fp_protokolu.md,test,157,tahminler_taban512_hafta7.csv,tahminler_model512.csv,0.3,0.52,1.8089,0.3,0.5,0.1,8,512,110,55,20260913,"Esikler, katsayilar ve ornek buyuklukleri KARARDIR; olcumden turetilmedi. Ayrinti protokol dosyasinda.",3.13.1,8.4.144,0.12.6,2.14.0,2026-09-13 10:08:36,scripts/25_esit_fp_adaylari.py
taban_00603,Taban-512,train_ZRI_3031_JPG.rf.77fb682816ff2a80876429e205b7da83.jpg,ZRI,0.3057,3242.2,447.3,3324.4,511.8,82.2,64.5,0.612,0.612,TP,0.3,1.8089,,,,hayir,,,reports/hafta7_fp_protokolu.md,test,157,tahminler_taban512_hafta7.csv,tahminler_model512.csv,0.3,0.52,1.8089,0.3,0.5,0.1,8,512,110,55,20260913,"Esikler, katsayilar ve ornek buyuklukleri KARARDIR; olcumden turetilmedi. Ayrinti protokol dosyasinda.",3.13.1,8.4.144,0.12.6,2.14.0,2026-09-13 10:08:36,scripts/25_esit_fp_adaylari.py
taban_00604,Taban-512,train_ZRI_3032_JPG.rf.5b893bf74c6c8d1404e9c805950090de.jpg,ZRI,0.6889,1217.9,1706.4,1277.8,1783.3,59.9,76.9,0.9066,0.9066,TP,0.3,1.8089,,,,hayir,,,reports/hafta7_fp_protokolu.md,test,157,tahminler_taban512_hafta7.csv,tahminler_model512.csv,0.3,0.52,1.8089,0.3,0.5,0.1,8,512,110,55,20260913,"Esikler, katsayilar ve ornek buyuklukleri KARARDIR; olcumden turetilmedi. Ayrinti protokol dosyasinda.",3.13.1,8.4.144,0.12.6,2.14.0,2026-09-13 10:08:36,scripts/25_esit_fp_adaylari.py
taban_00605,Taban-512,train_ZRI_3032_JPG.rf.5b893bf74c6c8d1404e9c805950090de.jpg,ZRI,0.6562,1217.4,1705.5,1277.4,1741.7,60.0,36.2,0.4077,,FP,0.3,1.8089,,a0397,a0100,evet,Taban-512/ZRI,0.2402,reports/hafta7_fp_protokolu.md,test,157,tahminler_taban512_hafta7.csv,tahminler_model512.csv,0.3,0.52,1.8089,0.3,0.5,0.1,8,512,110,55,20260913,"Esikler, katsayilar ve ornek buyuklukleri KARARDIR; olcumden turetilmedi. Ayrinti protokol dosyasinda.",3.13.1,8.4.144,0.12.6,2.14.0,2026-09-13 10:08:36,scripts/25_esit_fp_adaylari.py
taban_00606,Taban-512,train_ZRI_3032_JPG.rf.5b893bf74c6c8d1404e9c805950090de.jpg,ZRI,0.5421,2655.9,1301.1,2715.2,1331.8,59.3,30.7,0.4873,0.4873,TP,0.3,1.8089,,,,hayir,,,reports/hafta7_fp_protokolu.md,test,157,tahminler_taban512_hafta7.csv,tahminler_model512.csv,0.3,0.52,1.8089,0.3,0.5,0.1,8,512,110,55,20260913,"Esikler, katsayilar ve ornek buyuklukleri KARARDIR; olcumden turetilmedi. Ayrinti protokol dosyasinda.",3.13.1,8.4.144,0.12.6,2.14.0,2026-09-13 10:08:36,scripts/25_esit_fp_adaylari.py
taban_00607,Taban-512,train_ZRI_3032_JPG.rf.5b893bf74c6c8d1404e9c805950090de.jpg,ZRI,0.4788,2084.7,1258.3,2151.6,1359.3,66.9,101.0,0.423,0.423,TP,0.3,1.8089,,,,hayir,,,reports/hafta7_fp_protokolu.md,test,157,tahminler_taban512_hafta7.csv,tahminler_model512.csv,0.3,0.52,1.8089,0.3,0.5,0.1,8,512,110,55,20260913,"Esikler, katsayilar ve ornek buyuklukleri KARARDIR; olcumden turetilmedi. Ayrinti protokol dosyasinda.",3.13.1,8.4.144,0.12.6,2.14.0,2026-09-13 10:08:36,scripts/25_esit_fp_adaylari.py
taban_00608,Taban-512,train_ZRI_3032_JPG.rf.5b893bf74c6c8d1404e9c805950090de.jpg,ZRI,0.4354,3196.1,1530.4,3307.9,1594.8,111.8,64.4,0.7801,0.7801,TP,0.3,1.8089,,,,hayir,,,reports/hafta7_fp_protokolu.md,test,157,tahminler_taban512_hafta7.csv,tahminler_model512.csv,0.3,0.52,1.8089,0.3,0.5,0.1,8,512,110,55,20260913,"Esikler, katsayilar ve ornek buyuklukleri KARARDIR; olcumden turetilmedi. Ayrinti protokol dosyasinda.",3.13.1,8.4.144,0.12.6,2.14.0,2026-09-13 10:08:36,scripts/25_esit_fp_adaylari.py
taban_00609,Taban-512,train_ZRI_3032_JPG.rf.5b893bf74c6c8d1404e9c805950090de.jpg,ZRI,0.3713,2655.7,1301.0,2721.9,1364.8,66.2,63.8,0.7071,,FP,0.3,1.8089,,,,hayir,,,reports/hafta7_fp_protokolu.md,test,157,tahminler_taban512_hafta7.csv,tahminler_model512.csv,0.3,0.52,1.8089,0.3,0.5,0.1,8,512,110,55,20260913,"Esikler, katsayilar ve ornek buyuklukleri KARARDIR; olcumden turetilmedi. Ayrinti protokol dosyasinda.",3.13.1,8.4.144,0.12.6,2.14.0,2026-09-13 10:08:36,scripts/25_esit_fp_adaylari.py
taban_00610,Taban-512,train_ZRI_3032_JPG.rf.5b893bf74c6c8d1404e9c805950090de.jpg,ZRI,0.3607,2191.6,1155.4,2241.6,1262.8,50.0,107.4,0.4676,0.4676,TP,0.3,1.8089,,,,hayir,,,reports/hafta7_fp_protokolu.md,test,157,tahminler_taban512_hafta7.csv,tahminler_model512.csv,0.3,0.52,1.8089,0.3,0.5,0.1,8,512,110,55,20260913,"Esikler, katsayilar ve ornek buyuklukleri KARARDIR; olcumden turetilmedi. Ayrinti protokol dosyasinda.",3.13.1,8.4.144,0.12.6,2.14.0,2026-09-13 10:08:36,scripts/25_esit_fp_adaylari.py
taban_00611,Taban-512,train_ZRI_3032_JPG.rf.5b893bf74c6c8d1404e9c805950090de.jpg,ZRI,0.3481,3156.2,2354.6,3256.2,2444.4,100.0,89.8,0.5872,0.5872,TP,0.3,1.8089,,,,hayir,,,reports/hafta7_fp_protokolu.md,test,157,tahminler_taban512_hafta7.csv,tahminler_model512.csv,0.3,0.52,1.8089,0.3,0.5,0.1,8,512,110,55,20260913,"Esikler, katsayilar ve ornek buyuklukleri KARARDIR; olcumden turetilmedi. Ayrinti protokol dosyasinda.",3.13.1,8.4.144,0.12.6,2.14.0,2026-09-13 10:08:36,scripts/25_esit_fp_adaylari.py
taban_00612,Taban-512,train_ZRI_3032_JPG.rf.5b893bf74c6c8d1404e9c805950090de.jpg,ZRI,0.3308,3028.1,1148.2,3098.5,1228.2,70.4,80.0,0.9224,0.9224,TP,0.3,1.8089,,,,hayir,,,reports/hafta7_fp_protokolu.md,test,157,tahminler_taban512_hafta7.csv,tahminler_model512.csv,0.3,0.52,1.8089,0.3,0.5,0.1,8,512,110,55,20260913,"Esikler, katsayilar ve ornek buyuklukleri KARARDIR; olcumden turetilmedi. Ayrinti protokol dosyasinda.",3.13.1,8.4.144,0.12.6,2.14.0,2026-09-13 10:08:36,scripts/25_esit_fp_adaylari.py
taban_00613,Taban-512,train_ZRI_3032_JPG.rf.5b893bf74c6c8d1404e9c805950090de.jpg,ZRI,0.3021,204.8,2423.3,289.1,2500.9,84.3,77.6,0.9445,0.9445,TP,0.3,1.8089,,,,hayir,,,reports/hafta7_fp_protokolu.md,test,157,tahminler_taban512_hafta7.csv,tahminler_model512.csv,0.3,0.52,1.8089,0.3,0.5,0.1,8,512,110,55,20260913,"Esikler, katsayilar ve ornek buyuklukleri KARARDIR; olcumden turetilmedi. Ayrinti protokol dosyasinda.",3.13.1,8.4.144,0.12.6,2.14.0,2026-09-13 10:08:36,scripts/25_esit_fp_adaylari.py
taban_00614,Taban-512,train_ZRI_3033_JPG.rf.061b302ec23b9197ab18d5202a0e2d2c.jpg,ZRI,0.7412,1901.1,794.2,1939.4,875.8,38.3,81.6,0.652,0.652,TP,0.3,1.8089,,,,hayir,,,reports/hafta7_fp_protokolu.md,test,157,tahminler_taban512_hafta7.csv,tahminler_model512.csv,0.3,0.52,1.8089,0.3,0.5,0.1,8,512,110,55,20260913,"Esikler, katsayilar ve ornek buyuklukleri KARARDIR; olcumden turetilmedi. Ayrinti protokol dosyasinda.",3.13.1,8.4.144,0.12.6,2.14.0,2026-09-13 10:08:36,scripts/25_esit_fp_adaylari.py
taban_00615,Taban-512,train_ZRI_3033_JPG.rf.061b302ec23b9197ab18d5202a0e2d2c.jpg,ZRI,0.6854,1826.9,877.1,1888.7,963.1,61.8,86.0,0.8483,0.8483,TP,0.3,1.8089,,,,hayir,,,reports/hafta7_fp_protokolu.md,test,157,tahminler_taban512_hafta7.csv,tahminler_model512.csv,0.3,0.52,1.8089,0.3,0.5,0.1,8,512,110,55,20260913,"Esikler, katsayilar ve ornek buyuklukleri KARARDIR; olcumden turetilmedi. Ayrinti protokol dosyasinda.",3.13.1,8.4.144,0.12.6,2.14.0,2026-09-13 10:08:36,scripts/25_esit_fp_adaylari.py
taban_00616,Taban-512,train_ZRI_3033_JPG.rf.061b302ec23b9197ab18d5202a0e2d2c.jpg,ZRI,0.6256,3137.5,2460.1,3225.3,2547.5,87.8,87.4,0.5249,0.5249,TP,0.3,1.8089,,,,hayir,,,reports/hafta7_fp_protokolu.md,test,157,tahminler_taban512_hafta7.csv,tahminler_model512.csv,0.3,0.52,1.8089,0.3,0.5,0.1,8,512,110,55,20260913,"Esikler, katsayilar ve ornek buyuklukleri KARARDIR; olcumden turetilmedi. Ayrinti protokol dosyasinda.",3.13.1,8.4.144,0.12.6,2.14.0,2026-09-13 10:08:36,scripts/25_esit_fp_adaylari.py
taban_00617,Taban-512,train_ZRI_3033_JPG.rf.061b302ec23b9197ab18d5202a0e2d2c.jpg,ZRI,0.62,1209.1,1749.0,1269.1,1824.7,60.0,75.7,0.8183,0.8183,TP,0.3,1.8089,,,,hayir,,,reports/hafta7_fp_protokolu.md,test,157,tahminler_taban512_hafta7.csv,tahminler_model512.csv,0.3,0.52,1.8089,0.3,0.5,0.1,8,512,110,55,20260913,"Esikler, katsayilar ve ornek buyuklukleri KARARDIR; olcumden turetilmedi. Ayrinti protokol dosyasinda.",3.13.1,8.4.144,0.12.6,2.14.0,2026-09-13 10:08:36,scripts/25_esit_fp_adaylari.py
taban_00618,Taban-512,train_ZRI_3033_JPG.rf.061b302ec23b9197ab18d5202a0e2d2c.jpg,ZRI,0.5692,1835.3,877.5,1882.5,921.8,47.2,44.3,0.3576,,FP,0.3,1.8089,,,,hayir,,,reports/hafta7_fp_protokolu.md,test,157,tahminler_taban512_hafta7.csv,tahminler_model512.csv,0.3,0.52,1.8089,0.3,0.5,0.1,8,512,110,55,20260913,"Esikler, katsayilar ve ornek buyuklukleri KARARDIR; olcumden turetilmedi. Ayrinti protokol dosyasinda.",3.13.1,8.4.144,0.12.6,2.14.0,2026-09-13 10:08:36,scripts/25_esit_fp_adaylari.py
taban_00619,Taban-512,train_ZRI_3033_JPG.rf.061b302ec23b9197ab18d5202a0e2d2c.jpg,ZRI,0.5429,1594.3,684.8,1642.3,773.2,48.0,88.4,0.7281,0.7281,TP,0.3,1.8089,,,,hayir,,,reports/hafta7_fp_protokolu.md,test,157,tahminler_taban512_hafta7.csv,tahminler_model512.csv,0.3,0.52,1.8089,0.3,0.5,0.1,8,512,110,55,20260913,"Esikler, katsayilar ve ornek buyuklukleri KARARDIR; olcumden turetilmedi. Ayrinti protokol dosyasinda.",3.13.1,8.4.144,0.12.6,2.14.0,2026-09-13 10:08:36,scripts/25_esit_fp_adaylari.py
taban_00620,Taban-512,train_ZRI_3033_JPG.rf.061b302ec23b9197ab18d5202a0e2d2c.jpg,ZRI,0.5313,3208.6,1640.1,3318.7,1686.0,110.1,45.9,0.5624,0.5624,TP,0.3,1.8089,,,,hayir,,,reports/hafta7_fp_protokolu.md,test,157,tahminler_taban512_hafta7.csv,tahminler_model512.csv,0.3,0.52,1.8089,0.3,0.5,0.1,8,512,110,55,20260913,"Esikler, katsayilar ve ornek buyuklukleri KARARDIR; olcumden turetilmedi. Ayrinti protokol dosyasinda.",3.13.1,8.4.144,0.12.6,2.14.0,2026-09-13 10:08:36,scripts/25_esit_fp_adaylari.py
taban_00621,Taban-512,train_ZRI_3033_JPG.rf.061b302ec23b9197ab18d5202a0e2d2c.jpg,ZRI,0.414,1781.6,886.5,1825.4,965.8,43.8,79.3,0.6636,0.6636,TP,0.3,1.8089,,,,hayir,,,reports/hafta7_fp_protokolu.md,test,157,tahminler_taban512_hafta7.csv,tahminler_model512.csv,0.3,0.52,1.8089,0.3,0.5,0.1,8,512,110,55,20260913,"Esikler, katsayilar ve ornek buyuklukleri KARARDIR; olcumden turetilmedi. Ayrinti protokol dosyasinda.",3.13.1,8.4.144,0.12.6,2.14.0,2026-09-13 10:08:36,scripts/25_esit_fp_adaylari.py
taban_00622,Taban-512,train_ZRI_3033_JPG.rf.061b302ec23b9197ab18d5202a0e2d2c.jpg,ZRI,0.408,2231.3,2769.4,2308.0,2858.8,76.7,89.4,0.7526,0.7526,TP,0.3,1.8089,,,,hayir,,,reports/hafta7_fp_protokolu.md,test,157,tahminler_taban512_hafta7.csv,tahminler_model512.csv,0.3,0.52,1.8089,0.3,0.5,0.1,8,512,110,55,20260913,"Esikler, katsayilar ve ornek buyuklukleri KARARDIR; olcumden turetilmedi. Ayrinti protokol dosyasinda.",3.13.1,8.4.144,0.12.6,2.14.0,2026-09-13 10:08:36,scripts/25_esit_fp_adaylari.py
taban_00623,Taban-512,train_ZRI_3033_JPG.rf.061b302ec23b9197ab18d5202a0e2d2c.jpg,ZRI,0.4037,2767.8,2205.5,2841.1,2300.7,73.3,95.2,0.5816,0.5816,TP,0.3,1.8089,,,,hayir,,,reports/hafta7_fp_protokolu.md,test,157,tahminler_taban512_hafta7.csv,tahminler_model512.csv,0.3,0.52,1.8089,0.3,0.5,0.1,8,512,110,55,20260913,"Esikler, katsayilar ve ornek buyuklukleri KARARDIR; olcumden turetilmedi. Ayrinti protokol dosyasinda.",3.13.1,8.4.144,0.12.6,2.14.0,2026-09-13 10:08:36,scripts/25_esit_fp_adaylari.py
taban_00624,Taban-512,train_ZRI_3033_JPG.rf.061b302ec23b9197ab18d5202a0e2d2c.jpg,ZRI,0.3729,1781.1,885.0,1822.3,921.8,41.2,36.8,0.4756,,FP,0.3,1.8089,,,,hayir,,,reports/hafta7_fp_protokolu.md,test,157,tahminler_taban512_hafta7.csv,tahminler_model512.csv,0.3,0.52,1.8089,0.3,0.5,0.1,8,512,110,55,20260913,"Esikler, katsayilar ve ornek buyuklukleri KARARDIR; olcumden turetilmedi. Ayrinti protokol dosyasinda.",3.13.1,8.4.144,0.12.6,2.14.0,2026-09-13 10:08:36,scripts/25_esit_fp_adaylari.py
taban_00625,Taban-512,train_ZRI_3033_JPG.rf.061b302ec23b9197ab18d5202a0e2d2c.jpg,ZRI,0.3318,3717.7,2401.1,3770.3,2473.2,52.6,72.1,0.7259,0.7259,TP,0.3,1.8089,,,,hayir,,,reports/hafta7_fp_protokolu.md,test,157,tahminler_taban512_hafta7.csv,tahminler_model512.csv,0.3,0.52,1.8089,0.3,0.5,0.1,8,512,110,55,20260913,"Esikler, katsayilar ve ornek buyuklukleri KARARDIR; olcumden turetilmedi. Ayrinti protokol dosyasinda.",3.13.1,8.4.144,0.12.6,2.14.0,2026-09-13 10:08:36,scripts/25_esit_fp_adaylari.py
taban_00626,Taban-512,train_ZRI_3034_JPG.rf.cee0854389f8063b3f091fb1512b223b.jpg,ZRI,0.8278,2703.9,451.3,2753.6,512.0,49.7,60.7,0.7995,0.7995,TP,0.3,1.8089,,,,hayir,,,reports/hafta7_fp_protokolu.md,test,157,tahminler_taban512_hafta7.csv,tahminler_model512.csv,0.3,0.52,1.8089,0.3,0.5,0.1,8,512,110,55,20260913,"Esikler, katsayilar ve ornek buyuklukleri KARARDIR; olcumden turetilmedi. Ayrinti protokol dosyasinda.",3.13.1,8.4.144,0.12.6,2.14.0,2026-09-13 10:08:36,scripts/25_esit_fp_adaylari.py
taban_00627,Taban-512,train_ZRI_3034_JPG.rf.cee0854389f8063b3f091fb1512b223b.jpg,ZRI,0.4293,1797.8,1230.2,1848.7,1277.9,50.9,47.7,0.5333,0.5333,TP,0.3,1.8089,,,,hayir,,,reports/hafta7_fp_protokolu.md,test,157,tahminler_taban512_hafta7.csv,tahminler_model512.csv,0.3,0.52,1.8089,0.3,0.5,0.1,8,512,110,55,20260913,"Esikler, katsayilar ve ornek buyuklukleri KARARDIR; olcumden turetilmedi. Ayrinti protokol dosyasinda.",3.13.1,8.4.144,0.12.6,2.14.0,2026-09-13 10:08:36,scripts/25_esit_fp_adaylari.py
taban_00628,Taban-512,train_ZRI_3034_JPG.rf.cee0854389f8063b3f091fb1512b223b.jpg,ZRI,0.4219,1317.1,2408.7,1388.2,2473.6,71.1,64.9,0.6901,0.6901,TP,0.3,1.8089,,,,hayir,,,reports/hafta7_fp_protokolu.md,test,157,tahminler_taban512_hafta7.csv,tahminler_model512.csv,0.3,0.52,1.8089,0.3,0.5,0.1,8,512,110,55,20260913,"Esikler, katsayilar ve ornek buyuklukleri KARARDIR; olcumden turetilmedi. Ayrinti protokol dosyasinda.",3.13.1,8.4.144,0.12.6,2.14.0,2026-09-13 10:08:36,scripts/25_esit_fp_adaylari.py
taban_00629,Taban-512,train_ZRI_3034_JPG.rf.cee0854389f8063b3f091fb1512b223b.jpg,ZRI,0.4141,2842.6,1640.1,2918.1,1684.6,75.5,44.5,0.5906,0.5906,TP,0.3,1.8089,,,,hayir,,,reports/hafta7_fp_protokolu.md,test,157,tahminler_taban512_hafta7.csv,tahminler_model512.csv,0.3,0.52,1.8089,0.3,0.5,0.1,8,512,110,55,20260913,"Esikler, katsayilar ve ornek buyuklukleri KARARDIR; olcumden turetilmedi. Ayrinti protokol dosyasinda.",3.13.1,8.4.144,0.12.6,2.14.0,2026-09-13 10:08:36,scripts/25_esit_fp_adaylari.py
taban_00630,Taban-512,train_ZRI_3034_JPG.rf.cee0854389f8063b3f091fb1512b223b.jpg,ZRI,0.4135,1541.6,410.1,1600.2,460.6,58.6,50.5,0.5341,0.5341,TP,0.3,1.8089,,,,hayir,,,reports/hafta7_fp_protokolu.md,test,157,tahminler_taban512_hafta7.csv,tahminler_model512.csv,0.3,0.52,1.8089,0.3,0.5,0.1,8,512,110,55,20260913,"Esikler, katsayilar ve ornek buyuklukleri KARARDIR; olcumden turetilmedi. Ayrinti protokol dosyasinda.",3.13.1,8.4.144,0.12.6,2.14.0,2026-09-13 10:08:36,scripts/25_esit_fp_adaylari.py
taban_00631,Taban-512,train_ZRI_3034_JPG.rf.cee0854389f8063b3f091fb1512b223b.jpg,ZRI,0.4033,3488.6,2602.4,3595.2,2675.0,106.6,72.6,0.7447,0.7447,TP,0.3,1.8089,,,,hayir,,,reports/hafta7_fp_protokolu.md,test,157,tahminler_taban512_hafta7.csv,tahminler_model512.csv,0.3,0.52,1.8089,0.3,0.5,0.1,8,512,110,55,20260913,"Esikler, katsayilar ve ornek buyuklukleri KARARDIR; olcumden turetilmedi. Ayrinti protokol dosyasinda.",3.13.1,8.4.144,0.12.6,2.14.0,2026-09-13 10:08:36,scripts/25_esit_fp_adaylari.py
taban_00632,Taban-512,train_ZRI_3034_JPG.rf.cee0854389f8063b3f091fb1512b223b.jpg,ZRI,0.3712,705.0,2776.4,784.7,2878.6,79.7,102.2,0.8521,0.8521,TP,0.3,1.8089,,,,hayir,,,reports/hafta7_fp_protokolu.md,test,157,tahminler_taban512_hafta7.csv,tahminler_model512.csv,0.3,0.52,1.8089,0.3,0.5,0.1,8,512,110,55,20260913,"Esikler, katsayilar ve ornek buyuklukleri KARARDIR; olcumden turetilmedi. Ayrinti protokol dosyasinda.",3.13.1,8.4.144,0.12.6,2.14.0,2026-09-13 10:08:36,scripts/25_esit_fp_adaylari.py
taban_00633,Taban-512,train_ZRI_3034_JPG.rf.cee0854389f8063b3f091fb1512b223b.jpg,ZRI,0.3646,1712.5,2730.5,1801.7,2834.8,89.2,104.3,0.6409,0.6409,TP,0.3,1.8089,,,,hayir,,,reports/hafta7_fp_protokolu.md,test,157,tahminler_taban512_hafta7.csv,tahminler_model512.csv,0.3,0.52,1.8089,0.3,0.5,0.1,8,512,110,55,20260913,"Esikler, katsayilar ve ornek buyuklukleri KARARDIR; olcumden turetilmedi. Ayrinti protokol dosyasinda.",3.13.1,8.4.144,0.12.6,2.14.0,2026-09-13 10:08:36,scripts/25_esit_fp_adaylari.py
taban_00634,Taban-512,train_ZRI_3034_JPG.rf.cee0854389f8063b3f091fb1512b223b.jpg,ZRI,0.3619,2270.5,1129.3,2295.0,1161.3,24.5,32.0,0.4393,0.4393,TP,0.3,1.8089,,,,hayir,,,reports/hafta7_fp_protokolu.md,test,157,tahminler_taban512_hafta7.csv,tahminler_model512.csv,0.3,0.52,1.8089,0.3,0.5,0.1,8,512,110,55,20260913,"Esikler, katsayilar ve ornek buyuklukleri KARARDIR; olcumden turetilmedi. Ayrinti protokol dosyasinda.",3.13.1,8.4.144,0.12.6,2.14.0,2026-09-13 10:08:36,scripts/25_esit_fp_adaylari.py
taban_00635,Taban-512,train_ZRI_3034_JPG.rf.cee0854389f8063b3f091fb1512b223b.jpg,ZRI,0.3435,1748.8,472.8,1787.0,512.0,38.2,39.2,0.2834,,FP,0.3,1.8089,,,,hayir,,,reports/hafta7_fp_protokolu.md,test,157,tahminler_taban512_hafta7.csv,tahminler_model512.csv,0.3,0.52,1.8089,0.3,0.5,0.1,8,512,110,55,20260913,"Esikler, katsayilar ve ornek buyuklukleri KARARDIR; olcumden turetilmedi. Ayrinti protokol dosyasinda.",3.13.1,8.4.144,0.12.6,2.14.0,2026-09-13 10:08:36,scripts/25_esit_fp_adaylari.py
taban_00636,Taban-512,train_ZRI_3034_JPG.rf.cee0854389f8063b3f091fb1512b223b.jpg,ZRI,0.3268,1703.3,472.5,1787.9,525.7,84.6,53.2,0.8342,0.8342,TP,0.3,1.8089,,,,hayir,,,reports/hafta7_fp_protokolu.md,test,157,tahminler_taban512_hafta7.csv,tahminler_model512.csv,0.3,0.52,1.8089,0.3,0.5,0.1,8,512,110,55,20260913,"Esikler, katsayilar ve ornek buyuklukleri KARARDIR; olcumden turetilmedi. Ayrinti protokol dosyasinda.",3.13.1,8.4.144,0.12.6,2.14.0,2026-09-13 10:08:36,scripts/25_esit_fp_adaylari.py
taban_00637,Taban-512,train_ZRI_3034_JPG.rf.cee0854389f8063b3f091fb1512b223b.jpg,ZRI,0.3006,2706.3,2150.5,2782.0,2230.5,75.7,80.0,0.8398,0.8398,TP,0.3,1.8089,,,,hayir,,,reports/hafta7_fp_protokolu.md,test,157,tahminler_taban512_hafta7.csv,tahminler_model512.csv,0.3,0.52,1.8089,0.3,0.5,0.1,8,512,110,55,20260913,"Esikler, katsayilar ve ornek buyuklukleri KARARDIR; olcumden turetilmedi. Ayrinti protokol dosyasinda.",3.13.1,8.4.144,0.12.6,2.14.0,2026-09-13 10:08:36,scripts/25_esit_fp_adaylari.py
taban_00638,Taban-512,train_ZRI_3034_JPG.rf.cee0854389f8063b3f091fb1512b223b.jpg,ZRI,0.3006,3123.6,2431.3,3260.4,2522.8,136.8,91.5,0.3857,0.3857,TP,0.3,1.8089,,,,hayir,,,reports/hafta7_fp_protokolu.md,test,157,tahminler_taban512_hafta7.csv,tahminler_model512.csv,0.3,0.52,1.8089,0.3,0.5,0.1,8,512,110,55,20260913,"Esikler, katsayilar ve ornek buyuklukleri KARARDIR; olcumden turetilmedi. Ayrinti protokol dosyasinda.",3.13.1,8.4.144,0.12.6,2.14.0,2026-09-13 10:08:36,scripts/25_esit_fp_adaylari.py
taban_00639,Taban-512,train_ZRI_3035_JPG.rf.200735874c12e560a2d58814a77819f8.jpg,ZRI,0.8177,1277.3,963.7,1331.7,1047.5,54.4,83.8,0.5913,0.5913,TP,0.3,1.8089,,,,hayir,,,reports/hafta7_fp_protokolu.md,test,157,tahminler_taban512_hafta7.csv,tahminler_model512.csv,0.3,0.52,1.8089,0.3,0.5,0.1,8,512,110,55,20260913,"Esikler, katsayilar ve ornek buyuklukleri KARARDIR; olcumden turetilmedi. Ayrinti protokol dosyasinda.",3.13.1,8.4.144,0.12.6,2.14.0,2026-09-13 10:08:36,scripts/25_esit_fp_adaylari.py
taban_00640,Taban-512,train_ZRI_3035_JPG.rf.200735874c12e560a2d58814a77819f8.jpg,ZRI,0.7916,2104.6,0.1,2151.8,100.6,47.2,100.5,0.9024,0.9024,TP,0.3,1.8089,,,,hayir,,,reports/hafta7_fp_protokolu.md,test,157,tahminler_taban512_hafta7.csv,tahminler_model512.csv,0.3,0.52,1.8089,0.3,0.5,0.1,8,512,110,55,20260913,"Esikler, katsayilar ve ornek buyuklukleri KARARDIR; olcumden turetilmedi. Ayrinti protokol dosyasinda.",3.13.1,8.4.144,0.12.6,2.14.0,2026-09-13 10:08:36,scripts/25_esit_fp_adaylari.py
taban_00641,Taban-512,train_ZRI_3035_JPG.rf.200735874c12e560a2d58814a77819f8.jpg,ZRI,0.7457,434.9,2521.0,476.8,2561.7,41.9,40.7,0.0,,FP,0.3,1.8089,,,,hayir,,,reports/hafta7_fp_protokolu.md,test,157,tahminler_taban512_hafta7.csv,tahminler_model512.csv,0.3,0.52,1.8089,0.3,0.5,0.1,8,512,110,55,20260913,"Esikler, katsayilar ve ornek buyuklukleri KARARDIR; olcumden turetilmedi. Ayrinti protokol dosyasinda.",3.13.1,8.4.144,0.12.6,2.14.0,2026-09-13 10:08:36,scripts/25_esit_fp_adaylari.py
taban_00642,Taban-512,train_ZRI_3035_JPG.rf.200735874c12e560a2d58814a77819f8.jpg,ZRI,0.6876,410.1,2521.2,488.6,2648.4,78.5,127.2,0.5027,0.5027,TP,0.3,1.8089,,,,hayir,,,reports/hafta7_fp_protokolu.md,test,157,tahminler_taban512_hafta7.csv,tahminler_model512.csv,0.3,0.52,1.8089,0.3,0.5,0.1,8,512,110,55,20260913,"Esikler, katsayilar ve ornek buyuklukleri KARARDIR; olcumden turetilmedi. Ayrinti protokol dosyasinda.",3.13.1,8.4.144,0.12.6,2.14.0,2026-09-13 10:08:36,scripts/25_esit_fp_adaylari.py
taban_00643,Taban-512,train_ZRI_3035_JPG.rf.200735874c12e560a2d58814a77819f8.jpg,ZRI,0.6688,2525.6,2416.8,2592.1,2505.9,66.5,89.1,0.3193,0.3193,TP,0.3,1.8089,,,,hayir,,,reports/hafta7_fp_protokolu.md,test,157,tahminler_taban512_hafta7.csv,tahminler_model512.csv,0.3,0.52,1.8089,0.3,0.5,0.1,8,512,110,55,20260913,"Esikler, katsayilar ve ornek buyuklukleri KARARDIR; olcumden turetilmedi. Ayrinti protokol dosyasinda.",3.13.1,8.4.144,0.12.6,2.14.0,2026-09-13 10:08:36,scripts/25_esit_fp_adaylari.py
taban_00644,Taban-512,train_ZRI_3035_JPG.rf.200735874c12e560a2d58814a77819f8.jpg,ZRI,0.6171,1693.7,726.9,1741.8,802.9,48.1,76.0,0.6601,0.6601,TP,0.3,1.8089,,,,hayir,,,reports/hafta7_fp_protokolu.md,test,157,tahminler_taban512_hafta7.csv,tahminler_model512.csv,0.3,0.52,1.8089,0.3,0.5,0.1,8,512,110,55,20260913,"Esikler, katsayilar ve ornek buyuklukleri KARARDIR; olcumden turetilmedi. Ayrinti protokol dosyasinda.",3.13.1,8.4.144,0.12.6,2.14.0,2026-09-13 10:08:36,scripts/25_esit_fp_adaylari.py
taban_00645,Taban-512,train_ZRI_3035_JPG.rf.200735874c12e560a2d58814a77819f8.jpg,ZRI,0.5965,1986.8,73.1,2037.0,156.3,50.2,83.2,0.7852,0.7852,TP,0.3,1.8089,,,,hayir,,,reports/hafta7_fp_protokolu.md,test,157,tahminler_taban512_hafta7.csv,tahminler_model512.csv,0.3,0.52,1.8089,0.3,0.5,0.1,8,512,110,55,20260913,"Esikler, katsayilar ve ornek buyuklukleri KARARDIR; olcumden turetilmedi. Ayrinti protokol dosyasinda.",3.13.1,8.4.144,0.12.6,2.14.0,2026-09-13 10:08:36,scripts/25_esit_fp_adaylari.py
taban_00646,Taban-512,train_ZRI_3035_JPG.rf.200735874c12e560a2d58814a77819f8.jpg,ZRI,0.5478,288.4,1138.0,351.9,1183.5,63.5,45.5,0.7589,0.7589,TP,0.3,1.8089,,,,hayir,,,reports/hafta7_fp_protokolu.md,test,157,tahminler_taban512_hafta7.csv,tahminler_model512.csv,0.3,0.52,1.8089,0.3,0.5,0.1,8,512,110,55,20260913,"Esikler, katsayilar ve ornek buyuklukleri KARARDIR; olcumden turetilmedi. Ayrinti protokol dosyasinda.",3.13.1,8.4.144,0.12.6,2.14.0,2026-09-13 10:08:36,scripts/25_esit_fp_adaylari.py
taban_00647,Taban-512,train_ZRI_3035_JPG.rf.200735874c12e560a2d58814a77819f8.jpg,ZRI,0.5274,1123.6,927.1,1194.8,1015.0,71.2,87.9,0.5831,0.5831,TP,0.3,1.8089,,,,hayir,,,reports/hafta7_fp_protokolu.md,test,157,tahminler_taban512_hafta7.csv,tahminler_model512.csv,0.3,0.52,1.8089,0.3,0.5,0.1,8,512,110,55,20260913,"Esikler, katsayilar ve ornek buyuklukleri KARARDIR; olcumden turetilmedi. Ayrinti protokol dosyasinda.",3.13.1,8.4.144,0.12.6,2.14.0,2026-09-13 10:08:36,scripts/25_esit_fp_adaylari.py
taban_00648,Taban-512,train_ZRI_3035_JPG.rf.200735874c12e560a2d58814a77819f8.jpg,ZRI,0.5116,2302.2,2134.0,2346.5,2204.6,44.3,70.6,0.2979,,FP,0.3,1.8089,,,,hayir,,,reports/hafta7_fp_protokolu.md,test,157,tahminler_taban512_hafta7.csv,tahminler_model512.csv,0.3,0.52,1.8089,0.3,0.5,0.1,8,512,110,55,20260913,"Esikler, katsayilar ve ornek buyuklukleri KARARDIR; olcumden turetilmedi. Ayrinti protokol dosyasinda.",3.13.1,8.4.144,0.12.6,2.14.0,2026-09-13 10:08:36,scripts/25_esit_fp_adaylari.py
taban_00649,Taban-512,train_ZRI_3035_JPG.rf.200735874c12e560a2d58814a77819f8.jpg,ZRI,0.4998,1430.4,2460.5,1507.7,2542.1,77.3,81.6,0.9633,0.9633,TP,0.3,1.8089,,,,hayir,,,reports/hafta7_fp_protokolu.md,test,157,tahminler_taban512_hafta7.csv,tahminler_model512.csv,0.3,0.52,1.8089,0.3,0.5,0.1,8,512,110,55,20260913,"Esikler, katsayilar ve ornek buyuklukleri KARARDIR; olcumden turetilmedi. Ayrinti protokol dosyasinda.",3.13.1,8.4.144,0.12.6,2.14.0,2026-09-13 10:08:36,scripts/25_esit_fp_adaylari.py
taban_00650,Taban-512,train_ZRI_3035_JPG.rf.200735874c12e560a2d58814a77819f8.jpg,ZRI,0.4399,151.2,1125.4,199.1,1204.7,47.9,79.3,0.284,,FP,0.3,1.8089,,a0298,a0406,evet,Taban-512/ZRI,0.2402,reports/hafta7_fp_protokolu.md,test,157,tahminler_taban512_hafta7.csv,tahminler_model512.csv,0.3,0.52,1.8089,0.3,0.5,0.1,8,512,110,55,20260913,"Esikler, katsayilar ve ornek buyuklukleri KARARDIR; olcumden turetilmedi. Ayrinti protokol dosyasinda.",3.13.1,8.4.144,0.12.6,2.14.0,2026-09-13 10:08:36,scripts/25_esit_fp_adaylari.py
taban_00651,Taban-512,train_ZRI_3035_JPG.rf.200735874c12e560a2d58814a77819f8.jpg,ZRI,0.4337,2435.7,1694.9,2501.7,1741.7,66.0,46.8,0.4829,0.4829,TP,0.3,1.8089,,,,hayir,,,reports/hafta7_fp_protokolu.md,test,157,tahminler_taban512_hafta7.csv,tahminler_model512.csv,0.3,0.52,1.8089,0.3,0.5,0.1,8,512,110,55,20260913,"Esikler, katsayilar ve ornek buyuklukleri KARARDIR; olcumden turetilmedi. Ayrinti protokol dosyasinda.",3.13.1,8.4.144,0.12.6,2.14.0,2026-09-13 10:08:36,scripts/25_esit_fp_adaylari.py
taban_00652,Taban-512,train_ZRI_3035_JPG.rf.200735874c12e560a2d58814a77819f8.jpg,ZRI,0.4165,2546.3,2460.2,2592.0,2505.8,45.7,45.6,0.9079,,FP,0.3,1.8089,,,,hayir,,,reports/hafta7_fp_protokolu.md,test,157,tahminler_taban512_hafta7.csv,tahminler_model512.csv,0.3,0.52,1.8089,0.3,0.5,0.1,8,512,110,55,20260913,"Esikler, katsayilar ve ornek buyuklukleri KARARDIR; olcumden turetilmedi. Ayrinti protokol dosyasinda.",3.13.1,8.4.144,0.12.6,2.14.0,2026-09-13 10:08:36,scripts/25_esit_fp_adaylari.py
taban_00653,Taban-512,train_ZRI_3035_JPG.rf.200735874c12e560a2d58814a77819f8.jpg,ZRI,0.3141,1127.4,927.2,1180.7,985.4,53.3,58.2,0.2345,,FP,0.3,1.8089,,,,hayir,,,reports/hafta7_fp_protokolu.md,test,157,tahminler_taban512_hafta7.csv,tahminler_model512.csv,0.3,0.52,1.8089,0.3,0.5,0.1,8,512,110,55,20260913,"Esikler, katsayilar ve ornek buyuklukleri KARARDIR; olcumden turetilmedi. Ayrinti protokol dosyasinda.",3.13.1,8.4.144,0.12.6,2.14.0,2026-09-13 10:08:36,scripts/25_esit_fp_adaylari.py
model_00001,Model-512,test_ZRI_0004_JPG.rf.e913f73a55a644ae9b3e440de80f749d.jpg,ZRI,0.812,1232.4,1041.2,1282.6,1109.6,50.2,68.4,0.8636,0.8636,TP,0.52,1.8089,,,,hayir,,,reports/hafta7_fp_protokolu.md,test,157,tahminler_taban512_hafta7.csv,tahminler_model512.csv,0.3,0.52,1.8089,0.3,0.5,0.1,8,512,110,55,20260913,"Esikler, katsayilar ve ornek buyuklukleri KARARDIR; olcumden turetilmedi. Ayrinti protokol dosyasinda.",3.13.1,8.4.144,0.12.6,2.14.0,2026-09-13 10:08:36,scripts/25_esit_fp_adaylari.py
model_00002,Model-512,test_ZRI_0004_JPG.rf.e913f73a55a644ae9b3e440de80f749d.jpg,ZRI,0.7472,1134.0,1020.5,1214.0,1091.0,80.0,70.5,0.9185,0.9185,TP,0.52,1.8089,,,,hayir,,,reports/hafta7_fp_protokolu.md,test,157,tahminler_taban512_hafta7.csv,tahminler_model512.csv,0.3,0.52,1.8089,0.3,0.5,0.1,8,512,110,55,20260913,"Esikler, katsayilar ve ornek buyuklukleri KARARDIR; olcumden turetilmedi. Ayrinti protokol dosyasinda.",3.13.1,8.4.144,0.12.6,2.14.0,2026-09-13 10:08:36,scripts/25_esit_fp_adaylari.py
model_00003,Model-512,test_ZRI_0004_JPG.rf.e913f73a55a644ae9b3e440de80f749d.jpg,ZRI,0.7391,2505.4,868.0,2585.4,921.8,80.0,53.8,0.78,0.78,TP,0.52,1.8089,,,,hayir,,,reports/hafta7_fp_protokolu.md,test,157,tahminler_taban512_hafta7.csv,tahminler_model512.csv,0.3,0.52,1.8089,0.3,0.5,0.1,8,512,110,55,20260913,"Esikler, katsayilar ve ornek buyuklukleri KARARDIR; olcumden turetilmedi. Ayrinti protokol dosyasinda.",3.13.1,8.4.144,0.12.6,2.14.0,2026-09-13 10:08:36,scripts/25_esit_fp_adaylari.py
model_00004,Model-512,test_ZRI_0004_JPG.rf.e913f73a55a644ae9b3e440de80f749d.jpg,ZRI,0.6419,2401.6,1939.7,2456.7,1983.8,55.1,44.1,0.0,,FP,0.52,1.8089,,,,hayir,,,reports/hafta7_fp_protokolu.md,test,157,tahminler_taban512_hafta7.csv,tahminler_model512.csv,0.3,0.52,1.8089,0.3,0.5,0.1,8,512,110,55,20260913,"Esikler, katsayilar ve ornek buyuklukleri KARARDIR; olcumden turetilmedi. Ayrinti protokol dosyasinda.",3.13.1,8.4.144,0.12.6,2.14.0,2026-09-13 10:08:36,scripts/25_esit_fp_adaylari.py
model_00005,Model-512,test_ZRI_0004_JPG.rf.e913f73a55a644ae9b3e440de80f749d.jpg,ZRI,0.6349,3280.2,1403.9,3353.2,1490.9,73.0,87.0,0.746,0.746,TP,0.52,1.8089,,,,hayir,,,reports/hafta7_fp_protokolu.md,test,157,tahminler_taban512_hafta7.csv,tahminler_model512.csv,0.3,0.52,1.8089,0.3,0.5,0.1,8,512,110,55,20260913,"Esikler, katsayilar ve ornek buyuklukleri KARARDIR; olcumden turetilmedi. Ayrinti protokol dosyasinda.",3.13.1,8.4.144,0.12.6,2.14.0,2026-09-13 10:08:36,scripts/25_esit_fp_adaylari.py
model_00006,Model-512,test_ZRI_0004_JPG.rf.e913f73a55a644ae9b3e440de80f749d.jpg,ZRI,0.6185,1339.7,2471.7,1391.9,2528.5,52.2,56.8,0.4525,0.4525,TP,0.52,1.8089,,,,hayir,,,reports/hafta7_fp_protokolu.md,test,157,tahminler_taban512_hafta7.csv,tahminler_model512.csv,0.3,0.52,1.8089,0.3,0.5,0.1,8,512,110,55,20260913,"Esikler, katsayilar ve ornek buyuklukleri KARARDIR; olcumden turetilmedi. Ayrinti protokol dosyasinda.",3.13.1,8.4.144,0.12.6,2.14.0,2026-09-13 10:08:36,scripts/25_esit_fp_adaylari.py
model_00007,Model-512,test_ZRI_0004_JPG.rf.e913f73a55a644ae9b3e440de80f749d.jpg,ZRI,0.5642,1874.5,820.2,1949.5,863.9,75.0,43.7,0.0,,FP,0.52,1.8089,,,,hayir,,,reports/hafta7_fp_protokolu.md,test,157,tahminler_taban512_hafta7.csv,tahminler_model512.csv,0.3,0.52,1.8089,0.3,0.5,0.1,8,512,110,55,20260913,"Esikler, katsayilar ve ornek buyuklukleri KARARDIR; olcumden turetilmedi. Ayrinti protokol dosyasinda.",3.13.1,8.4.144,0.12.6,2.14.0,2026-09-13 10:08:36,scripts/25_esit_fp_adaylari.py
model_00008,Model-512,test_ZRI_0004_JPG.rf.e913f73a55a644ae9b3e440de80f749d.jpg,ZRI,0.5616,2531.4,868.2,2562.0,928.8,30.6,60.6,0.4012,,FP,0.52,1.8089,,a0287,a0232,evet,Model-512/ZRI,0.3504,reports/hafta7_fp_protokolu.md,test,157,tahminler_taban512_hafta7.csv,tahminler_model512.csv,0.3,0.52,1.8089,0.3,0.5,0.1,8,512,110,55,20260913,"Esikler, katsayilar ve ornek buyuklukleri KARARDIR; olcumden turetilmedi. Ayrinti protokol dosyasinda.",3.13.1,8.4.144,0.12.6,2.14.0,2026-09-13 10:08:36,scripts/25_esit_fp_adaylari.py
model_00009,Model-512,test_ZRI_0004_JPG.rf.e913f73a55a644ae9b3e440de80f749d.jpg,ZRI,0.5556,2105.0,2439.3,2147.6,2471.6,42.6,32.3,0.0,,FP,0.52,1.8089,,a0436,a0234,evet,Model-512/ZRI,0.3504,reports/hafta7_fp_protokolu.md,test,157,tahminler_taban512_hafta7.csv,tahminler_model512.csv,0.3,0.52,1.8089,0.3,0.5,0.1,8,512,110,55,20260913,"Esikler, katsayilar ve ornek buyuklukleri KARARDIR; olcumden turetilmedi. Ayrinti protokol dosyasinda.",3.13.1,8.4.144,0.12.6,2.14.0,2026-09-13 10:08:36,scripts/25_esit_fp_adaylari.py
model_00010,Model-512,test_ZRI_0004_JPG.rf.e913f73a55a644ae9b3e440de80f749d.jpg,ZRI,0.5495,1854.9,2082.8,1901.8,2144.8,46.9,62.0,0.6826,0.6826,TP,0.52,1.8089,,,,hayir,,,reports/hafta7_fp_protokolu.md,test,157,tahminler_taban512_hafta7.csv,tahminler_model512.csv,0.3,0.52,1.8089,0.3,0.5,0.1,8,512,110,55,20260913,"Esikler, katsayilar ve ornek buyuklukleri KARARDIR; olcumden turetilmedi. Ayrinti protokol dosyasinda.",3.13.1,8.4.144,0.12.6,2.14.0,2026-09-13 10:08:36,scripts/25_esit_fp_adaylari.py
model_00011,Model-512,test_ZRI_0004_JPG.rf.e913f73a55a644ae9b3e440de80f749d.jpg,ZRI,0.546,2050.0,2374.2,2080.7,2432.8,30.7,58.6,0.0,,FP,0.52,1.8089,,,,hayir,,,reports/hafta7_fp_protokolu.md,test,157,tahminler_taban512_hafta7.csv,tahminler_model512.csv,0.3,0.52,1.8089,0.3,0.5,0.1,8,512,110,55,20260913,"Esikler, katsayilar ve ornek buyuklukleri KARARDIR; olcumden turetilmedi. Ayrinti protokol dosyasinda.",3.13.1,8.4.144,0.12.6,2.14.0,2026-09-13 10:08:36,scripts/25_esit_fp_adaylari.py
model_00012,Model-512,train_VRD_3082_JPG.rf.bc32984470d6b81e6cda05017ace1730.jpg,VRD,0.5877,2161.1,357.4,2192.9,413.0,31.8,55.6,0.8312,0.8312,TP,0.52,1.8089,,,,hayir,,,reports/hafta7_fp_protokolu.md,test,157,tahminler_taban512_hafta7.csv,tahminler_model512.csv,0.3,0.52,1.8089,0.3,0.5,0.1,8,512,110,55,20260913,"Esikler, katsayilar ve ornek buyuklukleri KARARDIR; olcumden turetilmedi. Ayrinti protokol dosyasinda.",3.13.1,8.4.144,0.12.6,2.14.0,2026-09-13 10:08:36,scripts/25_esit_fp_adaylari.py
model_00013,Model-512,train_VRD_3083_JPG.rf.8af8b7ba2f81349640d3de9849199918.jpg,VRD,0.7421,2219.8,790.5,2251.4,856.3,31.6,65.8,0.9464,0.9464,TP,0.52,1.8089,,,,hayir,,,reports/hafta7_fp_protokolu.md,test,157,tahminler_taban512_hafta7.csv,tahminler_model512.csv,0.3,0.52,1.8089,0.3,0.5,0.1,8,512,110,55,20260913,"Esikler, katsayilar ve ornek buyuklukleri KARARDIR; olcumden turetilmedi. Ayrinti protokol dosyasinda.",3.13.1,8.4.144,0.12.6,2.14.0,2026-09-13 10:08:36,scripts/25_esit_fp_adaylari.py
model_00014,Model-512,train_VRD_3085_JPG.rf.1d6c6e8846eb0d17d57f80cd4adfc4cf.jpg,VRD,0.7056,2717.5,754.2,2752.3,825.5,34.8,71.3,0.7859,0.7859,TP,0.52,1.8089,,,,hayir,,,reports/hafta7_fp_protokolu.md,test,157,tahminler_taban512_hafta7.csv,tahminler_model512.csv,0.3,0.52,1.8089,0.3,0.5,0.1,8,512,110,55,20260913,"Esikler, katsayilar ve ornek buyuklukleri KARARDIR; olcumden turetilmedi. Ayrinti protokol dosyasinda.",3.13.1,8.4.144,0.12.6,2.14.0,2026-09-13 10:08:36,scripts/25_esit_fp_adaylari.py
model_00015,Model-512,train_VRD_3087_JPG.rf.77189923102c093b565f5ac08703611b.jpg,VRD,0.8201,2889.2,1643.2,2942.3,1694.6,53.1,51.4,0.9163,0.9163,TP,0.52,1.8089,,,,hayir,,,reports/hafta7_fp_protokolu.md,test,157,tahminler_taban512_hafta7.csv,tahminler_model512.csv,0.3,0.52,1.8089,0.3,0.5,0.1,8,512,110,55,20260913,"Esikler, katsayilar ve ornek buyuklukleri KARARDIR; olcumden turetilmedi. Ayrinti protokol dosyasinda.",3.13.1,8.4.144,0.12.6,2.14.0,2026-09-13 10:08:36,scripts/25_esit_fp_adaylari.py
model_00016,Model-512,train_VRD_3088_JPG.rf.4a825a8a092605758bec2c83c0d3fb41.jpg,VRD,0.6209,2976.2,2110.9,3038.3,2166.6,62.1,55.7,0.8335,0.8335,TP,0.52,1.8089,,,,hayir,,,reports/hafta7_fp_protokolu.md,test,157,tahminler_taban512_hafta7.csv,tahminler_model512.csv,0.3,0.52,1.8089,0.3,0.5,0.1,8,512,110,55,20260913,"Esikler, katsayilar ve ornek buyuklukleri KARARDIR; olcumden turetilmedi. Ayrinti protokol dosyasinda.",3.13.1,8.4.144,0.12.6,2.14.0,2026-09-13 10:08:36,scripts/25_esit_fp_adaylari.py
model_00017,Model-512,train_VRD_3090_JPG.rf.aae703cf6571719c2137410a8c314c47.jpg,VRD,0.8044,3157.4,2934.0,3208.0,2999.8,50.6,65.8,0.9616,0.9616,TP,0.52,1.8089,,,,hayir,,,reports/hafta7_fp_protokolu.md,test,157,tahminler_taban512_hafta7.csv,tahminler_model512.csv,0.3,0.52,1.8089,0.3,0.5,0.1,8,512,110,55,20260913,"Esikler, katsayilar ve ornek buyuklukleri KARARDIR; olcumden turetilmedi. Ayrinti protokol dosyasinda.",3.13.1,8.4.144,0.12.6,2.14.0,2026-09-13 10:08:36,scripts/25_esit_fp_adaylari.py
model_00018,Model-512,train_VRD_3090_JPG.rf.aae703cf6571719c2137410a8c314c47.jpg,VRD,0.7397,3526.3,408.2,3583.1,455.8,56.8,47.6,0.8039,0.8039,TP,0.52,1.8089,,,,hayir,,,reports/hafta7_fp_protokolu.md,test,157,tahminler_taban512_hafta7.csv,tahminler_model512.csv,0.3,0.52,1.8089,0.3,0.5,0.1,8,512,110,55,20260913,"Esikler, katsayilar ve ornek buyuklukleri KARARDIR; olcumden turetilmedi. Ayrinti protokol dosyasinda.",3.13.1,8.4.144,0.12.6,2.14.0,2026-09-13 10:08:36,scripts/25_esit_fp_adaylari.py
model_00019,Model-512,train_VRD_3090_JPG.rf.aae703cf6571719c2137410a8c314c47.jpg,VRD,0.709,3122.3,2750.7,3172.7,2814.0,50.4,63.3,0.0,,FP,0.52,1.8089,,a0044,a0157,evet,Model-512/VRD,1.0,reports/hafta7_fp_protokolu.md,test,157,tahminler_taban512_hafta7.csv,tahminler_model512.csv,0.3,0.52,1.8089,0.3,0.5,0.1,8,512,110,55,20260913,"Esikler, katsayilar ve ornek buyuklukleri KARARDIR; olcumden turetilmedi. Ayrinti protokol dosyasinda.",3.13.1,8.4.144,0.12.6,2.14.0,2026-09-13 10:08:36,scripts/25_esit_fp_adaylari.py
model_00020,Model-512,train_VRD_3090_JPG.rf.aae703cf6571719c2137410a8c314c47.jpg,VRD,0.6676,1680.1,705.5,1716.0,748.0,35.9,42.5,0.0,,FP,0.52,1.8089,,a0139,a0258,evet,Model-512/VRD,1.0,reports/hafta7_fp_protokolu.md,test,157,tahminler_taban512_hafta7.csv,tahminler_model512.csv,0.3,0.52,1.8089,0.3,0.5,0.1,8,512,110,55,20260913,"Esikler, katsayilar ve ornek buyuklukleri KARARDIR; olcumden turetilmedi. Ayrinti protokol dosyasinda.",3.13.1,8.4.144,0.12.6,2.14.0,2026-09-13 10:08:36,scripts/25_esit_fp_adaylari.py
model_00021,Model-512,train_VRD_3091_JPG.rf.b2431f4f88816d9458553448073861a7.jpg,VRD,0.788,3496.5,2911.0,3555.7,2963.5,59.2,52.5,0.677,0.677,TP,0.52,1.8089,,,,hayir,,,reports/hafta7_fp_protokolu.md,test,157,tahminler_taban512_hafta7.csv,tahminler_model512.csv,0.3,0.52,1.8089,0.3,0.5,0.1,8,512,110,55,20260913,"Esikler, katsayilar ve ornek buyuklukleri KARARDIR; olcumden turetilmedi. Ayrinti protokol dosyasinda.",3.13.1,8.4.144,0.12.6,2.14.0,2026-09-13 10:08:36,scripts/25_esit_fp_adaylari.py
model_00022,Model-512,train_VRD_3092_JPG.rf.b9c69f37389a1473f41b1882be71f72b.jpg,VRD,0.6645,3943.3,2686.8,3996.3,2747.6,53.0,60.8,0.0,,FP,0.52,1.8089,,a0238,a0411,evet,Model-512/VRD,1.0,reports/hafta7_fp_protokolu.md,test,157,tahminler_taban512_hafta7.csv,tahminler_model512.csv,0.3,0.52,1.8089,0.3,0.5,0.1,8,512,110,55,20260913,"Esikler, katsayilar ve ornek buyuklukleri KARARDIR; olcumden turetilmedi. Ayrinti protokol dosyasinda.",3.13.1,8.4.144,0.12.6,2.14.0,2026-09-13 10:08:36,scripts/25_esit_fp_adaylari.py
model_00023,Model-512,train_VRD_3095_JPG.rf.5379df8b29d8fbfac17f873f76d42e3f.jpg,VRD,0.7347,3765.5,2320.6,3868.9,2375.8,103.4,55.2,0.8037,0.8037,TP,0.52,1.8089,,,,hayir,,,reports/hafta7_fp_protokolu.md,test,157,tahminler_taban512_hafta7.csv,tahminler_model512.csv,0.3,0.52,1.8089,0.3,0.5,0.1,8,512,110,55,20260913,"Esikler, katsayilar ve ornek buyuklukleri KARARDIR; olcumden turetilmedi. Ayrinti protokol dosyasinda.",3.13.1,8.4.144,0.12.6,2.14.0,2026-09-13 10:08:36,scripts/25_esit_fp_adaylari.py
model_00024,Model-512,train_VRD_3096_JPG.rf.1f45f33e005fb2d99c61b67d687d00b4.jpg,VRD,0.7864,3107.1,2353.6,3171.4,2397.2,64.3,43.6,0.8836,0.8836,TP,0.52,1.8089,,,,hayir,,,reports/hafta7_fp_protokolu.md,test,157,tahminler_taban512_hafta7.csv,tahminler_model512.csv,0.3,0.52,1.8089,0.3,0.5,0.1,8,512,110,55,20260913,"Esikler, katsayilar ve ornek buyuklukleri KARARDIR; olcumden turetilmedi. Ayrinti protokol dosyasinda.",3.13.1,8.4.144,0.12.6,2.14.0,2026-09-13 10:08:36,scripts/25_esit_fp_adaylari.py
model_00025,Model-512,train_VRD_3096_JPG.rf.1f45f33e005fb2d99c61b67d687d00b4.jpg,VRD,0.7491,3170.7,2110.5,3224.4,2152.0,53.7,41.5,0.0,,FP,0.52,1.8089,,a0018,a0186,evet,Model-512/VRD,1.0,reports/hafta7_fp_protokolu.md,test,157,tahminler_taban512_hafta7.csv,tahminler_model512.csv,0.3,0.52,1.8089,0.3,0.5,0.1,8,512,110,55,20260913,"Esikler, katsayilar ve ornek buyuklukleri KARARDIR; olcumden turetilmedi. Ayrinti protokol dosyasinda.",3.13.1,8.4.144,0.12.6,2.14.0,2026-09-13 10:08:36,scripts/25_esit_fp_adaylari.py
model_00026,Model-512,train_VRD_3096_JPG.rf.1f45f33e005fb2d99c61b67d687d00b4.jpg,VRD,0.585,3576.2,0.1,3643.8,63.9,67.6,63.8,0.0,,FP,0.52,1.8089,,a0181,a0005,evet,Model-512/VRD,1.0,reports/hafta7_fp_protokolu.md,test,157,tahminler_taban512_hafta7.csv,tahminler_model512.csv,0.3,0.52,1.8089,0.3,0.5,0.1,8,512,110,55,20260913,"Esikler, katsayilar ve ornek buyuklukleri KARARDIR; olcumden turetilmedi. Ayrinti protokol dosyasinda.",3.13.1,8.4.144,0.12.6,2.14.0,2026-09-13 10:08:36,scripts/25_esit_fp_adaylari.py
model_00027,Model-512,train_VRD_3097_JPG.rf.f8d2643399443f294c99f42f9f55d227.jpg,VRD,0.7837,2568.7,2328.6,2621.4,2382.2,52.7,53.6,0.722,0.722,TP,0.52,1.8089,,,,hayir,,,reports/hafta7_fp_protokolu.md,test,157,tahminler_taban512_hafta7.csv,tahminler_model512.csv,0.3,0.52,1.8089,0.3,0.5,0.1,8,512,110,55,20260913,"Esikler, katsayilar ve ornek buyuklukleri KARARDIR; olcumden turetilmedi. Ayrinti protokol dosyasinda.",3.13.1,8.4.144,0.12.6,2.14.0,2026-09-13 10:08:36,scripts/25_esit_fp_adaylari.py
model_00028,Model-512,train_VRD_3097_JPG.rf.f8d2643399443f294c99f42f9f55d227.jpg,VRD,0.6192,2636.0,2085.0,2679.8,2146.6,43.8,61.6,0.0,,FP,0.52,1.8089,,a0153,a0389,evet,Model-512/VRD,1.0,reports/hafta7_fp_protokolu.md,test,157,tahminler_taban512_hafta7.csv,tahminler_model512.csv,0.3,0.52,1.8089,0.3,0.5,0.1,8,512,110,55,20260913,"Esikler, katsayilar ve ornek buyuklukleri KARARDIR; olcumden turetilmedi. Ayrinti protokol dosyasinda.",3.13.1,8.4.144,0.12.6,2.14.0,2026-09-13 10:08:36,scripts/25_esit_fp_adaylari.py
model_00029,Model-512,train_VRD_3098_JPG.rf.201ddcde3a527d59604701647772ea1c.jpg,VRD,0.765,1969.9,1988.8,2013.9,2082.1,44.0,93.3,0.0,,FP,0.52,1.8089,,a0242,a0316,evet,Model-512/VRD,1.0,reports/hafta7_fp_protokolu.md,test,157,tahminler_taban512_hafta7.csv,tahminler_model512.csv,0.3,0.52,1.8089,0.3,0.5,0.1,8,512,110,55,20260913,"Esikler, katsayilar ve ornek buyuklukleri KARARDIR; olcumden turetilmedi. Ayrinti protokol dosyasinda.",3.13.1,8.4.144,0.12.6,2.14.0,2026-09-13 10:08:36,scripts/25_esit_fp_adaylari.py
model_00030,Model-512,train_VRD_3098_JPG.rf.201ddcde3a527d59604701647772ea1c.jpg,VRD,0.7287,1885.7,2229.1,1923.9,2284.2,38.2,55.1,0.8396,0.8396,TP,0.52,1.8089,,,,hayir,,,reports/hafta7_fp_protokolu.md,test,157,tahminler_taban512_hafta7.csv,tahminler_model512.csv,0.3,0.52,1.8089,0.3,0.5,0.1,8,512,110,55,20260913,"Esikler, katsayilar ve ornek buyuklukleri KARARDIR; olcumden turetilmedi. Ayrinti protokol dosyasinda.",3.13.1,8.4.144,0.12.6,2.14.0,2026-09-13 10:08:36,scripts/25_esit_fp_adaylari.py
model_00031,Model-512,train_VRD_3098_JPG.rf.201ddcde3a527d59604701647772ea1c.jpg,VRD,0.5269,2460.8,704.3,2494.8,737.1,34.0,32.8,0.0,,FP,0.52,1.8089,,a0220,a0334,evet,Model-512/VRD,1.0,reports/hafta7_fp_protokolu.md,test,157,tahminler_taban512_hafta7.csv,tahminler_model512.csv,0.3,0.52,1.8089,0.3,0.5,0.1,8,512,110,55,20260913,"Esikler, katsayilar ve ornek buyuklukleri KARARDIR; olcumden turetilmedi. Ayrinti protokol dosyasinda.",3.13.1,8.4.144,0.12.6,2.14.0,2026-09-13 10:08:36,scripts/25_esit_fp_adaylari.py
model_00032,Model-512,train_VRD_3100_JPG.rf.3beba408a58b03a32b6f773893e86f7f.jpg,VRD,0.7116,1044.7,1996.1,1089.5,2054.3,44.8,58.2,0.8989,0.8989,TP,0.52,1.8089,,,,hayir,,,reports/hafta7_fp_protokolu.md,test,157,tahminler_taban512_hafta7.csv,tahminler_model512.csv,0.3,0.52,1.8089,0.3,0.5,0.1,8,512,110,55,20260913,"Esikler, katsayilar ve ornek buyuklukleri KARARDIR; olcumden turetilmedi. Ayrinti protokol dosyasinda.",3.13.1,8.4.144,0.12.6,2.14.0,2026-09-13 10:08:36,scripts/25_esit_fp_adaylari.py
model_00033,Model-512,train_VRD_3100_JPG.rf.3beba408a58b03a32b6f773893e86f7f.jpg,VRD,0.6798,1189.7,1779.2,1238.7,1869.6,49.0,90.4,0.0,,FP,0.52,1.8089,,a0405,a0106,evet,Model-512/VRD,1.0,reports/hafta7_fp_protokolu.md,test,157,tahminler_taban512_hafta7.csv,tahminler_model512.csv,0.3,0.52,1.8089,0.3,0.5,0.1,8,512,110,55,20260913,"Esikler, katsayilar ve ornek buyuklukleri KARARDIR; olcumden turetilmedi. Ayrinti protokol dosyasinda.",3.13.1,8.4.144,0.12.6,2.14.0,2026-09-13 10:08:36,scripts/25_esit_fp_adaylari.py
model_00034,Model-512,train_VRD_3101_JPG.rf.74383de3abed53d829cbba01977e0624.jpg,VRD,0.6381,551.8,1950.4,602.9,1997.4,51.1,47.0,0.835,0.835,TP,0.52,1.8089,,,,hayir,,,reports/hafta7_fp_protokolu.md,test,157,tahminler_taban512_hafta7.csv,tahminler_model512.csv,0.3,0.52,1.8089,0.3,0.5,0.1,8,512,110,55,20260913,"Esikler, katsayilar ve ornek buyuklukleri KARARDIR; olcumden turetilmedi. Ayrinti protokol dosyasinda.",3.13.1,8.4.144,0.12.6,2.14.0,2026-09-13 10:08:36,scripts/25_esit_fp_adaylari.py
model_00035,Model-512,train_VRD_3102_JPG.rf.fdc890582108469dc32b301fab81d7f9.jpg,VRD,0.8,2279.1,20.7,2328.9,134.8,49.8,114.1,0.8559,0.8559,TP,0.52,1.8089,,,,hayir,,,reports/hafta7_fp_protokolu.md,test,157,tahminler_taban512_hafta7.csv,tahminler_model512.csv,0.3,0.52,1.8089,0.3,0.5,0.1,8,512,110,55,20260913,"Esikler, katsayilar ve ornek buyuklukleri KARARDIR; olcumden turetilmedi. Ayrinti protokol dosyasinda.",3.13.1,8.4.144,0.12.6,2.14.0,2026-09-13 10:08:36,scripts/25_esit_fp_adaylari.py
model_00036,Model-512,train_VRD_3102_JPG.rf.fdc890582108469dc32b301fab81d7f9.jpg,VRD,0.7095,807.0,2117.0,861.4,2163.2,54.4,46.2,0.7269,0.7269,TP,0.52,1.8089,,,,hayir,,,reports/hafta7_fp_protokolu.md,test,157,tahminler_taban512_hafta7.csv,tahminler_model512.csv,0.3,0.52,1.8089,0.3,0.5,0.1,8,512,110,55,20260913,"Esikler, katsayilar ve ornek buyuklukleri KARARDIR; olcumden turetilmedi. Ayrinti protokol dosyasinda.",3.13.1,8.4.144,0.12.6,2.14.0,2026-09-13 10:08:36,scripts/25_esit_fp_adaylari.py
model_00037,Model-512,train_VRD_3104_JPG.rf.8d1a883acbd3ff04e414e42d5ed8e7f2.jpg,VRD,0.7406,471.9,2942.7,508.5,2988.0,36.6,45.3,0.7078,0.7078,TP,0.52,1.8089,,,,hayir,,,reports/hafta7_fp_protokolu.md,test,157,tahminler_taban512_hafta7.csv,tahminler_model512.csv,0.3,0.52,1.8089,0.3,0.5,0.1,8,512,110,55,20260913,"Esikler, katsayilar ve ornek buyuklukleri KARARDIR; olcumden turetilmedi. Ayrinti protokol dosyasinda.",3.13.1,8.4.144,0.12.6,2.14.0,2026-09-13 10:08:36,scripts/25_esit_fp_adaylari.py
model_00038,Model-512,train_VRD_3104_JPG.rf.8d1a883acbd3ff04e414e42d5ed8e7f2.jpg,VRD,0.7031,2078.4,563.9,2132.7,684.7,54.3,120.8,0.8906,0.8906,TP,0.52,1.8089,,,,hayir,,,reports/hafta7_fp_protokolu.md,test,157,tahminler_taban512_hafta7.csv,tahminler_model512.csv,0.3,0.52,1.8089,0.3,0.5,0.1,8,512,110,55,20260913,"Esikler, katsayilar ve ornek buyuklukleri KARARDIR; olcumden turetilmedi. Ayrinti protokol dosyasinda.",3.13.1,8.4.144,0.12.6,2.14.0,2026-09-13 10:08:36,scripts/25_esit_fp_adaylari.py
model_00039,Model-512,train_VRD_3105_JPG.rf.25d358957c18ee832659deb2b6c764be.jpg,VRD,0.7819,2142.8,842.9,2200.4,977.9,57.6,135.0,0.835,0.835,TP,0.52,1.8089,,,,hayir,,,reports/hafta7_fp_protokolu.md,test,157,tahminler_taban512_hafta7.csv,tahminler_model512.csv,0.3,0.52,1.8089,0.3,0.5,0.1,8,512,110,55,20260913,"Esikler, katsayilar ve ornek buyuklukleri KARARDIR; olcumden turetilmedi. Ayrinti protokol dosyasinda.",3.13.1,8.4.144,0.12.6,2.14.0,2026-09-13 10:08:36,scripts/25_esit_fp_adaylari.py
model_00040,Model-512,train_VRD_3105_JPG.rf.25d358957c18ee832659deb2b6c764be.jpg,VRD,0.6529,2145.2,847.5,2201.1,917.1,55.9,69.6,0.4929,,FP,0.52,1.8089,,a0284,a0244,evet,Model-512/VRD,1.0,reports/hafta7_fp_protokolu.md,test,157,tahminler_taban512_hafta7.csv,tahminler_model512.csv,0.3,0.52,1.8089,0.3,0.5,0.1,8,512,110,55,20260913,"Esikler, katsayilar ve ornek buyuklukleri KARARDIR; olcumden turetilmedi. Ayrinti protokol dosyasinda.",3.13.1,8.4.144,0.12.6,2.14.0,2026-09-13 10:08:36,scripts/25_esit_fp_adaylari.py
model_00041,Model-512,train_VRD_3106_JPG.rf.3557705df7876ea896169f4322207bf5.jpg,VRD,0.8138,2247.1,1354.7,2304.2,1492.2,57.1,137.5,0.8787,0.8787,TP,0.52,1.8089,,,,hayir,,,reports/hafta7_fp_protokolu.md,test,157,tahminler_taban512_hafta7.csv,tahminler_model512.csv,0.3,0.52,1.8089,0.3,0.5,0.1,8,512,110,55,20260913,"Esikler, katsayilar ve ornek buyuklukleri KARARDIR; olcumden turetilmedi. Ayrinti protokol dosyasinda.",3.13.1,8.4.144,0.12.6,2.14.0,2026-09-13 10:08:36,scripts/25_esit_fp_adaylari.py
model_00042,Model-512,train_VRD_3107_JPG.rf.578be187d472128edc05c898ca288a66.jpg,VRD,0.6284,2327.9,1747.7,2387.8,1822.9,59.9,75.2,0.4522,0.4522,TP,0.52,1.8089,,,,hayir,,,reports/hafta7_fp_protokolu.md,test,157,tahminler_taban512_hafta7.csv,tahminler_model512.csv,0.3,0.52,1.8089,0.3,0.5,0.1,8,512,110,55,20260913,"Esikler, katsayilar ve ornek buyuklukleri KARARDIR; olcumden turetilmedi. Ayrinti protokol dosyasinda.",3.13.1,8.4.144,0.12.6,2.14.0,2026-09-13 10:08:36,scripts/25_esit_fp_adaylari.py
model_00043,Model-512,train_VRD_3107_JPG.rf.578be187d472128edc05c898ca288a66.jpg,VRD,0.6028,2321.9,1745.4,2388.9,1900.6,67.0,155.2,0.7308,,FP,0.52,1.8089,,a0004,a0183,evet,Model-512/VRD,1.0,reports/hafta7_fp_protokolu.md,test,157,tahminler_taban512_hafta7.csv,tahminler_model512.csv,0.3,0.52,1.8089,0.3,0.5,0.1,8,512,110,55,20260913,"Esikler, katsayilar ve ornek buyuklukleri KARARDIR; olcumden turetilmedi. Ayrinti protokol dosyasinda.",3.13.1,8.4.144,0.12.6,2.14.0,2026-09-13 10:08:36,scripts/25_esit_fp_adaylari.py
model_00044,Model-512,train_VRD_3108_JPG.rf.821b5a74688d867642805bc9851a71cb.jpg,VRD,0.7167,2411.7,2276.1,2476.8,2444.6,65.1,168.5,0.8713,0.8713,TP,0.52,1.8089,,,,hayir,,,reports/hafta7_fp_protokolu.md,test,157,tahminler_taban512_hafta7.csv,tahminler_model512.csv,0.3,0.52,1.8089,0.3,0.5,0.1,8,512,110,55,20260913,"Esikler, katsayilar ve ornek buyuklukleri KARARDIR; olcumden turetilmedi. Ayrinti protokol dosyasinda.",3.13.1,8.4.144,0.12.6,2.14.0,2026-09-13 10:08:36,scripts/25_esit_fp_adaylari.py
model_00045,Model-512,train_VRD_3108_JPG.rf.821b5a74688d867642805bc9851a71cb.jpg,VRD,0.702,2415.6,2277.5,2476.2,2358.8,60.6,81.3,0.4508,,FP,0.52,1.8089,,a0108,a0313,evet,Model-512/VRD,1.0,reports/hafta7_fp_protokolu.md,test,157,tahminler_taban512_hafta7.csv,tahminler_model512.csv,0.3,0.52,1.8089,0.3,0.5,0.1,8,512,110,55,20260913,"Esikler, katsayilar ve ornek buyuklukleri KARARDIR; olcumden turetilmedi. Ayrinti protokol dosyasinda.",3.13.1,8.4.144,0.12.6,2.14.0,2026-09-13 10:08:36,scripts/25_esit_fp_adaylari.py
model_00046,Model-512,train_VRD_3109_JPG.rf.5fa41bdd3ec5cfe65c07425e947c2e94.jpg,VRD,0.7583,2496.8,2897.8,2561.7,2990.0,64.9,92.2,0.8557,0.8557,TP,0.52,1.8089,,,,hayir,,,reports/hafta7_fp_protokolu.md,test,157,tahminler_taban512_hafta7.csv,tahminler_model512.csv,0.3,0.52,1.8089,0.3,0.5,0.1,8,512,110,55,20260913,"Esikler, katsayilar ve ornek buyuklukleri KARARDIR; olcumden turetilmedi. Ayrinti protokol dosyasinda.",3.13.1,8.4.144,0.12.6,2.14.0,2026-09-13 10:08:36,scripts/25_esit_fp_adaylari.py
model_00047,Model-512,train_VRD_3121_JPG.rf.65694b92ef13c10b2ce4c5ff056df074.jpg,VRD,0.5955,750.9,2638.5,859.7,2708.1,108.8,69.6,0.8698,0.8698,TP,0.52,1.8089,,,,hayir,,,reports/hafta7_fp_protokolu.md,test,157,tahminler_taban512_hafta7.csv,tahminler_model512.csv,0.3,0.52,1.8089,0.3,0.5,0.1,8,512,110,55,20260913,"Esikler, katsayilar ve ornek buyuklukleri KARARDIR; olcumden turetilmedi. Ayrinti protokol dosyasinda.",3.13.1,8.4.144,0.12.6,2.14.0,2026-09-13 10:08:36,scripts/25_esit_fp_adaylari.py
model_00048,Model-512,train_VRD_3122_JPG.rf.b5686dc29c278d051a3a1727a8e99068.jpg,VRD,0.7673,878.1,2099.0,991.8,2167.1,113.7,68.1,0.8153,0.8153,TP,0.52,1.8089,,,,hayir,,,reports/hafta7_fp_protokolu.md,test,157,tahminler_taban512_hafta7.csv,tahminler_model512.csv,0.3,0.52,1.8089,0.3,0.5,0.1,8,512,110,55,20260913,"Esikler, katsayilar ve ornek buyuklukleri KARARDIR; olcumden turetilmedi. Ayrinti protokol dosyasinda.",3.13.1,8.4.144,0.12.6,2.14.0,2026-09-13 10:08:36,scripts/25_esit_fp_adaylari.py
model_00049,Model-512,train_VRD_3122_JPG.rf.b5686dc29c278d051a3a1727a8e99068.jpg,VRD,0.716,877.3,2094.1,921.9,2171.1,44.6,77.0,0.3734,,FP,0.52,1.8089,,a0418,a0126,evet,Model-512/VRD,1.0,reports/hafta7_fp_protokolu.md,test,157,tahminler_taban512_hafta7.csv,tahminler_model512.csv,0.3,0.52,1.8089,0.3,0.5,0.1,8,512,110,55,20260913,"Esikler, katsayilar ve ornek buyuklukleri KARARDIR; olcumden turetilmedi. Ayrinti protokol dosyasinda.",3.13.1,8.4.144,0.12.6,2.14.0,2026-09-13 10:08:36,scripts/25_esit_fp_adaylari.py
model_00050,Model-512,train_VRD_3123_JPG.rf.4ccc6225d48c3b146931cc32b4f55999.jpg,VRD,0.7092,1081.0,1416.2,1182.1,1486.5,101.1,70.3,0.8852,0.8852,TP,0.52,1.8089,,,,hayir,,,reports/hafta7_fp_protokolu.md,test,157,tahminler_taban512_hafta7.csv,tahminler_model512.csv,0.3,0.52,1.8089,0.3,0.5,0.1,8,512,110,55,20260913,"Esikler, katsayilar ve ornek buyuklukleri KARARDIR; olcumden turetilmedi. Ayrinti protokol dosyasinda.",3.13.1,8.4.144,0.12.6,2.14.0,2026-09-13 10:08:36,scripts/25_esit_fp_adaylari.py
model_00051,Model-512,train_VRD_3124_JPG.rf.fab52f2a7b7199c993c908c5ecdca8df.jpg,VRD,0.7942,1148.5,1038.2,1246.5,1101.9,98.0,63.7,0.9176,0.9176,TP,0.52,1.8089,,,,hayir,,,reports/hafta7_fp_protokolu.md,test,157,tahminler_taban512_hafta7.csv,tahminler_model512.csv,0.3,0.52,1.8089,0.3,0.5,0.1,8,512,110,55,20260913,"Esikler, katsayilar ve ornek buyuklukleri KARARDIR; olcumden turetilmedi. Ayrinti protokol dosyasinda.",3.13.1,8.4.144,0.12.6,2.14.0,2026-09-13 10:08:36,scripts/25_esit_fp_adaylari.py
model_00052,Model-512,train_VRD_3130_JPG.rf.fbf87c5c525bc90780bad0393a6f659b.jpg,VRD,0.6861,3698.9,1664.3,3795.6,1734.0,96.7,69.7,0.9442,0.9442,TP,0.52,1.8089,,,,hayir,,,reports/hafta7_fp_protokolu.md,test,157,tahminler_taban512_hafta7.csv,tahminler_model512.csv,0.3,0.52,1.8089,0.3,0.5,0.1,8,512,110,55,20260913,"Esikler, katsayilar ve ornek buyuklukleri KARARDIR; olcumden turetilmedi. Ayrinti protokol dosyasinda.",3.13.1,8.4.144,0.12.6,2.14.0,2026-09-13 10:08:36,scripts/25_esit_fp_adaylari.py
model_00053,Model-512,train_VRD_3131_JPG.rf.d3a5ac84f7a36ebe7329740f0f4a05d8.jpg,VRD,0.5424,448.3,1307.7,492.1,1352.0,43.8,44.3,0.0,,FP,0.52,1.8089,,a0086,a0412,evet,Model-512/VRD,1.0,reports/hafta7_fp_protokolu.md,test,157,tahminler_taban512_hafta7.csv,tahminler_model512.csv,0.3,0.52,1.8089,0.3,0.5,0.1,8,512,110,55,20260913,"Esikler, katsayilar ve ornek buyuklukleri KARARDIR; olcumden turetilmedi. Ayrinti protokol dosyasinda.",3.13.1,8.4.144,0.12.6,2.14.0,2026-09-13 10:08:36,scripts/25_esit_fp_adaylari.py
model_00054,Model-512,train_ZRI_2003_JPG.rf.cdcf53b6f852c3d1bafc5636fd07b47b.jpg,ZRI,0.6168,3246.9,441.5,3323.1,514.0,76.2,72.5,0.0,,FP,0.52,1.8089,,a0060,a0144,evet,Model-512/ZRI,0.3504,reports/hafta7_fp_protokolu.md,test,157,tahminler_taban512_hafta7.csv,tahminler_model512.csv,0.3,0.52,1.8089,0.3,0.5,0.1,8,512,110,55,20260913,"Esikler, katsayilar ve ornek buyuklukleri KARARDIR; olcumden turetilmedi. Ayrinti protokol dosyasinda.",3.13.1,8.4.144,0.12.6,2.14.0,2026-09-13 10:08:36,scripts/25_esit_fp_adaylari.py
model_00055,Model-512,train_ZRI_2003_JPG.rf.cdcf53b6f852c3d1bafc5636fd07b47b.jpg,ZRI,0.5517,3280.6,439.1,3324.8,508.4,44.2,69.3,0.0,,FP,0.52,1.8089,,,,hayir,,,reports/hafta7_fp_protokolu.md,test,157,tahminler_taban512_hafta7.csv,tahminler_model512.csv,0.3,0.52,1.8089,0.3,0.5,0.1,8,512,110,55,20260913,"Esikler, katsayilar ve ornek buyuklukleri KARARDIR; olcumden turetilmedi. Ayrinti protokol dosyasinda.",3.13.1,8.4.144,0.12.6,2.14.0,2026-09-13 10:08:36,scripts/25_esit_fp_adaylari.py
model_00056,Model-512,train_ZRI_2004_JPG.rf.17ecf67abf998d9163d76ea212cee0d6.jpg,ZRI,0.7807,2651.5,926.2,2746.3,1001.3,94.8,75.1,0.0,,FP,0.52,1.8089,,a0218,a0016,evet,Model-512/ZRI,0.3504,reports/hafta7_fp_protokolu.md,test,157,tahminler_taban512_hafta7.csv,tahminler_model512.csv,0.3,0.52,1.8089,0.3,0.5,0.1,8,512,110,55,20260913,"Esikler, katsayilar ve ornek buyuklukleri KARARDIR; olcumden turetilmedi. Ayrinti protokol dosyasinda.",3.13.1,8.4.144,0.12.6,2.14.0,2026-09-13 10:08:36,scripts/25_esit_fp_adaylari.py
model_00057,Model-512,train_ZRI_2004_JPG.rf.17ecf67abf998d9163d76ea212cee0d6.jpg,ZRI,0.7576,1948.8,212.8,2002.0,293.3,53.2,80.5,0.8705,0.8705,TP,0.52,1.8089,,,,hayir,,,reports/hafta7_fp_protokolu.md,test,157,tahminler_taban512_hafta7.csv,tahminler_model512.csv,0.3,0.52,1.8089,0.3,0.5,0.1,8,512,110,55,20260913,"Esikler, katsayilar ve ornek buyuklukleri KARARDIR; olcumden turetilmedi. Ayrinti protokol dosyasinda.",3.13.1,8.4.144,0.12.6,2.14.0,2026-09-13 10:08:36,scripts/25_esit_fp_adaylari.py
model_00058,Model-512,train_ZRI_2004_JPG.rf.17ecf67abf998d9163d76ea212cee0d6.jpg,ZRI,0.7133,1735.4,347.9,1777.7,393.7,42.3,45.8,0.5962,0.5962,TP,0.52,1.8089,,,,hayir,,,reports/hafta7_fp_protokolu.md,test,157,tahminler_taban512_hafta7.csv,tahminler_model512.csv,0.3,0.52,1.8089,0.3,0.5,0.1,8,512,110,55,20260913,"Esikler, katsayilar ve ornek buyuklukleri KARARDIR; olcumden turetilmedi. Ayrinti protokol dosyasinda.",3.13.1,8.4.144,0.12.6,2.14.0,2026-09-13 10:08:36,scripts/25_esit_fp_adaylari.py
model_00059,Model-512,train_ZRI_2004_JPG.rf.17ecf67abf998d9163d76ea212cee0d6.jpg,ZRI,0.6964,1776.0,393.6,1827.4,448.0,51.4,54.4,0.8822,0.8822,TP,0.52,1.8089,,,,hayir,,,reports/hafta7_fp_protokolu.md,test,157,tahminler_taban512_hafta7.csv,tahminler_model512.csv,0.3,0.52,1.8089,0.3,0.5,0.1,8,512,110,55,20260913,"Esikler, katsayilar ve ornek buyuklukleri KARARDIR; olcumden turetilmedi. Ayrinti protokol dosyasinda.",3.13.1,8.4.144,0.12.6,2.14.0,2026-09-13 10:08:36,scripts/25_esit_fp_adaylari.py
model_00060,Model-512,train_ZRI_2004_JPG.rf.17ecf67abf998d9163d76ea212cee0d6.jpg,ZRI,0.61,3312.7,1310.2,3376.5,1343.1,63.8,32.9,0.0,,FP,0.52,1.8089,,,,hayir,,,reports/hafta7_fp_protokolu.md,test,157,tahminler_taban512_hafta7.csv,tahminler_model512.csv,0.3,0.52,1.8089,0.3,0.5,0.1,8,512,110,55,20260913,"Esikler, katsayilar ve ornek buyuklukleri KARARDIR; olcumden turetilmedi. Ayrinti protokol dosyasinda.",3.13.1,8.4.144,0.12.6,2.14.0,2026-09-13 10:08:36,scripts/25_esit_fp_adaylari.py
model_00061,Model-512,train_ZRI_2005_JPG.rf.d8ed37aeb06c21e824399fda50263493.jpg,ZRI,0.8024,1715.9,395.4,1762.5,442.4,46.6,47.0,0.8362,0.8362,TP,0.52,1.8089,,,,hayir,,,reports/hafta7_fp_protokolu.md,test,157,tahminler_taban512_hafta7.csv,tahminler_model512.csv,0.3,0.52,1.8089,0.3,0.5,0.1,8,512,110,55,20260913,"Esikler, katsayilar ve ornek buyuklukleri KARARDIR; olcumden turetilmedi. Ayrinti protokol dosyasinda.",3.13.1,8.4.144,0.12.6,2.14.0,2026-09-13 10:08:36,scripts/25_esit_fp_adaylari.py
model_00062,Model-512,train_ZRI_2005_JPG.rf.d8ed37aeb06c21e824399fda50263493.jpg,ZRI,0.7894,2607.5,972.8,2703.4,1039.4,95.9,66.6,0.0,,FP,0.52,1.8089,,,,hayir,,,reports/hafta7_fp_protokolu.md,test,157,tahminler_taban512_hafta7.csv,tahminler_model512.csv,0.3,0.52,1.8089,0.3,0.5,0.1,8,512,110,55,20260913,"Esikler, katsayilar ve ornek buyuklukleri KARARDIR; olcumden turetilmedi. Ayrinti protokol dosyasinda.",3.13.1,8.4.144,0.12.6,2.14.0,2026-09-13 10:08:36,scripts/25_esit_fp_adaylari.py
model_00063,Model-512,train_ZRI_2005_JPG.rf.d8ed37aeb06c21e824399fda50263493.jpg,ZRI,0.7859,1800.8,488.3,1840.1,543.4,39.3,55.1,0.828,0.828,TP,0.52,1.8089,,,,hayir,,,reports/hafta7_fp_protokolu.md,test,157,tahminler_taban512_hafta7.csv,tahminler_model512.csv,0.3,0.52,1.8089,0.3,0.5,0.1,8,512,110,55,20260913,"Esikler, katsayilar ve ornek buyuklukleri KARARDIR; olcumden turetilmedi. Ayrinti protokol dosyasinda.",3.13.1,8.4.144,0.12.6,2.14.0,2026-09-13 10:08:36,scripts/25_esit_fp_adaylari.py
model_00064,Model-512,train_ZRI_2005_JPG.rf.d8ed37aeb06c21e824399fda50263493.jpg,ZRI,0.7838,2023.0,211.3,2098.9,271.9,75.9,60.6,0.8899,0.8899,TP,0.52,1.8089,,,,hayir,,,reports/hafta7_fp_protokolu.md,test,157,tahminler_taban512_hafta7.csv,tahminler_model512.csv,0.3,0.52,1.8089,0.3,0.5,0.1,8,512,110,55,20260913,"Esikler, katsayilar ve ornek buyuklukleri KARARDIR; olcumden turetilmedi. Ayrinti protokol dosyasinda.",3.13.1,8.4.144,0.12.6,2.14.0,2026-09-13 10:08:36,scripts/25_esit_fp_adaylari.py
model_00065,Model-512,train_ZRI_2005_JPG.rf.d8ed37aeb06c21e824399fda50263493.jpg,ZRI,0.6489,1718.0,394.0,1742.0,441.3,24.0,47.3,0.538,,FP,0.52,1.8089,,,,hayir,,,reports/hafta7_fp_protokolu.md,test,157,tahminler_taban512_hafta7.csv,tahminler_model512.csv,0.3,0.52,1.8089,0.3,0.5,0.1,8,512,110,55,20260913,"Esikler, katsayilar ve ornek buyuklukleri KARARDIR; olcumden turetilmedi. Ayrinti protokol dosyasinda.",3.13.1,8.4.144,0.12.6,2.14.0,2026-09-13 10:08:36,scripts/25_esit_fp_adaylari.py
model_00066,Model-512,train_ZRI_2005_JPG.rf.d8ed37aeb06c21e824399fda50263493.jpg,ZRI,0.5628,3253.7,1347.1,3311.6,1380.2,57.9,33.1,0.0,,FP,0.52,1.8089,,a0414,a0413,evet,Model-512/ZRI,0.3504,reports/hafta7_fp_protokolu.md,test,157,tahminler_taban512_hafta7.csv,tahminler_model512.csv,0.3,0.52,1.8089,0.3,0.5,0.1,8,512,110,55,20260913,"Esikler, katsayilar ve ornek buyuklukleri KARARDIR; olcumden turetilmedi. Ayrinti protokol dosyasinda.",3.13.1,8.4.144,0.12.6,2.14.0,2026-09-13 10:08:36,scripts/25_esit_fp_adaylari.py
model_00067,Model-512,train_ZRI_2006_JPG.rf.d72e1e0ec64a7291daa8ebc254d5d13d.jpg,ZRI,0.8013,1024.9,2509.2,1083.2,2556.1,58.3,46.9,0.8247,0.8247,TP,0.52,1.8089,,,,hayir,,,reports/hafta7_fp_protokolu.md,test,157,tahminler_taban512_hafta7.csv,tahminler_model512.csv,0.3,0.52,1.8089,0.3,0.5,0.1,8,512,110,55,20260913,"Esikler, katsayilar ve ornek buyuklukleri KARARDIR; olcumden turetilmedi. Ayrinti protokol dosyasinda.",3.13.1,8.4.144,0.12.6,2.14.0,2026-09-13 10:08:36,scripts/25_esit_fp_adaylari.py
model_00068,Model-512,train_ZRI_2006_JPG.rf.d72e1e0ec64a7291daa8ebc254d5d13d.jpg,ZRI,0.7939,1085.5,2424.8,1130.8,2479.7,45.3,54.9,0.8345,0.8345,TP,0.52,1.8089,,,,hayir,,,reports/hafta7_fp_protokolu.md,test,157,tahminler_taban512_hafta7.csv,tahminler_model512.csv,0.3,0.52,1.8089,0.3,0.5,0.1,8,512,110,55,20260913,"Esikler, katsayilar ve ornek buyuklukleri KARARDIR; olcumden turetilmedi. Ayrinti protokol dosyasinda.",3.13.1,8.4.144,0.12.6,2.14.0,2026-09-13 10:08:36,scripts/25_esit_fp_adaylari.py
model_00069,Model-512,train_ZRI_2006_JPG.rf.d72e1e0ec64a7291daa8ebc254d5d13d.jpg,ZRI,0.7837,1587.1,1519.5,1650.9,1610.5,63.8,91.0,0.0,,FP,0.52,1.8089,,a0308,a0159,evet,Model-512/ZRI,0.3504,reports/hafta7_fp_protokolu.md,test,157,tahminler_taban512_hafta7.csv,tahminler_model512.csv,0.3,0.52,1.8089,0.3,0.5,0.1,8,512,110,55,20260913,"Esikler, katsayilar ve ornek buyuklukleri KARARDIR; olcumden turetilmedi. Ayrinti protokol dosyasinda.",3.13.1,8.4.144,0.12.6,2.14.0,2026-09-13 10:08:36,scripts/25_esit_fp_adaylari.py
model_00070,Model-512,train_ZRI_2006_JPG.rf.d72e1e0ec64a7291daa8ebc254d5d13d.jpg,ZRI,0.7038,1502.9,2339.4,1585.2,2400.0,82.3,60.6,0.802,0.802,TP,0.52,1.8089,,,,hayir,,,reports/hafta7_fp_protokolu.md,test,157,tahminler_taban512_hafta7.csv,tahminler_model512.csv,0.3,0.52,1.8089,0.3,0.5,0.1,8,512,110,55,20260913,"Esikler, katsayilar ve ornek buyuklukleri KARARDIR; olcumden turetilmedi. Ayrinti protokol dosyasinda.",3.13.1,8.4.144,0.12.6,2.14.0,2026-09-13 10:08:36,scripts/25_esit_fp_adaylari.py
model_00071,Model-512,train_ZRI_2006_JPG.rf.d72e1e0ec64a7291daa8ebc254d5d13d.jpg,ZRI,0.6952,2870.1,1257.0,2924.7,1315.7,54.6,58.7,0.0,,FP,0.52,1.8089,,,,hayir,,,reports/hafta7_fp_protokolu.md,test,157,tahminler_taban512_hafta7.csv,tahminler_model512.csv,0.3,0.52,1.8089,0.3,0.5,0.1,8,512,110,55,20260913,"Esikler, katsayilar ve ornek buyuklukleri KARARDIR; olcumden turetilmedi. Ayrinti protokol dosyasinda.",3.13.1,8.4.144,0.12.6,2.14.0,2026-09-13 10:08:36,scripts/25_esit_fp_adaylari.py
model_00072,Model-512,train_ZRI_2006_JPG.rf.d72e1e0ec64a7291daa8ebc254d5d13d.jpg,ZRI,0.6889,2126.7,820.0,2185.4,846.7,58.7,26.7,0.4881,0.4881,TP,0.52,1.8089,,,,hayir,,,reports/hafta7_fp_protokolu.md,test,157,tahminler_taban512_hafta7.csv,tahminler_model512.csv,0.3,0.52,1.8089,0.3,0.5,0.1,8,512,110,55,20260913,"Esikler, katsayilar ve ornek buyuklukleri KARARDIR; olcumden turetilmedi. Ayrinti protokol dosyasinda.",3.13.1,8.4.144,0.12.6,2.14.0,2026-09-13 10:08:36,scripts/25_esit_fp_adaylari.py
model_00073,Model-512,train_ZRI_2006_JPG.rf.d72e1e0ec64a7291daa8ebc254d5d13d.jpg,ZRI,0.6398,2165.3,741.5,2197.2,804.0,31.9,62.5,0.4559,0.4559,TP,0.52,1.8089,,,,hayir,,,reports/hafta7_fp_protokolu.md,test,157,tahminler_taban512_hafta7.csv,tahminler_model512.csv,0.3,0.52,1.8089,0.3,0.5,0.1,8,512,110,55,20260913,"Esikler, katsayilar ve ornek buyuklukleri KARARDIR; olcumden turetilmedi. Ayrinti protokol dosyasinda.",3.13.1,8.4.144,0.12.6,2.14.0,2026-09-13 10:08:36,scripts/25_esit_fp_adaylari.py
model_00074,Model-512,train_ZRI_2007_JPG.rf.80e11b79e6dead246b35d741fce18b16.jpg,ZRI,0.8075,869.1,1010.1,945.1,1060.5,76.0,50.4,0.8818,0.8818,TP,0.52,1.8089,,,,hayir,,,reports/hafta7_fp_protokolu.md,test,157,tahminler_taban512_hafta7.csv,tahminler_model512.csv,0.3,0.52,1.8089,0.3,0.5,0.1,8,512,110,55,20260913,"Esikler, katsayilar ve ornek buyuklukleri KARARDIR; olcumden turetilmedi. Ayrinti protokol dosyasinda.",3.13.1,8.4.144,0.12.6,2.14.0,2026-09-13 10:08:36,scripts/25_esit_fp_adaylari.py
model_00075,Model-512,train_ZRI_2007_JPG.rf.80e11b79e6dead246b35d741fce18b16.jpg,ZRI,0.7976,1023.6,754.5,1086.3,811.1,62.7,56.6,0.8499,0.8499,TP,0.52,1.8089,,,,hayir,,,reports/hafta7_fp_protokolu.md,test,157,tahminler_taban512_hafta7.csv,tahminler_model512.csv,0.3,0.52,1.8089,0.3,0.5,0.1,8,512,110,55,20260913,"Esikler, katsayilar ve ornek buyuklukleri KARARDIR; olcumden turetilmedi. Ayrinti protokol dosyasinda.",3.13.1,8.4.144,0.12.6,2.14.0,2026-09-13 10:08:36,scripts/25_esit_fp_adaylari.py
model_00076,Model-512,train_ZRI_2007_JPG.rf.80e11b79e6dead246b35d741fce18b16.jpg,ZRI,0.7706,746.7,820.1,794.9,848.7,48.2,28.6,0.604,0.604,TP,0.52,1.8089,,,,hayir,,,reports/hafta7_fp_protokolu.md,test,157,tahminler_taban512_hafta7.csv,tahminler_model512.csv,0.3,0.52,1.8089,0.3,0.5,0.1,8,512,110,55,20260913,"Esikler, katsayilar ve ornek buyuklukleri KARARDIR; olcumden turetilmedi. Ayrinti protokol dosyasinda.",3.13.1,8.4.144,0.12.6,2.14.0,2026-09-13 10:08:36,scripts/25_esit_fp_adaylari.py
model_00077,Model-512,train_ZRI_2007_JPG.rf.80e11b79e6dead246b35d741fce18b16.jpg,ZRI,0.7583,690.1,1029.6,798.1,1096.0,108.0,66.4,0.8965,0.8965,TP,0.52,1.8089,,,,hayir,,,reports/hafta7_fp_protokolu.md,test,157,tahminler_taban512_hafta7.csv,tahminler_model512.csv,0.3,0.52,1.8089,0.3,0.5,0.1,8,512,110,55,20260913,"Esikler, katsayilar ve ornek buyuklukleri KARARDIR; olcumden turetilmedi. Ayrinti protokol dosyasinda.",3.13.1,8.4.144,0.12.6,2.14.0,2026-09-13 10:08:36,scripts/25_esit_fp_adaylari.py
model_00078,Model-512,train_ZRI_2007_JPG.rf.80e11b79e6dead246b35d741fce18b16.jpg,ZRI,0.7095,913.2,737.3,994.9,831.0,81.7,93.7,0.939,0.939,TP,0.52,1.8089,,,,hayir,,,reports/hafta7_fp_protokolu.md,test,157,tahminler_taban512_hafta7.csv,tahminler_model512.csv,0.3,0.52,1.8089,0.3,0.5,0.1,8,512,110,55,20260913,"Esikler, katsayilar ve ornek buyuklukleri KARARDIR; olcumden turetilmedi. Ayrinti protokol dosyasinda.",3.13.1,8.4.144,0.12.6,2.14.0,2026-09-13 10:08:36,scripts/25_esit_fp_adaylari.py
model_00079,Model-512,train_ZRI_2007_JPG.rf.80e11b79e6dead246b35d741fce18b16.jpg,ZRI,0.6085,2050.4,33.5,2129.5,179.2,79.1,145.7,0.0,,FP,0.52,1.8089,,a0171,a0133,evet,Model-512/ZRI,0.3504,reports/hafta7_fp_protokolu.md,test,157,tahminler_taban512_hafta7.csv,tahminler_model512.csv,0.3,0.52,1.8089,0.3,0.5,0.1,8,512,110,55,20260913,"Esikler, katsayilar ve ornek buyuklukleri KARARDIR; olcumden turetilmedi. Ayrinti protokol dosyasinda.",3.13.1,8.4.144,0.12.6,2.14.0,2026-09-13 10:08:36,scripts/25_esit_fp_adaylari.py
model_00080,Model-512,train_ZRI_2007_JPG.rf.80e11b79e6dead246b35d741fce18b16.jpg,ZRI,0.5619,1162.4,1137.4,1261.6,1210.6,99.2,73.2,0.0,,FP,0.52,1.8089,,,,hayir,,,reports/hafta7_fp_protokolu.md,test,157,tahminler_taban512_hafta7.csv,tahminler_model512.csv,0.3,0.52,1.8089,0.3,0.5,0.1,8,512,110,55,20260913,"Esikler, katsayilar ve ornek buyuklukleri KARARDIR; olcumden turetilmedi. Ayrinti protokol dosyasinda.",3.13.1,8.4.144,0.12.6,2.14.0,2026-09-13 10:08:36,scripts/25_esit_fp_adaylari.py
model_00081,Model-512,train_ZRI_2008_JPG.rf.1f537af4185be73382914fecdb099ac7.jpg,ZRI,0.8358,820.0,1720.5,884.4,1774.0,64.4,53.5,0.7724,0.7724,TP,0.52,1.8089,,,,hayir,,,reports/hafta7_fp_protokolu.md,test,157,tahminler_taban512_hafta7.csv,tahminler_model512.csv,0.3,0.52,1.8089,0.3,0.5,0.1,8,512,110,55,20260913,"Esikler, katsayilar ve ornek buyuklukleri KARARDIR; olcumden turetilmedi. Ayrinti protokol dosyasinda.",3.13.1,8.4.144,0.12.6,2.14.0,2026-09-13 10:08:36,scripts/25_esit_fp_adaylari.py
model_00082,Model-512,train_ZRI_2008_JPG.rf.1f537af4185be73382914fecdb099ac7.jpg,ZRI,0.8219,568.3,1934.1,661.7,1991.4,93.4,57.3,0.7713,0.7713,TP,0.52,1.8089,,,,hayir,,,reports/hafta7_fp_protokolu.md,test,157,tahminler_taban512_hafta7.csv,tahminler_model512.csv,0.3,0.52,1.8089,0.3,0.5,0.1,8,512,110,55,20260913,"Esikler, katsayilar ve ornek buyuklukleri KARARDIR; olcumden turetilmedi. Ayrinti protokol dosyasinda.",3.13.1,8.4.144,0.12.6,2.14.0,2026-09-13 10:08:36,scripts/25_esit_fp_adaylari.py
model_00083,Model-512,train_ZRI_2008_JPG.rf.1f537af4185be73382914fecdb099ac7.jpg,ZRI,0.8173,1493.6,2328.1,1553.3,2399.1,59.7,71.0,0.8002,0.8002,TP,0.52,1.8089,,,,hayir,,,reports/hafta7_fp_protokolu.md,test,157,tahminler_taban512_hafta7.csv,tahminler_model512.csv,0.3,0.52,1.8089,0.3,0.5,0.1,8,512,110,55,20260913,"Esikler, katsayilar ve ornek buyuklukleri KARARDIR; olcumden turetilmedi. Ayrinti protokol dosyasinda.",3.13.1,8.4.144,0.12.6,2.14.0,2026-09-13 10:08:36,scripts/25_esit_fp_adaylari.py
model_00084,Model-512,train_ZRI_2008_JPG.rf.1f537af4185be73382914fecdb099ac7.jpg,ZRI,0.8163,953.4,2010.7,1066.3,2109.3,112.9,98.6,0.0,,FP,0.52,1.8089,,,,hayir,,,reports/hafta7_fp_protokolu.md,test,157,tahminler_taban512_hafta7.csv,tahminler_model512.csv,0.3,0.52,1.8089,0.3,0.5,0.1,8,512,110,55,20260913,"Esikler, katsayilar ve ornek buyuklukleri KARARDIR; olcumden turetilmedi. Ayrinti protokol dosyasinda.",3.13.1,8.4.144,0.12.6,2.14.0,2026-09-13 10:08:36,scripts/25_esit_fp_adaylari.py
model_00085,Model-512,train_ZRI_2008_JPG.rf.1f537af4185be73382914fecdb099ac7.jpg,ZRI,0.8045,486.3,2165.6,566.3,2229.6,80.0,64.0,0.907,0.907,TP,0.52,1.8089,,,,hayir,,,reports/hafta7_fp_protokolu.md,test,157,tahminler_taban512_hafta7.csv,tahminler_model512.csv,0.3,0.52,1.8089,0.3,0.5,0.1,8,512,110,55,20260913,"Esikler, katsayilar ve ornek buyuklukleri KARARDIR; olcumden turetilmedi. Ayrinti protokol dosyasinda.",3.13.1,8.4.144,0.12.6,2.14.0,2026-09-13 10:08:36,scripts/25_esit_fp_adaylari.py
model_00086,Model-512,train_ZRI_2008_JPG.rf.1f537af4185be73382914fecdb099ac7.jpg,ZRI,0.7585,675.7,1678.9,771.7,1728.3,96.0,49.4,0.7829,0.7829,TP,0.52,1.8089,,,,hayir,,,reports/hafta7_fp_protokolu.md,test,157,tahminler_taban512_hafta7.csv,tahminler_model512.csv,0.3,0.52,1.8089,0.3,0.5,0.1,8,512,110,55,20260913,"Esikler, katsayilar ve ornek buyuklukleri KARARDIR; olcumden turetilmedi. Ayrinti protokol dosyasinda.",3.13.1,8.4.144,0.12.6,2.14.0,2026-09-13 10:08:36,scripts/25_esit_fp_adaylari.py
model_00087,Model-512,train_ZRI_2008_JPG.rf.1f537af4185be73382914fecdb099ac7.jpg,ZRI,0.7521,544.4,1764.0,596.5,1803.2,52.1,39.2,0.7712,0.7712,TP,0.52,1.8089,,,,hayir,,,reports/hafta7_fp_protokolu.md,test,157,tahminler_taban512_hafta7.csv,tahminler_model512.csv,0.3,0.52,1.8089,0.3,0.5,0.1,8,512,110,55,20260913,"Esikler, katsayilar ve ornek buyuklukleri KARARDIR; olcumden turetilmedi. Ayrinti protokol dosyasinda.",3.13.1,8.4.144,0.12.6,2.14.0,2026-09-13 10:08:36,scripts/25_esit_fp_adaylari.py
model_00088,Model-512,train_ZRI_2008_JPG.rf.1f537af4185be73382914fecdb099ac7.jpg,ZRI,0.7493,999.9,2222.8,1075.5,2291.7,75.6,68.9,0.0,,FP,0.52,1.8089,,,,hayir,,,reports/hafta7_fp_protokolu.md,test,157,tahminler_taban512_hafta7.csv,tahminler_model512.csv,0.3,0.52,1.8089,0.3,0.5,0.1,8,512,110,55,20260913,"Esikler, katsayilar ve ornek buyuklukleri KARARDIR; olcumden turetilmedi. Ayrinti protokol dosyasinda.",3.13.1,8.4.144,0.12.6,2.14.0,2026-09-13 10:08:36,scripts/25_esit_fp_adaylari.py
model_00089,Model-512,train_ZRI_2008_JPG.rf.1f537af4185be73382914fecdb099ac7.jpg,ZRI,0.7057,458.3,2113.3,511.5,2152.0,53.2,38.7,0.0,,FP,0.52,1.8089,,,,hayir,,,reports/hafta7_fp_protokolu.md,test,157,tahminler_taban512_hafta7.csv,tahminler_model512.csv,0.3,0.52,1.8089,0.3,0.5,0.1,8,512,110,55,20260913,"Esikler, katsayilar ve ornek buyuklukleri KARARDIR; olcumden turetilmedi. Ayrinti protokol dosyasinda.",3.13.1,8.4.144,0.12.6,2.14.0,2026-09-13 10:08:36,scripts/25_esit_fp_adaylari.py
model_00090,Model-512,train_ZRI_2008_JPG.rf.1f537af4185be73382914fecdb099ac7.jpg,ZRI,0.6961,699.4,1783.4,777.6,1827.9,78.2,44.5,0.7655,0.7655,TP,0.52,1.8089,,,,hayir,,,reports/hafta7_fp_protokolu.md,test,157,tahminler_taban512_hafta7.csv,tahminler_model512.csv,0.3,0.52,1.8089,0.3,0.5,0.1,8,512,110,55,20260913,"Esikler, katsayilar ve ornek buyuklukleri KARARDIR; olcumden turetilmedi. Ayrinti protokol dosyasinda.",3.13.1,8.4.144,0.12.6,2.14.0,2026-09-13 10:08:36,scripts/25_esit_fp_adaylari.py
model_00091,Model-512,train_ZRI_2008_JPG.rf.1f537af4185be73382914fecdb099ac7.jpg,ZRI,0.6718,603.8,447.1,739.8,511.8,136.0,64.7,0.2713,,FP,0.52,1.8089,,a0110,a0236,evet,Model-512/ZRI,0.3504,reports/hafta7_fp_protokolu.md,test,157,tahminler_taban512_hafta7.csv,tahminler_model512.csv,0.3,0.52,1.8089,0.3,0.5,0.1,8,512,110,55,20260913,"Esikler, katsayilar ve ornek buyuklukleri KARARDIR; olcumden turetilmedi. Ayrinti protokol dosyasinda.",3.13.1,8.4.144,0.12.6,2.14.0,2026-09-13 10:08:36,scripts/25_esit_fp_adaylari.py
model_00092,Model-512,train_ZRI_2008_JPG.rf.1f537af4185be73382914fecdb099ac7.jpg,ZRI,0.6587,721.2,1851.8,849.0,1927.2,127.8,75.4,0.0,,FP,0.52,1.8089,,,,hayir,,,reports/hafta7_fp_protokolu.md,test,157,tahminler_taban512_hafta7.csv,tahminler_model512.csv,0.3,0.52,1.8089,0.3,0.5,0.1,8,512,110,55,20260913,"Esikler, katsayilar ve ornek buyuklukleri KARARDIR; olcumden turetilmedi. Ayrinti protokol dosyasinda.",3.13.1,8.4.144,0.12.6,2.14.0,2026-09-13 10:08:36,scripts/25_esit_fp_adaylari.py
model_00093,Model-512,train_ZRI_2008_JPG.rf.1f537af4185be73382914fecdb099ac7.jpg,ZRI,0.6438,598.2,463.7,740.6,605.7,142.4,142.0,0.403,0.403,TP,0.52,1.8089,,,,hayir,,,reports/hafta7_fp_protokolu.md,test,157,tahminler_taban512_hafta7.csv,tahminler_model512.csv,0.3,0.52,1.8089,0.3,0.5,0.1,8,512,110,55,20260913,"Esikler, katsayilar ve ornek buyuklukleri KARARDIR; olcumden turetilmedi. Ayrinti protokol dosyasinda.",3.13.1,8.4.144,0.12.6,2.14.0,2026-09-13 10:08:36,scripts/25_esit_fp_adaylari.py
model_00094,Model-512,train_ZRI_2008_JPG.rf.1f537af4185be73382914fecdb099ac7.jpg,ZRI,0.6285,818.4,1801.4,897.2,1848.2,78.8,46.8,0.8571,0.8571,TP,0.52,1.8089,,,,hayir,,,reports/hafta7_fp_protokolu.md,test,157,tahminler_taban512_hafta7.csv,tahminler_model512.csv,0.3,0.52,1.8089,0.3,0.5,0.1,8,512,110,55,20260913,"Esikler, katsayilar ve ornek buyuklukleri KARARDIR; olcumden turetilmedi. Ayrinti protokol dosyasinda.",3.13.1,8.4.144,0.12.6,2.14.0,2026-09-13 10:08:36,scripts/25_esit_fp_adaylari.py
model_00095,Model-512,train_ZRI_2010_JPG.rf.dffe80870459dc66572904359072a194.jpg,ZRI,0.8085,28.5,956.1,110.1,1001.0,81.6,44.9,0.8701,0.8701,TP,0.52,1.8089,,,,hayir,,,reports/hafta7_fp_protokolu.md,test,157,tahminler_taban512_hafta7.csv,tahminler_model512.csv,0.3,0.52,1.8089,0.3,0.5,0.1,8,512,110,55,20260913,"Esikler, katsayilar ve ornek buyuklukleri KARARDIR; olcumden turetilmedi. Ayrinti protokol dosyasinda.",3.13.1,8.4.144,0.12.6,2.14.0,2026-09-13 10:08:36,scripts/25_esit_fp_adaylari.py
model_00096,Model-512,train_ZRI_2010_JPG.rf.dffe80870459dc66572904359072a194.jpg,ZRI,0.7842,174.8,917.2,249.6,958.7,74.8,41.5,0.902,0.902,TP,0.52,1.8089,,,,hayir,,,reports/hafta7_fp_protokolu.md,test,157,tahminler_taban512_hafta7.csv,tahminler_model512.csv,0.3,0.52,1.8089,0.3,0.5,0.1,8,512,110,55,20260913,"Esikler, katsayilar ve ornek buyuklukleri KARARDIR; olcumden turetilmedi. Ayrinti protokol dosyasinda.",3.13.1,8.4.144,0.12.6,2.14.0,2026-09-13 10:08:36,scripts/25_esit_fp_adaylari.py
model_00097,Model-512,train_ZRI_2010_JPG.rf.dffe80870459dc66572904359072a194.jpg,ZRI,0.765,1719.6,877.5,1759.5,921.7,39.9,44.2,0.7169,0.7169,TP,0.52,1.8089,,,,hayir,,,reports/hafta7_fp_protokolu.md,test,157,tahminler_taban512_hafta7.csv,tahminler_model512.csv,0.3,0.52,1.8089,0.3,0.5,0.1,8,512,110,55,20260913,"Esikler, katsayilar ve ornek buyuklukleri KARARDIR; olcumden turetilmedi. Ayrinti protokol dosyasinda.",3.13.1,8.4.144,0.12.6,2.14.0,2026-09-13 10:08:36,scripts/25_esit_fp_adaylari.py
model_00098,Model-512,train_ZRI_2010_JPG.rf.dffe80870459dc66572904359072a194.jpg,ZRI,0.7545,126.2,415.9,221.0,488.7,94.8,72.8,0.0,,FP,0.52,1.8089,,,,hayir,,,reports/hafta7_fp_protokolu.md,test,157,tahminler_taban512_hafta7.csv,tahminler_model512.csv,0.3,0.52,1.8089,0.3,0.5,0.1,8,512,110,55,20260913,"Esikler, katsayilar ve ornek buyuklukleri KARARDIR; olcumden turetilmedi. Ayrinti protokol dosyasinda.",3.13.1,8.4.144,0.12.6,2.14.0,2026-09-13 10:08:36,scripts/25_esit_fp_adaylari.py
model_00099,Model-512,train_ZRI_2010_JPG.rf.dffe80870459dc66572904359072a194.jpg,ZRI,0.7535,1640.0,427.7,1702.9,511.7,62.9,84.0,0.0,,FP,0.52,1.8089,,,,hayir,,,reports/hafta7_fp_protokolu.md,test,157,tahminler_taban512_hafta7.csv,tahminler_model512.csv,0.3,0.52,1.8089,0.3,0.5,0.1,8,512,110,55,20260913,"Esikler, katsayilar ve ornek buyuklukleri KARARDIR; olcumden turetilmedi. Ayrinti protokol dosyasinda.",3.13.1,8.4.144,0.12.6,2.14.0,2026-09-13 10:08:36,scripts/25_esit_fp_adaylari.py
model_00100,Model-512,train_ZRI_2011_JPG.rf.0650e1a725e5029a0f5806e9ead4ec01.jpg,ZRI,0.8283,962.2,818.8,1015.7,877.1,53.5,58.3,0.8489,0.8489,TP,0.52,1.8089,,,,hayir,,,reports/hafta7_fp_protokolu.md,test,157,tahminler_taban512_hafta7.csv,tahminler_model512.csv,0.3,0.52,1.8089,0.3,0.5,0.1,8,512,110,55,20260913,"Esikler, katsayilar ve ornek buyuklukleri KARARDIR; olcumden turetilmedi. Ayrinti protokol dosyasinda.",3.13.1,8.4.144,0.12.6,2.14.0,2026-09-13 10:08:36,scripts/25_esit_fp_adaylari.py
model_00101,Model-512,train_ZRI_2011_JPG.rf.0650e1a725e5029a0f5806e9ead4ec01.jpg,ZRI,0.8157,857.3,26.4,933.2,114.9,75.9,88.5,0.9379,0.9379,TP,0.52,1.8089,,,,hayir,,,reports/hafta7_fp_protokolu.md,test,157,tahminler_taban512_hafta7.csv,tahminler_model512.csv,0.3,0.52,1.8089,0.3,0.5,0.1,8,512,110,55,20260913,"Esikler, katsayilar ve ornek buyuklukleri KARARDIR; olcumden turetilmedi. Ayrinti protokol dosyasinda.",3.13.1,8.4.144,0.12.6,2.14.0,2026-09-13 10:08:36,scripts/25_esit_fp_adaylari.py
model_00102,Model-512,train_ZRI_2011_JPG.rf.0650e1a725e5029a0f5806e9ead4ec01.jpg,ZRI,0.7815,394.6,581.7,509.2,672.4,114.6,90.7,0.4521,0.4521,TP,0.52,1.8089,,,,hayir,,,reports/hafta7_fp_protokolu.md,test,157,tahminler_taban512_hafta7.csv,tahminler_model512.csv,0.3,0.52,1.8089,0.3,0.5,0.1,8,512,110,55,20260913,"Esikler, katsayilar ve ornek buyuklukleri KARARDIR; olcumden turetilmedi. Ayrinti protokol dosyasinda.",3.13.1,8.4.144,0.12.6,2.14.0,2026-09-13 10:08:36,scripts/25_esit_fp_adaylari.py
model_00103,Model-512,train_ZRI_2011_JPG.rf.0650e1a725e5029a0f5806e9ead4ec01.jpg,ZRI,0.7662,2016.0,1691.6,2088.5,1739.5,72.5,47.9,0.5176,0.5176,TP,0.52,1.8089,,,,hayir,,,reports/hafta7_fp_protokolu.md,test,157,tahminler_taban512_hafta7.csv,tahminler_model512.csv,0.3,0.52,1.8089,0.3,0.5,0.1,8,512,110,55,20260913,"Esikler, katsayilar ve ornek buyuklukleri KARARDIR; olcumden turetilmedi. Ayrinti protokol dosyasinda.",3.13.1,8.4.144,0.12.6,2.14.0,2026-09-13 10:08:36,scripts/25_esit_fp_adaylari.py
model_00104,Model-512,train_ZRI_2011_JPG.rf.0650e1a725e5029a0f5806e9ead4ec01.jpg,ZRI,0.7353,1306.3,438.1,1376.0,511.7,69.7,73.6,0.6576,0.6576,TP,0.52,1.8089,,,,hayir,,,reports/hafta7_fp_protokolu.md,test,157,tahminler_taban512_hafta7.csv,tahminler_model512.csv,0.3,0.52,1.8089,0.3,0.5,0.1,8,512,110,55,20260913,"Esikler, katsayilar ve ornek buyuklukleri KARARDIR; olcumden turetilmedi. Ayrinti protokol dosyasinda.",3.13.1,8.4.144,0.12.6,2.14.0,2026-09-13 10:08:36,scripts/25_esit_fp_adaylari.py
model_00105,Model-512,train_ZRI_2011_JPG.rf.0650e1a725e5029a0f5806e9ead4ec01.jpg,ZRI,0.7198,428.1,928.9,513.2,1008.6,85.1,79.7,0.0,,FP,0.52,1.8089,,,,hayir,,,reports/hafta7_fp_protokolu.md,test,157,tahminler_taban512_hafta7.csv,tahminler_model512.csv,0.3,0.52,1.8089,0.3,0.5,0.1,8,512,110,55,20260913,"Esikler, katsayilar ve ornek buyuklukleri KARARDIR; olcumden turetilmedi. Ayrinti protokol dosyasinda.",3.13.1,8.4.144,0.12.6,2.14.0,2026-09-13 10:08:36,scripts/25_esit_fp_adaylari.py
model_00106,Model-512,train_ZRI_2011_JPG.rf.0650e1a725e5029a0f5806e9ead4ec01.jpg,ZRI,0.6752,1907.1,266.8,1968.3,332.6,61.2,65.8,0.7904,0.7904,TP,0.52,1.8089,,,,hayir,,,reports/hafta7_fp_protokolu.md,test,157,tahminler_taban512_hafta7.csv,tahminler_model512.csv,0.3,0.52,1.8089,0.3,0.5,0.1,8,512,110,55,20260913,"Esikler, katsayilar ve ornek buyuklukleri KARARDIR; olcumden turetilmedi. Ayrinti protokol dosyasinda.",3.13.1,8.4.144,0.12.6,2.14.0,2026-09-13 10:08:36,scripts/25_esit_fp_adaylari.py
model_00107,Model-512,train_ZRI_2011_JPG.rf.0650e1a725e5029a0f5806e9ead4ec01.jpg,ZRI,0.6213,1854.6,145.9,1911.1,211.9,56.5,66.0,0.885,0.885,TP,0.52,1.8089,,,,hayir,,,reports/hafta7_fp_protokolu.md,test,157,tahminler_taban512_hafta7.csv,tahminler_model512.csv,0.3,0.52,1.8089,0.3,0.5,0.1,8,512,110,55,20260913,"Esikler, katsayilar ve ornek buyuklukleri KARARDIR; olcumden turetilmedi. Ayrinti protokol dosyasinda.",3.13.1,8.4.144,0.12.6,2.14.0,2026-09-13 10:08:36,scripts/25_esit_fp_adaylari.py
model_00108,Model-512,train_ZRI_2011_JPG.rf.0650e1a725e5029a0f5806e9ead4ec01.jpg,ZRI,0.6177,1084.3,818.7,1138.4,863.4,54.1,44.7,0.8198,0.8198,TP,0.52,1.8089,,,,hayir,,,reports/hafta7_fp_protokolu.md,test,157,tahminler_taban512_hafta7.csv,tahminler_model512.csv,0.3,0.52,1.8089,0.3,0.5,0.1,8,512,110,55,20260913,"Esikler, katsayilar ve ornek buyuklukleri KARARDIR; olcumden turetilmedi. Ayrinti protokol dosyasinda.",3.13.1,8.4.144,0.12.6,2.14.0,2026-09-13 10:08:36,scripts/25_esit_fp_adaylari.py
model_00109,Model-512,train_ZRI_2011_JPG.rf.0650e1a725e5029a0f5806e9ead4ec01.jpg,ZRI,0.6119,2051.1,1622.2,2090.7,1672.4,39.6,50.2,0.5489,0.5489,TP,0.52,1.8089,,,,hayir,,,reports/hafta7_fp_protokolu.md,test,157,tahminler_taban512_hafta7.csv,tahminler_model512.csv,0.3,0.52,1.8089,0.3,0.5,0.1,8,512,110,55,20260913,"Esikler, katsayilar ve ornek buyuklukleri KARARDIR; olcumden turetilmedi. Ayrinti protokol dosyasinda.",3.13.1,8.4.144,0.12.6,2.14.0,2026-09-13 10:08:36,scripts/25_esit_fp_adaylari.py
model_00110,Model-512,train_ZRI_2011_JPG.rf.0650e1a725e5029a0f5806e9ead4ec01.jpg,ZRI,0.59,1306.9,434.7,1331.9,509.0,25.0,74.3,0.4206,,FP,0.52,1.8089,,,,hayir,,,reports/hafta7_fp_protokolu.md,test,157,tahminler_taban512_hafta7.csv,tahminler_model512.csv,0.3,0.52,1.8089,0.3,0.5,0.1,8,512,110,55,20260913,"Esikler, katsayilar ve ornek buyuklukleri KARARDIR; olcumden turetilmedi. Ayrinti protokol dosyasinda.",3.13.1,8.4.144,0.12.6,2.14.0,2026-09-13 10:08:36,scripts/25_esit_fp_adaylari.py
model_00111,Model-512,train_ZRI_2011_JPG.rf.0650e1a725e5029a0f5806e9ead4ec01.jpg,ZRI,0.5575,1230.2,310.9,1308.3,410.9,78.1,100.0,0.5493,0.5493,TP,0.52,1.8089,,,,hayir,,,reports/hafta7_fp_protokolu.md,test,157,tahminler_taban512_hafta7.csv,tahminler_model512.csv,0.3,0.52,1.8089,0.3,0.5,0.1,8,512,110,55,20260913,"Esikler, katsayilar ve ornek buyuklukleri KARARDIR; olcumden turetilmedi. Ayrinti protokol dosyasinda.",3.13.1,8.4.144,0.12.6,2.14.0,2026-09-13 10:08:36,scripts/25_esit_fp_adaylari.py
model_00112,Model-512,train_ZRI_2012_JPG.rf.c05e4c2bd31f79c57174d2c7484d907c.jpg,ZRI,0.8386,812.4,528.9,892.2,603.9,79.8,75.0,0.8581,0.8581,TP,0.52,1.8089,,,,hayir,,,reports/hafta7_fp_protokolu.md,test,157,tahminler_taban512_hafta7.csv,tahminler_model512.csv,0.3,0.52,1.8089,0.3,0.5,0.1,8,512,110,55,20260913,"Esikler, katsayilar ve ornek buyuklukleri KARARDIR; olcumden turetilmedi. Ayrinti protokol dosyasinda.",3.13.1,8.4.144,0.12.6,2.14.0,2026-09-13 10:08:36,scripts/25_esit_fp_adaylari.py
model_00113,Model-512,train_ZRI_2012_JPG.rf.c05e4c2bd31f79c57174d2c7484d907c.jpg,ZRI,0.8271,380.7,1118.5,487.0,1194.3,106.3,75.8,0.0,,FP,0.52,1.8089,,a0394,a0028,evet,Model-512/ZRI,0.3504,reports/hafta7_fp_protokolu.md,test,157,tahminler_taban512_hafta7.csv,tahminler_model512.csv,0.3,0.52,1.8089,0.3,0.5,0.1,8,512,110,55,20260913,"Esikler, katsayilar ve ornek buyuklukleri KARARDIR; olcumden turetilmedi. Ayrinti protokol dosyasinda.",3.13.1,8.4.144,0.12.6,2.14.0,2026-09-13 10:08:36,scripts/25_esit_fp_adaylari.py
model_00114,Model-512,train_ZRI_2012_JPG.rf.c05e4c2bd31f79c57174d2c7484d907c.jpg,ZRI,0.8205,1015.1,1.0,1096.7,100.0,81.6,99.0,0.0,,FP,0.52,1.8089,,,,hayir,,,reports/hafta7_fp_protokolu.md,test,157,tahminler_taban512_hafta7.csv,tahminler_model512.csv,0.3,0.52,1.8089,0.3,0.5,0.1,8,512,110,55,20260913,"Esikler, katsayilar ve ornek buyuklukleri KARARDIR; olcumden turetilmedi. Ayrinti protokol dosyasinda.",3.13.1,8.4.144,0.12.6,2.14.0,2026-09-13 10:08:36,scripts/25_esit_fp_adaylari.py
model_00115,Model-512,train_ZRI_2012_JPG.rf.c05e4c2bd31f79c57174d2c7484d907c.jpg,ZRI,0.8038,2042.6,2214.9,2116.3,2269.7,73.7,54.8,0.4764,0.4764,TP,0.52,1.8089,,,,hayir,,,reports/hafta7_fp_protokolu.md,test,157,tahminler_taban512_hafta7.csv,tahminler_model512.csv,0.3,0.52,1.8089,0.3,0.5,0.1,8,512,110,55,20260913,"Esikler, katsayilar ve ornek buyuklukleri KARARDIR; olcumden turetilmedi. Ayrinti protokol dosyasinda.",3.13.1,8.4.144,0.12.6,2.14.0,2026-09-13 10:08:36,scripts/25_esit_fp_adaylari.py
model_00116,Model-512,train_ZRI_2012_JPG.rf.c05e4c2bd31f79c57174d2c7484d907c.jpg,ZRI,0.803,1888.2,734.8,1950.8,798.5,62.6,63.7,0.808,0.808,TP,0.52,1.8089,,,,hayir,,,reports/hafta7_fp_protokolu.md,test,157,tahminler_taban512_hafta7.csv,tahminler_model512.csv,0.3,0.52,1.8089,0.3,0.5,0.1,8,512,110,55,20260913,"Esikler, katsayilar ve ornek buyuklukleri KARARDIR; olcumden turetilmedi. Ayrinti protokol dosyasinda.",3.13.1,8.4.144,0.12.6,2.14.0,2026-09-13 10:08:36,scripts/25_esit_fp_adaylari.py
model_00117,Model-512,train_ZRI_2012_JPG.rf.c05e4c2bd31f79c57174d2c7484d907c.jpg,ZRI,0.79,1306.9,0.0,1374.7,92.1,67.8,92.1,0.0,,FP,0.52,1.8089,,,,hayir,,,reports/hafta7_fp_protokolu.md,test,157,tahminler_taban512_hafta7.csv,tahminler_model512.csv,0.3,0.52,1.8089,0.3,0.5,0.1,8,512,110,55,20260913,"Esikler, katsayilar ve ornek buyuklukleri KARARDIR; olcumden turetilmedi. Ayrinti protokol dosyasinda.",3.13.1,8.4.144,0.12.6,2.14.0,2026-09-13 10:08:36,scripts/25_esit_fp_adaylari.py
model_00118,Model-512,train_ZRI_2012_JPG.rf.c05e4c2bd31f79c57174d2c7484d907c.jpg,ZRI,0.7798,446.7,376.9,550.7,433.1,104.0,56.2,0.9585,0.9585,TP,0.52,1.8089,,,,hayir,,,reports/hafta7_fp_protokolu.md,test,157,tahminler_taban512_hafta7.csv,tahminler_model512.csv,0.3,0.52,1.8089,0.3,0.5,0.1,8,512,110,55,20260913,"Esikler, katsayilar ve ornek buyuklukleri KARARDIR; olcumden turetilmedi. Ayrinti protokol dosyasinda.",3.13.1,8.4.144,0.12.6,2.14.0,2026-09-13 10:08:36,scripts/25_esit_fp_adaylari.py
model_00119,Model-512,train_ZRI_2012_JPG.rf.c05e4c2bd31f79c57174d2c7484d907c.jpg,ZRI,0.7594,3494.9,36.5,3569.4,91.4,74.5,54.9,0.0,,FP,0.52,1.8089,,a0151,a0205,evet,Model-512/ZRI,0.3504,reports/hafta7_fp_protokolu.md,test,157,tahminler_taban512_hafta7.csv,tahminler_model512.csv,0.3,0.52,1.8089,0.3,0.5,0.1,8,512,110,55,20260913,"Esikler, katsayilar ve ornek buyuklukleri KARARDIR; olcumden turetilmedi. Ayrinti protokol dosyasinda.",3.13.1,8.4.144,0.12.6,2.14.0,2026-09-13 10:08:36,scripts/25_esit_fp_adaylari.py
model_00120,Model-512,train_ZRI_2012_JPG.rf.c05e4c2bd31f79c57174d2c7484d907c.jpg,ZRI,0.752,1230.0,813.6,1290.4,861.5,60.4,47.9,0.7899,0.7899,TP,0.52,1.8089,,,,hayir,,,reports/hafta7_fp_protokolu.md,test,157,tahminler_taban512_hafta7.csv,tahminler_model512.csv,0.3,0.52,1.8089,0.3,0.5,0.1,8,512,110,55,20260913,"Esikler, katsayilar ve ornek buyuklukleri KARARDIR; olcumden turetilmedi. Ayrinti protokol dosyasinda.",3.13.1,8.4.144,0.12.6,2.14.0,2026-09-13 10:08:36,scripts/25_esit_fp_adaylari.py
model_00121,Model-512,train_ZRI_2012_JPG.rf.c05e4c2bd31f79c57174d2c7484d907c.jpg,ZRI,0.7467,1221.6,568.6,1270.9,632.2,49.3,63.6,0.8808,0.8808,TP,0.52,1.8089,,,,hayir,,,reports/hafta7_fp_protokolu.md,test,157,tahminler_taban512_hafta7.csv,tahminler_model512.csv,0.3,0.52,1.8089,0.3,0.5,0.1,8,512,110,55,20260913,"Esikler, katsayilar ve ornek buyuklukleri KARARDIR; olcumden turetilmedi. Ayrinti protokol dosyasinda.",3.13.1,8.4.144,0.12.6,2.14.0,2026-09-13 10:08:36,scripts/25_esit_fp_adaylari.py
model_00122,Model-512,train_ZRI_2012_JPG.rf.c05e4c2bd31f79c57174d2c7484d907c.jpg,ZRI,0.7433,1842.7,619.8,1889.9,685.4,47.2,65.6,0.8332,0.8332,TP,0.52,1.8089,,,,hayir,,,reports/hafta7_fp_protokolu.md,test,157,tahminler_taban512_hafta7.csv,tahminler_model512.csv,0.3,0.52,1.8089,0.3,0.5,0.1,8,512,110,55,20260913,"Esikler, katsayilar ve ornek buyuklukleri KARARDIR; olcumden turetilmedi. Ayrinti protokol dosyasinda.",3.13.1,8.4.144,0.12.6,2.14.0,2026-09-13 10:08:36,scripts/25_esit_fp_adaylari.py
model_00123,Model-512,train_ZRI_2012_JPG.rf.c05e4c2bd31f79c57174d2c7484d907c.jpg,ZRI,0.7408,1297.0,641.4,1339.4,685.9,42.4,44.5,0.8268,0.8268,TP,0.52,1.8089,,,,hayir,,,reports/hafta7_fp_protokolu.md,test,157,tahminler_taban512_hafta7.csv,tahminler_model512.csv,0.3,0.52,1.8089,0.3,0.5,0.1,8,512,110,55,20260913,"Esikler, katsayilar ve ornek buyuklukleri KARARDIR; olcumden turetilmedi. Ayrinti protokol dosyasinda.",3.13.1,8.4.144,0.12.6,2.14.0,2026-09-13 10:08:36,scripts/25_esit_fp_adaylari.py
model_00124,Model-512,train_ZRI_2012_JPG.rf.c05e4c2bd31f79c57174d2c7484d907c.jpg,ZRI,0.7407,1419.3,1847.0,1479.8,1907.2,60.5,60.2,0.0,,FP,0.52,1.8089,,,,hayir,,,reports/hafta7_fp_protokolu.md,test,157,tahminler_taban512_hafta7.csv,tahminler_model512.csv,0.3,0.52,1.8089,0.3,0.5,0.1,8,512,110,55,20260913,"Esikler, katsayilar ve ornek buyuklukleri KARARDIR; olcumden turetilmedi. Ayrinti protokol dosyasinda.",3.13.1,8.4.144,0.12.6,2.14.0,2026-09-13 10:08:36,scripts/25_esit_fp_adaylari.py
model_00125,Model-512,train_ZRI_2012_JPG.rf.c05e4c2bd31f79c57174d2c7484d907c.jpg,ZRI,0.7356,1950.3,311.6,2016.2,368.7,65.9,57.1,0.0,,FP,0.52,1.8089,,a0053,a0191,evet,Model-512/ZRI,0.3504,reports/hafta7_fp_protokolu.md,test,157,tahminler_taban512_hafta7.csv,tahminler_model512.csv,0.3,0.52,1.8089,0.3,0.5,0.1,8,512,110,55,20260913,"Esikler, katsayilar ve ornek buyuklukleri KARARDIR; olcumden turetilmedi. Ayrinti protokol dosyasinda.",3.13.1,8.4.144,0.12.6,2.14.0,2026-09-13 10:08:36,scripts/25_esit_fp_adaylari.py
model_00126,Model-512,train_ZRI_2012_JPG.rf.c05e4c2bd31f79c57174d2c7484d907c.jpg,ZRI,0.7192,377.8,410.2,499.9,446.0,122.1,35.8,0.131,,FP,0.52,1.8089,,,,hayir,,,reports/hafta7_fp_protokolu.md,test,157,tahminler_taban512_hafta7.csv,tahminler_model512.csv,0.3,0.52,1.8089,0.3,0.5,0.1,8,512,110,55,20260913,"Esikler, katsayilar ve ornek buyuklukleri KARARDIR; olcumden turetilmedi. Ayrinti protokol dosyasinda.",3.13.1,8.4.144,0.12.6,2.14.0,2026-09-13 10:08:36,scripts/25_esit_fp_adaylari.py
model_00127,Model-512,train_ZRI_2012_JPG.rf.c05e4c2bd31f79c57174d2c7484d907c.jpg,ZRI,0.6938,1052.4,1323.4,1106.4,1365.7,54.0,42.3,0.8846,0.8846,TP,0.52,1.8089,,,,hayir,,,reports/hafta7_fp_protokolu.md,test,157,tahminler_taban512_hafta7.csv,tahminler_model512.csv,0.3,0.52,1.8089,0.3,0.5,0.1,8,512,110,55,20260913,"Esikler, katsayilar ve ornek buyuklukleri KARARDIR; olcumden turetilmedi. Ayrinti protokol dosyasinda.",3.13.1,8.4.144,0.12.6,2.14.0,2026-09-13 10:08:36,scripts/25_esit_fp_adaylari.py
model_00128,Model-512,train_ZRI_2012_JPG.rf.c05e4c2bd31f79c57174d2c7484d907c.jpg,ZRI,0.683,2209.1,855.7,2258.6,904.9,49.5,49.2,0.7391,0.7391,TP,0.52,1.8089,,,,hayir,,,reports/hafta7_fp_protokolu.md,test,157,tahminler_taban512_hafta7.csv,tahminler_model512.csv,0.3,0.52,1.8089,0.3,0.5,0.1,8,512,110,55,20260913,"Esikler, katsayilar ve ornek buyuklukleri KARARDIR; olcumden turetilmedi. Ayrinti protokol dosyasinda.",3.13.1,8.4.144,0.12.6,2.14.0,2026-09-13 10:08:36,scripts/25_esit_fp_adaylari.py
model_00129,Model-512,train_ZRI_2012_JPG.rf.c05e4c2bd31f79c57174d2c7484d907c.jpg,ZRI,0.6428,2039.0,1825.9,2152.0,1987.9,113.0,162.0,0.0,,FP,0.52,1.8089,,a0328,a0415,evet,Model-512/ZRI,0.3504,reports/hafta7_fp_protokolu.md,test,157,tahminler_taban512_hafta7.csv,tahminler_model512.csv,0.3,0.52,1.8089,0.3,0.5,0.1,8,512,110,55,20260913,"Esikler, katsayilar ve ornek buyuklukleri KARARDIR; olcumden turetilmedi. Ayrinti protokol dosyasinda.",3.13.1,8.4.144,0.12.6,2.14.0,2026-09-13 10:08:36,scripts/25_esit_fp_adaylari.py
model_00130,Model-512,train_ZRI_2012_JPG.rf.c05e4c2bd31f79c57174d2c7484d907c.jpg,ZRI,0.6382,3729.1,278.4,3818.7,323.8,89.6,45.4,0.557,0.557,TP,0.52,1.8089,,,,hayir,,,reports/hafta7_fp_protokolu.md,test,157,tahminler_taban512_hafta7.csv,tahminler_model512.csv,0.3,0.52,1.8089,0.3,0.5,0.1,8,512,110,55,20260913,"Esikler, katsayilar ve ornek buyuklukleri KARARDIR; olcumden turetilmedi. Ayrinti protokol dosyasinda.",3.13.1,8.4.144,0.12.6,2.14.0,2026-09-13 10:08:36,scripts/25_esit_fp_adaylari.py
model_00131,Model-512,train_ZRI_2012_JPG.rf.c05e4c2bd31f79c57174d2c7484d907c.jpg,ZRI,0.6088,1313.9,1609.0,1418.3,1742.0,104.4,133.0,0.0,,FP,0.52,1.8089,,,,hayir,,,reports/hafta7_fp_protokolu.md,test,157,tahminler_taban512_hafta7.csv,tahminler_model512.csv,0.3,0.52,1.8089,0.3,0.5,0.1,8,512,110,55,20260913,"Esikler, katsayilar ve ornek buyuklukleri KARARDIR; olcumden turetilmedi. Ayrinti protokol dosyasinda.",3.13.1,8.4.144,0.12.6,2.14.0,2026-09-13 10:08:36,scripts/25_esit_fp_adaylari.py
model_00132,Model-512,train_ZRI_2012_JPG.rf.c05e4c2bd31f79c57174d2c7484d907c.jpg,ZRI,0.5917,2087.0,2120.1,2128.8,2173.9,41.8,53.8,0.8515,0.8515,TP,0.52,1.8089,,,,hayir,,,reports/hafta7_fp_protokolu.md,test,157,tahminler_taban512_hafta7.csv,tahminler_model512.csv,0.3,0.52,1.8089,0.3,0.5,0.1,8,512,110,55,20260913,"Esikler, katsayilar ve ornek buyuklukleri KARARDIR; olcumden turetilmedi. Ayrinti protokol dosyasinda.",3.13.1,8.4.144,0.12.6,2.14.0,2026-09-13 10:08:36,scripts/25_esit_fp_adaylari.py
model_00133,Model-512,train_ZRI_2012_JPG.rf.c05e4c2bd31f79c57174d2c7484d907c.jpg,ZRI,0.5591,1982.7,1694.8,2032.7,1807.2,50.0,112.4,0.0,,FP,0.52,1.8089,,,,hayir,,,reports/hafta7_fp_protokolu.md,test,157,tahminler_taban512_hafta7.csv,tahminler_model512.csv,0.3,0.52,1.8089,0.3,0.5,0.1,8,512,110,55,20260913,"Esikler, katsayilar ve ornek buyuklukleri KARARDIR; olcumden turetilmedi. Ayrinti protokol dosyasinda.",3.13.1,8.4.144,0.12.6,2.14.0,2026-09-13 10:08:36,scripts/25_esit_fp_adaylari.py
model_00134,Model-512,train_ZRI_2013_JPG.rf.fb6345ef2d790171d3f7e759f7e8a077.jpg,ZRI,0.8455,1714.0,348.7,1761.3,393.4,47.3,44.7,0.81,0.81,TP,0.52,1.8089,,,,hayir,,,reports/hafta7_fp_protokolu.md,test,157,tahminler_taban512_hafta7.csv,tahminler_model512.csv,0.3,0.52,1.8089,0.3,0.5,0.1,8,512,110,55,20260913,"Esikler, katsayilar ve ornek buyuklukleri KARARDIR; olcumden turetilmedi. Ayrinti protokol dosyasinda.",3.13.1,8.4.144,0.12.6,2.14.0,2026-09-13 10:08:36,scripts/25_esit_fp_adaylari.py
model_00135,Model-512,train_ZRI_2013_JPG.rf.fb6345ef2d790171d3f7e759f7e8a077.jpg,ZRI,0.8382,376.9,2148.8,473.8,2220.8,96.9,72.0,0.0,,FP,0.52,1.8089,,,,hayir,,,reports/hafta7_fp_protokolu.md,test,157,tahminler_taban512_hafta7.csv,tahminler_model512.csv,0.3,0.52,1.8089,0.3,0.5,0.1,8,512,110,55,20260913,"Esikler, katsayilar ve ornek buyuklukleri KARARDIR; olcumden turetilmedi. Ayrinti protokol dosyasinda.",3.13.1,8.4.144,0.12.6,2.14.0,2026-09-13 10:08:36,scripts/25_esit_fp_adaylari.py
model_00136,Model-512,train_ZRI_2013_JPG.rf.fb6345ef2d790171d3f7e759f7e8a077.jpg,ZRI,0.7928,1358.0,2901.7,1417.3,2990.3,59.3,88.6,0.0,,FP,0.52,1.8089,,,,hayir,,,reports/hafta7_fp_protokolu.md,test,157,tahminler_taban512_hafta7.csv,tahminler_model512.csv,0.3,0.52,1.8089,0.3,0.5,0.1,8,512,110,55,20260913,"Esikler, katsayilar ve ornek buyuklukleri KARARDIR; olcumden turetilmedi. Ayrinti protokol dosyasinda.",3.13.1,8.4.144,0.12.6,2.14.0,2026-09-13 10:08:36,scripts/25_esit_fp_adaylari.py
model_00137,Model-512,train_ZRI_2013_JPG.rf.fb6345ef2d790171d3f7e759f7e8a077.jpg,ZRI,0.7899,1253.6,1087.9,1320.7,1147.1,67.1,59.2,0.8893,0.8893,TP,0.52,1.8089,,,,hayir,,,reports/hafta7_fp_protokolu.md,test,157,tahminler_taban512_hafta7.csv,tahminler_model512.csv,0.3,0.52,1.8089,0.3,0.5,0.1,8,512,110,55,20260913,"Esikler, katsayilar ve ornek buyuklukleri KARARDIR; olcumden turetilmedi. Ayrinti protokol dosyasinda.",3.13.1,8.4.144,0.12.6,2.14.0,2026-09-13 10:08:36,scripts/25_esit_fp_adaylari.py
model_00138,Model-512,train_ZRI_2013_JPG.rf.fb6345ef2d790171d3f7e759f7e8a077.jpg,ZRI,0.7873,3362.7,1333.7,3437.3,1382.7,74.6,49.0,0.8556,0.8556,TP,0.52,1.8089,,,,hayir,,,reports/hafta7_fp_protokolu.md,test,157,tahminler_taban512_hafta7.csv,tahminler_model512.csv,0.3,0.52,1.8089,0.3,0.5,0.1,8,512,110,55,20260913,"Esikler, katsayilar ve ornek buyuklukleri KARARDIR; olcumden turetilmedi. Ayrinti protokol dosyasinda.",3.13.1,8.4.144,0.12.6,2.14.0,2026-09-13 10:08:36,scripts/25_esit_fp_adaylari.py
model_00139,Model-512,train_ZRI_2013_JPG.rf.fb6345ef2d790171d3f7e759f7e8a077.jpg,ZRI,0.78,161.6,1615.9,242.6,1657.1,81.0,41.2,0.8877,0.8877,TP,0.52,1.8089,,,,hayir,,,reports/hafta7_fp_protokolu.md,test,157,tahminler_taban512_hafta7.csv,tahminler_model512.csv,0.3,0.52,1.8089,0.3,0.5,0.1,8,512,110,55,20260913,"Esikler, katsayilar ve ornek buyuklukleri KARARDIR; olcumden turetilmedi. Ayrinti protokol dosyasinda.",3.13.1,8.4.144,0.12.6,2.14.0,2026-09-13 10:08:36,scripts/25_esit_fp_adaylari.py
model_00140,Model-512,train_ZRI_2013_JPG.rf.fb6345ef2d790171d3f7e759f7e8a077.jpg,ZRI,0.78,779.3,1605.9,856.5,1661.1,77.2,55.2,0.8182,0.8182,TP,0.52,1.8089,,,,hayir,,,reports/hafta7_fp_protokolu.md,test,157,tahminler_taban512_hafta7.csv,tahminler_model512.csv,0.3,0.52,1.8089,0.3,0.5,0.1,8,512,110,55,20260913,"Esikler, katsayilar ve ornek buyuklukleri KARARDIR; olcumden turetilmedi. Ayrinti protokol dosyasinda.",3.13.1,8.4.144,0.12.6,2.14.0,2026-09-13 10:08:36,scripts/25_esit_fp_adaylari.py
model_00141,Model-512,train_ZRI_2013_JPG.rf.fb6345ef2d790171d3f7e759f7e8a077.jpg,ZRI,0.7783,995.0,1338.2,1094.0,1389.3,99.0,51.1,0.5047,0.5047,TP,0.52,1.8089,,,,hayir,,,reports/hafta7_fp_protokolu.md,test,157,tahminler_taban512_hafta7.csv,tahminler_model512.csv,0.3,0.52,1.8089,0.3,0.5,0.1,8,512,110,55,20260913,"Esikler, katsayilar ve ornek buyuklukleri KARARDIR; olcumden turetilmedi. Ayrinti protokol dosyasinda.",3.13.1,8.4.144,0.12.6,2.14.0,2026-09-13 10:08:36,scripts/25_esit_fp_adaylari.py
model_00142,Model-512,train_ZRI_2013_JPG.rf.fb6345ef2d790171d3f7e759f7e8a077.jpg,ZRI,0.7704,1807.8,1813.1,1874.8,1855.9,67.0,42.8,0.8258,0.8258,TP,0.52,1.8089,,,,hayir,,,reports/hafta7_fp_protokolu.md,test,157,tahminler_taban512_hafta7.csv,tahminler_model512.csv,0.3,0.52,1.8089,0.3,0.5,0.1,8,512,110,55,20260913,"Esikler, katsayilar ve ornek buyuklukleri KARARDIR; olcumden turetilmedi. Ayrinti protokol dosyasinda.",3.13.1,8.4.144,0.12.6,2.14.0,2026-09-13 10:08:36,scripts/25_esit_fp_adaylari.py
model_00143,Model-512,train_ZRI_2013_JPG.rf.fb6345ef2d790171d3f7e759f7e8a077.jpg,ZRI,0.7696,421.8,1434.9,525.1,1486.4,103.3,51.5,0.8062,0.8062,TP,0.52,1.8089,,,,hayir,,,reports/hafta7_fp_protokolu.md,test,157,tahminler_taban512_hafta7.csv,tahminler_model512.csv,0.3,0.52,1.8089,0.3,0.5,0.1,8,512,110,55,20260913,"Esikler, katsayilar ve ornek buyuklukleri KARARDIR; olcumden turetilmedi. Ayrinti protokol dosyasinda.",3.13.1,8.4.144,0.12.6,2.14.0,2026-09-13 10:08:36,scripts/25_esit_fp_adaylari.py
model_00144,Model-512,train_ZRI_2013_JPG.rf.fb6345ef2d790171d3f7e759f7e8a077.jpg,ZRI,0.7627,1067.5,2007.6,1129.3,2047.3,61.8,39.7,0.936,0.936,TP,0.52,1.8089,,,,hayir,,,reports/hafta7_fp_protokolu.md,test,157,tahminler_taban512_hafta7.csv,tahminler_model512.csv,0.3,0.52,1.8089,0.3,0.5,0.1,8,512,110,55,20260913,"Esikler, katsayilar ve ornek buyuklukleri KARARDIR; olcumden turetilmedi. Ayrinti protokol dosyasinda.",3.13.1,8.4.144,0.12.6,2.14.0,2026-09-13 10:08:36,scripts/25_esit_fp_adaylari.py
model_00145,Model-512,train_ZRI_2013_JPG.rf.fb6345ef2d790171d3f7e759f7e8a077.jpg,ZRI,0.7388,980.3,2419.7,1031.1,2470.1,50.8,50.4,0.8573,0.8573,TP,0.52,1.8089,,,,hayir,,,reports/hafta7_fp_protokolu.md,test,157,tahminler_taban512_hafta7.csv,tahminler_model512.csv,0.3,0.52,1.8089,0.3,0.5,0.1,8,512,110,55,20260913,"Esikler, katsayilar ve ornek buyuklukleri KARARDIR; olcumden turetilmedi. Ayrinti protokol dosyasinda.",3.13.1,8.4.144,0.12.6,2.14.0,2026-09-13 10:08:36,scripts/25_esit_fp_adaylari.py
model_00146,Model-512,train_ZRI_2013_JPG.rf.fb6345ef2d790171d3f7e759f7e8a077.jpg,ZRI,0.7163,1949.9,2830.7,2017.2,2921.8,67.3,91.1,0.0,,FP,0.52,1.8089,,,,hayir,,,reports/hafta7_fp_protokolu.md,test,157,tahminler_taban512_hafta7.csv,tahminler_model512.csv,0.3,0.52,1.8089,0.3,0.5,0.1,8,512,110,55,20260913,"Esikler, katsayilar ve ornek buyuklukleri KARARDIR; olcumden turetilmedi. Ayrinti protokol dosyasinda.",3.13.1,8.4.144,0.12.6,2.14.0,2026-09-13 10:08:36,scripts/25_esit_fp_adaylari.py
model_00147,Model-512,train_ZRI_2013_JPG.rf.fb6345ef2d790171d3f7e759f7e8a077.jpg,ZRI,0.7116,2145.4,1973.4,2216.5,2047.6,71.1,74.2,0.3325,0.3325,TP,0.52,1.8089,,,,hayir,,,reports/hafta7_fp_protokolu.md,test,157,tahminler_taban512_hafta7.csv,tahminler_model512.csv,0.3,0.52,1.8089,0.3,0.5,0.1,8,512,110,55,20260913,"Esikler, katsayilar ve ornek buyuklukleri KARARDIR; olcumden turetilmedi. Ayrinti protokol dosyasinda.",3.13.1,8.4.144,0.12.6,2.14.0,2026-09-13 10:08:36,scripts/25_esit_fp_adaylari.py
model_00148,Model-512,train_ZRI_2013_JPG.rf.fb6345ef2d790171d3f7e759f7e8a077.jpg,ZRI,0.7105,1394.7,126.6,1475.8,218.9,81.1,92.3,0.6623,0.6623,TP,0.52,1.8089,,,,hayir,,,reports/hafta7_fp_protokolu.md,test,157,tahminler_taban512_hafta7.csv,tahminler_model512.csv,0.3,0.52,1.8089,0.3,0.5,0.1,8,512,110,55,20260913,"Esikler, katsayilar ve ornek buyuklukleri KARARDIR; olcumden turetilmedi. Ayrinti protokol dosyasinda.",3.13.1,8.4.144,0.12.6,2.14.0,2026-09-13 10:08:36,scripts/25_esit_fp_adaylari.py
model_00149,Model-512,train_ZRI_2013_JPG.rf.fb6345ef2d790171d3f7e759f7e8a077.jpg,ZRI,0.6827,3379.6,1082.0,3454.6,1163.4,75.0,81.4,0.0,,FP,0.52,1.8089,,,,hayir,,,reports/hafta7_fp_protokolu.md,test,157,tahminler_taban512_hafta7.csv,tahminler_model512.csv,0.3,0.52,1.8089,0.3,0.5,0.1,8,512,110,55,20260913,"Esikler, katsayilar ve ornek buyuklukleri KARARDIR; olcumden turetilmedi. Ayrinti protokol dosyasinda.",3.13.1,8.4.144,0.12.6,2.14.0,2026-09-13 10:08:36,scripts/25_esit_fp_adaylari.py
model_00150,Model-512,train_ZRI_2013_JPG.rf.fb6345ef2d790171d3f7e759f7e8a077.jpg,ZRI,0.6669,1248.2,1741.8,1283.1,1772.6,34.9,30.8,0.0,,FP,0.52,1.8089,,a0178,a0317,evet,Model-512/ZRI,0.3504,reports/hafta7_fp_protokolu.md,test,157,tahminler_taban512_hafta7.csv,tahminler_model512.csv,0.3,0.52,1.8089,0.3,0.5,0.1,8,512,110,55,20260913,"Esikler, katsayilar ve ornek buyuklukleri KARARDIR; olcumden turetilmedi. Ayrinti protokol dosyasinda.",3.13.1,8.4.144,0.12.6,2.14.0,2026-09-13 10:08:36,scripts/25_esit_fp_adaylari.py
model_00151,Model-512,train_ZRI_2013_JPG.rf.fb6345ef2d790171d3f7e759f7e8a077.jpg,ZRI,0.6517,1277.9,1409.8,1332.0,1461.1,54.1,51.3,0.7264,0.7264,TP,0.52,1.8089,,,,hayir,,,reports/hafta7_fp_protokolu.md,test,157,tahminler_taban512_hafta7.csv,tahminler_model512.csv,0.3,0.52,1.8089,0.3,0.5,0.1,8,512,110,55,20260913,"Esikler, katsayilar ve ornek buyuklukleri KARARDIR; olcumden turetilmedi. Ayrinti protokol dosyasinda.",3.13.1,8.4.144,0.12.6,2.14.0,2026-09-13 10:08:36,scripts/25_esit_fp_adaylari.py
model_00152,Model-512,train_ZRI_2013_JPG.rf.fb6345ef2d790171d3f7e759f7e8a077.jpg,ZRI,0.6401,1886.0,1392.6,1952.4,1440.3,66.4,47.7,0.0,,FP,0.52,1.8089,,,,hayir,,,reports/hafta7_fp_protokolu.md,test,157,tahminler_taban512_hafta7.csv,tahminler_model512.csv,0.3,0.52,1.8089,0.3,0.5,0.1,8,512,110,55,20260913,"Esikler, katsayilar ve ornek buyuklukleri KARARDIR; olcumden turetilmedi. Ayrinti protokol dosyasinda.",3.13.1,8.4.144,0.12.6,2.14.0,2026-09-13 10:08:36,scripts/25_esit_fp_adaylari.py
model_00153,Model-512,train_ZRI_2013_JPG.rf.fb6345ef2d790171d3f7e759f7e8a077.jpg,ZRI,0.5499,2460.4,1640.0,2513.7,1705.3,53.3,65.3,0.0,,FP,0.52,1.8089,,a0215,a0209,evet,Model-512/ZRI,0.3504,reports/hafta7_fp_protokolu.md,test,157,tahminler_taban512_hafta7.csv,tahminler_model512.csv,0.3,0.52,1.8089,0.3,0.5,0.1,8,512,110,55,20260913,"Esikler, katsayilar ve ornek buyuklukleri KARARDIR; olcumden turetilmedi. Ayrinti protokol dosyasinda.",3.13.1,8.4.144,0.12.6,2.14.0,2026-09-13 10:08:36,scripts/25_esit_fp_adaylari.py
model_00154,Model-512,train_ZRI_2013_JPG.rf.fb6345ef2d790171d3f7e759f7e8a077.jpg,ZRI,0.5458,3488.3,632.2,3546.9,685.9,58.6,53.7,0.0,,FP,0.52,1.8089,,,,hayir,,,reports/hafta7_fp_protokolu.md,test,157,tahminler_taban512_hafta7.csv,tahminler_model512.csv,0.3,0.52,1.8089,0.3,0.5,0.1,8,512,110,55,20260913,"Esikler, katsayilar ve ornek buyuklukleri KARARDIR; olcumden turetilmedi. Ayrinti protokol dosyasinda.",3.13.1,8.4.144,0.12.6,2.14.0,2026-09-13 10:08:36,scripts/25_esit_fp_adaylari.py
model_00155,Model-512,train_ZRI_2013_JPG.rf.fb6345ef2d790171d3f7e759f7e8a077.jpg,ZRI,0.5331,2119.0,1922.2,2152.0,1968.1,33.0,45.9,0.3823,0.3823,TP,0.52,1.8089,,,,hayir,,,reports/hafta7_fp_protokolu.md,test,157,tahminler_taban512_hafta7.csv,tahminler_model512.csv,0.3,0.52,1.8089,0.3,0.5,0.1,8,512,110,55,20260913,"Esikler, katsayilar ve ornek buyuklukleri KARARDIR; olcumden turetilmedi. Ayrinti protokol dosyasinda.",3.13.1,8.4.144,0.12.6,2.14.0,2026-09-13 10:08:36,scripts/25_esit_fp_adaylari.py
model_00156,Model-512,train_ZRI_2013_JPG.rf.fb6345ef2d790171d3f7e759f7e8a077.jpg,ZRI,0.5322,410.0,2462.5,477.3,2546.0,67.3,83.5,0.0,,FP,0.52,1.8089,,,,hayir,,,reports/hafta7_fp_protokolu.md,test,157,tahminler_taban512_hafta7.csv,tahminler_model512.csv,0.3,0.52,1.8089,0.3,0.5,0.1,8,512,110,55,20260913,"Esikler, katsayilar ve ornek buyuklukleri KARARDIR; olcumden turetilmedi. Ayrinti protokol dosyasinda.",3.13.1,8.4.144,0.12.6,2.14.0,2026-09-13 10:08:36,scripts/25_esit_fp_adaylari.py
model_00157,Model-512,train_ZRI_2014_JPG.rf.95f28aeba5b563f69c9b10bbb6758285.jpg,ZRI,0.8276,872.0,2573.0,940.0,2637.7,68.0,64.7,0.0,,FP,0.52,1.8089,,a0323,a0235,evet,Model-512/ZRI,0.3504,reports/hafta7_fp_protokolu.md,test,157,tahminler_taban512_hafta7.csv,tahminler_model512.csv,0.3,0.52,1.8089,0.3,0.5,0.1,8,512,110,55,20260913,"Esikler, katsayilar ve ornek buyuklukleri KARARDIR; olcumden turetilmedi. Ayrinti protokol dosyasinda.",3.13.1,8.4.144,0.12.6,2.14.0,2026-09-13 10:08:36,scripts/25_esit_fp_adaylari.py
model_00158,Model-512,train_ZRI_2014_JPG.rf.95f28aeba5b563f69c9b10bbb6758285.jpg,ZRI,0.8243,327.4,2763.6,417.2,2845.2,89.8,81.6,0.0,,FP,0.52,1.8089,,,,hayir,,,reports/hafta7_fp_protokolu.md,test,157,tahminler_taban512_hafta7.csv,tahminler_model512.csv,0.3,0.52,1.8089,0.3,0.5,0.1,8,512,110,55,20260913,"Esikler, katsayilar ve ornek buyuklukleri KARARDIR; olcumden turetilmedi. Ayrinti protokol dosyasinda.",3.13.1,8.4.144,0.12.6,2.14.0,2026-09-13 10:08:36,scripts/25_esit_fp_adaylari.py
model_00159,Model-512,train_ZRI_2014_JPG.rf.95f28aeba5b563f69c9b10bbb6758285.jpg,ZRI,0.8171,1361.0,717.0,1445.2,797.3,84.2,80.3,0.7845,0.7845,TP,0.52,1.8089,,,,hayir,,,reports/hafta7_fp_protokolu.md,test,157,tahminler_taban512_hafta7.csv,tahminler_model512.csv,0.3,0.52,1.8089,0.3,0.5,0.1,8,512,110,55,20260913,"Esikler, katsayilar ve ornek buyuklukleri KARARDIR; olcumden turetilmedi. Ayrinti protokol dosyasinda.",3.13.1,8.4.144,0.12.6,2.14.0,2026-09-13 10:08:36,scripts/25_esit_fp_adaylari.py
model_00160,Model-512,train_ZRI_2014_JPG.rf.95f28aeba5b563f69c9b10bbb6758285.jpg,ZRI,0.8139,558.8,2463.0,619.1,2516.4,60.3,53.4,0.9396,0.9396,TP,0.52,1.8089,,,,hayir,,,reports/hafta7_fp_protokolu.md,test,157,tahminler_taban512_hafta7.csv,tahminler_model512.csv,0.3,0.52,1.8089,0.3,0.5,0.1,8,512,110,55,20260913,"Esikler, katsayilar ve ornek buyuklukleri KARARDIR; olcumden turetilmedi. Ayrinti protokol dosyasinda.",3.13.1,8.4.144,0.12.6,2.14.0,2026-09-13 10:08:36,scripts/25_esit_fp_adaylari.py
model_00161,Model-512,train_ZRI_2014_JPG.rf.95f28aeba5b563f69c9b10bbb6758285.jpg,ZRI,0.8117,1223.0,1711.6,1283.5,1766.2,60.5,54.6,0.7798,0.7798,TP,0.52,1.8089,,,,hayir,,,reports/hafta7_fp_protokolu.md,test,157,tahminler_taban512_hafta7.csv,tahminler_model512.csv,0.3,0.52,1.8089,0.3,0.5,0.1,8,512,110,55,20260913,"Esikler, katsayilar ve ornek buyuklukleri KARARDIR; olcumden turetilmedi. Ayrinti protokol dosyasinda.",3.13.1,8.4.144,0.12.6,2.14.0,2026-09-13 10:08:36,scripts/25_esit_fp_adaylari.py
model_00162,Model-512,train_ZRI_2014_JPG.rf.95f28aeba5b563f69c9b10bbb6758285.jpg,ZRI,0.809,729.7,2221.2,803.7,2283.5,74.0,62.3,0.9194,0.9194,TP,0.52,1.8089,,,,hayir,,,reports/hafta7_fp_protokolu.md,test,157,tahminler_taban512_hafta7.csv,tahminler_model512.csv,0.3,0.52,1.8089,0.3,0.5,0.1,8,512,110,55,20260913,"Esikler, katsayilar ve ornek buyuklukleri KARARDIR; olcumden turetilmedi. Ayrinti protokol dosyasinda.",3.13.1,8.4.144,0.12.6,2.14.0,2026-09-13 10:08:36,scripts/25_esit_fp_adaylari.py
model_00163,Model-512,train_ZRI_2014_JPG.rf.95f28aeba5b563f69c9b10bbb6758285.jpg,ZRI,0.7995,3255.5,2350.6,3343.7,2449.1,88.2,98.5,0.0,,FP,0.52,1.8089,,,,hayir,,,reports/hafta7_fp_protokolu.md,test,157,tahminler_taban512_hafta7.csv,tahminler_model512.csv,0.3,0.52,1.8089,0.3,0.5,0.1,8,512,110,55,20260913,"Esikler, katsayilar ve ornek buyuklukleri KARARDIR; olcumden turetilmedi. Ayrinti protokol dosyasinda.",3.13.1,8.4.144,0.12.6,2.14.0,2026-09-13 10:08:36,scripts/25_esit_fp_adaylari.py
model_00164,Model-512,train_ZRI_2014_JPG.rf.95f28aeba5b563f69c9b10bbb6758285.jpg,ZRI,0.7876,2590.2,1541.2,2637.5,1585.9,47.3,44.7,0.0,,FP,0.52,1.8089,,,,hayir,,,reports/hafta7_fp_protokolu.md,test,157,tahminler_taban512_hafta7.csv,tahminler_model512.csv,0.3,0.52,1.8089,0.3,0.5,0.1,8,512,110,55,20260913,"Esikler, katsayilar ve ornek buyuklukleri KARARDIR; olcumden turetilmedi. Ayrinti protokol dosyasinda.",3.13.1,8.4.144,0.12.6,2.14.0,2026-09-13 10:08:36,scripts/25_esit_fp_adaylari.py
model_00165,Model-512,train_ZRI_2014_JPG.rf.95f28aeba5b563f69c9b10bbb6758285.jpg,ZRI,0.7573,589.7,2121.5,687.0,2198.9,97.3,77.4,0.6214,0.6214,TP,0.52,1.8089,,,,hayir,,,reports/hafta7_fp_protokolu.md,test,157,tahminler_taban512_hafta7.csv,tahminler_model512.csv,0.3,0.52,1.8089,0.3,0.5,0.1,8,512,110,55,20260913,"Esikler, katsayilar ve ornek buyuklukleri KARARDIR; olcumden turetilmedi. Ayrinti protokol dosyasinda.",3.13.1,8.4.144,0.12.6,2.14.0,2026-09-13 10:08:36,scripts/25_esit_fp_adaylari.py
model_00166,Model-512,train_ZRI_2014_JPG.rf.95f28aeba5b563f69c9b10bbb6758285.jpg,ZRI,0.7452,370.3,2051.6,473.5,2101.1,103.2,49.5,0.836,0.836,TP,0.52,1.8089,,,,hayir,,,reports/hafta7_fp_protokolu.md,test,157,tahminler_taban512_hafta7.csv,tahminler_model512.csv,0.3,0.52,1.8089,0.3,0.5,0.1,8,512,110,55,20260913,"Esikler, katsayilar ve ornek buyuklukleri KARARDIR; olcumden turetilmedi. Ayrinti protokol dosyasinda.",3.13.1,8.4.144,0.12.6,2.14.0,2026-09-13 10:08:36,scripts/25_esit_fp_adaylari.py
model_00167,Model-512,train_ZRI_2014_JPG.rf.95f28aeba5b563f69c9b10bbb6758285.jpg,ZRI,0.7151,1703.8,2374.9,1753.5,2451.4,49.7,76.5,0.6737,0.6737,TP,0.52,1.8089,,,,hayir,,,reports/hafta7_fp_protokolu.md,test,157,tahminler_taban512_hafta7.csv,tahminler_model512.csv,0.3,0.52,1.8089,0.3,0.5,0.1,8,512,110,55,20260913,"Esikler, katsayilar ve ornek buyuklukleri KARARDIR; olcumden turetilmedi. Ayrinti protokol dosyasinda.",3.13.1,8.4.144,0.12.6,2.14.0,2026-09-13 10:08:36,scripts/25_esit_fp_adaylari.py
model_00168,Model-512,train_ZRI_2014_JPG.rf.95f28aeba5b563f69c9b10bbb6758285.jpg,ZRI,0.7099,3443.7,1240.0,3555.4,1306.5,111.7,66.5,0.1403,,FP,0.52,1.8089,,a0098,a0434,evet,Model-512/ZRI,0.3504,reports/hafta7_fp_protokolu.md,test,157,tahminler_taban512_hafta7.csv,tahminler_model512.csv,0.3,0.52,1.8089,0.3,0.5,0.1,8,512,110,55,20260913,"Esikler, katsayilar ve ornek buyuklukleri KARARDIR; olcumden turetilmedi. Ayrinti protokol dosyasinda.",3.13.1,8.4.144,0.12.6,2.14.0,2026-09-13 10:08:36,scripts/25_esit_fp_adaylari.py
model_00169,Model-512,train_ZRI_2014_JPG.rf.95f28aeba5b563f69c9b10bbb6758285.jpg,ZRI,0.6936,929.3,1697.7,1003.3,1742.0,74.0,44.3,0.7446,0.7446,TP,0.52,1.8089,,,,hayir,,,reports/hafta7_fp_protokolu.md,test,157,tahminler_taban512_hafta7.csv,tahminler_model512.csv,0.3,0.52,1.8089,0.3,0.5,0.1,8,512,110,55,20260913,"Esikler, katsayilar ve ornek buyuklukleri KARARDIR; olcumden turetilmedi. Ayrinti protokol dosyasinda.",3.13.1,8.4.144,0.12.6,2.14.0,2026-09-13 10:08:36,scripts/25_esit_fp_adaylari.py
model_00170,Model-512,train_ZRI_2014_JPG.rf.95f28aeba5b563f69c9b10bbb6758285.jpg,ZRI,0.6838,3488.4,1236.4,3555.5,1296.8,67.1,60.4,0.1349,,FP,0.52,1.8089,,a0032,a0260,evet,Model-512/ZRI,0.3504,reports/hafta7_fp_protokolu.md,test,157,tahminler_taban512_hafta7.csv,tahminler_model512.csv,0.3,0.52,1.8089,0.3,0.5,0.1,8,512,110,55,20260913,"Esikler, katsayilar ve ornek buyuklukleri KARARDIR; olcumden turetilmedi. Ayrinti protokol dosyasinda.",3.13.1,8.4.144,0.12.6,2.14.0,2026-09-13 10:08:36,scripts/25_esit_fp_adaylari.py
model_00171,Model-512,train_ZRI_2014_JPG.rf.95f28aeba5b563f69c9b10bbb6758285.jpg,ZRI,0.6783,519.9,1619.5,589.5,1663.5,69.6,44.0,0.8955,0.8955,TP,0.52,1.8089,,,,hayir,,,reports/hafta7_fp_protokolu.md,test,157,tahminler_taban512_hafta7.csv,tahminler_model512.csv,0.3,0.52,1.8089,0.3,0.5,0.1,8,512,110,55,20260913,"Esikler, katsayilar ve ornek buyuklukleri KARARDIR; olcumden turetilmedi. Ayrinti protokol dosyasinda.",3.13.1,8.4.144,0.12.6,2.14.0,2026-09-13 10:08:36,scripts/25_esit_fp_adaylari.py
model_00172,Model-512,train_ZRI_2014_JPG.rf.95f28aeba5b563f69c9b10bbb6758285.jpg,ZRI,0.6695,620.3,2095.8,675.3,2151.5,55.0,55.7,0.7182,0.7182,TP,0.52,1.8089,,,,hayir,,,reports/hafta7_fp_protokolu.md,test,157,tahminler_taban512_hafta7.csv,tahminler_model512.csv,0.3,0.52,1.8089,0.3,0.5,0.1,8,512,110,55,20260913,"Esikler, katsayilar ve ornek buyuklukleri KARARDIR; olcumden turetilmedi. Ayrinti protokol dosyasinda.",3.13.1,8.4.144,0.12.6,2.14.0,2026-09-13 10:08:36,scripts/25_esit_fp_adaylari.py
model_00173,Model-512,train_ZRI_2014_JPG.rf.95f28aeba5b563f69c9b10bbb6758285.jpg,ZRI,0.6622,1538.9,2243.8,1582.6,2289.9,43.7,46.1,0.0,,FP,0.52,1.8089,,,,hayir,,,reports/hafta7_fp_protokolu.md,test,157,tahminler_taban512_hafta7.csv,tahminler_model512.csv,0.3,0.52,1.8089,0.3,0.5,0.1,8,512,110,55,20260913,"Esikler, katsayilar ve ornek buyuklukleri KARARDIR; olcumden turetilmedi. Ayrinti protokol dosyasinda.",3.13.1,8.4.144,0.12.6,2.14.0,2026-09-13 10:08:36,scripts/25_esit_fp_adaylari.py
model_00174,Model-512,train_ZRI_2014_JPG.rf.95f28aeba5b563f69c9b10bbb6758285.jpg,ZRI,0.6329,557.6,2488.0,606.1,2516.0,48.5,28.0,0.393,,FP,0.52,1.8089,,a0248,a0037,evet,Model-512/ZRI,0.3504,reports/hafta7_fp_protokolu.md,test,157,tahminler_taban512_hafta7.csv,tahminler_model512.csv,0.3,0.52,1.8089,0.3,0.5,0.1,8,512,110,55,20260913,"Esikler, katsayilar ve ornek buyuklukleri KARARDIR; olcumden turetilmedi. Ayrinti protokol dosyasinda.",3.13.1,8.4.144,0.12.6,2.14.0,2026-09-13 10:08:36,scripts/25_esit_fp_adaylari.py
model_00175,Model-512,train_ZRI_2014_JPG.rf.95f28aeba5b563f69c9b10bbb6758285.jpg,ZRI,0.5646,2098.0,2562.6,2152.0,2621.1,54.0,58.5,0.0,,FP,0.52,1.8089,,,,hayir,,,reports/hafta7_fp_protokolu.md,test,157,tahminler_taban512_hafta7.csv,tahminler_model512.csv,0.3,0.52,1.8089,0.3,0.5,0.1,8,512,110,55,20260913,"Esikler, katsayilar ve ornek buyuklukleri KARARDIR; olcumden turetilmedi. Ayrinti protokol dosyasinda.",3.13.1,8.4.144,0.12.6,2.14.0,2026-09-13 10:08:36,scripts/25_esit_fp_adaylari.py
model_00176,Model-512,train_ZRI_2014_JPG.rf.95f28aeba5b563f69c9b10bbb6758285.jpg,ZRI,0.5497,1230.3,1711.7,1286.5,1742.0,56.2,30.3,0.4569,,FP,0.52,1.8089,,a0020,a0225,evet,Model-512/ZRI,0.3504,reports/hafta7_fp_protokolu.md,test,157,tahminler_taban512_hafta7.csv,tahminler_model512.csv,0.3,0.52,1.8089,0.3,0.5,0.1,8,512,110,55,20260913,"Esikler, katsayilar ve ornek buyuklukleri KARARDIR; olcumden turetilmedi. Ayrinti protokol dosyasinda.",3.13.1,8.4.144,0.12.6,2.14.0,2026-09-13 10:08:36,scripts/25_esit_fp_adaylari.py
model_00177,Model-512,train_ZRI_2014_JPG.rf.95f28aeba5b563f69c9b10bbb6758285.jpg,ZRI,0.5477,2868.1,2022.7,2947.1,2082.1,79.0,59.4,0.933,0.933,TP,0.52,1.8089,,,,hayir,,,reports/hafta7_fp_protokolu.md,test,157,tahminler_taban512_hafta7.csv,tahminler_model512.csv,0.3,0.52,1.8089,0.3,0.5,0.1,8,512,110,55,20260913,"Esikler, katsayilar ve ornek buyuklukleri KARARDIR; olcumden turetilmedi. Ayrinti protokol dosyasinda.",3.13.1,8.4.144,0.12.6,2.14.0,2026-09-13 10:08:36,scripts/25_esit_fp_adaylari.py
model_00178,Model-512,train_ZRI_2014_JPG.rf.95f28aeba5b563f69c9b10bbb6758285.jpg,ZRI,0.5226,2297.9,2460.0,2366.3,2483.3,68.4,23.3,0.0,,FP,0.52,1.8089,,,,hayir,,,reports/hafta7_fp_protokolu.md,test,157,tahminler_taban512_hafta7.csv,tahminler_model512.csv,0.3,0.52,1.8089,0.3,0.5,0.1,8,512,110,55,20260913,"Esikler, katsayilar ve ornek buyuklukleri KARARDIR; olcumden turetilmedi. Ayrinti protokol dosyasinda.",3.13.1,8.4.144,0.12.6,2.14.0,2026-09-13 10:08:36,scripts/25_esit_fp_adaylari.py
model_00179,Model-512,train_ZRI_2015_JPG.rf.f377a3f68327562d2a7718cc6a1c4022.jpg,ZRI,0.8441,646.0,2901.9,726.4,2977.7,80.4,75.8,0.8979,0.8979,TP,0.52,1.8089,,,,hayir,,,reports/hafta7_fp_protokolu.md,test,157,tahminler_taban512_hafta7.csv,tahminler_model512.csv,0.3,0.52,1.8089,0.3,0.5,0.1,8,512,110,55,20260913,"Esikler, katsayilar ve ornek buyuklukleri KARARDIR; olcumden turetilmedi. Ayrinti protokol dosyasinda.",3.13.1,8.4.144,0.12.6,2.14.0,2026-09-13 10:08:36,scripts/25_esit_fp_adaylari.py
model_00180,Model-512,train_ZRI_2015_JPG.rf.f377a3f68327562d2a7718cc6a1c4022.jpg,ZRI,0.8327,749.7,2816.6,825.8,2899.9,76.1,83.3,0.8973,0.8973,TP,0.52,1.8089,,,,hayir,,,reports/hafta7_fp_protokolu.md,test,157,tahminler_taban512_hafta7.csv,tahminler_model512.csv,0.3,0.52,1.8089,0.3,0.5,0.1,8,512,110,55,20260913,"Esikler, katsayilar ve ornek buyuklukleri KARARDIR; olcumden turetilmedi. Ayrinti protokol dosyasinda.",3.13.1,8.4.144,0.12.6,2.14.0,2026-09-13 10:08:36,scripts/25_esit_fp_adaylari.py
model_00181,Model-512,train_ZRI_2015_JPG.rf.f377a3f68327562d2a7718cc6a1c4022.jpg,ZRI,0.8321,1218.4,2290.0,1296.6,2368.3,78.2,78.3,0.8731,0.8731,TP,0.52,1.8089,,,,hayir,,,reports/hafta7_fp_protokolu.md,test,157,tahminler_taban512_hafta7.csv,tahminler_model512.csv,0.3,0.52,1.8089,0.3,0.5,0.1,8,512,110,55,20260913,"Esikler, katsayilar ve ornek buyuklukleri KARARDIR; olcumden turetilmedi. Ayrinti protokol dosyasinda.",3.13.1,8.4.144,0.12.6,2.14.0,2026-09-13 10:08:36,scripts/25_esit_fp_adaylari.py
model_00182,Model-512,train_ZRI_2015_JPG.rf.f377a3f68327562d2a7718cc6a1c4022.jpg,ZRI,0.7836,386.2,2644.6,492.6,2716.2,106.4,71.6,0.7976,0.7976,TP,0.52,1.8089,,,,hayir,,,reports/hafta7_fp_protokolu.md,test,157,tahminler_taban512_hafta7.csv,tahminler_model512.csv,0.3,0.52,1.8089,0.3,0.5,0.1,8,512,110,55,20260913,"Esikler, katsayilar ve ornek buyuklukleri KARARDIR; olcumden turetilmedi. Ayrinti protokol dosyasinda.",3.13.1,8.4.144,0.12.6,2.14.0,2026-09-13 10:08:36,scripts/25_esit_fp_adaylari.py
model_00183,Model-512,train_ZRI_2015_JPG.rf.f377a3f68327562d2a7718cc6a1c4022.jpg,ZRI,0.7816,933.8,2299.7,1010.7,2367.5,76.9,67.8,0.7569,0.7569,TP,0.52,1.8089,,,,hayir,,,reports/hafta7_fp_protokolu.md,test,157,tahminler_taban512_hafta7.csv,tahminler_model512.csv,0.3,0.52,1.8089,0.3,0.5,0.1,8,512,110,55,20260913,"Esikler, katsayilar ve ornek buyuklukleri KARARDIR; olcumden turetilmedi. Ayrinti protokol dosyasinda.",3.13.1,8.4.144,0.12.6,2.14.0,2026-09-13 10:08:36,scripts/25_esit_fp_adaylari.py
model_00184,Model-512,train_ZRI_2015_JPG.rf.f377a3f68327562d2a7718cc6a1c4022.jpg,ZRI,0.7426,1346.8,1311.9,1428.2,1386.9,81.4,75.0,0.6644,0.6644,TP,0.52,1.8089,,,,hayir,,,reports/hafta7_fp_protokolu.md,test,157,tahminler_taban512_hafta7.csv,tahminler_model512.csv,0.3,0.52,1.8089,0.3,0.5,0.1,8,512,110,55,20260913,"Esikler, katsayilar ve ornek buyuklukleri KARARDIR; olcumden turetilmedi. Ayrinti protokol dosyasinda.",3.13.1,8.4.144,0.12.6,2.14.0,2026-09-13 10:08:36,scripts/25_esit_fp_adaylari.py
model_00185,Model-512,train_ZRI_2015_JPG.rf.f377a3f68327562d2a7718cc6a1c4022.jpg,ZRI,0.7213,3488.2,1800.6,3567.1,1854.6,78.9,54.0,0.0,,FP,0.52,1.8089,,a0368,a0345,evet,Model-512/ZRI,0.3504,reports/hafta7_fp_protokolu.md,test,157,tahminler_taban512_hafta7.csv,tahminler_model512.csv,0.3,0.52,1.8089,0.3,0.5,0.1,8,512,110,55,20260913,"Esikler, katsayilar ve ornek buyuklukleri KARARDIR; olcumden turetilmedi. Ayrinti protokol dosyasinda.",3.13.1,8.4.144,0.12.6,2.14.0,2026-09-13 10:08:36,scripts/25_esit_fp_adaylari.py
model_00186,Model-512,train_ZRI_2015_JPG.rf.f377a3f68327562d2a7718cc6a1c4022.jpg,ZRI,0.6556,1746.3,219.1,1787.4,272.1,41.1,53.0,0.0,,FP,0.52,1.8089,,a0364,a0408,evet,Model-512/ZRI,0.3504,reports/hafta7_fp_protokolu.md,test,157,tahminler_taban512_hafta7.csv,tahminler_model512.csv,0.3,0.52,1.8089,0.3,0.5,0.1,8,512,110,55,20260913,"Esikler, katsayilar ve ornek buyuklukleri KARARDIR; olcumden turetilmedi. Ayrinti protokol dosyasinda.",3.13.1,8.4.144,0.12.6,2.14.0,2026-09-13 10:08:36,scripts/25_esit_fp_adaylari.py
model_00187,Model-512,train_ZRI_2015_JPG.rf.f377a3f68327562d2a7718cc6a1c4022.jpg,ZRI,0.6339,1723.3,2913.5,1783.4,3000.0,60.1,86.5,0.8764,0.8764,TP,0.52,1.8089,,,,hayir,,,reports/hafta7_fp_protokolu.md,test,157,tahminler_taban512_hafta7.csv,tahminler_model512.csv,0.3,0.52,1.8089,0.3,0.5,0.1,8,512,110,55,20260913,"Esikler, katsayilar ve ornek buyuklukleri KARARDIR; olcumden turetilmedi. Ayrinti protokol dosyasinda.",3.13.1,8.4.144,0.12.6,2.14.0,2026-09-13 10:08:36,scripts/25_esit_fp_adaylari.py
model_00188,Model-512,train_ZRI_2015_JPG.rf.f377a3f68327562d2a7718cc6a1c4022.jpg,ZRI,0.6149,270.3,2745.1,336.0,2807.5,65.7,62.4,0.8754,0.8754,TP,0.52,1.8089,,,,hayir,,,reports/hafta7_fp_protokolu.md,test,157,tahminler_taban512_hafta7.csv,tahminler_model512.csv,0.3,0.52,1.8089,0.3,0.5,0.1,8,512,110,55,20260913,"Esikler, katsayilar ve ornek buyuklukleri KARARDIR; olcumden turetilmedi. Ayrinti protokol dosyasinda.",3.13.1,8.4.144,0.12.6,2.14.0,2026-09-13 10:08:36,scripts/25_esit_fp_adaylari.py
model_00189,Model-512,train_ZRI_2015_JPG.rf.f377a3f68327562d2a7718cc6a1c4022.jpg,ZRI,0.5852,503.9,2212.7,589.6,2264.4,85.7,51.7,0.8981,0.8981,TP,0.52,1.8089,,,,hayir,,,reports/hafta7_fp_protokolu.md,test,157,tahminler_taban512_hafta7.csv,tahminler_model512.csv,0.3,0.52,1.8089,0.3,0.5,0.1,8,512,110,55,20260913,"Esikler, katsayilar ve ornek buyuklukleri KARARDIR; olcumden turetilmedi. Ayrinti protokol dosyasinda.",3.13.1,8.4.144,0.12.6,2.14.0,2026-09-13 10:08:36,scripts/25_esit_fp_adaylari.py
model_00190,Model-512,train_ZRI_2016_JPG.rf.4ddcf0bba1f6f523b5bdb548b5037f06.jpg,ZRI,0.8226,1649.8,811.3,1680.2,866.4,30.4,55.1,0.7012,0.7012,TP,0.52,1.8089,,,,hayir,,,reports/hafta7_fp_protokolu.md,test,157,tahminler_taban512_hafta7.csv,tahminler_model512.csv,0.3,0.52,1.8089,0.3,0.5,0.1,8,512,110,55,20260913,"Esikler, katsayilar ve ornek buyuklukleri KARARDIR; olcumden turetilmedi. Ayrinti protokol dosyasinda.",3.13.1,8.4.144,0.12.6,2.14.0,2026-09-13 10:08:36,scripts/25_esit_fp_adaylari.py
model_00191,Model-512,train_ZRI_2016_JPG.rf.4ddcf0bba1f6f523b5bdb548b5037f06.jpg,ZRI,0.8014,750.2,1560.7,810.0,1600.1,59.8,39.4,0.9079,0.9079,TP,0.52,1.8089,,,,hayir,,,reports/hafta7_fp_protokolu.md,test,157,tahminler_taban512_hafta7.csv,tahminler_model512.csv,0.3,0.52,1.8089,0.3,0.5,0.1,8,512,110,55,20260913,"Esikler, katsayilar ve ornek buyuklukleri KARARDIR; olcumden turetilmedi. Ayrinti protokol dosyasinda.",3.13.1,8.4.144,0.12.6,2.14.0,2026-09-13 10:08:36,scripts/25_esit_fp_adaylari.py
model_00192,Model-512,train_ZRI_2016_JPG.rf.4ddcf0bba1f6f523b5bdb548b5037f06.jpg,ZRI,0.7494,3602.9,760.7,3703.9,811.9,101.0,51.2,0.8354,0.8354,TP,0.52,1.8089,,,,hayir,,,reports/hafta7_fp_protokolu.md,test,157,tahminler_taban512_hafta7.csv,tahminler_model512.csv,0.3,0.52,1.8089,0.3,0.5,0.1,8,512,110,55,20260913,"Esikler, katsayilar ve ornek buyuklukleri KARARDIR; olcumden turetilmedi. Ayrinti protokol dosyasinda.",3.13.1,8.4.144,0.12.6,2.14.0,2026-09-13 10:08:36,scripts/25_esit_fp_adaylari.py
model_00193,Model-512,train_ZRI_2016_JPG.rf.4ddcf0bba1f6f523b5bdb548b5037f06.jpg,ZRI,0.7164,351.1,2916.7,403.3,2988.2,52.2,71.5,0.0,,FP,0.52,1.8089,,,,hayir,,,reports/hafta7_fp_protokolu.md,test,157,tahminler_taban512_hafta7.csv,tahminler_model512.csv,0.3,0.52,1.8089,0.3,0.5,0.1,8,512,110,55,20260913,"Esikler, katsayilar ve ornek buyuklukleri KARARDIR; olcumden turetilmedi. Ayrinti protokol dosyasinda.",3.13.1,8.4.144,0.12.6,2.14.0,2026-09-13 10:08:36,scripts/25_esit_fp_adaylari.py
model_00194,Model-512,train_ZRI_2016_JPG.rf.4ddcf0bba1f6f523b5bdb548b5037f06.jpg,ZRI,0.7086,496.2,2933.8,578.7,3000.0,82.5,66.2,0.0,,FP,0.52,1.8089,,a0349,a0419,evet,Model-512/ZRI,0.3504,reports/hafta7_fp_protokolu.md,test,157,tahminler_taban512_hafta7.csv,tahminler_model512.csv,0.3,0.52,1.8089,0.3,0.5,0.1,8,512,110,55,20260913,"Esikler, katsayilar ve ornek buyuklukleri KARARDIR; olcumden turetilmedi. Ayrinti protokol dosyasinda.",3.13.1,8.4.144,0.12.6,2.14.0,2026-09-13 10:08:36,scripts/25_esit_fp_adaylari.py
model_00195,Model-512,train_ZRI_2016_JPG.rf.4ddcf0bba1f6f523b5bdb548b5037f06.jpg,ZRI,0.6925,3586.2,820.4,3686.8,862.0,100.6,41.6,0.607,0.607,TP,0.52,1.8089,,,,hayir,,,reports/hafta7_fp_protokolu.md,test,157,tahminler_taban512_hafta7.csv,tahminler_model512.csv,0.3,0.52,1.8089,0.3,0.5,0.1,8,512,110,55,20260913,"Esikler, katsayilar ve ornek buyuklukleri KARARDIR; olcumden turetilmedi. Ayrinti protokol dosyasinda.",3.13.1,8.4.144,0.12.6,2.14.0,2026-09-13 10:08:36,scripts/25_esit_fp_adaylari.py
model_00196,Model-512,train_ZRI_2016_JPG.rf.4ddcf0bba1f6f523b5bdb548b5037f06.jpg,ZRI,0.671,1327.4,2097.3,1401.6,2149.8,74.2,52.5,0.0,,FP,0.52,1.8089,,a0252,a0307,evet,Model-512/ZRI,0.3504,reports/hafta7_fp_protokolu.md,test,157,tahminler_taban512_hafta7.csv,tahminler_model512.csv,0.3,0.52,1.8089,0.3,0.5,0.1,8,512,110,55,20260913,"Esikler, katsayilar ve ornek buyuklukleri KARARDIR; olcumden turetilmedi. Ayrinti protokol dosyasinda.",3.13.1,8.4.144,0.12.6,2.14.0,2026-09-13 10:08:36,scripts/25_esit_fp_adaylari.py
model_00197,Model-512,train_ZRI_2016_JPG.rf.4ddcf0bba1f6f523b5bdb548b5037f06.jpg,ZRI,0.5264,2697.7,1695.0,2750.1,1742.0,52.4,47.0,0.0,,FP,0.52,1.8089,,,,hayir,,,reports/hafta7_fp_protokolu.md,test,157,tahminler_taban512_hafta7.csv,tahminler_model512.csv,0.3,0.52,1.8089,0.3,0.5,0.1,8,512,110,55,20260913,"Esikler, katsayilar ve ornek buyuklukleri KARARDIR; olcumden turetilmedi. Ayrinti protokol dosyasinda.",3.13.1,8.4.144,0.12.6,2.14.0,2026-09-13 10:08:36,scripts/25_esit_fp_adaylari.py
model_00198,Model-512,train_ZRI_2017_JPG.rf.b924658b0f4a78544464d8eea0846909.jpg,ZRI,0.8299,1059.2,1927.7,1122.2,1969.1,63.0,41.4,0.789,0.789,TP,0.52,1.8089,,,,hayir,,,reports/hafta7_fp_protokolu.md,test,157,tahminler_taban512_hafta7.csv,tahminler_model512.csv,0.3,0.52,1.8089,0.3,0.5,0.1,8,512,110,55,20260913,"Esikler, katsayilar ve ornek buyuklukleri KARARDIR; olcumden turetilmedi. Ayrinti protokol dosyasinda.",3.13.1,8.4.144,0.12.6,2.14.0,2026-09-13 10:08:36,scripts/25_esit_fp_adaylari.py
model_00199,Model-512,train_ZRI_2017_JPG.rf.b924658b0f4a78544464d8eea0846909.jpg,ZRI,0.7903,1254.0,2732.7,1333.7,2785.9,79.7,53.2,0.0,,FP,0.52,1.8089,,,,hayir,,,reports/hafta7_fp_protokolu.md,test,157,tahminler_taban512_hafta7.csv,tahminler_model512.csv,0.3,0.52,1.8089,0.3,0.5,0.1,8,512,110,55,20260913,"Esikler, katsayilar ve ornek buyuklukleri KARARDIR; olcumden turetilmedi. Ayrinti protokol dosyasinda.",3.13.1,8.4.144,0.12.6,2.14.0,2026-09-13 10:08:36,scripts/25_esit_fp_adaylari.py
model_00200,Model-512,train_ZRI_2017_JPG.rf.b924658b0f4a78544464d8eea0846909.jpg,ZRI,0.783,1373.2,1252.8,1422.3,1289.6,49.1,36.8,0.9341,0.9341,TP,0.52,1.8089,,,,hayir,,,reports/hafta7_fp_protokolu.md,test,157,tahminler_taban512_hafta7.csv,tahminler_model512.csv,0.3,0.52,1.8089,0.3,0.5,0.1,8,512,110,55,20260913,"Esikler, katsayilar ve ornek buyuklukleri KARARDIR; olcumden turetilmedi. Ayrinti protokol dosyasinda.",3.13.1,8.4.144,0.12.6,2.14.0,2026-09-13 10:08:36,scripts/25_esit_fp_adaylari.py
model_00201,Model-512,train_ZRI_2017_JPG.rf.b924658b0f4a78544464d8eea0846909.jpg,ZRI,0.7453,1114.3,424.3,1170.0,517.7,55.7,93.4,0.7133,0.7133,TP,0.52,1.8089,,,,hayir,,,reports/hafta7_fp_protokolu.md,test,157,tahminler_taban512_hafta7.csv,tahminler_model512.csv,0.3,0.52,1.8089,0.3,0.5,0.1,8,512,110,55,20260913,"Esikler, katsayilar ve ornek buyuklukleri KARARDIR; olcumden turetilmedi. Ayrinti protokol dosyasinda.",3.13.1,8.4.144,0.12.6,2.14.0,2026-09-13 10:08:36,scripts/25_esit_fp_adaylari.py
model_00202,Model-512,train_ZRI_2017_JPG.rf.b924658b0f4a78544464d8eea0846909.jpg,ZRI,0.5802,994.1,447.6,1033.3,512.0,39.2,64.4,0.0,,FP,0.52,1.8089,,,,hayir,,,reports/hafta7_fp_protokolu.md,test,157,tahminler_taban512_hafta7.csv,tahminler_model512.csv,0.3,0.52,1.8089,0.3,0.5,0.1,8,512,110,55,20260913,"Esikler, katsayilar ve ornek buyuklukleri KARARDIR; olcumden turetilmedi. Ayrinti protokol dosyasinda.",3.13.1,8.4.144,0.12.6,2.14.0,2026-09-13 10:08:36,scripts/25_esit_fp_adaylari.py
model_00203,Model-512,train_ZRI_2017_JPG.rf.b924658b0f4a78544464d8eea0846909.jpg,ZRI,0.5254,2870.0,2760.0,2895.4,2796.6,25.4,36.6,0.0,,FP,0.52,1.8089,,,,hayir,,,reports/hafta7_fp_protokolu.md,test,157,tahminler_taban512_hafta7.csv,tahminler_model512.csv,0.3,0.52,1.8089,0.3,0.5,0.1,8,512,110,55,20260913,"Esikler, katsayilar ve ornek buyuklukleri KARARDIR; olcumden turetilmedi. Ayrinti protokol dosyasinda.",3.13.1,8.4.144,0.12.6,2.14.0,2026-09-13 10:08:36,scripts/25_esit_fp_adaylari.py
model_00204,Model-512,train_ZRI_2018_JPG.rf.27cb350cd0ded58a0121e9813680c024.jpg,ZRI,0.8323,1099.4,425.8,1167.3,482.6,67.9,56.8,0.962,0.962,TP,0.52,1.8089,,,,hayir,,,reports/hafta7_fp_protokolu.md,test,157,tahminler_taban512_hafta7.csv,tahminler_model512.csv,0.3,0.52,1.8089,0.3,0.5,0.1,8,512,110,55,20260913,"Esikler, katsayilar ve ornek buyuklukleri KARARDIR; olcumden turetilmedi. Ayrinti protokol dosyasinda.",3.13.1,8.4.144,0.12.6,2.14.0,2026-09-13 10:08:36,scripts/25_esit_fp_adaylari.py
model_00205,Model-512,train_ZRI_2018_JPG.rf.27cb350cd0ded58a0121e9813680c024.jpg,ZRI,0.8108,1072.8,559.2,1131.5,632.4,58.7,73.2,0.8055,0.8055,TP,0.52,1.8089,,,,hayir,,,reports/hafta7_fp_protokolu.md,test,157,tahminler_taban512_hafta7.csv,tahminler_model512.csv,0.3,0.52,1.8089,0.3,0.5,0.1,8,512,110,55,20260913,"Esikler, katsayilar ve ornek buyuklukleri KARARDIR; olcumden turetilmedi. Ayrinti protokol dosyasinda.",3.13.1,8.4.144,0.12.6,2.14.0,2026-09-13 10:08:36,scripts/25_esit_fp_adaylari.py
model_00206,Model-512,train_ZRI_2018_JPG.rf.27cb350cd0ded58a0121e9813680c024.jpg,ZRI,0.805,187.4,2302.9,257.7,2350.1,70.3,47.2,0.8549,0.8549,TP,0.52,1.8089,,,,hayir,,,reports/hafta7_fp_protokolu.md,test,157,tahminler_taban512_hafta7.csv,tahminler_model512.csv,0.3,0.52,1.8089,0.3,0.5,0.1,8,512,110,55,20260913,"Esikler, katsayilar ve ornek buyuklukleri KARARDIR; olcumden turetilmedi. Ayrinti protokol dosyasinda.",3.13.1,8.4.144,0.12.6,2.14.0,2026-09-13 10:08:36,scripts/25_esit_fp_adaylari.py
model_00207,Model-512,train_ZRI_2018_JPG.rf.27cb350cd0ded58a0121e9813680c024.jpg,ZRI,0.7488,1288.4,2025.1,1340.4,2070.1,52.0,45.0,0.0,,FP,0.52,1.8089,,,,hayir,,,reports/hafta7_fp_protokolu.md,test,157,tahminler_taban512_hafta7.csv,tahminler_model512.csv,0.3,0.52,1.8089,0.3,0.5,0.1,8,512,110,55,20260913,"Esikler, katsayilar ve ornek buyuklukleri KARARDIR; olcumden turetilmedi. Ayrinti protokol dosyasinda.",3.13.1,8.4.144,0.12.6,2.14.0,2026-09-13 10:08:36,scripts/25_esit_fp_adaylari.py
model_00208,Model-512,train_ZRI_2018_JPG.rf.27cb350cd0ded58a0121e9813680c024.jpg,ZRI,0.6921,853.2,1486.8,916.5,1522.7,63.3,35.9,0.8432,0.8432,TP,0.52,1.8089,,,,hayir,,,reports/hafta7_fp_protokolu.md,test,157,tahminler_taban512_hafta7.csv,tahminler_model512.csv,0.3,0.52,1.8089,0.3,0.5,0.1,8,512,110,55,20260913,"Esikler, katsayilar ve ornek buyuklukleri KARARDIR; olcumden turetilmedi. Ayrinti protokol dosyasinda.",3.13.1,8.4.144,0.12.6,2.14.0,2026-09-13 10:08:36,scripts/25_esit_fp_adaylari.py
model_00209,Model-512,train_ZRI_2018_JPG.rf.27cb350cd0ded58a0121e9813680c024.jpg,ZRI,0.6451,926.9,1433.6,989.2,1492.4,62.3,58.8,0.6956,0.6956,TP,0.52,1.8089,,,,hayir,,,reports/hafta7_fp_protokolu.md,test,157,tahminler_taban512_hafta7.csv,tahminler_model512.csv,0.3,0.52,1.8089,0.3,0.5,0.1,8,512,110,55,20260913,"Esikler, katsayilar ve ornek buyuklukleri KARARDIR; olcumden turetilmedi. Ayrinti protokol dosyasinda.",3.13.1,8.4.144,0.12.6,2.14.0,2026-09-13 10:08:36,scripts/25_esit_fp_adaylari.py
model_00210,Model-512,train_ZRI_2018_JPG.rf.27cb350cd0ded58a0121e9813680c024.jpg,ZRI,0.626,877.8,1567.9,922.0,1616.8,44.2,48.9,0.7612,0.7612,TP,0.52,1.8089,,,,hayir,,,reports/hafta7_fp_protokolu.md,test,157,tahminler_taban512_hafta7.csv,tahminler_model512.csv,0.3,0.52,1.8089,0.3,0.5,0.1,8,512,110,55,20260913,"Esikler, katsayilar ve ornek buyuklukleri KARARDIR; olcumden turetilmedi. Ayrinti protokol dosyasinda.",3.13.1,8.4.144,0.12.6,2.14.0,2026-09-13 10:08:36,scripts/25_esit_fp_adaylari.py
model_00211,Model-512,train_ZRI_2018_JPG.rf.27cb350cd0ded58a0121e9813680c024.jpg,ZRI,0.6239,1301.2,583.3,1338.0,644.2,36.8,60.9,0.9011,0.9011,TP,0.52,1.8089,,,,hayir,,,reports/hafta7_fp_protokolu.md,test,157,tahminler_taban512_hafta7.csv,tahminler_model512.csv,0.3,0.52,1.8089,0.3,0.5,0.1,8,512,110,55,20260913,"Esikler, katsayilar ve ornek buyuklukleri KARARDIR; olcumden turetilmedi. Ayrinti protokol dosyasinda.",3.13.1,8.4.144,0.12.6,2.14.0,2026-09-13 10:08:36,scripts/25_esit_fp_adaylari.py
model_00212,Model-512,train_ZRI_2018_JPG.rf.27cb350cd0ded58a0121e9813680c024.jpg,ZRI,0.5308,3589.1,511.3,3656.7,579.1,67.6,67.8,0.0,,FP,0.52,1.8089,,a0278,a0083,evet,Model-512/ZRI,0.3504,reports/hafta7_fp_protokolu.md,test,157,tahminler_taban512_hafta7.csv,tahminler_model512.csv,0.3,0.52,1.8089,0.3,0.5,0.1,8,512,110,55,20260913,"Esikler, katsayilar ve ornek buyuklukleri KARARDIR; olcumden turetilmedi. Ayrinti protokol dosyasinda.",3.13.1,8.4.144,0.12.6,2.14.0,2026-09-13 10:08:36,scripts/25_esit_fp_adaylari.py
model_00213,Model-512,train_ZRI_2018_JPG.rf.27cb350cd0ded58a0121e9813680c024.jpg,ZRI,0.5238,3857.4,2489.5,3938.1,2556.7,80.7,67.2,0.0,,FP,0.52,1.8089,,,,hayir,,,reports/hafta7_fp_protokolu.md,test,157,tahminler_taban512_hafta7.csv,tahminler_model512.csv,0.3,0.52,1.8089,0.3,0.5,0.1,8,512,110,55,20260913,"Esikler, katsayilar ve ornek buyuklukleri KARARDIR; olcumden turetilmedi. Ayrinti protokol dosyasinda.",3.13.1,8.4.144,0.12.6,2.14.0,2026-09-13 10:08:36,scripts/25_esit_fp_adaylari.py
model_00214,Model-512,train_ZRI_2019_JPG.rf.b8e630f248c9a0965ceaaa661193f34a.jpg,ZRI,0.8166,3834.4,139.6,3944.0,234.8,109.6,95.2,0.8338,0.8338,TP,0.52,1.8089,,,,hayir,,,reports/hafta7_fp_protokolu.md,test,157,tahminler_taban512_hafta7.csv,tahminler_model512.csv,0.3,0.52,1.8089,0.3,0.5,0.1,8,512,110,55,20260913,"Esikler, katsayilar ve ornek buyuklukleri KARARDIR; olcumden turetilmedi. Ayrinti protokol dosyasinda.",3.13.1,8.4.144,0.12.6,2.14.0,2026-09-13 10:08:36,scripts/25_esit_fp_adaylari.py
model_00215,Model-512,train_ZRI_2019_JPG.rf.b8e630f248c9a0965ceaaa661193f34a.jpg,ZRI,0.7895,1079.3,2038.7,1133.8,2083.6,54.5,44.9,0.0,,FP,0.52,1.8089,,a0121,a0067,evet,Model-512/ZRI,0.3504,reports/hafta7_fp_protokolu.md,test,157,tahminler_taban512_hafta7.csv,tahminler_model512.csv,0.3,0.52,1.8089,0.3,0.5,0.1,8,512,110,55,20260913,"Esikler, katsayilar ve ornek buyuklukleri KARARDIR; olcumden turetilmedi. Ayrinti protokol dosyasinda.",3.13.1,8.4.144,0.12.6,2.14.0,2026-09-13 10:08:36,scripts/25_esit_fp_adaylari.py
model_00216,Model-512,train_ZRI_2019_JPG.rf.b8e630f248c9a0965ceaaa661193f34a.jpg,ZRI,0.7561,1429.1,1055.6,1468.3,1099.0,39.2,43.4,0.8917,0.8917,TP,0.52,1.8089,,,,hayir,,,reports/hafta7_fp_protokolu.md,test,157,tahminler_taban512_hafta7.csv,tahminler_model512.csv,0.3,0.52,1.8089,0.3,0.5,0.1,8,512,110,55,20260913,"Esikler, katsayilar ve ornek buyuklukleri KARARDIR; olcumden turetilmedi. Ayrinti protokol dosyasinda.",3.13.1,8.4.144,0.12.6,2.14.0,2026-09-13 10:08:36,scripts/25_esit_fp_adaylari.py
model_00217,Model-512,train_ZRI_2019_JPG.rf.b8e630f248c9a0965ceaaa661193f34a.jpg,ZRI,0.7027,321.6,1640.8,426.8,1704.8,105.2,64.0,0.6796,0.6796,TP,0.52,1.8089,,,,hayir,,,reports/hafta7_fp_protokolu.md,test,157,tahminler_taban512_hafta7.csv,tahminler_model512.csv,0.3,0.52,1.8089,0.3,0.5,0.1,8,512,110,55,20260913,"Esikler, katsayilar ve ornek buyuklukleri KARARDIR; olcumden turetilmedi. Ayrinti protokol dosyasinda.",3.13.1,8.4.144,0.12.6,2.14.0,2026-09-13 10:08:36,scripts/25_esit_fp_adaylari.py
model_00218,Model-512,train_ZRI_2019_JPG.rf.b8e630f248c9a0965ceaaa661193f34a.jpg,ZRI,0.6887,1531.0,1252.5,1570.1,1288.4,39.1,35.9,0.7568,0.7568,TP,0.52,1.8089,,,,hayir,,,reports/hafta7_fp_protokolu.md,test,157,tahminler_taban512_hafta7.csv,tahminler_model512.csv,0.3,0.52,1.8089,0.3,0.5,0.1,8,512,110,55,20260913,"Esikler, katsayilar ve ornek buyuklukleri KARARDIR; olcumden turetilmedi. Ayrinti protokol dosyasinda.",3.13.1,8.4.144,0.12.6,2.14.0,2026-09-13 10:08:36,scripts/25_esit_fp_adaylari.py
model_00219,Model-512,train_ZRI_2019_JPG.rf.b8e630f248c9a0965ceaaa661193f34a.jpg,ZRI,0.6516,1290.3,1230.0,1388.6,1296.3,98.3,66.3,0.647,0.647,TP,0.52,1.8089,,,,hayir,,,reports/hafta7_fp_protokolu.md,test,157,tahminler_taban512_hafta7.csv,tahminler_model512.csv,0.3,0.52,1.8089,0.3,0.5,0.1,8,512,110,55,20260913,"Esikler, katsayilar ve ornek buyuklukleri KARARDIR; olcumden turetilmedi. Ayrinti protokol dosyasinda.",3.13.1,8.4.144,0.12.6,2.14.0,2026-09-13 10:08:36,scripts/25_esit_fp_adaylari.py
model_00220,Model-512,train_ZRI_2019_JPG.rf.b8e630f248c9a0965ceaaa661193f34a.jpg,ZRI,0.6066,1258.1,1120.2,1314.8,1166.9,56.7,46.7,0.0,,FP,0.52,1.8089,,,,hayir,,,reports/hafta7_fp_protokolu.md,test,157,tahminler_taban512_hafta7.csv,tahminler_model512.csv,0.3,0.52,1.8089,0.3,0.5,0.1,8,512,110,55,20260913,"Esikler, katsayilar ve ornek buyuklukleri KARARDIR; olcumden turetilmedi. Ayrinti protokol dosyasinda.",3.13.1,8.4.144,0.12.6,2.14.0,2026-09-13 10:08:36,scripts/25_esit_fp_adaylari.py
model_00221,Model-512,train_ZRI_2019_JPG.rf.b8e630f248c9a0965ceaaa661193f34a.jpg,ZRI,0.5923,2415.5,2706.1,2446.3,2753.6,30.8,47.5,0.0,,FP,0.52,1.8089,,a0127,a0346,evet,Model-512/ZRI,0.3504,reports/hafta7_fp_protokolu.md,test,157,tahminler_taban512_hafta7.csv,tahminler_model512.csv,0.3,0.52,1.8089,0.3,0.5,0.1,8,512,110,55,20260913,"Esikler, katsayilar ve ornek buyuklukleri KARARDIR; olcumden turetilmedi. Ayrinti protokol dosyasinda.",3.13.1,8.4.144,0.12.6,2.14.0,2026-09-13 10:08:36,scripts/25_esit_fp_adaylari.py
model_00222,Model-512,train_ZRI_2019_JPG.rf.b8e630f248c9a0965ceaaa661193f34a.jpg,ZRI,0.5555,403.2,1648.9,511.7,1737.1,108.5,88.2,0.108,,FP,0.52,1.8089,,,,hayir,,,reports/hafta7_fp_protokolu.md,test,157,tahminler_taban512_hafta7.csv,tahminler_model512.csv,0.3,0.52,1.8089,0.3,0.5,0.1,8,512,110,55,20260913,"Esikler, katsayilar ve ornek buyuklukleri KARARDIR; olcumden turetilmedi. Ayrinti protokol dosyasinda.",3.13.1,8.4.144,0.12.6,2.14.0,2026-09-13 10:08:36,scripts/25_esit_fp_adaylari.py
model_00223,Model-512,train_ZRI_2020_JPG.rf.fe7697b61c88cbd4b1212ec7a618942e.jpg,ZRI,0.8374,324.7,2317.4,427.9,2396.9,103.2,79.5,0.8361,0.8361,TP,0.52,1.8089,,,,hayir,,,reports/hafta7_fp_protokolu.md,test,157,tahminler_taban512_hafta7.csv,tahminler_model512.csv,0.3,0.52,1.8089,0.3,0.5,0.1,8,512,110,55,20260913,"Esikler, katsayilar ve ornek buyuklukleri KARARDIR; olcumden turetilmedi. Ayrinti protokol dosyasinda.",3.13.1,8.4.144,0.12.6,2.14.0,2026-09-13 10:08:36,scripts/25_esit_fp_adaylari.py
model_00224,Model-512,train_ZRI_2020_JPG.rf.fe7697b61c88cbd4b1212ec7a618942e.jpg,ZRI,0.8034,1251.7,1947.0,1332.0,2034.0,80.3,87.0,0.6592,0.6592,TP,0.52,1.8089,,,,hayir,,,reports/hafta7_fp_protokolu.md,test,157,tahminler_taban512_hafta7.csv,tahminler_model512.csv,0.3,0.52,1.8089,0.3,0.5,0.1,8,512,110,55,20260913,"Esikler, katsayilar ve ornek buyuklukleri KARARDIR; olcumden turetilmedi. Ayrinti protokol dosyasinda.",3.13.1,8.4.144,0.12.6,2.14.0,2026-09-13 10:08:36,scripts/25_esit_fp_adaylari.py
model_00225,Model-512,train_ZRI_2020_JPG.rf.fe7697b61c88cbd4b1212ec7a618942e.jpg,ZRI,0.7962,1368.4,2234.1,1414.3,2282.4,45.9,48.3,0.0,,FP,0.52,1.8089,,a0378,a0008,evet,Model-512/ZRI,0.3504,reports/hafta7_fp_protokolu.md,test,157,tahminler_taban512_hafta7.csv,tahminler_model512.csv,0.3,0.52,1.8089,0.3,0.5,0.1,8,512,110,55,20260913,"Esikler, katsayilar ve ornek buyuklukleri KARARDIR; olcumden turetilmedi. Ayrinti protokol dosyasinda.",3.13.1,8.4.144,0.12.6,2.14.0,2026-09-13 10:08:36,scripts/25_esit_fp_adaylari.py
model_00226,Model-512,train_ZRI_2020_JPG.rf.fe7697b61c88cbd4b1212ec7a618942e.jpg,ZRI,0.7314,3952.7,117.4,3999.8,187.2,47.1,69.8,0.0,,FP,0.52,1.8089,,,,hayir,,,reports/hafta7_fp_protokolu.md,test,157,tahminler_taban512_hafta7.csv,tahminler_model512.csv,0.3,0.52,1.8089,0.3,0.5,0.1,8,512,110,55,20260913,"Esikler, katsayilar ve ornek buyuklukleri KARARDIR; olcumden turetilmedi. Ayrinti protokol dosyasinda.",3.13.1,8.4.144,0.12.6,2.14.0,2026-09-13 10:08:36,scripts/25_esit_fp_adaylari.py
model_00227,Model-512,train_ZRI_2020_JPG.rf.fe7697b61c88cbd4b1212ec7a618942e.jpg,ZRI,0.7193,3840.2,1667.5,3908.6,1716.6,68.4,49.1,0.0,,FP,0.52,1.8089,,a0312,a0211,evet,Model-512/ZRI,0.3504,reports/hafta7_fp_protokolu.md,test,157,tahminler_taban512_hafta7.csv,tahminler_model512.csv,0.3,0.52,1.8089,0.3,0.5,0.1,8,512,110,55,20260913,"Esikler, katsayilar ve ornek buyuklukleri KARARDIR; olcumden turetilmedi. Ayrinti protokol dosyasinda.",3.13.1,8.4.144,0.12.6,2.14.0,2026-09-13 10:08:36,scripts/25_esit_fp_adaylari.py
model_00228,Model-512,train_ZRI_2020_JPG.rf.fe7697b61c88cbd4b1212ec7a618942e.jpg,ZRI,0.6731,1424.2,1815.0,1464.2,1856.5,40.0,41.5,0.865,0.865,TP,0.52,1.8089,,,,hayir,,,reports/hafta7_fp_protokolu.md,test,157,tahminler_taban512_hafta7.csv,tahminler_model512.csv,0.3,0.52,1.8089,0.3,0.5,0.1,8,512,110,55,20260913,"Esikler, katsayilar ve ornek buyuklukleri KARARDIR; olcumden turetilmedi. Ayrinti protokol dosyasinda.",3.13.1,8.4.144,0.12.6,2.14.0,2026-09-13 10:08:36,scripts/25_esit_fp_adaylari.py
model_00229,Model-512,train_ZRI_2020_JPG.rf.fe7697b61c88cbd4b1212ec7a618942e.jpg,ZRI,0.6439,101.8,2401.9,203.8,2476.3,102.0,74.4,0.3902,0.3902,TP,0.52,1.8089,,,,hayir,,,reports/hafta7_fp_protokolu.md,test,157,tahminler_taban512_hafta7.csv,tahminler_model512.csv,0.3,0.52,1.8089,0.3,0.5,0.1,8,512,110,55,20260913,"Esikler, katsayilar ve ornek buyuklukleri KARARDIR; olcumden turetilmedi. Ayrinti protokol dosyasinda.",3.13.1,8.4.144,0.12.6,2.14.0,2026-09-13 10:08:36,scripts/25_esit_fp_adaylari.py
model_00230,Model-512,train_ZRI_2020_JPG.rf.fe7697b61c88cbd4b1212ec7a618942e.jpg,ZRI,0.6302,398.6,2414.5,512.0,2506.2,113.4,91.7,0.0,,FP,0.52,1.8089,,,,hayir,,,reports/hafta7_fp_protokolu.md,test,157,tahminler_taban512_hafta7.csv,tahminler_model512.csv,0.3,0.52,1.8089,0.3,0.5,0.1,8,512,110,55,20260913,"Esikler, katsayilar ve ornek buyuklukleri KARARDIR; olcumden turetilmedi. Ayrinti protokol dosyasinda.",3.13.1,8.4.144,0.12.6,2.14.0,2026-09-13 10:08:36,scripts/25_esit_fp_adaylari.py
model_00231,Model-512,train_ZRI_2020_JPG.rf.fe7697b61c88cbd4b1212ec7a618942e.jpg,ZRI,0.6102,528.8,2336.4,612.2,2447.7,83.4,111.3,0.0,,FP,0.52,1.8089,,a0199,a0351,evet,Model-512/ZRI,0.3504,reports/hafta7_fp_protokolu.md,test,157,tahminler_taban512_hafta7.csv,tahminler_model512.csv,0.3,0.52,1.8089,0.3,0.5,0.1,8,512,110,55,20260913,"Esikler, katsayilar ve ornek buyuklukleri KARARDIR; olcumden turetilmedi. Ayrinti protokol dosyasinda.",3.13.1,8.4.144,0.12.6,2.14.0,2026-09-13 10:08:36,scripts/25_esit_fp_adaylari.py
model_00232,Model-512,train_ZRI_2020_JPG.rf.fe7697b61c88cbd4b1212ec7a618942e.jpg,ZRI,0.5946,398.9,2460.3,512.0,2505.3,113.1,45.0,0.0,,FP,0.52,1.8089,,a0391,a0402,evet,Model-512/ZRI,0.3504,reports/hafta7_fp_protokolu.md,test,157,tahminler_taban512_hafta7.csv,tahminler_model512.csv,0.3,0.52,1.8089,0.3,0.5,0.1,8,512,110,55,20260913,"Esikler, katsayilar ve ornek buyuklukleri KARARDIR; olcumden turetilmedi. Ayrinti protokol dosyasinda.",3.13.1,8.4.144,0.12.6,2.14.0,2026-09-13 10:08:36,scripts/25_esit_fp_adaylari.py
model_00233,Model-512,train_ZRI_2021_JPG.rf.0acf422827cbc011716ca38b5cc5892d.jpg,ZRI,0.8428,1525.9,1015.5,1567.4,1075.5,41.5,60.0,0.7862,0.7862,TP,0.52,1.8089,,,,hayir,,,reports/hafta7_fp_protokolu.md,test,157,tahminler_taban512_hafta7.csv,tahminler_model512.csv,0.3,0.52,1.8089,0.3,0.5,0.1,8,512,110,55,20260913,"Esikler, katsayilar ve ornek buyuklukleri KARARDIR; olcumden turetilmedi. Ayrinti protokol dosyasinda.",3.13.1,8.4.144,0.12.6,2.14.0,2026-09-13 10:08:36,scripts/25_esit_fp_adaylari.py
model_00234,Model-512,train_ZRI_2021_JPG.rf.0acf422827cbc011716ca38b5cc5892d.jpg,ZRI,0.8274,1324.9,706.6,1371.3,765.1,46.4,58.5,0.9087,0.9087,TP,0.52,1.8089,,,,hayir,,,reports/hafta7_fp_protokolu.md,test,157,tahminler_taban512_hafta7.csv,tahminler_model512.csv,0.3,0.52,1.8089,0.3,0.5,0.1,8,512,110,55,20260913,"Esikler, katsayilar ve ornek buyuklukleri KARARDIR; olcumden turetilmedi. Ayrinti protokol dosyasinda.",3.13.1,8.4.144,0.12.6,2.14.0,2026-09-13 10:08:36,scripts/25_esit_fp_adaylari.py
model_00235,Model-512,train_ZRI_2021_JPG.rf.0acf422827cbc011716ca38b5cc5892d.jpg,ZRI,0.7811,1171.2,392.5,1239.4,479.2,68.2,86.7,0.8504,0.8504,TP,0.52,1.8089,,,,hayir,,,reports/hafta7_fp_protokolu.md,test,157,tahminler_taban512_hafta7.csv,tahminler_model512.csv,0.3,0.52,1.8089,0.3,0.5,0.1,8,512,110,55,20260913,"Esikler, katsayilar ve ornek buyuklukleri KARARDIR; olcumden turetilmedi. Ayrinti protokol dosyasinda.",3.13.1,8.4.144,0.12.6,2.14.0,2026-09-13 10:08:36,scripts/25_esit_fp_adaylari.py
model_00236,Model-512,train_ZRI_2021_JPG.rf.0acf422827cbc011716ca38b5cc5892d.jpg,ZRI,0.7724,1462.5,660.9,1539.5,745.1,77.0,84.2,0.8195,0.8195,TP,0.52,1.8089,,,,hayir,,,reports/hafta7_fp_protokolu.md,test,157,tahminler_taban512_hafta7.csv,tahminler_model512.csv,0.3,0.52,1.8089,0.3,0.5,0.1,8,512,110,55,20260913,"Esikler, katsayilar ve ornek buyuklukleri KARARDIR; olcumden turetilmedi. Ayrinti protokol dosyasinda.",3.13.1,8.4.144,0.12.6,2.14.0,2026-09-13 10:08:36,scripts/25_esit_fp_adaylari.py
model_00237,Model-512,train_ZRI_2021_JPG.rf.0acf422827cbc011716ca38b5cc5892d.jpg,ZRI,0.7266,1384.5,745.8,1486.3,830.7,101.8,84.9,0.7678,0.7678,TP,0.52,1.8089,,,,hayir,,,reports/hafta7_fp_protokolu.md,test,157,tahminler_taban512_hafta7.csv,tahminler_model512.csv,0.3,0.52,1.8089,0.3,0.5,0.1,8,512,110,55,20260913,"Esikler, katsayilar ve ornek buyuklukleri KARARDIR; olcumden turetilmedi. Ayrinti protokol dosyasinda.",3.13.1,8.4.144,0.12.6,2.14.0,2026-09-13 10:08:36,scripts/25_esit_fp_adaylari.py
model_00238,Model-512,train_ZRI_2021_JPG.rf.0acf422827cbc011716ca38b5cc5892d.jpg,ZRI,0.7047,410.1,2795.6,438.2,2867.2,28.1,71.6,0.0,,FP,0.52,1.8089,,a0382,a0039,evet,Model-512/ZRI,0.3504,reports/hafta7_fp_protokolu.md,test,157,tahminler_taban512_hafta7.csv,tahminler_model512.csv,0.3,0.52,1.8089,0.3,0.5,0.1,8,512,110,55,20260913,"Esikler, katsayilar ve ornek buyuklukleri KARARDIR; olcumden turetilmedi. Ayrinti protokol dosyasinda.",3.13.1,8.4.144,0.12.6,2.14.0,2026-09-13 10:08:36,scripts/25_esit_fp_adaylari.py
model_00239,Model-512,train_ZRI_2021_JPG.rf.0acf422827cbc011716ca38b5cc5892d.jpg,ZRI,0.6912,1143.9,577.8,1240.2,640.3,96.3,62.5,0.876,0.876,TP,0.52,1.8089,,,,hayir,,,reports/hafta7_fp_protokolu.md,test,157,tahminler_taban512_hafta7.csv,tahminler_model512.csv,0.3,0.52,1.8089,0.3,0.5,0.1,8,512,110,55,20260913,"Esikler, katsayilar ve ornek buyuklukleri KARARDIR; olcumden turetilmedi. Ayrinti protokol dosyasinda.",3.13.1,8.4.144,0.12.6,2.14.0,2026-09-13 10:08:36,scripts/25_esit_fp_adaylari.py
model_00240,Model-512,train_ZRI_2021_JPG.rf.0acf422827cbc011716ca38b5cc5892d.jpg,ZRI,0.687,1610.1,1705.4,1643.8,1741.4,33.7,36.0,0.7385,0.7385,TP,0.52,1.8089,,,,hayir,,,reports/hafta7_fp_protokolu.md,test,157,tahminler_taban512_hafta7.csv,tahminler_model512.csv,0.3,0.52,1.8089,0.3,0.5,0.1,8,512,110,55,20260913,"Esikler, katsayilar ve ornek buyuklukleri KARARDIR; olcumden turetilmedi. Ayrinti protokol dosyasinda.",3.13.1,8.4.144,0.12.6,2.14.0,2026-09-13 10:08:36,scripts/25_esit_fp_adaylari.py
model_00241,Model-512,train_ZRI_2021_JPG.rf.0acf422827cbc011716ca38b5cc5892d.jpg,ZRI,0.6589,379.2,2798.6,437.9,2869.6,58.7,71.0,0.0,,FP,0.52,1.8089,,,,hayir,,,reports/hafta7_fp_protokolu.md,test,157,tahminler_taban512_hafta7.csv,tahminler_model512.csv,0.3,0.52,1.8089,0.3,0.5,0.1,8,512,110,55,20260913,"Esikler, katsayilar ve ornek buyuklukleri KARARDIR; olcumden turetilmedi. Ayrinti protokol dosyasinda.",3.13.1,8.4.144,0.12.6,2.14.0,2026-09-13 10:08:36,scripts/25_esit_fp_adaylari.py
model_00242,Model-512,train_ZRI_2021_JPG.rf.0acf422827cbc011716ca38b5cc5892d.jpg,ZRI,0.6373,1545.4,1701.8,1599.3,1761.4,53.9,59.6,0.7403,0.7403,TP,0.52,1.8089,,,,hayir,,,reports/hafta7_fp_protokolu.md,test,157,tahminler_taban512_hafta7.csv,tahminler_model512.csv,0.3,0.52,1.8089,0.3,0.5,0.1,8,512,110,55,20260913,"Esikler, katsayilar ve ornek buyuklukleri KARARDIR; olcumden turetilmedi. Ayrinti protokol dosyasinda.",3.13.1,8.4.144,0.12.6,2.14.0,2026-09-13 10:08:36,scripts/25_esit_fp_adaylari.py
model_00243,Model-512,train_ZRI_2021_JPG.rf.0acf422827cbc011716ca38b5cc5892d.jpg,ZRI,0.5818,3501.0,1640.0,3655.4,1687.0,154.4,47.0,0.0,,FP,0.52,1.8089,,,,hayir,,,reports/hafta7_fp_protokolu.md,test,157,tahminler_taban512_hafta7.csv,tahminler_model512.csv,0.3,0.52,1.8089,0.3,0.5,0.1,8,512,110,55,20260913,"Esikler, katsayilar ve ornek buyuklukleri KARARDIR; olcumden turetilmedi. Ayrinti protokol dosyasinda.",3.13.1,8.4.144,0.12.6,2.14.0,2026-09-13 10:08:36,scripts/25_esit_fp_adaylari.py
model_00244,Model-512,train_ZRI_2021_JPG.rf.0acf422827cbc011716ca38b5cc5892d.jpg,ZRI,0.5411,1359.8,966.9,1415.9,1011.5,56.1,44.6,0.6464,0.6464,TP,0.52,1.8089,,,,hayir,,,reports/hafta7_fp_protokolu.md,test,157,tahminler_taban512_hafta7.csv,tahminler_model512.csv,0.3,0.52,1.8089,0.3,0.5,0.1,8,512,110,55,20260913,"Esikler, katsayilar ve ornek buyuklukleri KARARDIR; olcumden turetilmedi. Ayrinti protokol dosyasinda.",3.13.1,8.4.144,0.12.6,2.14.0,2026-09-13 10:08:36,scripts/25_esit_fp_adaylari.py
model_00245,Model-512,train_ZRI_2021_JPG.rf.0acf422827cbc011716ca38b5cc5892d.jpg,ZRI,0.523,800.5,2590.4,867.6,2685.6,67.1,95.2,0.0,,FP,0.52,1.8089,,a0182,a0165,evet,Model-512/ZRI,0.3504,reports/hafta7_fp_protokolu.md,test,157,tahminler_taban512_hafta7.csv,tahminler_model512.csv,0.3,0.52,1.8089,0.3,0.5,0.1,8,512,110,55,20260913,"Esikler, katsayilar ve ornek buyuklukleri KARARDIR; olcumden turetilmedi. Ayrinti protokol dosyasinda.",3.13.1,8.4.144,0.12.6,2.14.0,2026-09-13 10:08:36,scripts/25_esit_fp_adaylari.py
model_00246,Model-512,train_ZRI_2022_JPG.rf.afe9ce3ac8fd51e28fc46734dc3d4db5.jpg,ZRI,0.6718,1151.2,1869.0,1279.4,1961.2,128.2,92.2,0.3418,0.3418,TP,0.52,1.8089,,,,hayir,,,reports/hafta7_fp_protokolu.md,test,157,tahminler_taban512_hafta7.csv,tahminler_model512.csv,0.3,0.52,1.8089,0.3,0.5,0.1,8,512,110,55,20260913,"Esikler, katsayilar ve ornek buyuklukleri KARARDIR; olcumden turetilmedi. Ayrinti protokol dosyasinda.",3.13.1,8.4.144,0.12.6,2.14.0,2026-09-13 10:08:36,scripts/25_esit_fp_adaylari.py
model_00247,Model-512,train_ZRI_2022_JPG.rf.afe9ce3ac8fd51e28fc46734dc3d4db5.jpg,ZRI,0.6586,1230.0,1865.7,1278.6,1956.2,48.6,90.5,0.153,,FP,0.52,1.8089,,a0130,a0300,evet,Model-512/ZRI,0.3504,reports/hafta7_fp_protokolu.md,test,157,tahminler_taban512_hafta7.csv,tahminler_model512.csv,0.3,0.52,1.8089,0.3,0.5,0.1,8,512,110,55,20260913,"Esikler, katsayilar ve ornek buyuklukleri KARARDIR; olcumden turetilmedi. Ayrinti protokol dosyasinda.",3.13.1,8.4.144,0.12.6,2.14.0,2026-09-13 10:08:36,scripts/25_esit_fp_adaylari.py
model_00248,Model-512,train_ZRI_2022_JPG.rf.afe9ce3ac8fd51e28fc46734dc3d4db5.jpg,ZRI,0.6454,1255.3,2264.9,1314.1,2310.8,58.8,45.9,0.0,,FP,0.52,1.8089,,a0093,a0401,evet,Model-512/ZRI,0.3504,reports/hafta7_fp_protokolu.md,test,157,tahminler_taban512_hafta7.csv,tahminler_model512.csv,0.3,0.52,1.8089,0.3,0.5,0.1,8,512,110,55,20260913,"Esikler, katsayilar ve ornek buyuklukleri KARARDIR; olcumden turetilmedi. Ayrinti protokol dosyasinda.",3.13.1,8.4.144,0.12.6,2.14.0,2026-09-13 10:08:36,scripts/25_esit_fp_adaylari.py
model_00249,Model-512,train_ZRI_2022_JPG.rf.afe9ce3ac8fd51e28fc46734dc3d4db5.jpg,ZRI,0.639,1311.1,1821.2,1354.4,1874.3,43.3,53.1,0.8172,0.8172,TP,0.52,1.8089,,,,hayir,,,reports/hafta7_fp_protokolu.md,test,157,tahminler_taban512_hafta7.csv,tahminler_model512.csv,0.3,0.52,1.8089,0.3,0.5,0.1,8,512,110,55,20260913,"Esikler, katsayilar ve ornek buyuklukleri KARARDIR; olcumden turetilmedi. Ayrinti protokol dosyasinda.",3.13.1,8.4.144,0.12.6,2.14.0,2026-09-13 10:08:36,scripts/25_esit_fp_adaylari.py
model_00250,Model-512,train_ZRI_2022_JPG.rf.afe9ce3ac8fd51e28fc46734dc3d4db5.jpg,ZRI,0.5541,1230.0,1748.5,1256.3,1802.4,26.3,53.9,0.2979,,FP,0.52,1.8089,,a0289,a0342,evet,Model-512/ZRI,0.3504,reports/hafta7_fp_protokolu.md,test,157,tahminler_taban512_hafta7.csv,tahminler_model512.csv,0.3,0.52,1.8089,0.3,0.5,0.1,8,512,110,55,20260913,"Esikler, katsayilar ve ornek buyuklukleri KARARDIR; olcumden turetilmedi. Ayrinti protokol dosyasinda.",3.13.1,8.4.144,0.12.6,2.14.0,2026-09-13 10:08:36,scripts/25_esit_fp_adaylari.py
model_00251,Model-512,train_ZRI_2023_JPG.rf.22a40d9e64542136b8adc0938d870534.jpg,ZRI,0.8109,2567.3,229.1,2615.0,302.7,47.7,73.6,0.94,0.94,TP,0.52,1.8089,,,,hayir,,,reports/hafta7_fp_protokolu.md,test,157,tahminler_taban512_hafta7.csv,tahminler_model512.csv,0.3,0.52,1.8089,0.3,0.5,0.1,8,512,110,55,20260913,"Esikler, katsayilar ve ornek buyuklukleri KARARDIR; olcumden turetilmedi. Ayrinti protokol dosyasinda.",3.13.1,8.4.144,0.12.6,2.14.0,2026-09-13 10:08:36,scripts/25_esit_fp_adaylari.py
model_00252,Model-512,train_ZRI_2023_JPG.rf.22a40d9e64542136b8adc0938d870534.jpg,ZRI,0.8057,2634.7,95.7,2692.9,142.9,58.2,47.2,0.9174,0.9174,TP,0.52,1.8089,,,,hayir,,,reports/hafta7_fp_protokolu.md,test,157,tahminler_taban512_hafta7.csv,tahminler_model512.csv,0.3,0.52,1.8089,0.3,0.5,0.1,8,512,110,55,20260913,"Esikler, katsayilar ve ornek buyuklukleri KARARDIR; olcumden turetilmedi. Ayrinti protokol dosyasinda.",3.13.1,8.4.144,0.12.6,2.14.0,2026-09-13 10:08:36,scripts/25_esit_fp_adaylari.py
model_00253,Model-512,train_ZRI_2023_JPG.rf.22a40d9e64542136b8adc0938d870534.jpg,ZRI,0.7612,2878.1,13.2,2955.6,124.7,77.5,111.5,0.0,,FP,0.52,1.8089,,a0429,a0404,evet,Model-512/ZRI,0.3504,reports/hafta7_fp_protokolu.md,test,157,tahminler_taban512_hafta7.csv,tahminler_model512.csv,0.3,0.52,1.8089,0.3,0.5,0.1,8,512,110,55,20260913,"Esikler, katsayilar ve ornek buyuklukleri KARARDIR; olcumden turetilmedi. Ayrinti protokol dosyasinda.",3.13.1,8.4.144,0.12.6,2.14.0,2026-09-13 10:08:36,scripts/25_esit_fp_adaylari.py
model_00254,Model-512,train_ZRI_2023_JPG.rf.22a40d9e64542136b8adc0938d870534.jpg,ZRI,0.7048,81.9,2239.3,227.2,2312.2,145.3,72.9,0.0,,FP,0.52,1.8089,,,,hayir,,,reports/hafta7_fp_protokolu.md,test,157,tahminler_taban512_hafta7.csv,tahminler_model512.csv,0.3,0.52,1.8089,0.3,0.5,0.1,8,512,110,55,20260913,"Esikler, katsayilar ve ornek buyuklukleri KARARDIR; olcumden turetilmedi. Ayrinti protokol dosyasinda.",3.13.1,8.4.144,0.12.6,2.14.0,2026-09-13 10:08:36,scripts/25_esit_fp_adaylari.py
model_00255,Model-512,train_ZRI_2023_JPG.rf.22a40d9e64542136b8adc0938d870534.jpg,ZRI,0.6565,462.4,2050.0,512.0,2119.9,49.6,69.9,0.0,,FP,0.52,1.8089,,,,hayir,,,reports/hafta7_fp_protokolu.md,test,157,tahminler_taban512_hafta7.csv,tahminler_model512.csv,0.3,0.52,1.8089,0.3,0.5,0.1,8,512,110,55,20260913,"Esikler, katsayilar ve ornek buyuklukleri KARARDIR; olcumden turetilmedi. Ayrinti protokol dosyasinda.",3.13.1,8.4.144,0.12.6,2.14.0,2026-09-13 10:08:36,scripts/25_esit_fp_adaylari.py
model_00256,Model-512,train_ZRI_2023_JPG.rf.22a40d9e64542136b8adc0938d870534.jpg,ZRI,0.5902,923.9,595.6,959.6,643.5,35.7,47.9,0.8707,0.8707,TP,0.52,1.8089,,,,hayir,,,reports/hafta7_fp_protokolu.md,test,157,tahminler_taban512_hafta7.csv,tahminler_model512.csv,0.3,0.52,1.8089,0.3,0.5,0.1,8,512,110,55,20260913,"Esikler, katsayilar ve ornek buyuklukleri KARARDIR; olcumden turetilmedi. Ayrinti protokol dosyasinda.",3.13.1,8.4.144,0.12.6,2.14.0,2026-09-13 10:08:36,scripts/25_esit_fp_adaylari.py
model_00257,Model-512,train_ZRI_2024_JPG.rf.34d34a2e83f81ad9b0acaff5a330cad8.jpg,ZRI,0.8283,863.8,2844.6,918.6,2952.6,54.8,108.0,0.0,,FP,0.52,1.8089,,,,hayir,,,reports/hafta7_fp_protokolu.md,test,157,tahminler_taban512_hafta7.csv,tahminler_model512.csv,0.3,0.52,1.8089,0.3,0.5,0.1,8,512,110,55,20260913,"Esikler, katsayilar ve ornek buyuklukleri KARARDIR; olcumden turetilmedi. Ayrinti protokol dosyasinda.",3.13.1,8.4.144,0.12.6,2.14.0,2026-09-13 10:08:36,scripts/25_esit_fp_adaylari.py
model_00258,Model-512,train_ZRI_2024_JPG.rf.34d34a2e83f81ad9b0acaff5a330cad8.jpg,ZRI,0.825,478.9,689.0,566.3,751.4,87.4,62.4,0.8675,0.8675,TP,0.52,1.8089,,,,hayir,,,reports/hafta7_fp_protokolu.md,test,157,tahminler_taban512_hafta7.csv,tahminler_model512.csv,0.3,0.52,1.8089,0.3,0.5,0.1,8,512,110,55,20260913,"Esikler, katsayilar ve ornek buyuklukleri KARARDIR; olcumden turetilmedi. Ayrinti protokol dosyasinda.",3.13.1,8.4.144,0.12.6,2.14.0,2026-09-13 10:08:36,scripts/25_esit_fp_adaylari.py
model_00259,Model-512,train_ZRI_2024_JPG.rf.34d34a2e83f81ad9b0acaff5a330cad8.jpg,ZRI,0.8149,2561.1,1022.0,2615.4,1079.2,54.3,57.2,0.8819,0.8819,TP,0.52,1.8089,,,,hayir,,,reports/hafta7_fp_protokolu.md,test,157,tahminler_taban512_hafta7.csv,tahminler_model512.csv,0.3,0.52,1.8089,0.3,0.5,0.1,8,512,110,55,20260913,"Esikler, katsayilar ve ornek buyuklukleri KARARDIR; olcumden turetilmedi. Ayrinti protokol dosyasinda.",3.13.1,8.4.144,0.12.6,2.14.0,2026-09-13 10:08:36,scripts/25_esit_fp_adaylari.py
model_00260,Model-512,train_ZRI_2024_JPG.rf.34d34a2e83f81ad9b0acaff5a330cad8.jpg,ZRI,0.7197,2487.5,76.3,2538.1,145.5,50.6,69.2,0.823,0.823,TP,0.52,1.8089,,,,hayir,,,reports/hafta7_fp_protokolu.md,test,157,tahminler_taban512_hafta7.csv,tahminler_model512.csv,0.3,0.52,1.8089,0.3,0.5,0.1,8,512,110,55,20260913,"Esikler, katsayilar ve ornek buyuklukleri KARARDIR; olcumden turetilmedi. Ayrinti protokol dosyasinda.",3.13.1,8.4.144,0.12.6,2.14.0,2026-09-13 10:08:36,scripts/25_esit_fp_adaylari.py
model_00261,Model-512,train_ZRI_2024_JPG.rf.34d34a2e83f81ad9b0acaff5a330cad8.jpg,ZRI,0.5703,638.7,2484.2,708.1,2561.9,69.4,77.7,0.0,,FP,0.52,1.8089,,,,hayir,,,reports/hafta7_fp_protokolu.md,test,157,tahminler_taban512_hafta7.csv,tahminler_model512.csv,0.3,0.52,1.8089,0.3,0.5,0.1,8,512,110,55,20260913,"Esikler, katsayilar ve ornek buyuklukleri KARARDIR; olcumden turetilmedi. Ayrinti protokol dosyasinda.",3.13.1,8.4.144,0.12.6,2.14.0,2026-09-13 10:08:36,scripts/25_esit_fp_adaylari.py
model_00262,Model-512,train_ZRI_2024_JPG.rf.34d34a2e83f81ad9b0acaff5a330cad8.jpg,ZRI,0.565,986.6,2156.6,1063.4,2208.3,76.8,51.7,0.0,,FP,0.52,1.8089,,,,hayir,,,reports/hafta7_fp_protokolu.md,test,157,tahminler_taban512_hafta7.csv,tahminler_model512.csv,0.3,0.52,1.8089,0.3,0.5,0.1,8,512,110,55,20260913,"Esikler, katsayilar ve ornek buyuklukleri KARARDIR; olcumden turetilmedi. Ayrinti protokol dosyasinda.",3.13.1,8.4.144,0.12.6,2.14.0,2026-09-13 10:08:36,scripts/25_esit_fp_adaylari.py
model_00263,Model-512,train_ZRI_2024_JPG.rf.34d34a2e83f81ad9b0acaff5a330cad8.jpg,ZRI,0.5452,1923.7,219.7,1971.0,278.0,47.3,58.3,0.0,,FP,0.52,1.8089,,,,hayir,,,reports/hafta7_fp_protokolu.md,test,157,tahminler_taban512_hafta7.csv,tahminler_model512.csv,0.3,0.52,1.8089,0.3,0.5,0.1,8,512,110,55,20260913,"Esikler, katsayilar ve ornek buyuklukleri KARARDIR; olcumden turetilmedi. Ayrinti protokol dosyasinda.",3.13.1,8.4.144,0.12.6,2.14.0,2026-09-13 10:08:36,scripts/25_esit_fp_adaylari.py
model_00264,Model-512,train_ZRI_2024_JPG.rf.34d34a2e83f81ad9b0acaff5a330cad8.jpg,ZRI,0.5386,972.5,693.3,1037.9,777.8,65.4,84.5,0.8561,0.8561,TP,0.52,1.8089,,,,hayir,,,reports/hafta7_fp_protokolu.md,test,157,tahminler_taban512_hafta7.csv,tahminler_model512.csv,0.3,0.52,1.8089,0.3,0.5,0.1,8,512,110,55,20260913,"Esikler, katsayilar ve ornek buyuklukleri KARARDIR; olcumden turetilmedi. Ayrinti protokol dosyasinda.",3.13.1,8.4.144,0.12.6,2.14.0,2026-09-13 10:08:36,scripts/25_esit_fp_adaylari.py
model_00265,Model-512,train_ZRI_2025_JPG.rf.67fe730a69c4e3e025dac0ba8a60f0bd.jpg,ZRI,0.8225,2503.3,691.3,2559.3,786.1,56.0,94.8,0.0,,FP,0.52,1.8089,,,,hayir,,,reports/hafta7_fp_protokolu.md,test,157,tahminler_taban512_hafta7.csv,tahminler_model512.csv,0.3,0.52,1.8089,0.3,0.5,0.1,8,512,110,55,20260913,"Esikler, katsayilar ve ornek buyuklukleri KARARDIR; olcumden turetilmedi. Ayrinti protokol dosyasinda.",3.13.1,8.4.144,0.12.6,2.14.0,2026-09-13 10:08:36,scripts/25_esit_fp_adaylari.py
model_00266,Model-512,train_ZRI_2025_JPG.rf.67fe730a69c4e3e025dac0ba8a60f0bd.jpg,ZRI,0.8087,1491.5,455.8,1534.3,494.9,42.8,39.1,0.0,,FP,0.52,1.8089,,,,hayir,,,reports/hafta7_fp_protokolu.md,test,157,tahminler_taban512_hafta7.csv,tahminler_model512.csv,0.3,0.52,1.8089,0.3,0.5,0.1,8,512,110,55,20260913,"Esikler, katsayilar ve ornek buyuklukleri KARARDIR; olcumden turetilmedi. Ayrinti protokol dosyasinda.",3.13.1,8.4.144,0.12.6,2.14.0,2026-09-13 10:08:36,scripts/25_esit_fp_adaylari.py
model_00267,Model-512,train_ZRI_2025_JPG.rf.67fe730a69c4e3e025dac0ba8a60f0bd.jpg,ZRI,0.7898,148.8,2756.0,236.6,2831.6,87.8,75.6,0.0,,FP,0.52,1.8089,,,,hayir,,,reports/hafta7_fp_protokolu.md,test,157,tahminler_taban512_hafta7.csv,tahminler_model512.csv,0.3,0.52,1.8089,0.3,0.5,0.1,8,512,110,55,20260913,"Esikler, katsayilar ve ornek buyuklukleri KARARDIR; olcumden turetilmedi. Ayrinti protokol dosyasinda.",3.13.1,8.4.144,0.12.6,2.14.0,2026-09-13 10:08:36,scripts/25_esit_fp_adaylari.py
model_00268,Model-512,train_ZRI_2025_JPG.rf.67fe730a69c4e3e025dac0ba8a60f0bd.jpg,ZRI,0.7748,1011.2,1717.2,1076.8,1772.4,65.6,55.2,0.8724,0.8724,TP,0.52,1.8089,,,,hayir,,,reports/hafta7_fp_protokolu.md,test,157,tahminler_taban512_hafta7.csv,tahminler_model512.csv,0.3,0.52,1.8089,0.3,0.5,0.1,8,512,110,55,20260913,"Esikler, katsayilar ve ornek buyuklukleri KARARDIR; olcumden turetilmedi. Ayrinti protokol dosyasinda.",3.13.1,8.4.144,0.12.6,2.14.0,2026-09-13 10:08:36,scripts/25_esit_fp_adaylari.py
model_00269,Model-512,train_ZRI_2025_JPG.rf.67fe730a69c4e3e025dac0ba8a60f0bd.jpg,ZRI,0.7513,941.2,1967.0,1027.7,2024.9,86.5,57.9,0.0,,FP,0.52,1.8089,,,,hayir,,,reports/hafta7_fp_protokolu.md,test,157,tahminler_taban512_hafta7.csv,tahminler_model512.csv,0.3,0.52,1.8089,0.3,0.5,0.1,8,512,110,55,20260913,"Esikler, katsayilar ve ornek buyuklukleri KARARDIR; olcumden turetilmedi. Ayrinti protokol dosyasinda.",3.13.1,8.4.144,0.12.6,2.14.0,2026-09-13 10:08:36,scripts/25_esit_fp_adaylari.py
model_00270,Model-512,train_ZRI_2025_JPG.rf.67fe730a69c4e3e025dac0ba8a60f0bd.jpg,ZRI,0.7494,861.2,1866.6,916.8,1941.2,55.6,74.6,0.0,,FP,0.52,1.8089,,,,hayir,,,reports/hafta7_fp_protokolu.md,test,157,tahminler_taban512_hafta7.csv,tahminler_model512.csv,0.3,0.52,1.8089,0.3,0.5,0.1,8,512,110,55,20260913,"Esikler, katsayilar ve ornek buyuklukleri KARARDIR; olcumden turetilmedi. Ayrinti protokol dosyasinda.",3.13.1,8.4.144,0.12.6,2.14.0,2026-09-13 10:08:36,scripts/25_esit_fp_adaylari.py
model_00271,Model-512,train_ZRI_2025_JPG.rf.67fe730a69c4e3e025dac0ba8a60f0bd.jpg,ZRI,0.7453,952.8,1670.4,1039.4,1742.2,86.6,71.8,0.699,0.699,TP,0.52,1.8089,,,,hayir,,,reports/hafta7_fp_protokolu.md,test,157,tahminler_taban512_hafta7.csv,tahminler_model512.csv,0.3,0.52,1.8089,0.3,0.5,0.1,8,512,110,55,20260913,"Esikler, katsayilar ve ornek buyuklukleri KARARDIR; olcumden turetilmedi. Ayrinti protokol dosyasinda.",3.13.1,8.4.144,0.12.6,2.14.0,2026-09-13 10:08:36,scripts/25_esit_fp_adaylari.py
model_00272,Model-512,train_ZRI_2025_JPG.rf.67fe730a69c4e3e025dac0ba8a60f0bd.jpg,ZRI,0.7311,2485.9,1244.4,2545.6,1284.4,59.7,40.0,0.8157,0.8157,TP,0.52,1.8089,,,,hayir,,,reports/hafta7_fp_protokolu.md,test,157,tahminler_taban512_hafta7.csv,tahminler_model512.csv,0.3,0.52,1.8089,0.3,0.5,0.1,8,512,110,55,20260913,"Esikler, katsayilar ve ornek buyuklukleri KARARDIR; olcumden turetilmedi. Ayrinti protokol dosyasinda.",3.13.1,8.4.144,0.12.6,2.14.0,2026-09-13 10:08:36,scripts/25_esit_fp_adaylari.py
model_00273,Model-512,train_ZRI_2025_JPG.rf.67fe730a69c4e3e025dac0ba8a60f0bd.jpg,ZRI,0.6745,2456.3,1366.9,2532.5,1408.1,76.2,41.2,0.8398,0.8398,TP,0.52,1.8089,,,,hayir,,,reports/hafta7_fp_protokolu.md,test,157,tahminler_taban512_hafta7.csv,tahminler_model512.csv,0.3,0.52,1.8089,0.3,0.5,0.1,8,512,110,55,20260913,"Esikler, katsayilar ve ornek buyuklukleri KARARDIR; olcumden turetilmedi. Ayrinti protokol dosyasinda.",3.13.1,8.4.144,0.12.6,2.14.0,2026-09-13 10:08:36,scripts/25_esit_fp_adaylari.py
model_00274,Model-512,train_ZRI_2025_JPG.rf.67fe730a69c4e3e025dac0ba8a60f0bd.jpg,ZRI,0.5329,470.8,2489.4,615.6,2578.6,144.8,89.2,0.0,,FP,0.52,1.8089,,,,hayir,,,reports/hafta7_fp_protokolu.md,test,157,tahminler_taban512_hafta7.csv,tahminler_model512.csv,0.3,0.52,1.8089,0.3,0.5,0.1,8,512,110,55,20260913,"Esikler, katsayilar ve ornek buyuklukleri KARARDIR; olcumden turetilmedi. Ayrinti protokol dosyasinda.",3.13.1,8.4.144,0.12.6,2.14.0,2026-09-13 10:08:36,scripts/25_esit_fp_adaylari.py
model_00275,Model-512,train_ZRI_2026_JPG.rf.244d506f042253e60c59419f79524686.jpg,ZRI,0.7934,2675.5,1837.1,2743.4,1899.1,67.9,62.0,0.897,0.897,TP,0.52,1.8089,,,,hayir,,,reports/hafta7_fp_protokolu.md,test,157,tahminler_taban512_hafta7.csv,tahminler_model512.csv,0.3,0.52,1.8089,0.3,0.5,0.1,8,512,110,55,20260913,"Esikler, katsayilar ve ornek buyuklukleri KARARDIR; olcumden turetilmedi. Ayrinti protokol dosyasinda.",3.13.1,8.4.144,0.12.6,2.14.0,2026-09-13 10:08:36,scripts/25_esit_fp_adaylari.py
model_00276,Model-512,train_ZRI_2026_JPG.rf.244d506f042253e60c59419f79524686.jpg,ZRI,0.7885,1279.6,1210.7,1319.8,1249.9,40.2,39.2,0.0,,FP,0.52,1.8089,,,,hayir,,,reports/hafta7_fp_protokolu.md,test,157,tahminler_taban512_hafta7.csv,tahminler_model512.csv,0.3,0.52,1.8089,0.3,0.5,0.1,8,512,110,55,20260913,"Esikler, katsayilar ve ornek buyuklukleri KARARDIR; olcumden turetilmedi. Ayrinti protokol dosyasinda.",3.13.1,8.4.144,0.12.6,2.14.0,2026-09-13 10:08:36,scripts/25_esit_fp_adaylari.py
model_00277,Model-512,train_ZRI_2026_JPG.rf.244d506f042253e60c59419f79524686.jpg,ZRI,0.7198,2331.5,1230.0,2396.3,1295.9,64.8,65.9,0.0,,FP,0.52,1.8089,,,,hayir,,,reports/hafta7_fp_protokolu.md,test,157,tahminler_taban512_hafta7.csv,tahminler_model512.csv,0.3,0.52,1.8089,0.3,0.5,0.1,8,512,110,55,20260913,"Esikler, katsayilar ve ornek buyuklukleri KARARDIR; olcumden turetilmedi. Ayrinti protokol dosyasinda.",3.13.1,8.4.144,0.12.6,2.14.0,2026-09-13 10:08:36,scripts/25_esit_fp_adaylari.py
model_00278,Model-512,train_ZRI_2026_JPG.rf.244d506f042253e60c59419f79524686.jpg,ZRI,0.7184,2573.8,1853.7,2632.0,1899.4,58.2,45.7,0.8422,0.8422,TP,0.52,1.8089,,,,hayir,,,reports/hafta7_fp_protokolu.md,test,157,tahminler_taban512_hafta7.csv,tahminler_model512.csv,0.3,0.52,1.8089,0.3,0.5,0.1,8,512,110,55,20260913,"Esikler, katsayilar ve ornek buyuklukleri KARARDIR; olcumden turetilmedi. Ayrinti protokol dosyasinda.",3.13.1,8.4.144,0.12.6,2.14.0,2026-09-13 10:08:36,scripts/25_esit_fp_adaylari.py
model_00279,Model-512,train_ZRI_2026_JPG.rf.244d506f042253e60c59419f79524686.jpg,ZRI,0.7089,1130.3,2840.3,1197.9,2875.2,67.6,34.9,0.449,0.449,TP,0.52,1.8089,,,,hayir,,,reports/hafta7_fp_protokolu.md,test,157,tahminler_taban512_hafta7.csv,tahminler_model512.csv,0.3,0.52,1.8089,0.3,0.5,0.1,8,512,110,55,20260913,"Esikler, katsayilar ve ornek buyuklukleri KARARDIR; olcumden turetilmedi. Ayrinti protokol dosyasinda.",3.13.1,8.4.144,0.12.6,2.14.0,2026-09-13 10:08:36,scripts/25_esit_fp_adaylari.py
model_00280,Model-512,train_ZRI_2026_JPG.rf.244d506f042253e60c59419f79524686.jpg,ZRI,0.6676,1321.2,1230.1,1405.2,1305.8,84.0,75.7,0.0,,FP,0.52,1.8089,,,,hayir,,,reports/hafta7_fp_protokolu.md,test,157,tahminler_taban512_hafta7.csv,tahminler_model512.csv,0.3,0.52,1.8089,0.3,0.5,0.1,8,512,110,55,20260913,"Esikler, katsayilar ve ornek buyuklukleri KARARDIR; olcumden turetilmedi. Ayrinti protokol dosyasinda.",3.13.1,8.4.144,0.12.6,2.14.0,2026-09-13 10:08:36,scripts/25_esit_fp_adaylari.py
model_00281,Model-512,train_ZRI_2026_JPG.rf.244d506f042253e60c59419f79524686.jpg,ZRI,0.6594,1709.1,1288.3,1768.6,1332.0,59.5,43.7,0.5369,0.5369,TP,0.52,1.8089,,,,hayir,,,reports/hafta7_fp_protokolu.md,test,157,tahminler_taban512_hafta7.csv,tahminler_model512.csv,0.3,0.52,1.8089,0.3,0.5,0.1,8,512,110,55,20260913,"Esikler, katsayilar ve ornek buyuklukleri KARARDIR; olcumden turetilmedi. Ayrinti protokol dosyasinda.",3.13.1,8.4.144,0.12.6,2.14.0,2026-09-13 10:08:36,scripts/25_esit_fp_adaylari.py
model_00282,Model-512,train_ZRI_2026_JPG.rf.244d506f042253e60c59419f79524686.jpg,ZRI,0.6408,1280.2,1230.0,1322.7,1251.5,42.5,21.5,0.0,,FP,0.52,1.8089,,,,hayir,,,reports/hafta7_fp_protokolu.md,test,157,tahminler_taban512_hafta7.csv,tahminler_model512.csv,0.3,0.52,1.8089,0.3,0.5,0.1,8,512,110,55,20260913,"Esikler, katsayilar ve ornek buyuklukleri KARARDIR; olcumden turetilmedi. Ayrinti protokol dosyasinda.",3.13.1,8.4.144,0.12.6,2.14.0,2026-09-13 10:08:36,scripts/25_esit_fp_adaylari.py
model_00283,Model-512,train_ZRI_2026_JPG.rf.244d506f042253e60c59419f79524686.jpg,ZRI,0.6033,1640.0,2.6,1674.0,63.5,34.0,60.9,0.0,,FP,0.52,1.8089,,,,hayir,,,reports/hafta7_fp_protokolu.md,test,157,tahminler_taban512_hafta7.csv,tahminler_model512.csv,0.3,0.52,1.8089,0.3,0.5,0.1,8,512,110,55,20260913,"Esikler, katsayilar ve ornek buyuklukleri KARARDIR; olcumden turetilmedi. Ayrinti protokol dosyasinda.",3.13.1,8.4.144,0.12.6,2.14.0,2026-09-13 10:08:36,scripts/25_esit_fp_adaylari.py
model_00284,Model-512,train_ZRI_2026_JPG.rf.244d506f042253e60c59419f79524686.jpg,ZRI,0.5791,1707.8,1287.2,1742.0,1342.9,34.2,55.7,0.4811,,FP,0.52,1.8089,,,,hayir,,,reports/hafta7_fp_protokolu.md,test,157,tahminler_taban512_hafta7.csv,tahminler_model512.csv,0.3,0.52,1.8089,0.3,0.5,0.1,8,512,110,55,20260913,"Esikler, katsayilar ve ornek buyuklukleri KARARDIR; olcumden turetilmedi. Ayrinti protokol dosyasinda.",3.13.1,8.4.144,0.12.6,2.14.0,2026-09-13 10:08:36,scripts/25_esit_fp_adaylari.py
model_00285,Model-512,train_ZRI_2027_JPG.rf.20f6586039a8c1a6dc397e439913444e.jpg,ZRI,0.7948,2047.6,644.0,2092.6,734.6,45.0,90.6,0.8159,0.8159,TP,0.52,1.8089,,,,hayir,,,reports/hafta7_fp_protokolu.md,test,157,tahminler_taban512_hafta7.csv,tahminler_model512.csv,0.3,0.52,1.8089,0.3,0.5,0.1,8,512,110,55,20260913,"Esikler, katsayilar ve ornek buyuklukleri KARARDIR; olcumden turetilmedi. Ayrinti protokol dosyasinda.",3.13.1,8.4.144,0.12.6,2.14.0,2026-09-13 10:08:36,scripts/25_esit_fp_adaylari.py
model_00286,Model-512,train_ZRI_2027_JPG.rf.20f6586039a8c1a6dc397e439913444e.jpg,ZRI,0.7846,1588.8,251.1,1645.5,344.1,56.7,93.0,0.8833,0.8833,TP,0.52,1.8089,,,,hayir,,,reports/hafta7_fp_protokolu.md,test,157,tahminler_taban512_hafta7.csv,tahminler_model512.csv,0.3,0.52,1.8089,0.3,0.5,0.1,8,512,110,55,20260913,"Esikler, katsayilar ve ornek buyuklukleri KARARDIR; olcumden turetilmedi. Ayrinti protokol dosyasinda.",3.13.1,8.4.144,0.12.6,2.14.0,2026-09-13 10:08:36,scripts/25_esit_fp_adaylari.py
model_00287,Model-512,train_ZRI_2027_JPG.rf.20f6586039a8c1a6dc397e439913444e.jpg,ZRI,0.7845,2347.8,2307.5,2413.7,2396.9,65.9,89.4,0.0,,FP,0.52,1.8089,,a0271,a0422,evet,Model-512/ZRI,0.3504,reports/hafta7_fp_protokolu.md,test,157,tahminler_taban512_hafta7.csv,tahminler_model512.csv,0.3,0.52,1.8089,0.3,0.5,0.1,8,512,110,55,20260913,"Esikler, katsayilar ve ornek buyuklukleri KARARDIR; olcumden turetilmedi. Ayrinti protokol dosyasinda.",3.13.1,8.4.144,0.12.6,2.14.0,2026-09-13 10:08:36,scripts/25_esit_fp_adaylari.py
model_00288,Model-512,train_ZRI_2027_JPG.rf.20f6586039a8c1a6dc397e439913444e.jpg,ZRI,0.7647,1310.7,2346.0,1352.2,2388.6,41.5,42.6,0.0,,FP,0.52,1.8089,,,,hayir,,,reports/hafta7_fp_protokolu.md,test,157,tahminler_taban512_hafta7.csv,tahminler_model512.csv,0.3,0.52,1.8089,0.3,0.5,0.1,8,512,110,55,20260913,"Esikler, katsayilar ve ornek buyuklukleri KARARDIR; olcumden turetilmedi. Ayrinti protokol dosyasinda.",3.13.1,8.4.144,0.12.6,2.14.0,2026-09-13 10:08:36,scripts/25_esit_fp_adaylari.py
model_00289,Model-512,train_ZRI_2027_JPG.rf.20f6586039a8c1a6dc397e439913444e.jpg,ZRI,0.7592,291.7,1155.0,370.1,1222.3,78.4,67.3,0.0,,FP,0.52,1.8089,,,,hayir,,,reports/hafta7_fp_protokolu.md,test,157,tahminler_taban512_hafta7.csv,tahminler_model512.csv,0.3,0.52,1.8089,0.3,0.5,0.1,8,512,110,55,20260913,"Esikler, katsayilar ve ornek buyuklukleri KARARDIR; olcumden turetilmedi. Ayrinti protokol dosyasinda.",3.13.1,8.4.144,0.12.6,2.14.0,2026-09-13 10:08:36,scripts/25_esit_fp_adaylari.py
model_00290,Model-512,train_ZRI_2027_JPG.rf.20f6586039a8c1a6dc397e439913444e.jpg,ZRI,0.7343,1378.6,2287.2,1478.6,2390.7,100.0,103.5,0.0,,FP,0.52,1.8089,,,,hayir,,,reports/hafta7_fp_protokolu.md,test,157,tahminler_taban512_hafta7.csv,tahminler_model512.csv,0.3,0.52,1.8089,0.3,0.5,0.1,8,512,110,55,20260913,"Esikler, katsayilar ve ornek buyuklukleri KARARDIR; olcumden turetilmedi. Ayrinti protokol dosyasinda.",3.13.1,8.4.144,0.12.6,2.14.0,2026-09-13 10:08:36,scripts/25_esit_fp_adaylari.py
model_00291,Model-512,train_ZRI_2027_JPG.rf.20f6586039a8c1a6dc397e439913444e.jpg,ZRI,0.7212,2961.1,2932.7,3040.8,3000.0,79.7,67.3,0.0,,FP,0.52,1.8089,,,,hayir,,,reports/hafta7_fp_protokolu.md,test,157,tahminler_taban512_hafta7.csv,tahminler_model512.csv,0.3,0.52,1.8089,0.3,0.5,0.1,8,512,110,55,20260913,"Esikler, katsayilar ve ornek buyuklukleri KARARDIR; olcumden turetilmedi. Ayrinti protokol dosyasinda.",3.13.1,8.4.144,0.12.6,2.14.0,2026-09-13 10:08:36,scripts/25_esit_fp_adaylari.py
model_00292,Model-512,train_ZRI_2028_JPG.rf.db47a839f5e1f87c7602db7e8ec148b9.jpg,ZRI,0.7608,1613.6,1129.6,1689.4,1192.3,75.8,62.7,0.7591,0.7591,TP,0.52,1.8089,,,,hayir,,,reports/hafta7_fp_protokolu.md,test,157,tahminler_taban512_hafta7.csv,tahminler_model512.csv,0.3,0.52,1.8089,0.3,0.5,0.1,8,512,110,55,20260913,"Esikler, katsayilar ve ornek buyuklukleri KARARDIR; olcumden turetilmedi. Ayrinti protokol dosyasinda.",3.13.1,8.4.144,0.12.6,2.14.0,2026-09-13 10:08:36,scripts/25_esit_fp_adaylari.py
model_00293,Model-512,train_ZRI_2028_JPG.rf.db47a839f5e1f87c7602db7e8ec148b9.jpg,ZRI,0.7021,1929.8,1230.3,1982.0,1284.3,52.2,54.0,0.0,,FP,0.52,1.8089,,a0435,a0295,evet,Model-512/ZRI,0.3504,reports/hafta7_fp_protokolu.md,test,157,tahminler_taban512_hafta7.csv,tahminler_model512.csv,0.3,0.52,1.8089,0.3,0.5,0.1,8,512,110,55,20260913,"Esikler, katsayilar ve ornek buyuklukleri KARARDIR; olcumden turetilmedi. Ayrinti protokol dosyasinda.",3.13.1,8.4.144,0.12.6,2.14.0,2026-09-13 10:08:36,scripts/25_esit_fp_adaylari.py
model_00294,Model-512,train_ZRI_2028_JPG.rf.db47a839f5e1f87c7602db7e8ec148b9.jpg,ZRI,0.6835,1708.4,1107.5,1769.6,1170.9,61.2,63.4,0.7938,0.7938,TP,0.52,1.8089,,,,hayir,,,reports/hafta7_fp_protokolu.md,test,157,tahminler_taban512_hafta7.csv,tahminler_model512.csv,0.3,0.52,1.8089,0.3,0.5,0.1,8,512,110,55,20260913,"Esikler, katsayilar ve ornek buyuklukleri KARARDIR; olcumden turetilmedi. Ayrinti protokol dosyasinda.",3.13.1,8.4.144,0.12.6,2.14.0,2026-09-13 10:08:36,scripts/25_esit_fp_adaylari.py
model_00295,Model-512,train_ZRI_2028_JPG.rf.db47a839f5e1f87c7602db7e8ec148b9.jpg,ZRI,0.6759,3892.5,1744.1,3982.2,1814.6,89.7,70.5,0.626,0.626,TP,0.52,1.8089,,,,hayir,,,reports/hafta7_fp_protokolu.md,test,157,tahminler_taban512_hafta7.csv,tahminler_model512.csv,0.3,0.52,1.8089,0.3,0.5,0.1,8,512,110,55,20260913,"Esikler, katsayilar ve ornek buyuklukleri KARARDIR; olcumden turetilmedi. Ayrinti protokol dosyasinda.",3.13.1,8.4.144,0.12.6,2.14.0,2026-09-13 10:08:36,scripts/25_esit_fp_adaylari.py
model_00296,Model-512,train_ZRI_2028_JPG.rf.db47a839f5e1f87c7602db7e8ec148b9.jpg,ZRI,0.5979,1707.7,1107.9,1742.0,1163.6,34.3,55.7,0.4049,,FP,0.52,1.8089,,,,hayir,,,reports/hafta7_fp_protokolu.md,test,157,tahminler_taban512_hafta7.csv,tahminler_model512.csv,0.3,0.52,1.8089,0.3,0.5,0.1,8,512,110,55,20260913,"Esikler, katsayilar ve ornek buyuklukleri KARARDIR; olcumden turetilmedi. Ayrinti protokol dosyasinda.",3.13.1,8.4.144,0.12.6,2.14.0,2026-09-13 10:08:36,scripts/25_esit_fp_adaylari.py
model_00297,Model-512,train_ZRI_2029_JPG.rf.7b352d771a36f6ad3f74519584833482.jpg,ZRI,0.7654,3580.0,2119.2,3707.7,2198.4,127.7,79.2,0.8281,0.8281,TP,0.52,1.8089,,,,hayir,,,reports/hafta7_fp_protokolu.md,test,157,tahminler_taban512_hafta7.csv,tahminler_model512.csv,0.3,0.52,1.8089,0.3,0.5,0.1,8,512,110,55,20260913,"Esikler, katsayilar ve ornek buyuklukleri KARARDIR; olcumden turetilmedi. Ayrinti protokol dosyasinda.",3.13.1,8.4.144,0.12.6,2.14.0,2026-09-13 10:08:36,scripts/25_esit_fp_adaylari.py
model_00298,Model-512,train_ZRI_2029_JPG.rf.7b352d771a36f6ad3f74519584833482.jpg,ZRI,0.7622,1640.4,1441.2,1696.0,1504.9,55.6,63.7,0.7193,0.7193,TP,0.52,1.8089,,,,hayir,,,reports/hafta7_fp_protokolu.md,test,157,tahminler_taban512_hafta7.csv,tahminler_model512.csv,0.3,0.52,1.8089,0.3,0.5,0.1,8,512,110,55,20260913,"Esikler, katsayilar ve ornek buyuklukleri KARARDIR; olcumden turetilmedi. Ayrinti protokol dosyasinda.",3.13.1,8.4.144,0.12.6,2.14.0,2026-09-13 10:08:36,scripts/25_esit_fp_adaylari.py
model_00299,Model-512,train_ZRI_2029_JPG.rf.7b352d771a36f6ad3f74519584833482.jpg,ZRI,0.608,1783.7,1435.1,1853.7,1486.0,70.0,50.9,0.8854,0.8854,TP,0.52,1.8089,,,,hayir,,,reports/hafta7_fp_protokolu.md,test,157,tahminler_taban512_hafta7.csv,tahminler_model512.csv,0.3,0.52,1.8089,0.3,0.5,0.1,8,512,110,55,20260913,"Esikler, katsayilar ve ornek buyuklukleri KARARDIR; olcumden turetilmedi. Ayrinti protokol dosyasinda.",3.13.1,8.4.144,0.12.6,2.14.0,2026-09-13 10:08:36,scripts/25_esit_fp_adaylari.py
model_00300,Model-512,train_ZRI_2030_JPG.rf.f5be72b3ce51a5abe5717ec467beb983.jpg,ZRI,0.8193,1371.2,197.6,1435.0,273.2,63.8,75.6,0.9155,0.9155,TP,0.52,1.8089,,,,hayir,,,reports/hafta7_fp_protokolu.md,test,157,tahminler_taban512_hafta7.csv,tahminler_model512.csv,0.3,0.52,1.8089,0.3,0.5,0.1,8,512,110,55,20260913,"Esikler, katsayilar ve ornek buyuklukleri KARARDIR; olcumden turetilmedi. Ayrinti protokol dosyasinda.",3.13.1,8.4.144,0.12.6,2.14.0,2026-09-13 10:08:36,scripts/25_esit_fp_adaylari.py
model_00301,Model-512,train_ZRI_2030_JPG.rf.f5be72b3ce51a5abe5717ec467beb983.jpg,ZRI,0.6853,2004.6,1434.6,2058.3,1487.1,53.7,52.5,0.0,,FP,0.52,1.8089,,,,hayir,,,reports/hafta7_fp_protokolu.md,test,157,tahminler_taban512_hafta7.csv,tahminler_model512.csv,0.3,0.52,1.8089,0.3,0.5,0.1,8,512,110,55,20260913,"Esikler, katsayilar ve ornek buyuklukleri KARARDIR; olcumden turetilmedi. Ayrinti protokol dosyasinda.",3.13.1,8.4.144,0.12.6,2.14.0,2026-09-13 10:08:36,scripts/25_esit_fp_adaylari.py
model_00302,Model-512,train_ZRI_2030_JPG.rf.f5be72b3ce51a5abe5717ec467beb983.jpg,ZRI,0.6729,2360.3,1523.4,2425.7,1584.6,65.4,61.2,0.796,0.796,TP,0.52,1.8089,,,,hayir,,,reports/hafta7_fp_protokolu.md,test,157,tahminler_taban512_hafta7.csv,tahminler_model512.csv,0.3,0.52,1.8089,0.3,0.5,0.1,8,512,110,55,20260913,"Esikler, katsayilar ve ornek buyuklukleri KARARDIR; olcumden turetilmedi. Ayrinti protokol dosyasinda.",3.13.1,8.4.144,0.12.6,2.14.0,2026-09-13 10:08:36,scripts/25_esit_fp_adaylari.py
model_00303,Model-512,train_ZRI_2030_JPG.rf.f5be72b3ce51a5abe5717ec467beb983.jpg,ZRI,0.5982,2256.6,1536.4,2334.9,1596.3,78.3,59.9,0.9044,0.9044,TP,0.52,1.8089,,,,hayir,,,reports/hafta7_fp_protokolu.md,test,157,tahminler_taban512_hafta7.csv,tahminler_model512.csv,0.3,0.52,1.8089,0.3,0.5,0.1,8,512,110,55,20260913,"Esikler, katsayilar ve ornek buyuklukleri KARARDIR; olcumden turetilmedi. Ayrinti protokol dosyasinda.",3.13.1,8.4.144,0.12.6,2.14.0,2026-09-13 10:08:36,scripts/25_esit_fp_adaylari.py
model_00304,Model-512,train_ZRI_2030_JPG.rf.f5be72b3ce51a5abe5717ec467beb983.jpg,ZRI,0.592,2011.7,1640.1,2057.0,1667.6,45.3,27.5,0.0,,FP,0.52,1.8089,,,,hayir,,,reports/hafta7_fp_protokolu.md,test,157,tahminler_taban512_hafta7.csv,tahminler_model512.csv,0.3,0.52,1.8089,0.3,0.5,0.1,8,512,110,55,20260913,"Esikler, katsayilar ve ornek buyuklukleri KARARDIR; olcumden turetilmedi. Ayrinti protokol dosyasinda.",3.13.1,8.4.144,0.12.6,2.14.0,2026-09-13 10:08:36,scripts/25_esit_fp_adaylari.py
model_00305,Model-512,train_ZRI_2031_JPG.rf.6637eeede974d137c26c06f05e71de95.jpg,ZRI,0.8252,2356.6,2336.6,2428.2,2414.7,71.6,78.1,0.8731,0.8731,TP,0.52,1.8089,,,,hayir,,,reports/hafta7_fp_protokolu.md,test,157,tahminler_taban512_hafta7.csv,tahminler_model512.csv,0.3,0.52,1.8089,0.3,0.5,0.1,8,512,110,55,20260913,"Esikler, katsayilar ve ornek buyuklukleri KARARDIR; olcumden turetilmedi. Ayrinti protokol dosyasinda.",3.13.1,8.4.144,0.12.6,2.14.0,2026-09-13 10:08:36,scripts/25_esit_fp_adaylari.py
model_00306,Model-512,train_ZRI_2031_JPG.rf.6637eeede974d137c26c06f05e71de95.jpg,ZRI,0.8068,2060.7,180.1,2116.5,288.6,55.8,108.5,0.8415,0.8415,TP,0.52,1.8089,,,,hayir,,,reports/hafta7_fp_protokolu.md,test,157,tahminler_taban512_hafta7.csv,tahminler_model512.csv,0.3,0.52,1.8089,0.3,0.5,0.1,8,512,110,55,20260913,"Esikler, katsayilar ve ornek buyuklukleri KARARDIR; olcumden turetilmedi. Ayrinti protokol dosyasinda.",3.13.1,8.4.144,0.12.6,2.14.0,2026-09-13 10:08:36,scripts/25_esit_fp_adaylari.py
model_00307,Model-512,train_ZRI_2031_JPG.rf.6637eeede974d137c26c06f05e71de95.jpg,ZRI,0.7905,968.1,2113.0,1056.7,2177.1,88.6,64.1,0.8992,0.8992,TP,0.52,1.8089,,,,hayir,,,reports/hafta7_fp_protokolu.md,test,157,tahminler_taban512_hafta7.csv,tahminler_model512.csv,0.3,0.52,1.8089,0.3,0.5,0.1,8,512,110,55,20260913,"Esikler, katsayilar ve ornek buyuklukleri KARARDIR; olcumden turetilmedi. Ayrinti protokol dosyasinda.",3.13.1,8.4.144,0.12.6,2.14.0,2026-09-13 10:08:36,scripts/25_esit_fp_adaylari.py
model_00308,Model-512,train_ZRI_2031_JPG.rf.6637eeede974d137c26c06f05e71de95.jpg,ZRI,0.7316,986.1,66.5,1072.0,151.6,85.9,85.1,0.4059,0.4059,TP,0.52,1.8089,,,,hayir,,,reports/hafta7_fp_protokolu.md,test,157,tahminler_taban512_hafta7.csv,tahminler_model512.csv,0.3,0.52,1.8089,0.3,0.5,0.1,8,512,110,55,20260913,"Esikler, katsayilar ve ornek buyuklukleri KARARDIR; olcumden turetilmedi. Ayrinti protokol dosyasinda.",3.13.1,8.4.144,0.12.6,2.14.0,2026-09-13 10:08:36,scripts/25_esit_fp_adaylari.py
model_00309,Model-512,train_ZRI_2031_JPG.rf.6637eeede974d137c26c06f05e71de95.jpg,ZRI,0.7013,2007.4,128.3,2066.6,192.2,59.2,63.9,0.5787,0.5787,TP,0.52,1.8089,,,,hayir,,,reports/hafta7_fp_protokolu.md,test,157,tahminler_taban512_hafta7.csv,tahminler_model512.csv,0.3,0.52,1.8089,0.3,0.5,0.1,8,512,110,55,20260913,"Esikler, katsayilar ve ornek buyuklukleri KARARDIR; olcumden turetilmedi. Ayrinti protokol dosyasinda.",3.13.1,8.4.144,0.12.6,2.14.0,2026-09-13 10:08:36,scripts/25_esit_fp_adaylari.py
model_00310,Model-512,train_ZRI_2031_JPG.rf.6637eeede974d137c26c06f05e71de95.jpg,ZRI,0.6747,2281.6,242.3,2320.1,284.8,38.5,42.5,0.0,,FP,0.52,1.8089,,a0031,a0200,evet,Model-512/ZRI,0.3504,reports/hafta7_fp_protokolu.md,test,157,tahminler_taban512_hafta7.csv,tahminler_model512.csv,0.3,0.52,1.8089,0.3,0.5,0.1,8,512,110,55,20260913,"Esikler, katsayilar ve ornek buyuklukleri KARARDIR; olcumden turetilmedi. Ayrinti protokol dosyasinda.",3.13.1,8.4.144,0.12.6,2.14.0,2026-09-13 10:08:36,scripts/25_esit_fp_adaylari.py
model_00311,Model-512,train_ZRI_2031_JPG.rf.6637eeede974d137c26c06f05e71de95.jpg,ZRI,0.6442,3775.2,1396.7,3825.5,1438.6,50.3,41.9,0.8836,0.8836,TP,0.52,1.8089,,,,hayir,,,reports/hafta7_fp_protokolu.md,test,157,tahminler_taban512_hafta7.csv,tahminler_model512.csv,0.3,0.52,1.8089,0.3,0.5,0.1,8,512,110,55,20260913,"Esikler, katsayilar ve ornek buyuklukleri KARARDIR; olcumden turetilmedi. Ayrinti protokol dosyasinda.",3.13.1,8.4.144,0.12.6,2.14.0,2026-09-13 10:08:36,scripts/25_esit_fp_adaylari.py
model_00312,Model-512,train_ZRI_2031_JPG.rf.6637eeede974d137c26c06f05e71de95.jpg,ZRI,0.588,2005.1,2335.0,2059.2,2387.5,54.1,52.5,0.0,,FP,0.52,1.8089,,,,hayir,,,reports/hafta7_fp_protokolu.md,test,157,tahminler_taban512_hafta7.csv,tahminler_model512.csv,0.3,0.52,1.8089,0.3,0.5,0.1,8,512,110,55,20260913,"Esikler, katsayilar ve ornek buyuklukleri KARARDIR; olcumden turetilmedi. Ayrinti protokol dosyasinda.",3.13.1,8.4.144,0.12.6,2.14.0,2026-09-13 10:08:36,scripts/25_esit_fp_adaylari.py
model_00313,Model-512,train_ZRI_2031_JPG.rf.6637eeede974d137c26c06f05e71de95.jpg,ZRI,0.586,2463.1,2796.5,2520.9,2882.6,57.8,86.1,0.0,,FP,0.52,1.8089,,,,hayir,,,reports/hafta7_fp_protokolu.md,test,157,tahminler_taban512_hafta7.csv,tahminler_model512.csv,0.3,0.52,1.8089,0.3,0.5,0.1,8,512,110,55,20260913,"Esikler, katsayilar ve ornek buyuklukleri KARARDIR; olcumden turetilmedi. Ayrinti protokol dosyasinda.",3.13.1,8.4.144,0.12.6,2.14.0,2026-09-13 10:08:36,scripts/25_esit_fp_adaylari.py
model_00314,Model-512,train_ZRI_2031_JPG.rf.6637eeede974d137c26c06f05e71de95.jpg,ZRI,0.5445,2212.0,193.3,2266.0,285.6,54.0,92.3,0.0,,FP,0.52,1.8089,,,,hayir,,,reports/hafta7_fp_protokolu.md,test,157,tahminler_taban512_hafta7.csv,tahminler_model512.csv,0.3,0.52,1.8089,0.3,0.5,0.1,8,512,110,55,20260913,"Esikler, katsayilar ve ornek buyuklukleri KARARDIR; olcumden turetilmedi. Ayrinti protokol dosyasinda.",3.13.1,8.4.144,0.12.6,2.14.0,2026-09-13 10:08:36,scripts/25_esit_fp_adaylari.py
model_00315,Model-512,train_ZRI_2031_JPG.rf.6637eeede974d137c26c06f05e71de95.jpg,ZRI,0.5233,1230.1,410.0,1299.3,491.9,69.2,81.9,0.0,,FP,0.52,1.8089,,,,hayir,,,reports/hafta7_fp_protokolu.md,test,157,tahminler_taban512_hafta7.csv,tahminler_model512.csv,0.3,0.52,1.8089,0.3,0.5,0.1,8,512,110,55,20260913,"Esikler, katsayilar ve ornek buyuklukleri KARARDIR; olcumden turetilmedi. Ayrinti protokol dosyasinda.",3.13.1,8.4.144,0.12.6,2.14.0,2026-09-13 10:08:36,scripts/25_esit_fp_adaylari.py
model_00316,Model-512,train_ZRI_2031_JPG.rf.6637eeede974d137c26c06f05e71de95.jpg,ZRI,0.5233,3591.0,1292.1,3684.7,1331.7,93.7,39.6,0.4019,0.4019,TP,0.52,1.8089,,,,hayir,,,reports/hafta7_fp_protokolu.md,test,157,tahminler_taban512_hafta7.csv,tahminler_model512.csv,0.3,0.52,1.8089,0.3,0.5,0.1,8,512,110,55,20260913,"Esikler, katsayilar ve ornek buyuklukleri KARARDIR; olcumden turetilmedi. Ayrinti protokol dosyasinda.",3.13.1,8.4.144,0.12.6,2.14.0,2026-09-13 10:08:36,scripts/25_esit_fp_adaylari.py
model_00317,Model-512,train_ZRI_2032_JPG.rf.49927cb43742154fd5f0f8aa302575b6.jpg,ZRI,0.8165,1069.5,546.1,1138.4,622.4,68.9,76.3,0.8671,0.8671,TP,0.52,1.8089,,,,hayir,,,reports/hafta7_fp_protokolu.md,test,157,tahminler_taban512_hafta7.csv,tahminler_model512.csv,0.3,0.52,1.8089,0.3,0.5,0.1,8,512,110,55,20260913,"Esikler, katsayilar ve ornek buyuklukleri KARARDIR; olcumden turetilmedi. Ayrinti protokol dosyasinda.",3.13.1,8.4.144,0.12.6,2.14.0,2026-09-13 10:08:36,scripts/25_esit_fp_adaylari.py
model_00318,Model-512,train_ZRI_2032_JPG.rf.49927cb43742154fd5f0f8aa302575b6.jpg,ZRI,0.8131,3613.7,2013.6,3716.3,2077.7,102.6,64.1,0.8843,0.8843,TP,0.52,1.8089,,,,hayir,,,reports/hafta7_fp_protokolu.md,test,157,tahminler_taban512_hafta7.csv,tahminler_model512.csv,0.3,0.52,1.8089,0.3,0.5,0.1,8,512,110,55,20260913,"Esikler, katsayilar ve ornek buyuklukleri KARARDIR; olcumden turetilmedi. Ayrinti protokol dosyasinda.",3.13.1,8.4.144,0.12.6,2.14.0,2026-09-13 10:08:36,scripts/25_esit_fp_adaylari.py
model_00319,Model-512,train_ZRI_2032_JPG.rf.49927cb43742154fd5f0f8aa302575b6.jpg,ZRI,0.7803,1178.7,2786.4,1235.7,2867.8,57.0,81.4,0.5995,0.5995,TP,0.52,1.8089,,,,hayir,,,reports/hafta7_fp_protokolu.md,test,157,tahminler_taban512_hafta7.csv,tahminler_model512.csv,0.3,0.52,1.8089,0.3,0.5,0.1,8,512,110,55,20260913,"Esikler, katsayilar ve ornek buyuklukleri KARARDIR; olcumden turetilmedi. Ayrinti protokol dosyasinda.",3.13.1,8.4.144,0.12.6,2.14.0,2026-09-13 10:08:36,scripts/25_esit_fp_adaylari.py
model_00320,Model-512,train_ZRI_2032_JPG.rf.49927cb43742154fd5f0f8aa302575b6.jpg,ZRI,0.7792,2316.7,887.6,2352.6,929.1,35.9,41.5,0.0,,FP,0.52,1.8089,,,,hayir,,,reports/hafta7_fp_protokolu.md,test,157,tahminler_taban512_hafta7.csv,tahminler_model512.csv,0.3,0.52,1.8089,0.3,0.5,0.1,8,512,110,55,20260913,"Esikler, katsayilar ve ornek buyuklukleri KARARDIR; olcumden turetilmedi. Ayrinti protokol dosyasinda.",3.13.1,8.4.144,0.12.6,2.14.0,2026-09-13 10:08:36,scripts/25_esit_fp_adaylari.py
model_00321,Model-512,train_ZRI_2032_JPG.rf.49927cb43742154fd5f0f8aa302575b6.jpg,ZRI,0.777,1972.7,1046.6,2029.1,1127.8,56.4,81.2,0.8366,0.8366,TP,0.52,1.8089,,,,hayir,,,reports/hafta7_fp_protokolu.md,test,157,tahminler_taban512_hafta7.csv,tahminler_model512.csv,0.3,0.52,1.8089,0.3,0.5,0.1,8,512,110,55,20260913,"Esikler, katsayilar ve ornek buyuklukleri KARARDIR; olcumden turetilmedi. Ayrinti protokol dosyasinda.",3.13.1,8.4.144,0.12.6,2.14.0,2026-09-13 10:08:36,scripts/25_esit_fp_adaylari.py
model_00322,Model-512,train_ZRI_2032_JPG.rf.49927cb43742154fd5f0f8aa302575b6.jpg,ZRI,0.7706,3553.0,2049.3,3615.5,2084.5,62.5,35.2,0.8827,0.8827,TP,0.52,1.8089,,,,hayir,,,reports/hafta7_fp_protokolu.md,test,157,tahminler_taban512_hafta7.csv,tahminler_model512.csv,0.3,0.52,1.8089,0.3,0.5,0.1,8,512,110,55,20260913,"Esikler, katsayilar ve ornek buyuklukleri KARARDIR; olcumden turetilmedi. Ayrinti protokol dosyasinda.",3.13.1,8.4.144,0.12.6,2.14.0,2026-09-13 10:08:36,scripts/25_esit_fp_adaylari.py
model_00323,Model-512,train_ZRI_2032_JPG.rf.49927cb43742154fd5f0f8aa302575b6.jpg,ZRI,0.7671,1929.3,999.3,1980.0,1058.7,50.7,59.4,0.8996,0.8996,TP,0.52,1.8089,,,,hayir,,,reports/hafta7_fp_protokolu.md,test,157,tahminler_taban512_hafta7.csv,tahminler_model512.csv,0.3,0.52,1.8089,0.3,0.5,0.1,8,512,110,55,20260913,"Esikler, katsayilar ve ornek buyuklukleri KARARDIR; olcumden turetilmedi. Ayrinti protokol dosyasinda.",3.13.1,8.4.144,0.12.6,2.14.0,2026-09-13 10:08:36,scripts/25_esit_fp_adaylari.py
model_00324,Model-512,train_ZRI_2032_JPG.rf.49927cb43742154fd5f0f8aa302575b6.jpg,ZRI,0.6615,1204.8,2055.7,1315.4,2151.4,110.6,95.7,0.6623,0.6623,TP,0.52,1.8089,,,,hayir,,,reports/hafta7_fp_protokolu.md,test,157,tahminler_taban512_hafta7.csv,tahminler_model512.csv,0.3,0.52,1.8089,0.3,0.5,0.1,8,512,110,55,20260913,"Esikler, katsayilar ve ornek buyuklukleri KARARDIR; olcumden turetilmedi. Ayrinti protokol dosyasinda.",3.13.1,8.4.144,0.12.6,2.14.0,2026-09-13 10:08:36,scripts/25_esit_fp_adaylari.py
model_00325,Model-512,train_ZRI_2032_JPG.rf.49927cb43742154fd5f0f8aa302575b6.jpg,ZRI,0.6508,3731.4,2076.8,3777.7,2112.9,46.3,36.1,0.7394,0.7394,TP,0.52,1.8089,,,,hayir,,,reports/hafta7_fp_protokolu.md,test,157,tahminler_taban512_hafta7.csv,tahminler_model512.csv,0.3,0.52,1.8089,0.3,0.5,0.1,8,512,110,55,20260913,"Esikler, katsayilar ve ornek buyuklukleri KARARDIR; olcumden turetilmedi. Ayrinti protokol dosyasinda.",3.13.1,8.4.144,0.12.6,2.14.0,2026-09-13 10:08:36,scripts/25_esit_fp_adaylari.py
model_00326,Model-512,train_ZRI_2032_JPG.rf.49927cb43742154fd5f0f8aa302575b6.jpg,ZRI,0.6199,1868.7,860.6,1930.1,921.9,61.4,61.3,0.7632,0.7632,TP,0.52,1.8089,,,,hayir,,,reports/hafta7_fp_protokolu.md,test,157,tahminler_taban512_hafta7.csv,tahminler_model512.csv,0.3,0.52,1.8089,0.3,0.5,0.1,8,512,110,55,20260913,"Esikler, katsayilar ve ornek buyuklukleri KARARDIR; olcumden turetilmedi. Ayrinti protokol dosyasinda.",3.13.1,8.4.144,0.12.6,2.14.0,2026-09-13 10:08:36,scripts/25_esit_fp_adaylari.py
model_00327,Model-512,train_ZRI_2032_JPG.rf.49927cb43742154fd5f0f8aa302575b6.jpg,ZRI,0.6197,2073.1,328.0,2120.7,408.3,47.6,80.3,0.0,,FP,0.52,1.8089,,,,hayir,,,reports/hafta7_fp_protokolu.md,test,157,tahminler_taban512_hafta7.csv,tahminler_model512.csv,0.3,0.52,1.8089,0.3,0.5,0.1,8,512,110,55,20260913,"Esikler, katsayilar ve ornek buyuklukleri KARARDIR; olcumden turetilmedi. Ayrinti protokol dosyasinda.",3.13.1,8.4.144,0.12.6,2.14.0,2026-09-13 10:08:36,scripts/25_esit_fp_adaylari.py
model_00328,Model-512,train_ZRI_2033_JPG.rf.9a239a616f9277852538bd95edcc770e.jpg,ZRI,0.8156,1950.6,1618.8,2010.2,1673.7,59.6,54.9,0.7775,0.7775,TP,0.52,1.8089,,,,hayir,,,reports/hafta7_fp_protokolu.md,test,157,tahminler_taban512_hafta7.csv,tahminler_model512.csv,0.3,0.52,1.8089,0.3,0.5,0.1,8,512,110,55,20260913,"Esikler, katsayilar ve ornek buyuklukleri KARARDIR; olcumden turetilmedi. Ayrinti protokol dosyasinda.",3.13.1,8.4.144,0.12.6,2.14.0,2026-09-13 10:08:36,scripts/25_esit_fp_adaylari.py
model_00329,Model-512,train_ZRI_2033_JPG.rf.9a239a616f9277852538bd95edcc770e.jpg,ZRI,0.7952,1843.9,1674.7,1900.8,1735.5,56.9,60.8,0.8886,0.8886,TP,0.52,1.8089,,,,hayir,,,reports/hafta7_fp_protokolu.md,test,157,tahminler_taban512_hafta7.csv,tahminler_model512.csv,0.3,0.52,1.8089,0.3,0.5,0.1,8,512,110,55,20260913,"Esikler, katsayilar ve ornek buyuklukleri KARARDIR; olcumden turetilmedi. Ayrinti protokol dosyasinda.",3.13.1,8.4.144,0.12.6,2.14.0,2026-09-13 10:08:36,scripts/25_esit_fp_adaylari.py
model_00330,Model-512,train_ZRI_2033_JPG.rf.9a239a616f9277852538bd95edcc770e.jpg,ZRI,0.7809,466.0,776.1,562.9,828.4,96.9,52.3,0.8895,0.8895,TP,0.52,1.8089,,,,hayir,,,reports/hafta7_fp_protokolu.md,test,157,tahminler_taban512_hafta7.csv,tahminler_model512.csv,0.3,0.52,1.8089,0.3,0.5,0.1,8,512,110,55,20260913,"Esikler, katsayilar ve ornek buyuklukleri KARARDIR; olcumden turetilmedi. Ayrinti protokol dosyasinda.",3.13.1,8.4.144,0.12.6,2.14.0,2026-09-13 10:08:36,scripts/25_esit_fp_adaylari.py
model_00331,Model-512,train_ZRI_2033_JPG.rf.9a239a616f9277852538bd95edcc770e.jpg,ZRI,0.6767,3524.0,2603.2,3587.5,2648.4,63.5,45.2,0.8524,0.8524,TP,0.52,1.8089,,,,hayir,,,reports/hafta7_fp_protokolu.md,test,157,tahminler_taban512_hafta7.csv,tahminler_model512.csv,0.3,0.52,1.8089,0.3,0.5,0.1,8,512,110,55,20260913,"Esikler, katsayilar ve ornek buyuklukleri KARARDIR; olcumden turetilmedi. Ayrinti protokol dosyasinda.",3.13.1,8.4.144,0.12.6,2.14.0,2026-09-13 10:08:36,scripts/25_esit_fp_adaylari.py
model_00332,Model-512,train_ZRI_2033_JPG.rf.9a239a616f9277852538bd95edcc770e.jpg,ZRI,0.6682,2110.6,2559.7,2152.0,2617.7,41.4,58.0,0.0,,FP,0.52,1.8089,,,,hayir,,,reports/hafta7_fp_protokolu.md,test,157,tahminler_taban512_hafta7.csv,tahminler_model512.csv,0.3,0.52,1.8089,0.3,0.5,0.1,8,512,110,55,20260913,"Esikler, katsayilar ve ornek buyuklukleri KARARDIR; olcumden turetilmedi. Ayrinti protokol dosyasinda.",3.13.1,8.4.144,0.12.6,2.14.0,2026-09-13 10:08:36,scripts/25_esit_fp_adaylari.py
model_00333,Model-512,train_ZRI_2033_JPG.rf.9a239a616f9277852538bd95edcc770e.jpg,ZRI,0.6575,2316.3,1375.9,2354.3,1421.4,38.0,45.5,0.0,,FP,0.52,1.8089,,,,hayir,,,reports/hafta7_fp_protokolu.md,test,157,tahminler_taban512_hafta7.csv,tahminler_model512.csv,0.3,0.52,1.8089,0.3,0.5,0.1,8,512,110,55,20260913,"Esikler, katsayilar ve ornek buyuklukleri KARARDIR; olcumden turetilmedi. Ayrinti protokol dosyasinda.",3.13.1,8.4.144,0.12.6,2.14.0,2026-09-13 10:08:36,scripts/25_esit_fp_adaylari.py
model_00334,Model-512,train_ZRI_2033_JPG.rf.9a239a616f9277852538bd95edcc770e.jpg,ZRI,0.6225,1862.5,1361.7,1928.1,1411.4,65.6,49.7,0.9548,0.9548,TP,0.52,1.8089,,,,hayir,,,reports/hafta7_fp_protokolu.md,test,157,tahminler_taban512_hafta7.csv,tahminler_model512.csv,0.3,0.52,1.8089,0.3,0.5,0.1,8,512,110,55,20260913,"Esikler, katsayilar ve ornek buyuklukleri KARARDIR; olcumden turetilmedi. Ayrinti protokol dosyasinda.",3.13.1,8.4.144,0.12.6,2.14.0,2026-09-13 10:08:36,scripts/25_esit_fp_adaylari.py
model_00335,Model-512,train_ZRI_2033_JPG.rf.9a239a616f9277852538bd95edcc770e.jpg,ZRI,0.5746,1230.0,2549.6,1283.3,2664.6,53.3,115.0,0.0,,FP,0.52,1.8089,,,,hayir,,,reports/hafta7_fp_protokolu.md,test,157,tahminler_taban512_hafta7.csv,tahminler_model512.csv,0.3,0.52,1.8089,0.3,0.5,0.1,8,512,110,55,20260913,"Esikler, katsayilar ve ornek buyuklukleri KARARDIR; olcumden turetilmedi. Ayrinti protokol dosyasinda.",3.13.1,8.4.144,0.12.6,2.14.0,2026-09-13 10:08:36,scripts/25_esit_fp_adaylari.py
model_00336,Model-512,train_ZRI_2033_JPG.rf.9a239a616f9277852538bd95edcc770e.jpg,ZRI,0.5381,462.6,776.8,512.0,824.6,49.4,47.8,0.4396,,FP,0.52,1.8089,,,,hayir,,,reports/hafta7_fp_protokolu.md,test,157,tahminler_taban512_hafta7.csv,tahminler_model512.csv,0.3,0.52,1.8089,0.3,0.5,0.1,8,512,110,55,20260913,"Esikler, katsayilar ve ornek buyuklukleri KARARDIR; olcumden turetilmedi. Ayrinti protokol dosyasinda.",3.13.1,8.4.144,0.12.6,2.14.0,2026-09-13 10:08:36,scripts/25_esit_fp_adaylari.py
model_00337,Model-512,train_ZRI_2033_JPG.rf.9a239a616f9277852538bd95edcc770e.jpg,ZRI,0.5311,3598.5,2515.2,3712.2,2607.7,113.7,92.5,0.6131,0.6131,TP,0.52,1.8089,,,,hayir,,,reports/hafta7_fp_protokolu.md,test,157,tahminler_taban512_hafta7.csv,tahminler_model512.csv,0.3,0.52,1.8089,0.3,0.5,0.1,8,512,110,55,20260913,"Esikler, katsayilar ve ornek buyuklukleri KARARDIR; olcumden turetilmedi. Ayrinti protokol dosyasinda.",3.13.1,8.4.144,0.12.6,2.14.0,2026-09-13 10:08:36,scripts/25_esit_fp_adaylari.py
model_00338,Model-512,train_ZRI_2034_JPG.rf.f46e467586e3c5aa8c16eaf4382ce56f.jpg,ZRI,0.8089,1232.3,1041.2,1282.1,1110.3,49.8,69.1,0.8552,0.8552,TP,0.52,1.8089,,,,hayir,,,reports/hafta7_fp_protokolu.md,test,157,tahminler_taban512_hafta7.csv,tahminler_model512.csv,0.3,0.52,1.8089,0.3,0.5,0.1,8,512,110,55,20260913,"Esikler, katsayilar ve ornek buyuklukleri KARARDIR; olcumden turetilmedi. Ayrinti protokol dosyasinda.",3.13.1,8.4.144,0.12.6,2.14.0,2026-09-13 10:08:36,scripts/25_esit_fp_adaylari.py
model_00339,Model-512,train_ZRI_2034_JPG.rf.f46e467586e3c5aa8c16eaf4382ce56f.jpg,ZRI,0.7957,1309.6,2372.6,1386.0,2445.5,76.4,72.9,0.953,0.953,TP,0.52,1.8089,,,,hayir,,,reports/hafta7_fp_protokolu.md,test,157,tahminler_taban512_hafta7.csv,tahminler_model512.csv,0.3,0.52,1.8089,0.3,0.5,0.1,8,512,110,55,20260913,"Esikler, katsayilar ve ornek buyuklukleri KARARDIR; olcumden turetilmedi. Ayrinti protokol dosyasinda.",3.13.1,8.4.144,0.12.6,2.14.0,2026-09-13 10:08:36,scripts/25_esit_fp_adaylari.py
model_00340,Model-512,train_ZRI_2034_JPG.rf.f46e467586e3c5aa8c16eaf4382ce56f.jpg,ZRI,0.7869,1133.8,1019.9,1214.5,1090.9,80.7,71.0,0.8647,0.8647,TP,0.52,1.8089,,,,hayir,,,reports/hafta7_fp_protokolu.md,test,157,tahminler_taban512_hafta7.csv,tahminler_model512.csv,0.3,0.52,1.8089,0.3,0.5,0.1,8,512,110,55,20260913,"Esikler, katsayilar ve ornek buyuklukleri KARARDIR; olcumden turetilmedi. Ayrinti protokol dosyasinda.",3.13.1,8.4.144,0.12.6,2.14.0,2026-09-13 10:08:36,scripts/25_esit_fp_adaylari.py
model_00341,Model-512,train_ZRI_2034_JPG.rf.f46e467586e3c5aa8c16eaf4382ce56f.jpg,ZRI,0.7293,2504.9,867.8,2585.9,921.8,81.0,54.0,0.7661,0.7661,TP,0.52,1.8089,,,,hayir,,,reports/hafta7_fp_protokolu.md,test,157,tahminler_taban512_hafta7.csv,tahminler_model512.csv,0.3,0.52,1.8089,0.3,0.5,0.1,8,512,110,55,20260913,"Esikler, katsayilar ve ornek buyuklukleri KARARDIR; olcumden turetilmedi. Ayrinti protokol dosyasinda.",3.13.1,8.4.144,0.12.6,2.14.0,2026-09-13 10:08:36,scripts/25_esit_fp_adaylari.py
model_00342,Model-512,train_ZRI_2034_JPG.rf.f46e467586e3c5aa8c16eaf4382ce56f.jpg,ZRI,0.6738,3280.2,1404.5,3352.6,1494.2,72.4,89.7,0.6995,0.6995,TP,0.52,1.8089,,,,hayir,,,reports/hafta7_fp_protokolu.md,test,157,tahminler_taban512_hafta7.csv,tahminler_model512.csv,0.3,0.52,1.8089,0.3,0.5,0.1,8,512,110,55,20260913,"Esikler, katsayilar ve ornek buyuklukleri KARARDIR; olcumden turetilmedi. Ayrinti protokol dosyasinda.",3.13.1,8.4.144,0.12.6,2.14.0,2026-09-13 10:08:36,scripts/25_esit_fp_adaylari.py
model_00343,Model-512,train_ZRI_2034_JPG.rf.f46e467586e3c5aa8c16eaf4382ce56f.jpg,ZRI,0.6216,2402.2,1939.7,2456.4,1984.1,54.2,44.4,0.0,,FP,0.52,1.8089,,a0173,a0362,evet,Model-512/ZRI,0.3504,reports/hafta7_fp_protokolu.md,test,157,tahminler_taban512_hafta7.csv,tahminler_model512.csv,0.3,0.52,1.8089,0.3,0.5,0.1,8,512,110,55,20260913,"Esikler, katsayilar ve ornek buyuklukleri KARARDIR; olcumden turetilmedi. Ayrinti protokol dosyasinda.",3.13.1,8.4.144,0.12.6,2.14.0,2026-09-13 10:08:36,scripts/25_esit_fp_adaylari.py
model_00344,Model-512,train_ZRI_2034_JPG.rf.f46e467586e3c5aa8c16eaf4382ce56f.jpg,ZRI,0.5947,2073.5,2365.4,2143.6,2422.0,70.1,56.6,0.0,,FP,0.52,1.8089,,,,hayir,,,reports/hafta7_fp_protokolu.md,test,157,tahminler_taban512_hafta7.csv,tahminler_model512.csv,0.3,0.52,1.8089,0.3,0.5,0.1,8,512,110,55,20260913,"Esikler, katsayilar ve ornek buyuklukleri KARARDIR; olcumden turetilmedi. Ayrinti protokol dosyasinda.",3.13.1,8.4.144,0.12.6,2.14.0,2026-09-13 10:08:36,scripts/25_esit_fp_adaylari.py
model_00345,Model-512,train_ZRI_2034_JPG.rf.f46e467586e3c5aa8c16eaf4382ce56f.jpg,ZRI,0.5899,1854.8,2083.5,1901.6,2143.5,46.8,60.0,0.9199,0.9199,TP,0.52,1.8089,,,,hayir,,,reports/hafta7_fp_protokolu.md,test,157,tahminler_taban512_hafta7.csv,tahminler_model512.csv,0.3,0.52,1.8089,0.3,0.5,0.1,8,512,110,55,20260913,"Esikler, katsayilar ve ornek buyuklukleri KARARDIR; olcumden turetilmedi. Ayrinti protokol dosyasinda.",3.13.1,8.4.144,0.12.6,2.14.0,2026-09-13 10:08:36,scripts/25_esit_fp_adaylari.py
model_00346,Model-512,train_ZRI_2034_JPG.rf.f46e467586e3c5aa8c16eaf4382ce56f.jpg,ZRI,0.5836,3242.2,1470.2,3315.1,1532.3,72.9,62.1,0.1005,,FP,0.52,1.8089,,,,hayir,,,reports/hafta7_fp_protokolu.md,test,157,tahminler_taban512_hafta7.csv,tahminler_model512.csv,0.3,0.52,1.8089,0.3,0.5,0.1,8,512,110,55,20260913,"Esikler, katsayilar ve ornek buyuklukleri KARARDIR; olcumden turetilmedi. Ayrinti protokol dosyasinda.",3.13.1,8.4.144,0.12.6,2.14.0,2026-09-13 10:08:36,scripts/25_esit_fp_adaylari.py
model_00347,Model-512,train_ZRI_2034_JPG.rf.f46e467586e3c5aa8c16eaf4382ce56f.jpg,ZRI,0.5689,2528.7,868.2,2562.0,929.3,33.3,61.1,0.4654,,FP,0.52,1.8089,,,,hayir,,,reports/hafta7_fp_protokolu.md,test,157,tahminler_taban512_hafta7.csv,tahminler_model512.csv,0.3,0.52,1.8089,0.3,0.5,0.1,8,512,110,55,20260913,"Esikler, katsayilar ve ornek buyuklukleri KARARDIR; olcumden turetilmedi. Ayrinti protokol dosyasinda.",3.13.1,8.4.144,0.12.6,2.14.0,2026-09-13 10:08:36,scripts/25_esit_fp_adaylari.py
model_00348,Model-512,train_ZRI_2034_JPG.rf.f46e467586e3c5aa8c16eaf4382ce56f.jpg,ZRI,0.5661,1875.1,820.2,1949.2,863.9,74.1,43.7,0.0,,FP,0.52,1.8089,,a0293,a0275,evet,Model-512/ZRI,0.3504,reports/hafta7_fp_protokolu.md,test,157,tahminler_taban512_hafta7.csv,tahminler_model512.csv,0.3,0.52,1.8089,0.3,0.5,0.1,8,512,110,55,20260913,"Esikler, katsayilar ve ornek buyuklukleri KARARDIR; olcumden turetilmedi. Ayrinti protokol dosyasinda.",3.13.1,8.4.144,0.12.6,2.14.0,2026-09-13 10:08:36,scripts/25_esit_fp_adaylari.py
model_00349,Model-512,train_ZRI_2035_JPG.rf.59dfa568de01527e83d9b4b52c088911.jpg,ZRI,0.8172,3473.9,1101.4,3530.2,1205.1,56.3,103.7,0.4179,0.4179,TP,0.52,1.8089,,,,hayir,,,reports/hafta7_fp_protokolu.md,test,157,tahminler_taban512_hafta7.csv,tahminler_model512.csv,0.3,0.52,1.8089,0.3,0.5,0.1,8,512,110,55,20260913,"Esikler, katsayilar ve ornek buyuklukleri KARARDIR; olcumden turetilmedi. Ayrinti protokol dosyasinda.",3.13.1,8.4.144,0.12.6,2.14.0,2026-09-13 10:08:36,scripts/25_esit_fp_adaylari.py
model_00350,Model-512,train_ZRI_2035_JPG.rf.59dfa568de01527e83d9b4b52c088911.jpg,ZRI,0.799,2352.6,169.7,2402.4,235.1,49.8,65.4,0.8409,0.8409,TP,0.52,1.8089,,,,hayir,,,reports/hafta7_fp_protokolu.md,test,157,tahminler_taban512_hafta7.csv,tahminler_model512.csv,0.3,0.52,1.8089,0.3,0.5,0.1,8,512,110,55,20260913,"Esikler, katsayilar ve ornek buyuklukleri KARARDIR; olcumden turetilmedi. Ayrinti protokol dosyasinda.",3.13.1,8.4.144,0.12.6,2.14.0,2026-09-13 10:08:36,scripts/25_esit_fp_adaylari.py
model_00351,Model-512,train_ZRI_2035_JPG.rf.59dfa568de01527e83d9b4b52c088911.jpg,ZRI,0.7716,2358.0,1324.6,2427.2,1390.8,69.2,66.2,0.9232,0.9232,TP,0.52,1.8089,,,,hayir,,,reports/hafta7_fp_protokolu.md,test,157,tahminler_taban512_hafta7.csv,tahminler_model512.csv,0.3,0.52,1.8089,0.3,0.5,0.1,8,512,110,55,20260913,"Esikler, katsayilar ve ornek buyuklukleri KARARDIR; olcumden turetilmedi. Ayrinti protokol dosyasinda.",3.13.1,8.4.144,0.12.6,2.14.0,2026-09-13 10:08:36,scripts/25_esit_fp_adaylari.py
model_00352,Model-512,train_ZRI_2035_JPG.rf.59dfa568de01527e83d9b4b52c088911.jpg,ZRI,0.7452,2436.2,968.5,2474.1,1008.6,37.9,40.1,0.0,,FP,0.52,1.8089,,,,hayir,,,reports/hafta7_fp_protokolu.md,test,157,tahminler_taban512_hafta7.csv,tahminler_model512.csv,0.3,0.52,1.8089,0.3,0.5,0.1,8,512,110,55,20260913,"Esikler, katsayilar ve ornek buyuklukleri KARARDIR; olcumden turetilmedi. Ayrinti protokol dosyasinda.",3.13.1,8.4.144,0.12.6,2.14.0,2026-09-13 10:08:36,scripts/25_esit_fp_adaylari.py
model_00353,Model-512,train_ZRI_2035_JPG.rf.59dfa568de01527e83d9b4b52c088911.jpg,ZRI,0.7424,2540.7,2546.5,2583.3,2599.5,42.6,53.0,0.7866,0.7866,TP,0.52,1.8089,,,,hayir,,,reports/hafta7_fp_protokolu.md,test,157,tahminler_taban512_hafta7.csv,tahminler_model512.csv,0.3,0.52,1.8089,0.3,0.5,0.1,8,512,110,55,20260913,"Esikler, katsayilar ve ornek buyuklukleri KARARDIR; olcumden turetilmedi. Ayrinti protokol dosyasinda.",3.13.1,8.4.144,0.12.6,2.14.0,2026-09-13 10:08:36,scripts/25_esit_fp_adaylari.py
model_00354,Model-512,train_ZRI_2035_JPG.rf.59dfa568de01527e83d9b4b52c088911.jpg,ZRI,0.7275,2484.2,2460.0,2556.9,2488.6,72.7,28.6,0.4253,0.4253,TP,0.52,1.8089,,,,hayir,,,reports/hafta7_fp_protokolu.md,test,157,tahminler_taban512_hafta7.csv,tahminler_model512.csv,0.3,0.52,1.8089,0.3,0.5,0.1,8,512,110,55,20260913,"Esikler, katsayilar ve ornek buyuklukleri KARARDIR; olcumden turetilmedi. Ayrinti protokol dosyasinda.",3.13.1,8.4.144,0.12.6,2.14.0,2026-09-13 10:08:36,scripts/25_esit_fp_adaylari.py
model_00355,Model-512,train_ZRI_2035_JPG.rf.59dfa568de01527e83d9b4b52c088911.jpg,ZRI,0.6666,3021.7,513.7,3117.0,611.7,95.3,98.0,0.6553,0.6553,TP,0.52,1.8089,,,,hayir,,,reports/hafta7_fp_protokolu.md,test,157,tahminler_taban512_hafta7.csv,tahminler_model512.csv,0.3,0.52,1.8089,0.3,0.5,0.1,8,512,110,55,20260913,"Esikler, katsayilar ve ornek buyuklukleri KARARDIR; olcumden turetilmedi. Ayrinti protokol dosyasinda.",3.13.1,8.4.144,0.12.6,2.14.0,2026-09-13 10:08:36,scripts/25_esit_fp_adaylari.py
model_00356,Model-512,train_ZRI_2035_JPG.rf.59dfa568de01527e83d9b4b52c088911.jpg,ZRI,0.6224,2481.6,2406.3,2557.1,2488.1,75.5,81.8,0.5504,,FP,0.52,1.8089,,,,hayir,,,reports/hafta7_fp_protokolu.md,test,157,tahminler_taban512_hafta7.csv,tahminler_model512.csv,0.3,0.52,1.8089,0.3,0.5,0.1,8,512,110,55,20260913,"Esikler, katsayilar ve ornek buyuklukleri KARARDIR; olcumden turetilmedi. Ayrinti protokol dosyasinda.",3.13.1,8.4.144,0.12.6,2.14.0,2026-09-13 10:08:36,scripts/25_esit_fp_adaylari.py
model_00357,Model-512,train_ZRI_2035_JPG.rf.59dfa568de01527e83d9b4b52c088911.jpg,ZRI,0.5887,2579.2,2845.3,2619.4,2894.6,40.2,49.3,0.8875,0.8875,TP,0.52,1.8089,,,,hayir,,,reports/hafta7_fp_protokolu.md,test,157,tahminler_taban512_hafta7.csv,tahminler_model512.csv,0.3,0.52,1.8089,0.3,0.5,0.1,8,512,110,55,20260913,"Esikler, katsayilar ve ornek buyuklukleri KARARDIR; olcumden turetilmedi. Ayrinti protokol dosyasinda.",3.13.1,8.4.144,0.12.6,2.14.0,2026-09-13 10:08:36,scripts/25_esit_fp_adaylari.py
model_00358,Model-512,train_ZRI_2035_JPG.rf.59dfa568de01527e83d9b4b52c088911.jpg,ZRI,0.5788,3317.3,347.6,3361.4,397.6,44.1,50.0,0.8359,0.8359,TP,0.52,1.8089,,,,hayir,,,reports/hafta7_fp_protokolu.md,test,157,tahminler_taban512_hafta7.csv,tahminler_model512.csv,0.3,0.52,1.8089,0.3,0.5,0.1,8,512,110,55,20260913,"Esikler, katsayilar ve ornek buyuklukleri KARARDIR; olcumden turetilmedi. Ayrinti protokol dosyasinda.",3.13.1,8.4.144,0.12.6,2.14.0,2026-09-13 10:08:36,scripts/25_esit_fp_adaylari.py
model_00359,Model-512,train_ZRI_2035_JPG.rf.59dfa568de01527e83d9b4b52c088911.jpg,ZRI,0.544,2568.6,2433.4,2634.7,2517.8,66.1,84.4,0.6555,0.6555,TP,0.52,1.8089,,,,hayir,,,reports/hafta7_fp_protokolu.md,test,157,tahminler_taban512_hafta7.csv,tahminler_model512.csv,0.3,0.52,1.8089,0.3,0.5,0.1,8,512,110,55,20260913,"Esikler, katsayilar ve ornek buyuklukleri KARARDIR; olcumden turetilmedi. Ayrinti protokol dosyasinda.",3.13.1,8.4.144,0.12.6,2.14.0,2026-09-13 10:08:36,scripts/25_esit_fp_adaylari.py
model_00360,Model-512,train_ZRI_2035_JPG.rf.59dfa568de01527e83d9b4b52c088911.jpg,ZRI,0.5223,3358.6,0.0,3483.2,46.6,124.6,46.6,0.0,,FP,0.52,1.8089,,,,hayir,,,reports/hafta7_fp_protokolu.md,test,157,tahminler_taban512_hafta7.csv,tahminler_model512.csv,0.3,0.52,1.8089,0.3,0.5,0.1,8,512,110,55,20260913,"Esikler, katsayilar ve ornek buyuklukleri KARARDIR; olcumden turetilmedi. Ayrinti protokol dosyasinda.",3.13.1,8.4.144,0.12.6,2.14.0,2026-09-13 10:08:36,scripts/25_esit_fp_adaylari.py
model_00361,Model-512,train_ZRI_2035_JPG.rf.59dfa568de01527e83d9b4b52c088911.jpg,ZRI,0.5206,3718.6,34.6,3792.0,114.0,73.4,79.4,0.0,,FP,0.52,1.8089,,a0180,a0431,evet,Model-512/ZRI,0.3504,reports/hafta7_fp_protokolu.md,test,157,tahminler_taban512_hafta7.csv,tahminler_model512.csv,0.3,0.52,1.8089,0.3,0.5,0.1,8,512,110,55,20260913,"Esikler, katsayilar ve ornek buyuklukleri KARARDIR; olcumden turetilmedi. Ayrinti protokol dosyasinda.",3.13.1,8.4.144,0.12.6,2.14.0,2026-09-13 10:08:36,scripts/25_esit_fp_adaylari.py
model_00362,Model-512,train_ZRI_2041_JPG.rf.2cc2c9d12200696c5f7b5eba4cdcf3df.jpg,ZRI,0.6385,2345.3,1263.5,2447.8,1358.6,102.5,95.1,0.5005,0.5005,TP,0.52,1.8089,,,,hayir,,,reports/hafta7_fp_protokolu.md,test,157,tahminler_taban512_hafta7.csv,tahminler_model512.csv,0.3,0.52,1.8089,0.3,0.5,0.1,8,512,110,55,20260913,"Esikler, katsayilar ve ornek buyuklukleri KARARDIR; olcumden turetilmedi. Ayrinti protokol dosyasinda.",3.13.1,8.4.144,0.12.6,2.14.0,2026-09-13 10:08:36,scripts/25_esit_fp_adaylari.py
model_00363,Model-512,train_ZRI_2041_JPG.rf.2cc2c9d12200696c5f7b5eba4cdcf3df.jpg,ZRI,0.5704,1030.9,2284.2,1158.4,2407.8,127.5,123.6,0.0,,FP,0.52,1.8089,,,,hayir,,,reports/hafta7_fp_protokolu.md,test,157,tahminler_taban512_hafta7.csv,tahminler_model512.csv,0.3,0.52,1.8089,0.3,0.5,0.1,8,512,110,55,20260913,"Esikler, katsayilar ve ornek buyuklukleri KARARDIR; olcumden turetilmedi. Ayrinti protokol dosyasinda.",3.13.1,8.4.144,0.12.6,2.14.0,2026-09-13 10:08:36,scripts/25_esit_fp_adaylari.py
model_00364,Model-512,train_ZRI_2041_JPG.rf.2cc2c9d12200696c5f7b5eba4cdcf3df.jpg,ZRI,0.5403,2625.3,0.5,2684.1,82.9,58.8,82.4,0.6852,0.6852,TP,0.52,1.8089,,,,hayir,,,reports/hafta7_fp_protokolu.md,test,157,tahminler_taban512_hafta7.csv,tahminler_model512.csv,0.3,0.52,1.8089,0.3,0.5,0.1,8,512,110,55,20260913,"Esikler, katsayilar ve ornek buyuklukleri KARARDIR; olcumden turetilmedi. Ayrinti protokol dosyasinda.",3.13.1,8.4.144,0.12.6,2.14.0,2026-09-13 10:08:36,scripts/25_esit_fp_adaylari.py
model_00365,Model-512,train_ZRI_2042_JPG.rf.f93dac15f1ae723890c10805241087d8.jpg,ZRI,0.8149,532.7,2187.8,606.8,2245.0,74.1,57.2,0.8493,0.8493,TP,0.52,1.8089,,,,hayir,,,reports/hafta7_fp_protokolu.md,test,157,tahminler_taban512_hafta7.csv,tahminler_model512.csv,0.3,0.52,1.8089,0.3,0.5,0.1,8,512,110,55,20260913,"Esikler, katsayilar ve ornek buyuklukleri KARARDIR; olcumden turetilmedi. Ayrinti protokol dosyasinda.",3.13.1,8.4.144,0.12.6,2.14.0,2026-09-13 10:08:36,scripts/25_esit_fp_adaylari.py
model_00366,Model-512,train_ZRI_2042_JPG.rf.f93dac15f1ae723890c10805241087d8.jpg,ZRI,0.8062,3230.1,2177.8,3340.5,2260.0,110.4,82.2,0.9006,0.9006,TP,0.52,1.8089,,,,hayir,,,reports/hafta7_fp_protokolu.md,test,157,tahminler_taban512_hafta7.csv,tahminler_model512.csv,0.3,0.52,1.8089,0.3,0.5,0.1,8,512,110,55,20260913,"Esikler, katsayilar ve ornek buyuklukleri KARARDIR; olcumden turetilmedi. Ayrinti protokol dosyasinda.",3.13.1,8.4.144,0.12.6,2.14.0,2026-09-13 10:08:36,scripts/25_esit_fp_adaylari.py
model_00367,Model-512,train_ZRI_2042_JPG.rf.f93dac15f1ae723890c10805241087d8.jpg,ZRI,0.7986,650.1,2248.1,746.7,2313.6,96.6,65.5,0.8525,0.8525,TP,0.52,1.8089,,,,hayir,,,reports/hafta7_fp_protokolu.md,test,157,tahminler_taban512_hafta7.csv,tahminler_model512.csv,0.3,0.52,1.8089,0.3,0.5,0.1,8,512,110,55,20260913,"Esikler, katsayilar ve ornek buyuklukleri KARARDIR; olcumden turetilmedi. Ayrinti protokol dosyasinda.",3.13.1,8.4.144,0.12.6,2.14.0,2026-09-13 10:08:36,scripts/25_esit_fp_adaylari.py
model_00368,Model-512,train_ZRI_2042_JPG.rf.f93dac15f1ae723890c10805241087d8.jpg,ZRI,0.7683,660.4,2188.5,731.9,2235.9,71.5,47.4,0.9407,0.9407,TP,0.52,1.8089,,,,hayir,,,reports/hafta7_fp_protokolu.md,test,157,tahminler_taban512_hafta7.csv,tahminler_model512.csv,0.3,0.52,1.8089,0.3,0.5,0.1,8,512,110,55,20260913,"Esikler, katsayilar ve ornek buyuklukleri KARARDIR; olcumden turetilmedi. Ayrinti protokol dosyasinda.",3.13.1,8.4.144,0.12.6,2.14.0,2026-09-13 10:08:36,scripts/25_esit_fp_adaylari.py
model_00369,Model-512,train_ZRI_2042_JPG.rf.f93dac15f1ae723890c10805241087d8.jpg,ZRI,0.5819,264.0,2069.2,384.7,2125.4,120.7,56.2,0.0,,FP,0.52,1.8089,,,,hayir,,,reports/hafta7_fp_protokolu.md,test,157,tahminler_taban512_hafta7.csv,tahminler_model512.csv,0.3,0.52,1.8089,0.3,0.5,0.1,8,512,110,55,20260913,"Esikler, katsayilar ve ornek buyuklukleri KARARDIR; olcumden turetilmedi. Ayrinti protokol dosyasinda.",3.13.1,8.4.144,0.12.6,2.14.0,2026-09-13 10:08:36,scripts/25_esit_fp_adaylari.py
model_00370,Model-512,train_ZRI_2042_JPG.rf.f93dac15f1ae723890c10805241087d8.jpg,ZRI,0.5371,3280.0,2188.2,3339.7,2259.6,59.7,71.4,0.4322,,FP,0.52,1.8089,,,,hayir,,,reports/hafta7_fp_protokolu.md,test,157,tahminler_taban512_hafta7.csv,tahminler_model512.csv,0.3,0.52,1.8089,0.3,0.5,0.1,8,512,110,55,20260913,"Esikler, katsayilar ve ornek buyuklukleri KARARDIR; olcumden turetilmedi. Ayrinti protokol dosyasinda.",3.13.1,8.4.144,0.12.6,2.14.0,2026-09-13 10:08:36,scripts/25_esit_fp_adaylari.py
model_00371,Model-512,train_ZRI_2046_JPG.rf.6e0e88c5239bc031fcd5636dc1b42f80.jpg,ZRI,0.813,1680.2,462.3,1741.7,534.5,61.5,72.2,0.6834,0.6834,TP,0.52,1.8089,,,,hayir,,,reports/hafta7_fp_protokolu.md,test,157,tahminler_taban512_hafta7.csv,tahminler_model512.csv,0.3,0.52,1.8089,0.3,0.5,0.1,8,512,110,55,20260913,"Esikler, katsayilar ve ornek buyuklukleri KARARDIR; olcumden turetilmedi. Ayrinti protokol dosyasinda.",3.13.1,8.4.144,0.12.6,2.14.0,2026-09-13 10:08:36,scripts/25_esit_fp_adaylari.py
model_00372,Model-512,train_ZRI_2046_JPG.rf.6e0e88c5239bc031fcd5636dc1b42f80.jpg,ZRI,0.8041,697.7,2153.4,775.1,2247.9,77.4,94.5,0.0,,FP,0.52,1.8089,,a0213,a0169,evet,Model-512/ZRI,0.3504,reports/hafta7_fp_protokolu.md,test,157,tahminler_taban512_hafta7.csv,tahminler_model512.csv,0.3,0.52,1.8089,0.3,0.5,0.1,8,512,110,55,20260913,"Esikler, katsayilar ve ornek buyuklukleri KARARDIR; olcumden turetilmedi. Ayrinti protokol dosyasinda.",3.13.1,8.4.144,0.12.6,2.14.0,2026-09-13 10:08:36,scripts/25_esit_fp_adaylari.py
model_00373,Model-512,train_ZRI_2046_JPG.rf.6e0e88c5239bc031fcd5636dc1b42f80.jpg,ZRI,0.7918,2360.7,908.5,2428.5,981.2,67.8,72.7,0.5598,0.5598,TP,0.52,1.8089,,,,hayir,,,reports/hafta7_fp_protokolu.md,test,157,tahminler_taban512_hafta7.csv,tahminler_model512.csv,0.3,0.52,1.8089,0.3,0.5,0.1,8,512,110,55,20260913,"Esikler, katsayilar ve ornek buyuklukleri KARARDIR; olcumden turetilmedi. Ayrinti protokol dosyasinda.",3.13.1,8.4.144,0.12.6,2.14.0,2026-09-13 10:08:36,scripts/25_esit_fp_adaylari.py
model_00374,Model-512,train_ZRI_2046_JPG.rf.6e0e88c5239bc031fcd5636dc1b42f80.jpg,ZRI,0.788,3398.3,2412.0,3459.0,2463.5,60.7,51.5,0.0,,FP,0.52,1.8089,,a0201,a0172,evet,Model-512/ZRI,0.3504,reports/hafta7_fp_protokolu.md,test,157,tahminler_taban512_hafta7.csv,tahminler_model512.csv,0.3,0.52,1.8089,0.3,0.5,0.1,8,512,110,55,20260913,"Esikler, katsayilar ve ornek buyuklukleri KARARDIR; olcumden turetilmedi. Ayrinti protokol dosyasinda.",3.13.1,8.4.144,0.12.6,2.14.0,2026-09-13 10:08:36,scripts/25_esit_fp_adaylari.py
model_00375,Model-512,train_ZRI_2046_JPG.rf.6e0e88c5239bc031fcd5636dc1b42f80.jpg,ZRI,0.7693,2282.1,884.3,2342.3,951.4,60.2,67.1,0.7963,0.7963,TP,0.52,1.8089,,,,hayir,,,reports/hafta7_fp_protokolu.md,test,157,tahminler_taban512_hafta7.csv,tahminler_model512.csv,0.3,0.52,1.8089,0.3,0.5,0.1,8,512,110,55,20260913,"Esikler, katsayilar ve ornek buyuklukleri KARARDIR; olcumden turetilmedi. Ayrinti protokol dosyasinda.",3.13.1,8.4.144,0.12.6,2.14.0,2026-09-13 10:08:36,scripts/25_esit_fp_adaylari.py
model_00376,Model-512,train_ZRI_2046_JPG.rf.6e0e88c5239bc031fcd5636dc1b42f80.jpg,ZRI,0.7627,2458.2,1277.3,2525.5,1353.8,67.3,76.5,0.8341,0.8341,TP,0.52,1.8089,,,,hayir,,,reports/hafta7_fp_protokolu.md,test,157,tahminler_taban512_hafta7.csv,tahminler_model512.csv,0.3,0.52,1.8089,0.3,0.5,0.1,8,512,110,55,20260913,"Esikler, katsayilar ve ornek buyuklukleri KARARDIR; olcumden turetilmedi. Ayrinti protokol dosyasinda.",3.13.1,8.4.144,0.12.6,2.14.0,2026-09-13 10:08:36,scripts/25_esit_fp_adaylari.py
model_00377,Model-512,train_ZRI_2046_JPG.rf.6e0e88c5239bc031fcd5636dc1b42f80.jpg,ZRI,0.7513,2605.0,1338.5,2659.1,1434.6,54.1,96.1,0.0581,,FP,0.52,1.8089,,,,hayir,,,reports/hafta7_fp_protokolu.md,test,157,tahminler_taban512_hafta7.csv,tahminler_model512.csv,0.3,0.52,1.8089,0.3,0.5,0.1,8,512,110,55,20260913,"Esikler, katsayilar ve ornek buyuklukleri KARARDIR; olcumden turetilmedi. Ayrinti protokol dosyasinda.",3.13.1,8.4.144,0.12.6,2.14.0,2026-09-13 10:08:36,scripts/25_esit_fp_adaylari.py
model_00378,Model-512,train_ZRI_2046_JPG.rf.6e0e88c5239bc031fcd5636dc1b42f80.jpg,ZRI,0.7144,1910.0,891.8,1999.2,1013.5,89.2,121.7,0.3524,0.3524,TP,0.52,1.8089,,,,hayir,,,reports/hafta7_fp_protokolu.md,test,157,tahminler_taban512_hafta7.csv,tahminler_model512.csv,0.3,0.52,1.8089,0.3,0.5,0.1,8,512,110,55,20260913,"Esikler, katsayilar ve ornek buyuklukleri KARARDIR; olcumden turetilmedi. Ayrinti protokol dosyasinda.",3.13.1,8.4.144,0.12.6,2.14.0,2026-09-13 10:08:36,scripts/25_esit_fp_adaylari.py
model_00379,Model-512,train_ZRI_2046_JPG.rf.6e0e88c5239bc031fcd5636dc1b42f80.jpg,ZRI,0.6949,624.3,934.4,680.3,1003.1,56.0,68.7,0.6629,0.6629,TP,0.52,1.8089,,,,hayir,,,reports/hafta7_fp_protokolu.md,test,157,tahminler_taban512_hafta7.csv,tahminler_model512.csv,0.3,0.52,1.8089,0.3,0.5,0.1,8,512,110,55,20260913,"Esikler, katsayilar ve ornek buyuklukleri KARARDIR; olcumden turetilmedi. Ayrinti protokol dosyasinda.",3.13.1,8.4.144,0.12.6,2.14.0,2026-09-13 10:08:36,scripts/25_esit_fp_adaylari.py
model_00380,Model-512,train_ZRI_2046_JPG.rf.6e0e88c5239bc031fcd5636dc1b42f80.jpg,ZRI,0.6725,1168.4,18.8,1212.5,95.7,44.1,76.9,0.8985,0.8985,TP,0.52,1.8089,,,,hayir,,,reports/hafta7_fp_protokolu.md,test,157,tahminler_taban512_hafta7.csv,tahminler_model512.csv,0.3,0.52,1.8089,0.3,0.5,0.1,8,512,110,55,20260913,"Esikler, katsayilar ve ornek buyuklukleri KARARDIR; olcumden turetilmedi. Ayrinti protokol dosyasinda.",3.13.1,8.4.144,0.12.6,2.14.0,2026-09-13 10:08:36,scripts/25_esit_fp_adaylari.py
model_00381,Model-512,train_ZRI_2046_JPG.rf.6e0e88c5239bc031fcd5636dc1b42f80.jpg,ZRI,0.6185,1561.4,855.2,1662.1,993.3,100.7,138.1,0.0,,FP,0.52,1.8089,,,,hayir,,,reports/hafta7_fp_protokolu.md,test,157,tahminler_taban512_hafta7.csv,tahminler_model512.csv,0.3,0.52,1.8089,0.3,0.5,0.1,8,512,110,55,20260913,"Esikler, katsayilar ve ornek buyuklukleri KARARDIR; olcumden turetilmedi. Ayrinti protokol dosyasinda.",3.13.1,8.4.144,0.12.6,2.14.0,2026-09-13 10:08:36,scripts/25_esit_fp_adaylari.py
model_00382,Model-512,train_ZRI_2046_JPG.rf.6e0e88c5239bc031fcd5636dc1b42f80.jpg,ZRI,0.5363,1683.0,461.8,1801.0,553.4,118.0,91.6,0.2828,,FP,0.52,1.8089,,a0077,a0160,evet,Model-512/ZRI,0.3504,reports/hafta7_fp_protokolu.md,test,157,tahminler_taban512_hafta7.csv,tahminler_model512.csv,0.3,0.52,1.8089,0.3,0.5,0.1,8,512,110,55,20260913,"Esikler, katsayilar ve ornek buyuklukleri KARARDIR; olcumden turetilmedi. Ayrinti protokol dosyasinda.",3.13.1,8.4.144,0.12.6,2.14.0,2026-09-13 10:08:36,scripts/25_esit_fp_adaylari.py
model_00383,Model-512,train_ZRI_2047_JPG.rf.28100fb3bc7c0eb615dea5cc673ffa75.jpg,ZRI,0.8363,3179.9,1469.4,3241.4,1529.4,61.5,60.0,0.8482,0.8482,TP,0.52,1.8089,,,,hayir,,,reports/hafta7_fp_protokolu.md,test,157,tahminler_taban512_hafta7.csv,tahminler_model512.csv,0.3,0.52,1.8089,0.3,0.5,0.1,8,512,110,55,20260913,"Esikler, katsayilar ve ornek buyuklukleri KARARDIR; olcumden turetilmedi. Ayrinti protokol dosyasinda.",3.13.1,8.4.144,0.12.6,2.14.0,2026-09-13 10:08:36,scripts/25_esit_fp_adaylari.py
model_00384,Model-512,train_ZRI_2047_JPG.rf.28100fb3bc7c0eb615dea5cc673ffa75.jpg,ZRI,0.835,2146.3,1355.8,2186.2,1397.0,39.9,41.2,0.0,,FP,0.52,1.8089,,,,hayir,,,reports/hafta7_fp_protokolu.md,test,157,tahminler_taban512_hafta7.csv,tahminler_model512.csv,0.3,0.52,1.8089,0.3,0.5,0.1,8,512,110,55,20260913,"Esikler, katsayilar ve ornek buyuklukleri KARARDIR; olcumden turetilmedi. Ayrinti protokol dosyasinda.",3.13.1,8.4.144,0.12.6,2.14.0,2026-09-13 10:08:36,scripts/25_esit_fp_adaylari.py
model_00385,Model-512,train_ZRI_2047_JPG.rf.28100fb3bc7c0eb615dea5cc673ffa75.jpg,ZRI,0.8234,272.8,662.0,335.3,734.5,62.5,72.5,0.9159,0.9159,TP,0.52,1.8089,,,,hayir,,,reports/hafta7_fp_protokolu.md,test,157,tahminler_taban512_hafta7.csv,tahminler_model512.csv,0.3,0.52,1.8089,0.3,0.5,0.1,8,512,110,55,20260913,"Esikler, katsayilar ve ornek buyuklukleri KARARDIR; olcumden turetilmedi. Ayrinti protokol dosyasinda.",3.13.1,8.4.144,0.12.6,2.14.0,2026-09-13 10:08:36,scripts/25_esit_fp_adaylari.py
model_00386,Model-512,train_ZRI_2047_JPG.rf.28100fb3bc7c0eb615dea5cc673ffa75.jpg,ZRI,0.8131,2267.6,1793.6,2341.5,1890.9,73.9,97.3,0.0367,,FP,0.52,1.8089,,,,hayir,,,reports/hafta7_fp_protokolu.md,test,157,tahminler_taban512_hafta7.csv,tahminler_model512.csv,0.3,0.52,1.8089,0.3,0.5,0.1,8,512,110,55,20260913,"Esikler, katsayilar ve ornek buyuklukleri KARARDIR; olcumden turetilmedi. Ayrinti protokol dosyasinda.",3.13.1,8.4.144,0.12.6,2.14.0,2026-09-13 10:08:36,scripts/25_esit_fp_adaylari.py
model_00387,Model-512,train_ZRI_2047_JPG.rf.28100fb3bc7c0eb615dea5cc673ffa75.jpg,ZRI,0.8128,1785.8,1359.6,1851.9,1434.1,66.1,74.5,0.6776,0.6776,TP,0.52,1.8089,,,,hayir,,,reports/hafta7_fp_protokolu.md,test,157,tahminler_taban512_hafta7.csv,tahminler_model512.csv,0.3,0.52,1.8089,0.3,0.5,0.1,8,512,110,55,20260913,"Esikler, katsayilar ve ornek buyuklukleri KARARDIR; olcumden turetilmedi. Ayrinti protokol dosyasinda.",3.13.1,8.4.144,0.12.6,2.14.0,2026-09-13 10:08:36,scripts/25_esit_fp_adaylari.py
model_00388,Model-512,train_ZRI_2047_JPG.rf.28100fb3bc7c0eb615dea5cc673ffa75.jpg,ZRI,0.8119,821.8,685.6,898.4,761.2,76.6,75.6,0.8579,0.8579,TP,0.52,1.8089,,,,hayir,,,reports/hafta7_fp_protokolu.md,test,157,tahminler_taban512_hafta7.csv,tahminler_model512.csv,0.3,0.52,1.8089,0.3,0.5,0.1,8,512,110,55,20260913,"Esikler, katsayilar ve ornek buyuklukleri KARARDIR; olcumden turetilmedi. Ayrinti protokol dosyasinda.",3.13.1,8.4.144,0.12.6,2.14.0,2026-09-13 10:08:36,scripts/25_esit_fp_adaylari.py
model_00389,Model-512,train_ZRI_2047_JPG.rf.28100fb3bc7c0eb615dea5cc673ffa75.jpg,ZRI,0.7982,996.5,1052.2,1054.3,1119.8,57.8,67.6,0.0,,FP,0.52,1.8089,,,,hayir,,,reports/hafta7_fp_protokolu.md,test,157,tahminler_taban512_hafta7.csv,tahminler_model512.csv,0.3,0.52,1.8089,0.3,0.5,0.1,8,512,110,55,20260913,"Esikler, katsayilar ve ornek buyuklukleri KARARDIR; olcumden turetilmedi. Ayrinti protokol dosyasinda.",3.13.1,8.4.144,0.12.6,2.14.0,2026-09-13 10:08:36,scripts/25_esit_fp_adaylari.py
model_00390,Model-512,train_ZRI_2047_JPG.rf.28100fb3bc7c0eb615dea5cc673ffa75.jpg,ZRI,0.7835,3641.0,1177.3,3722.0,1260.8,81.0,83.5,0.9108,0.9108,TP,0.52,1.8089,,,,hayir,,,reports/hafta7_fp_protokolu.md,test,157,tahminler_taban512_hafta7.csv,tahminler_model512.csv,0.3,0.52,1.8089,0.3,0.5,0.1,8,512,110,55,20260913,"Esikler, katsayilar ve ornek buyuklukleri KARARDIR; olcumden turetilmedi. Ayrinti protokol dosyasinda.",3.13.1,8.4.144,0.12.6,2.14.0,2026-09-13 10:08:36,scripts/25_esit_fp_adaylari.py
model_00391,Model-512,train_ZRI_2047_JPG.rf.28100fb3bc7c0eb615dea5cc673ffa75.jpg,ZRI,0.7806,1480.4,1693.9,1554.4,1842.7,74.0,148.8,0.2805,,FP,0.52,1.8089,,,,hayir,,,reports/hafta7_fp_protokolu.md,test,157,tahminler_taban512_hafta7.csv,tahminler_model512.csv,0.3,0.52,1.8089,0.3,0.5,0.1,8,512,110,55,20260913,"Esikler, katsayilar ve ornek buyuklukleri KARARDIR; olcumden turetilmedi. Ayrinti protokol dosyasinda.",3.13.1,8.4.144,0.12.6,2.14.0,2026-09-13 10:08:36,scripts/25_esit_fp_adaylari.py
model_00392,Model-512,train_ZRI_2047_JPG.rf.28100fb3bc7c0eb615dea5cc673ffa75.jpg,ZRI,0.7698,3188.3,1390.7,3229.9,1427.2,41.6,36.5,0.0,,FP,0.52,1.8089,,a0097,a0409,evet,Model-512/ZRI,0.3504,reports/hafta7_fp_protokolu.md,test,157,tahminler_taban512_hafta7.csv,tahminler_model512.csv,0.3,0.52,1.8089,0.3,0.5,0.1,8,512,110,55,20260913,"Esikler, katsayilar ve ornek buyuklukleri KARARDIR; olcumden turetilmedi. Ayrinti protokol dosyasinda.",3.13.1,8.4.144,0.12.6,2.14.0,2026-09-13 10:08:36,scripts/25_esit_fp_adaylari.py
model_00393,Model-512,train_ZRI_2047_JPG.rf.28100fb3bc7c0eb615dea5cc673ffa75.jpg,ZRI,0.7645,769.6,312.2,827.2,393.0,57.6,80.8,0.7894,0.7894,TP,0.52,1.8089,,,,hayir,,,reports/hafta7_fp_protokolu.md,test,157,tahminler_taban512_hafta7.csv,tahminler_model512.csv,0.3,0.52,1.8089,0.3,0.5,0.1,8,512,110,55,20260913,"Esikler, katsayilar ve ornek buyuklukleri KARARDIR; olcumden turetilmedi. Ayrinti protokol dosyasinda.",3.13.1,8.4.144,0.12.6,2.14.0,2026-09-13 10:08:36,scripts/25_esit_fp_adaylari.py
model_00394,Model-512,train_ZRI_2047_JPG.rf.28100fb3bc7c0eb615dea5cc673ffa75.jpg,ZRI,0.7499,2130.6,1789.8,2190.5,1871.8,59.9,82.0,0.8113,0.8113,TP,0.52,1.8089,,,,hayir,,,reports/hafta7_fp_protokolu.md,test,157,tahminler_taban512_hafta7.csv,tahminler_model512.csv,0.3,0.52,1.8089,0.3,0.5,0.1,8,512,110,55,20260913,"Esikler, katsayilar ve ornek buyuklukleri KARARDIR; olcumden turetilmedi. Ayrinti protokol dosyasinda.",3.13.1,8.4.144,0.12.6,2.14.0,2026-09-13 10:08:36,scripts/25_esit_fp_adaylari.py
model_00395,Model-512,train_ZRI_2047_JPG.rf.28100fb3bc7c0eb615dea5cc673ffa75.jpg,ZRI,0.6356,2303.9,1082.6,2355.9,1143.9,52.0,61.3,0.9103,0.9103,TP,0.52,1.8089,,,,hayir,,,reports/hafta7_fp_protokolu.md,test,157,tahminler_taban512_hafta7.csv,tahminler_model512.csv,0.3,0.52,1.8089,0.3,0.5,0.1,8,512,110,55,20260913,"Esikler, katsayilar ve ornek buyuklukleri KARARDIR; olcumden turetilmedi. Ayrinti protokol dosyasinda.",3.13.1,8.4.144,0.12.6,2.14.0,2026-09-13 10:08:36,scripts/25_esit_fp_adaylari.py
model_00396,Model-512,train_ZRI_2047_JPG.rf.28100fb3bc7c0eb615dea5cc673ffa75.jpg,ZRI,0.6199,1522.3,1993.7,1566.6,2030.3,44.3,36.6,0.0,,FP,0.52,1.8089,,,,hayir,,,reports/hafta7_fp_protokolu.md,test,157,tahminler_taban512_hafta7.csv,tahminler_model512.csv,0.3,0.52,1.8089,0.3,0.5,0.1,8,512,110,55,20260913,"Esikler, katsayilar ve ornek buyuklukleri KARARDIR; olcumden turetilmedi. Ayrinti protokol dosyasinda.",3.13.1,8.4.144,0.12.6,2.14.0,2026-09-13 10:08:36,scripts/25_esit_fp_adaylari.py
model_00397,Model-512,train_ZRI_2047_JPG.rf.28100fb3bc7c0eb615dea5cc673ffa75.jpg,ZRI,0.5589,743.5,447.3,805.3,511.7,61.8,64.4,0.587,0.587,TP,0.52,1.8089,,,,hayir,,,reports/hafta7_fp_protokolu.md,test,157,tahminler_taban512_hafta7.csv,tahminler_model512.csv,0.3,0.52,1.8089,0.3,0.5,0.1,8,512,110,55,20260913,"Esikler, katsayilar ve ornek buyuklukleri KARARDIR; olcumden turetilmedi. Ayrinti protokol dosyasinda.",3.13.1,8.4.144,0.12.6,2.14.0,2026-09-13 10:08:36,scripts/25_esit_fp_adaylari.py
model_00398,Model-512,train_ZRI_2047_JPG.rf.28100fb3bc7c0eb615dea5cc673ffa75.jpg,ZRI,0.5263,1475.4,1692.7,1534.3,1742.0,58.9,49.3,0.6495,0.6495,TP,0.52,1.8089,,,,hayir,,,reports/hafta7_fp_protokolu.md,test,157,tahminler_taban512_hafta7.csv,tahminler_model512.csv,0.3,0.52,1.8089,0.3,0.5,0.1,8,512,110,55,20260913,"Esikler, katsayilar ve ornek buyuklukleri KARARDIR; olcumden turetilmedi. Ayrinti protokol dosyasinda.",3.13.1,8.4.144,0.12.6,2.14.0,2026-09-13 10:08:36,scripts/25_esit_fp_adaylari.py
model_00399,Model-512,train_ZRI_2048_JPG.rf.0fae12d6c534313cce3f628106f8d597.jpg,ZRI,0.8323,75.0,1283.7,152.8,1357.0,77.8,73.3,0.8813,0.8813,TP,0.52,1.8089,,,,hayir,,,reports/hafta7_fp_protokolu.md,test,157,tahminler_taban512_hafta7.csv,tahminler_model512.csv,0.3,0.52,1.8089,0.3,0.5,0.1,8,512,110,55,20260913,"Esikler, katsayilar ve ornek buyuklukleri KARARDIR; olcumden turetilmedi. Ayrinti protokol dosyasinda.",3.13.1,8.4.144,0.12.6,2.14.0,2026-09-13 10:08:36,scripts/25_esit_fp_adaylari.py
model_00400,Model-512,train_ZRI_2048_JPG.rf.0fae12d6c534313cce3f628106f8d597.jpg,ZRI,0.8289,2739.5,2026.0,2814.0,2105.3,74.5,79.3,0.659,0.659,TP,0.52,1.8089,,,,hayir,,,reports/hafta7_fp_protokolu.md,test,157,tahminler_taban512_hafta7.csv,tahminler_model512.csv,0.3,0.52,1.8089,0.3,0.5,0.1,8,512,110,55,20260913,"Esikler, katsayilar ve ornek buyuklukleri KARARDIR; olcumden turetilmedi. Ayrinti protokol dosyasinda.",3.13.1,8.4.144,0.12.6,2.14.0,2026-09-13 10:08:36,scripts/25_esit_fp_adaylari.py
model_00401,Model-512,train_ZRI_2048_JPG.rf.0fae12d6c534313cce3f628106f8d597.jpg,ZRI,0.8114,1184.7,438.1,1237.7,497.9,53.0,59.8,0.9208,0.9208,TP,0.52,1.8089,,,,hayir,,,reports/hafta7_fp_protokolu.md,test,157,tahminler_taban512_hafta7.csv,tahminler_model512.csv,0.3,0.52,1.8089,0.3,0.5,0.1,8,512,110,55,20260913,"Esikler, katsayilar ve ornek buyuklukleri KARARDIR; olcumden turetilmedi. Ayrinti protokol dosyasinda.",3.13.1,8.4.144,0.12.6,2.14.0,2026-09-13 10:08:36,scripts/25_esit_fp_adaylari.py
model_00402,Model-512,train_ZRI_2048_JPG.rf.0fae12d6c534313cce3f628106f8d597.jpg,ZRI,0.7882,3294.0,2536.3,3362.0,2579.5,68.0,43.2,0.0,,FP,0.52,1.8089,,a0251,a0333,evet,Model-512/ZRI,0.3504,reports/hafta7_fp_protokolu.md,test,157,tahminler_taban512_hafta7.csv,tahminler_model512.csv,0.3,0.52,1.8089,0.3,0.5,0.1,8,512,110,55,20260913,"Esikler, katsayilar ve ornek buyuklukleri KARARDIR; olcumden turetilmedi. Ayrinti protokol dosyasinda.",3.13.1,8.4.144,0.12.6,2.14.0,2026-09-13 10:08:36,scripts/25_esit_fp_adaylari.py
model_00403,Model-512,train_ZRI_2048_JPG.rf.0fae12d6c534313cce3f628106f8d597.jpg,ZRI,0.7867,73.5,1283.0,134.8,1332.0,61.3,49.0,0.5498,,FP,0.52,1.8089,,a0122,a0302,evet,Model-512/ZRI,0.3504,reports/hafta7_fp_protokolu.md,test,157,tahminler_taban512_hafta7.csv,tahminler_model512.csv,0.3,0.52,1.8089,0.3,0.5,0.1,8,512,110,55,20260913,"Esikler, katsayilar ve ornek buyuklukleri KARARDIR; olcumden turetilmedi. Ayrinti protokol dosyasinda.",3.13.1,8.4.144,0.12.6,2.14.0,2026-09-13 10:08:36,scripts/25_esit_fp_adaylari.py
model_00404,Model-512,train_ZRI_2048_JPG.rf.0fae12d6c534313cce3f628106f8d597.jpg,ZRI,0.7672,711.6,1331.7,794.5,1397.6,82.9,65.9,0.7709,0.7709,TP,0.52,1.8089,,,,hayir,,,reports/hafta7_fp_protokolu.md,test,157,tahminler_taban512_hafta7.csv,tahminler_model512.csv,0.3,0.52,1.8089,0.3,0.5,0.1,8,512,110,55,20260913,"Esikler, katsayilar ve ornek buyuklukleri KARARDIR; olcumden turetilmedi. Ayrinti protokol dosyasinda.",3.13.1,8.4.144,0.12.6,2.14.0,2026-09-13 10:08:36,scripts/25_esit_fp_adaylari.py
model_00405,Model-512,train_ZRI_2048_JPG.rf.0fae12d6c534313cce3f628106f8d597.jpg,ZRI,0.7628,2416.9,2859.8,2490.9,2967.7,74.0,107.9,0.0,,FP,0.52,1.8089,,,,hayir,,,reports/hafta7_fp_protokolu.md,test,157,tahminler_taban512_hafta7.csv,tahminler_model512.csv,0.3,0.52,1.8089,0.3,0.5,0.1,8,512,110,55,20260913,"Esikler, katsayilar ve ornek buyuklukleri KARARDIR; olcumden turetilmedi. Ayrinti protokol dosyasinda.",3.13.1,8.4.144,0.12.6,2.14.0,2026-09-13 10:08:36,scripts/25_esit_fp_adaylari.py
model_00406,Model-512,train_ZRI_2048_JPG.rf.0fae12d6c534313cce3f628106f8d597.jpg,ZRI,0.7582,1038.3,2260.1,1086.2,2302.1,47.9,42.0,0.0,,FP,0.52,1.8089,,,,hayir,,,reports/hafta7_fp_protokolu.md,test,157,tahminler_taban512_hafta7.csv,tahminler_model512.csv,0.3,0.52,1.8089,0.3,0.5,0.1,8,512,110,55,20260913,"Esikler, katsayilar ve ornek buyuklukleri KARARDIR; olcumden turetilmedi. Ayrinti protokol dosyasinda.",3.13.1,8.4.144,0.12.6,2.14.0,2026-09-13 10:08:36,scripts/25_esit_fp_adaylari.py
model_00407,Model-512,train_ZRI_2048_JPG.rf.0fae12d6c534313cce3f628106f8d597.jpg,ZRI,0.7366,588.8,685.1,670.9,766.5,82.1,81.4,0.9486,0.9486,TP,0.52,1.8089,,,,hayir,,,reports/hafta7_fp_protokolu.md,test,157,tahminler_taban512_hafta7.csv,tahminler_model512.csv,0.3,0.52,1.8089,0.3,0.5,0.1,8,512,110,55,20260913,"Esikler, katsayilar ve ornek buyuklukleri KARARDIR; olcumden turetilmedi. Ayrinti protokol dosyasinda.",3.13.1,8.4.144,0.12.6,2.14.0,2026-09-13 10:08:36,scripts/25_esit_fp_adaylari.py
model_00408,Model-512,train_ZRI_2048_JPG.rf.0fae12d6c534313cce3f628106f8d597.jpg,ZRI,0.7305,2734.7,2134.5,2793.1,2174.6,58.4,40.1,0.0,,FP,0.52,1.8089,,a0118,a0339,evet,Model-512/ZRI,0.3504,reports/hafta7_fp_protokolu.md,test,157,tahminler_taban512_hafta7.csv,tahminler_model512.csv,0.3,0.52,1.8089,0.3,0.5,0.1,8,512,110,55,20260913,"Esikler, katsayilar ve ornek buyuklukleri KARARDIR; olcumden turetilmedi. Ayrinti protokol dosyasinda.",3.13.1,8.4.144,0.12.6,2.14.0,2026-09-13 10:08:36,scripts/25_esit_fp_adaylari.py
model_00409,Model-512,train_ZRI_2048_JPG.rf.0fae12d6c534313cce3f628106f8d597.jpg,ZRI,0.7232,1848.4,2248.2,1909.6,2327.3,61.2,79.1,0.8408,0.8408,TP,0.52,1.8089,,,,hayir,,,reports/hafta7_fp_protokolu.md,test,157,tahminler_taban512_hafta7.csv,tahminler_model512.csv,0.3,0.52,1.8089,0.3,0.5,0.1,8,512,110,55,20260913,"Esikler, katsayilar ve ornek buyuklukleri KARARDIR; olcumden turetilmedi. Ayrinti protokol dosyasinda.",3.13.1,8.4.144,0.12.6,2.14.0,2026-09-13 10:08:36,scripts/25_esit_fp_adaylari.py
model_00410,Model-512,train_ZRI_2048_JPG.rf.0fae12d6c534313cce3f628106f8d597.jpg,ZRI,0.6752,910.0,1822.8,971.5,1881.2,61.5,58.4,0.0,,FP,0.52,1.8089,,,,hayir,,,reports/hafta7_fp_protokolu.md,test,157,tahminler_taban512_hafta7.csv,tahminler_model512.csv,0.3,0.52,1.8089,0.3,0.5,0.1,8,512,110,55,20260913,"Esikler, katsayilar ve ornek buyuklukleri KARARDIR; olcumden turetilmedi. Ayrinti protokol dosyasinda.",3.13.1,8.4.144,0.12.6,2.14.0,2026-09-13 10:08:36,scripts/25_esit_fp_adaylari.py
model_00411,Model-512,train_ZRI_2048_JPG.rf.0fae12d6c534313cce3f628106f8d597.jpg,ZRI,0.6506,559.0,1205.1,635.5,1297.8,76.5,92.7,0.8034,0.8034,TP,0.52,1.8089,,,,hayir,,,reports/hafta7_fp_protokolu.md,test,157,tahminler_taban512_hafta7.csv,tahminler_model512.csv,0.3,0.52,1.8089,0.3,0.5,0.1,8,512,110,55,20260913,"Esikler, katsayilar ve ornek buyuklukleri KARARDIR; olcumden turetilmedi. Ayrinti protokol dosyasinda.",3.13.1,8.4.144,0.12.6,2.14.0,2026-09-13 10:08:36,scripts/25_esit_fp_adaylari.py
model_00412,Model-512,train_ZRI_2048_JPG.rf.0fae12d6c534313cce3f628106f8d597.jpg,ZRI,0.6009,87.9,2459.2,155.5,2516.7,67.6,57.5,0.0,,FP,0.52,1.8089,,a0131,a0403,evet,Model-512/ZRI,0.3504,reports/hafta7_fp_protokolu.md,test,157,tahminler_taban512_hafta7.csv,tahminler_model512.csv,0.3,0.52,1.8089,0.3,0.5,0.1,8,512,110,55,20260913,"Esikler, katsayilar ve ornek buyuklukleri KARARDIR; olcumden turetilmedi. Ayrinti protokol dosyasinda.",3.13.1,8.4.144,0.12.6,2.14.0,2026-09-13 10:08:36,scripts/25_esit_fp_adaylari.py
model_00413,Model-512,train_ZRI_2048_JPG.rf.0fae12d6c534313cce3f628106f8d597.jpg,ZRI,0.5993,430.1,1230.7,512.0,1316.5,81.9,85.8,0.8876,0.8876,TP,0.52,1.8089,,,,hayir,,,reports/hafta7_fp_protokolu.md,test,157,tahminler_taban512_hafta7.csv,tahminler_model512.csv,0.3,0.52,1.8089,0.3,0.5,0.1,8,512,110,55,20260913,"Esikler, katsayilar ve ornek buyuklukleri KARARDIR; olcumden turetilmedi. Ayrinti protokol dosyasinda.",3.13.1,8.4.144,0.12.6,2.14.0,2026-09-13 10:08:36,scripts/25_esit_fp_adaylari.py
model_00414,Model-512,train_ZRI_2049_JPG.rf.35c07c1208f36c275450d0a1f718410a.jpg,ZRI,0.829,1943.5,335.3,2007.1,436.0,63.6,100.7,0.6099,0.6099,TP,0.52,1.8089,,,,hayir,,,reports/hafta7_fp_protokolu.md,test,157,tahminler_taban512_hafta7.csv,tahminler_model512.csv,0.3,0.52,1.8089,0.3,0.5,0.1,8,512,110,55,20260913,"Esikler, katsayilar ve ornek buyuklukleri KARARDIR; olcumden turetilmedi. Ayrinti protokol dosyasinda.",3.13.1,8.4.144,0.12.6,2.14.0,2026-09-13 10:08:36,scripts/25_esit_fp_adaylari.py
model_00415,Model-512,train_ZRI_2049_JPG.rf.35c07c1208f36c275450d0a1f718410a.jpg,ZRI,0.8113,291.2,507.5,369.4,575.7,78.2,68.2,0.0,,FP,0.52,1.8089,,,,hayir,,,reports/hafta7_fp_protokolu.md,test,157,tahminler_taban512_hafta7.csv,tahminler_model512.csv,0.3,0.52,1.8089,0.3,0.5,0.1,8,512,110,55,20260913,"Esikler, katsayilar ve ornek buyuklukleri KARARDIR; olcumden turetilmedi. Ayrinti protokol dosyasinda.",3.13.1,8.4.144,0.12.6,2.14.0,2026-09-13 10:08:36,scripts/25_esit_fp_adaylari.py
model_00416,Model-512,train_ZRI_2049_JPG.rf.35c07c1208f36c275450d0a1f718410a.jpg,ZRI,0.7919,1790.2,2777.3,1854.1,2858.1,63.9,80.8,0.0,,FP,0.52,1.8089,,,,hayir,,,reports/hafta7_fp_protokolu.md,test,157,tahminler_taban512_hafta7.csv,tahminler_model512.csv,0.3,0.52,1.8089,0.3,0.5,0.1,8,512,110,55,20260913,"Esikler, katsayilar ve ornek buyuklukleri KARARDIR; olcumden turetilmedi. Ayrinti protokol dosyasinda.",3.13.1,8.4.144,0.12.6,2.14.0,2026-09-13 10:08:36,scripts/25_esit_fp_adaylari.py
model_00417,Model-512,train_ZRI_2049_JPG.rf.35c07c1208f36c275450d0a1f718410a.jpg,ZRI,0.6714,1267.8,166.0,1314.4,266.0,46.6,100.0,0.8357,0.8357,TP,0.52,1.8089,,,,hayir,,,reports/hafta7_fp_protokolu.md,test,157,tahminler_taban512_hafta7.csv,tahminler_model512.csv,0.3,0.52,1.8089,0.3,0.5,0.1,8,512,110,55,20260913,"Esikler, katsayilar ve ornek buyuklukleri KARARDIR; olcumden turetilmedi. Ayrinti protokol dosyasinda.",3.13.1,8.4.144,0.12.6,2.14.0,2026-09-13 10:08:36,scripts/25_esit_fp_adaylari.py
model_00418,Model-512,train_ZRI_2049_JPG.rf.35c07c1208f36c275450d0a1f718410a.jpg,ZRI,0.6462,1657.4,1965.9,1741.8,2067.9,84.4,102.0,0.4649,0.4649,TP,0.52,1.8089,,,,hayir,,,reports/hafta7_fp_protokolu.md,test,157,tahminler_taban512_hafta7.csv,tahminler_model512.csv,0.3,0.52,1.8089,0.3,0.5,0.1,8,512,110,55,20260913,"Esikler, katsayilar ve ornek buyuklukleri KARARDIR; olcumden turetilmedi. Ayrinti protokol dosyasinda.",3.13.1,8.4.144,0.12.6,2.14.0,2026-09-13 10:08:36,scripts/25_esit_fp_adaylari.py
model_00419,Model-512,train_ZRI_2049_JPG.rf.35c07c1208f36c275450d0a1f718410a.jpg,ZRI,0.6349,1532.4,195.9,1574.6,256.9,42.2,61.0,0.0,,FP,0.52,1.8089,,a0073,a0265,evet,Model-512/ZRI,0.3504,reports/hafta7_fp_protokolu.md,test,157,tahminler_taban512_hafta7.csv,tahminler_model512.csv,0.3,0.52,1.8089,0.3,0.5,0.1,8,512,110,55,20260913,"Esikler, katsayilar ve ornek buyuklukleri KARARDIR; olcumden turetilmedi. Ayrinti protokol dosyasinda.",3.13.1,8.4.144,0.12.6,2.14.0,2026-09-13 10:08:36,scripts/25_esit_fp_adaylari.py
model_00420,Model-512,train_ZRI_2049_JPG.rf.35c07c1208f36c275450d0a1f718410a.jpg,ZRI,0.5931,1945.6,410.0,1996.2,437.4,50.6,27.4,0.2851,,FP,0.52,1.8089,,a0297,a0440,evet,Model-512/ZRI,0.3504,reports/hafta7_fp_protokolu.md,test,157,tahminler_taban512_hafta7.csv,tahminler_model512.csv,0.3,0.52,1.8089,0.3,0.5,0.1,8,512,110,55,20260913,"Esikler, katsayilar ve ornek buyuklukleri KARARDIR; olcumden turetilmedi. Ayrinti protokol dosyasinda.",3.13.1,8.4.144,0.12.6,2.14.0,2026-09-13 10:08:36,scripts/25_esit_fp_adaylari.py
model_00421,Model-512,train_ZRI_2049_JPG.rf.35c07c1208f36c275450d0a1f718410a.jpg,ZRI,0.5346,936.9,1464.8,974.2,1502.5,37.3,37.7,0.0,,FP,0.52,1.8089,,,,hayir,,,reports/hafta7_fp_protokolu.md,test,157,tahminler_taban512_hafta7.csv,tahminler_model512.csv,0.3,0.52,1.8089,0.3,0.5,0.1,8,512,110,55,20260913,"Esikler, katsayilar ve ornek buyuklukleri KARARDIR; olcumden turetilmedi. Ayrinti protokol dosyasinda.",3.13.1,8.4.144,0.12.6,2.14.0,2026-09-13 10:08:36,scripts/25_esit_fp_adaylari.py
model_00422,Model-512,train_ZRI_2049_JPG.rf.35c07c1208f36c275450d0a1f718410a.jpg,ZRI,0.5299,1848.0,1360.3,1899.7,1449.8,51.7,89.5,0.0,,FP,0.52,1.8089,,,,hayir,,,reports/hafta7_fp_protokolu.md,test,157,tahminler_taban512_hafta7.csv,tahminler_model512.csv,0.3,0.52,1.8089,0.3,0.5,0.1,8,512,110,55,20260913,"Esikler, katsayilar ve ornek buyuklukleri KARARDIR; olcumden turetilmedi. Ayrinti protokol dosyasinda.",3.13.1,8.4.144,0.12.6,2.14.0,2026-09-13 10:08:36,scripts/25_esit_fp_adaylari.py
model_00423,Model-512,train_ZRI_2049_JPG.rf.35c07c1208f36c275450d0a1f718410a.jpg,ZRI,0.5268,1483.8,113.5,1516.5,156.9,32.7,43.4,0.0,,FP,0.52,1.8089,,,,hayir,,,reports/hafta7_fp_protokolu.md,test,157,tahminler_taban512_hafta7.csv,tahminler_model512.csv,0.3,0.52,1.8089,0.3,0.5,0.1,8,512,110,55,20260913,"Esikler, katsayilar ve ornek buyuklukleri KARARDIR; olcumden turetilmedi. Ayrinti protokol dosyasinda.",3.13.1,8.4.144,0.12.6,2.14.0,2026-09-13 10:08:36,scripts/25_esit_fp_adaylari.py
model_00424,Model-512,train_ZRI_2049_JPG.rf.35c07c1208f36c275450d0a1f718410a.jpg,ZRI,0.5221,1230.0,525.1,1262.1,585.2,32.1,60.1,0.0,,FP,0.52,1.8089,,a0001,a0421,evet,Model-512/ZRI,0.3504,reports/hafta7_fp_protokolu.md,test,157,tahminler_taban512_hafta7.csv,tahminler_model512.csv,0.3,0.52,1.8089,0.3,0.5,0.1,8,512,110,55,20260913,"Esikler, katsayilar ve ornek buyuklukleri KARARDIR; olcumden turetilmedi. Ayrinti protokol dosyasinda.",3.13.1,8.4.144,0.12.6,2.14.0,2026-09-13 10:08:36,scripts/25_esit_fp_adaylari.py
model_00425,Model-512,train_ZRI_2050_JPG.rf.6921c2273a748f4edbc0852aa24bddca.jpg,ZRI,0.8357,2469.4,1399.3,2536.3,1498.7,66.9,99.4,0.478,0.478,TP,0.52,1.8089,,,,hayir,,,reports/hafta7_fp_protokolu.md,test,157,tahminler_taban512_hafta7.csv,tahminler_model512.csv,0.3,0.52,1.8089,0.3,0.5,0.1,8,512,110,55,20260913,"Esikler, katsayilar ve ornek buyuklukleri KARARDIR; olcumden turetilmedi. Ayrinti protokol dosyasinda.",3.13.1,8.4.144,0.12.6,2.14.0,2026-09-13 10:08:36,scripts/25_esit_fp_adaylari.py
model_00426,Model-512,train_ZRI_2050_JPG.rf.6921c2273a748f4edbc0852aa24bddca.jpg,ZRI,0.7985,879.0,2568.5,923.0,2617.4,44.0,48.9,0.0,,FP,0.52,1.8089,,a0355,a0128,evet,Model-512/ZRI,0.3504,reports/hafta7_fp_protokolu.md,test,157,tahminler_taban512_hafta7.csv,tahminler_model512.csv,0.3,0.52,1.8089,0.3,0.5,0.1,8,512,110,55,20260913,"Esikler, katsayilar ve ornek buyuklukleri KARARDIR; olcumden turetilmedi. Ayrinti protokol dosyasinda.",3.13.1,8.4.144,0.12.6,2.14.0,2026-09-13 10:08:36,scripts/25_esit_fp_adaylari.py
model_00427,Model-512,train_ZRI_2050_JPG.rf.6921c2273a748f4edbc0852aa24bddca.jpg,ZRI,0.7634,124.2,1247.9,212.9,1314.0,88.7,66.1,0.0,,FP,0.52,1.8089,,,,hayir,,,reports/hafta7_fp_protokolu.md,test,157,tahminler_taban512_hafta7.csv,tahminler_model512.csv,0.3,0.52,1.8089,0.3,0.5,0.1,8,512,110,55,20260913,"Esikler, katsayilar ve ornek buyuklukleri KARARDIR; olcumden turetilmedi. Ayrinti protokol dosyasinda.",3.13.1,8.4.144,0.12.6,2.14.0,2026-09-13 10:08:36,scripts/25_esit_fp_adaylari.py
model_00428,Model-512,train_ZRI_2050_JPG.rf.6921c2273a748f4edbc0852aa24bddca.jpg,ZRI,0.6961,546.3,1868.0,595.5,1899.3,49.2,31.3,0.0,,FP,0.52,1.8089,,a0011,a0247,evet,Model-512/ZRI,0.3504,reports/hafta7_fp_protokolu.md,test,157,tahminler_taban512_hafta7.csv,tahminler_model512.csv,0.3,0.52,1.8089,0.3,0.5,0.1,8,512,110,55,20260913,"Esikler, katsayilar ve ornek buyuklukleri KARARDIR; olcumden turetilmedi. Ayrinti protokol dosyasinda.",3.13.1,8.4.144,0.12.6,2.14.0,2026-09-13 10:08:36,scripts/25_esit_fp_adaylari.py
model_00429,Model-512,train_ZRI_2050_JPG.rf.6921c2273a748f4edbc0852aa24bddca.jpg,ZRI,0.6886,339.5,1857.4,392.6,1901.2,53.1,43.8,0.0,,FP,0.52,1.8089,,,,hayir,,,reports/hafta7_fp_protokolu.md,test,157,tahminler_taban512_hafta7.csv,tahminler_model512.csv,0.3,0.52,1.8089,0.3,0.5,0.1,8,512,110,55,20260913,"Esikler, katsayilar ve ornek buyuklukleri KARARDIR; olcumden turetilmedi. Ayrinti protokol dosyasinda.",3.13.1,8.4.144,0.12.6,2.14.0,2026-09-13 10:08:36,scripts/25_esit_fp_adaylari.py
model_00430,Model-512,train_ZRI_2050_JPG.rf.6921c2273a748f4edbc0852aa24bddca.jpg,ZRI,0.6835,1555.3,823.6,1603.3,887.6,48.0,64.0,0.0,,FP,0.52,1.8089,,,,hayir,,,reports/hafta7_fp_protokolu.md,test,157,tahminler_taban512_hafta7.csv,tahminler_model512.csv,0.3,0.52,1.8089,0.3,0.5,0.1,8,512,110,55,20260913,"Esikler, katsayilar ve ornek buyuklukleri KARARDIR; olcumden turetilmedi. Ayrinti protokol dosyasinda.",3.13.1,8.4.144,0.12.6,2.14.0,2026-09-13 10:08:36,scripts/25_esit_fp_adaylari.py
model_00431,Model-512,train_ZRI_2050_JPG.rf.6921c2273a748f4edbc0852aa24bddca.jpg,ZRI,0.6731,1252.1,802.7,1304.9,905.7,52.8,103.0,0.8777,0.8777,TP,0.52,1.8089,,,,hayir,,,reports/hafta7_fp_protokolu.md,test,157,tahminler_taban512_hafta7.csv,tahminler_model512.csv,0.3,0.52,1.8089,0.3,0.5,0.1,8,512,110,55,20260913,"Esikler, katsayilar ve ornek buyuklukleri KARARDIR; olcumden turetilmedi. Ayrinti protokol dosyasinda.",3.13.1,8.4.144,0.12.6,2.14.0,2026-09-13 10:08:36,scripts/25_esit_fp_adaylari.py
model_00432,Model-512,train_ZRI_2050_JPG.rf.6921c2273a748f4edbc0852aa24bddca.jpg,ZRI,0.6544,195.5,1796.6,250.5,1844.9,55.0,48.3,0.0,,FP,0.52,1.8089,,a0135,a0054,evet,Model-512/ZRI,0.3504,reports/hafta7_fp_protokolu.md,test,157,tahminler_taban512_hafta7.csv,tahminler_model512.csv,0.3,0.52,1.8089,0.3,0.5,0.1,8,512,110,55,20260913,"Esikler, katsayilar ve ornek buyuklukleri KARARDIR; olcumden turetilmedi. Ayrinti protokol dosyasinda.",3.13.1,8.4.144,0.12.6,2.14.0,2026-09-13 10:08:36,scripts/25_esit_fp_adaylari.py
model_00433,Model-512,train_ZRI_2050_JPG.rf.6921c2273a748f4edbc0852aa24bddca.jpg,ZRI,0.6401,1951.1,2488.1,2017.9,2544.9,66.8,56.8,0.0,,FP,0.52,1.8089,,,,hayir,,,reports/hafta7_fp_protokolu.md,test,157,tahminler_taban512_hafta7.csv,tahminler_model512.csv,0.3,0.52,1.8089,0.3,0.5,0.1,8,512,110,55,20260913,"Esikler, katsayilar ve ornek buyuklukleri KARARDIR; olcumden turetilmedi. Ayrinti protokol dosyasinda.",3.13.1,8.4.144,0.12.6,2.14.0,2026-09-13 10:08:36,scripts/25_esit_fp_adaylari.py
model_00434,Model-512,train_ZRI_2050_JPG.rf.6921c2273a748f4edbc0852aa24bddca.jpg,ZRI,0.6378,956.0,2493.3,1061.9,2562.0,105.9,68.7,0.0,,FP,0.52,1.8089,,a0433,a0104,evet,Model-512/ZRI,0.3504,reports/hafta7_fp_protokolu.md,test,157,tahminler_taban512_hafta7.csv,tahminler_model512.csv,0.3,0.52,1.8089,0.3,0.5,0.1,8,512,110,55,20260913,"Esikler, katsayilar ve ornek buyuklukleri KARARDIR; olcumden turetilmedi. Ayrinti protokol dosyasinda.",3.13.1,8.4.144,0.12.6,2.14.0,2026-09-13 10:08:36,scripts/25_esit_fp_adaylari.py
model_00435,Model-512,train_ZRI_2050_JPG.rf.6921c2273a748f4edbc0852aa24bddca.jpg,ZRI,0.5534,1251.6,801.6,1298.9,855.5,47.3,53.9,0.464,,FP,0.52,1.8089,,,,hayir,,,reports/hafta7_fp_protokolu.md,test,157,tahminler_taban512_hafta7.csv,tahminler_model512.csv,0.3,0.52,1.8089,0.3,0.5,0.1,8,512,110,55,20260913,"Esikler, katsayilar ve ornek buyuklukleri KARARDIR; olcumden turetilmedi. Ayrinti protokol dosyasinda.",3.13.1,8.4.144,0.12.6,2.14.0,2026-09-13 10:08:36,scripts/25_esit_fp_adaylari.py
model_00436,Model-512,train_ZRI_2051_JPG.rf.c6b80d7c803e9e8d6c0e97620237f374.jpg,ZRI,0.8398,3858.1,2362.7,3953.9,2444.3,95.8,81.6,0.8744,0.8744,TP,0.52,1.8089,,,,hayir,,,reports/hafta7_fp_protokolu.md,test,157,tahminler_taban512_hafta7.csv,tahminler_model512.csv,0.3,0.52,1.8089,0.3,0.5,0.1,8,512,110,55,20260913,"Esikler, katsayilar ve ornek buyuklukleri KARARDIR; olcumden turetilmedi. Ayrinti protokol dosyasinda.",3.13.1,8.4.144,0.12.6,2.14.0,2026-09-13 10:08:36,scripts/25_esit_fp_adaylari.py
model_00437,Model-512,train_ZRI_2051_JPG.rf.c6b80d7c803e9e8d6c0e97620237f374.jpg,ZRI,0.773,2277.7,1462.7,2321.0,1503.1,43.3,40.4,0.0,,FP,0.52,1.8089,,a0136,a0373,evet,Model-512/ZRI,0.3504,reports/hafta7_fp_protokolu.md,test,157,tahminler_taban512_hafta7.csv,tahminler_model512.csv,0.3,0.52,1.8089,0.3,0.5,0.1,8,512,110,55,20260913,"Esikler, katsayilar ve ornek buyuklukleri KARARDIR; olcumden turetilmedi. Ayrinti protokol dosyasinda.",3.13.1,8.4.144,0.12.6,2.14.0,2026-09-13 10:08:36,scripts/25_esit_fp_adaylari.py
model_00438,Model-512,train_ZRI_2051_JPG.rf.c6b80d7c803e9e8d6c0e97620237f374.jpg,ZRI,0.7593,3484.8,2639.0,3518.9,2699.1,34.1,60.1,0.0,,FP,0.52,1.8089,,a0243,a0380,evet,Model-512/ZRI,0.3504,reports/hafta7_fp_protokolu.md,test,157,tahminler_taban512_hafta7.csv,tahminler_model512.csv,0.3,0.52,1.8089,0.3,0.5,0.1,8,512,110,55,20260913,"Esikler, katsayilar ve ornek buyuklukleri KARARDIR; olcumden turetilmedi. Ayrinti protokol dosyasinda.",3.13.1,8.4.144,0.12.6,2.14.0,2026-09-13 10:08:36,scripts/25_esit_fp_adaylari.py
model_00439,Model-512,train_ZRI_2051_JPG.rf.c6b80d7c803e9e8d6c0e97620237f374.jpg,ZRI,0.749,2247.4,85.9,2284.6,158.9,37.2,73.0,0.0,,FP,0.52,1.8089,,a0035,a0291,evet,Model-512/ZRI,0.3504,reports/hafta7_fp_protokolu.md,test,157,tahminler_taban512_hafta7.csv,tahminler_model512.csv,0.3,0.52,1.8089,0.3,0.5,0.1,8,512,110,55,20260913,"Esikler, katsayilar ve ornek buyuklukleri KARARDIR; olcumden turetilmedi. Ayrinti protokol dosyasinda.",3.13.1,8.4.144,0.12.6,2.14.0,2026-09-13 10:08:36,scripts/25_esit_fp_adaylari.py
model_00440,Model-512,train_ZRI_2051_JPG.rf.c6b80d7c803e9e8d6c0e97620237f374.jpg,ZRI,0.683,3430.1,2547.0,3533.4,2605.7,103.3,58.7,0.5411,0.5411,TP,0.52,1.8089,,,,hayir,,,reports/hafta7_fp_protokolu.md,test,157,tahminler_taban512_hafta7.csv,tahminler_model512.csv,0.3,0.52,1.8089,0.3,0.5,0.1,8,512,110,55,20260913,"Esikler, katsayilar ve ornek buyuklukleri KARARDIR; olcumden turetilmedi. Ayrinti protokol dosyasinda.",3.13.1,8.4.144,0.12.6,2.14.0,2026-09-13 10:08:36,scripts/25_esit_fp_adaylari.py
model_00441,Model-512,train_ZRI_2051_JPG.rf.c6b80d7c803e9e8d6c0e97620237f374.jpg,ZRI,0.6809,3382.2,1414.0,3424.0,1477.9,41.8,63.9,0.7787,0.7787,TP,0.52,1.8089,,,,hayir,,,reports/hafta7_fp_protokolu.md,test,157,tahminler_taban512_hafta7.csv,tahminler_model512.csv,0.3,0.52,1.8089,0.3,0.5,0.1,8,512,110,55,20260913,"Esikler, katsayilar ve ornek buyuklukleri KARARDIR; olcumden turetilmedi. Ayrinti protokol dosyasinda.",3.13.1,8.4.144,0.12.6,2.14.0,2026-09-13 10:08:36,scripts/25_esit_fp_adaylari.py
model_00442,Model-512,train_ZRI_2051_JPG.rf.c6b80d7c803e9e8d6c0e97620237f374.jpg,ZRI,0.61,1213.2,153.4,1270.1,216.3,56.9,62.9,0.0,,FP,0.52,1.8089,,,,hayir,,,reports/hafta7_fp_protokolu.md,test,157,tahminler_taban512_hafta7.csv,tahminler_model512.csv,0.3,0.52,1.8089,0.3,0.5,0.1,8,512,110,55,20260913,"Esikler, katsayilar ve ornek buyuklukleri KARARDIR; olcumden turetilmedi. Ayrinti protokol dosyasinda.",3.13.1,8.4.144,0.12.6,2.14.0,2026-09-13 10:08:36,scripts/25_esit_fp_adaylari.py
model_00443,Model-512,train_ZRI_2051_JPG.rf.c6b80d7c803e9e8d6c0e97620237f374.jpg,ZRI,0.592,2186.8,1805.5,2231.3,1857.8,44.5,52.3,0.5273,0.5273,TP,0.52,1.8089,,,,hayir,,,reports/hafta7_fp_protokolu.md,test,157,tahminler_taban512_hafta7.csv,tahminler_model512.csv,0.3,0.52,1.8089,0.3,0.5,0.1,8,512,110,55,20260913,"Esikler, katsayilar ve ornek buyuklukleri KARARDIR; olcumden turetilmedi. Ayrinti protokol dosyasinda.",3.13.1,8.4.144,0.12.6,2.14.0,2026-09-13 10:08:36,scripts/25_esit_fp_adaylari.py
model_00444,Model-512,train_ZRI_2052_JPG.rf.50c49144f7a8de99bbafb62bb04d74fb.jpg,ZRI,0.7851,2829.6,1917.1,2874.4,1959.9,44.8,42.8,0.0,,FP,0.52,1.8089,,,,hayir,,,reports/hafta7_fp_protokolu.md,test,157,tahminler_taban512_hafta7.csv,tahminler_model512.csv,0.3,0.52,1.8089,0.3,0.5,0.1,8,512,110,55,20260913,"Esikler, katsayilar ve ornek buyuklukleri KARARDIR; olcumden turetilmedi. Ayrinti protokol dosyasinda.",3.13.1,8.4.144,0.12.6,2.14.0,2026-09-13 10:08:36,scripts/25_esit_fp_adaylari.py
model_00445,Model-512,train_ZRI_2052_JPG.rf.50c49144f7a8de99bbafb62bb04d74fb.jpg,ZRI,0.776,2325.5,948.5,2367.9,996.9,42.4,48.4,0.7873,0.7873,TP,0.52,1.8089,,,,hayir,,,reports/hafta7_fp_protokolu.md,test,157,tahminler_taban512_hafta7.csv,tahminler_model512.csv,0.3,0.52,1.8089,0.3,0.5,0.1,8,512,110,55,20260913,"Esikler, katsayilar ve ornek buyuklukleri KARARDIR; olcumden turetilmedi. Ayrinti protokol dosyasinda.",3.13.1,8.4.144,0.12.6,2.14.0,2026-09-13 10:08:36,scripts/25_esit_fp_adaylari.py
model_00446,Model-512,train_ZRI_2052_JPG.rf.50c49144f7a8de99bbafb62bb04d74fb.jpg,ZRI,0.7552,3059.3,1482.7,3177.7,1591.5,118.4,108.8,0.623,0.623,TP,0.52,1.8089,,,,hayir,,,reports/hafta7_fp_protokolu.md,test,157,tahminler_taban512_hafta7.csv,tahminler_model512.csv,0.3,0.52,1.8089,0.3,0.5,0.1,8,512,110,55,20260913,"Esikler, katsayilar ve ornek buyuklukleri KARARDIR; olcumden turetilmedi. Ayrinti protokol dosyasinda.",3.13.1,8.4.144,0.12.6,2.14.0,2026-09-13 10:08:36,scripts/25_esit_fp_adaylari.py
model_00447,Model-512,train_ZRI_2052_JPG.rf.50c49144f7a8de99bbafb62bb04d74fb.jpg,ZRI,0.7191,1335.6,1778.3,1396.1,1869.4,60.5,91.1,0.7757,0.7757,TP,0.52,1.8089,,,,hayir,,,reports/hafta7_fp_protokolu.md,test,157,tahminler_taban512_hafta7.csv,tahminler_model512.csv,0.3,0.52,1.8089,0.3,0.5,0.1,8,512,110,55,20260913,"Esikler, katsayilar ve ornek buyuklukleri KARARDIR; olcumden turetilmedi. Ayrinti protokol dosyasinda.",3.13.1,8.4.144,0.12.6,2.14.0,2026-09-13 10:08:36,scripts/25_esit_fp_adaylari.py
model_00448,Model-512,train_ZRI_2052_JPG.rf.50c49144f7a8de99bbafb62bb04d74fb.jpg,ZRI,0.7183,2699.0,845.0,2736.3,925.5,37.3,80.5,0.5044,0.5044,TP,0.52,1.8089,,,,hayir,,,reports/hafta7_fp_protokolu.md,test,157,tahminler_taban512_hafta7.csv,tahminler_model512.csv,0.3,0.52,1.8089,0.3,0.5,0.1,8,512,110,55,20260913,"Esikler, katsayilar ve ornek buyuklukleri KARARDIR; olcumden turetilmedi. Ayrinti protokol dosyasinda.",3.13.1,8.4.144,0.12.6,2.14.0,2026-09-13 10:08:36,scripts/25_esit_fp_adaylari.py
model_00449,Model-512,train_ZRI_2052_JPG.rf.50c49144f7a8de99bbafb62bb04d74fb.jpg,ZRI,0.664,2748.2,1837.9,2852.1,1899.1,103.9,61.2,0.0,,FP,0.52,1.8089,,a0288,a0377,evet,Model-512/ZRI,0.3504,reports/hafta7_fp_protokolu.md,test,157,tahminler_taban512_hafta7.csv,tahminler_model512.csv,0.3,0.52,1.8089,0.3,0.5,0.1,8,512,110,55,20260913,"Esikler, katsayilar ve ornek buyuklukleri KARARDIR; olcumden turetilmedi. Ayrinti protokol dosyasinda.",3.13.1,8.4.144,0.12.6,2.14.0,2026-09-13 10:08:36,scripts/25_esit_fp_adaylari.py
model_00450,Model-512,train_ZRI_2052_JPG.rf.50c49144f7a8de99bbafb62bb04d74fb.jpg,ZRI,0.6569,3876.3,1226.0,3962.6,1300.0,86.3,74.0,0.8921,0.8921,TP,0.52,1.8089,,,,hayir,,,reports/hafta7_fp_protokolu.md,test,157,tahminler_taban512_hafta7.csv,tahminler_model512.csv,0.3,0.52,1.8089,0.3,0.5,0.1,8,512,110,55,20260913,"Esikler, katsayilar ve ornek buyuklukleri KARARDIR; olcumden turetilmedi. Ayrinti protokol dosyasinda.",3.13.1,8.4.144,0.12.6,2.14.0,2026-09-13 10:08:36,scripts/25_esit_fp_adaylari.py
model_00451,Model-512,train_ZRI_2052_JPG.rf.50c49144f7a8de99bbafb62bb04d74fb.jpg,ZRI,0.6318,2629.7,724.3,2686.7,813.5,57.0,89.2,0.816,0.816,TP,0.52,1.8089,,,,hayir,,,reports/hafta7_fp_protokolu.md,test,157,tahminler_taban512_hafta7.csv,tahminler_model512.csv,0.3,0.52,1.8089,0.3,0.5,0.1,8,512,110,55,20260913,"Esikler, katsayilar ve ornek buyuklukleri KARARDIR; olcumden turetilmedi. Ayrinti protokol dosyasinda.",3.13.1,8.4.144,0.12.6,2.14.0,2026-09-13 10:08:36,scripts/25_esit_fp_adaylari.py
model_00452,Model-512,train_ZRI_2052_JPG.rf.50c49144f7a8de99bbafb62bb04d74fb.jpg,ZRI,0.6099,3719.7,1640.6,3850.3,1755.1,130.6,114.5,0.0,,FP,0.52,1.8089,,a0148,a0359,evet,Model-512/ZRI,0.3504,reports/hafta7_fp_protokolu.md,test,157,tahminler_taban512_hafta7.csv,tahminler_model512.csv,0.3,0.52,1.8089,0.3,0.5,0.1,8,512,110,55,20260913,"Esikler, katsayilar ve ornek buyuklukleri KARARDIR; olcumden turetilmedi. Ayrinti protokol dosyasinda.",3.13.1,8.4.144,0.12.6,2.14.0,2026-09-13 10:08:36,scripts/25_esit_fp_adaylari.py
model_00453,Model-512,train_ZRI_2052_JPG.rf.50c49144f7a8de99bbafb62bb04d74fb.jpg,ZRI,0.6011,3692.6,2715.7,3788.9,2828.3,96.3,112.6,0.0,,FP,0.52,1.8089,,,,hayir,,,reports/hafta7_fp_protokolu.md,test,157,tahminler_taban512_hafta7.csv,tahminler_model512.csv,0.3,0.52,1.8089,0.3,0.5,0.1,8,512,110,55,20260913,"Esikler, katsayilar ve ornek buyuklukleri KARARDIR; olcumden turetilmedi. Ayrinti protokol dosyasinda.",3.13.1,8.4.144,0.12.6,2.14.0,2026-09-13 10:08:36,scripts/25_esit_fp_adaylari.py
model_00454,Model-512,train_ZRI_2052_JPG.rf.50c49144f7a8de99bbafb62bb04d74fb.jpg,ZRI,0.5626,1187.7,1335.6,1232.6,1391.3,44.9,55.7,0.0,,FP,0.52,1.8089,,,,hayir,,,reports/hafta7_fp_protokolu.md,test,157,tahminler_taban512_hafta7.csv,tahminler_model512.csv,0.3,0.52,1.8089,0.3,0.5,0.1,8,512,110,55,20260913,"Esikler, katsayilar ve ornek buyuklukleri KARARDIR; olcumden turetilmedi. Ayrinti protokol dosyasinda.",3.13.1,8.4.144,0.12.6,2.14.0,2026-09-13 10:08:36,scripts/25_esit_fp_adaylari.py
model_00455,Model-512,train_ZRI_2053_JPG.rf.18a77a9247976767870670bd190baa49.jpg,ZRI,0.809,1257.4,1307.4,1331.0,1428.8,73.6,121.4,0.7415,0.7415,TP,0.52,1.8089,,,,hayir,,,reports/hafta7_fp_protokolu.md,test,157,tahminler_taban512_hafta7.csv,tahminler_model512.csv,0.3,0.52,1.8089,0.3,0.5,0.1,8,512,110,55,20260913,"Esikler, katsayilar ve ornek buyuklukleri KARARDIR; olcumden turetilmedi. Ayrinti protokol dosyasinda.",3.13.1,8.4.144,0.12.6,2.14.0,2026-09-13 10:08:36,scripts/25_esit_fp_adaylari.py
model_00456,Model-512,train_ZRI_2053_JPG.rf.18a77a9247976767870670bd190baa49.jpg,ZRI,0.7978,3810.0,2129.7,3871.9,2192.9,61.9,63.2,0.0,,FP,0.52,1.8089,,,,hayir,,,reports/hafta7_fp_protokolu.md,test,157,tahminler_taban512_hafta7.csv,tahminler_model512.csv,0.3,0.52,1.8089,0.3,0.5,0.1,8,512,110,55,20260913,"Esikler, katsayilar ve ornek buyuklukleri KARARDIR; olcumden turetilmedi. Ayrinti protokol dosyasinda.",3.13.1,8.4.144,0.12.6,2.14.0,2026-09-13 10:08:36,scripts/25_esit_fp_adaylari.py
model_00457,Model-512,train_ZRI_2053_JPG.rf.18a77a9247976767870670bd190baa49.jpg,ZRI,0.7945,2044.0,325.6,2081.9,382.2,37.9,56.6,0.0,,FP,0.52,1.8089,,a0095,a0223,evet,Model-512/ZRI,0.3504,reports/hafta7_fp_protokolu.md,test,157,tahminler_taban512_hafta7.csv,tahminler_model512.csv,0.3,0.52,1.8089,0.3,0.5,0.1,8,512,110,55,20260913,"Esikler, katsayilar ve ornek buyuklukleri KARARDIR; olcumden turetilmedi. Ayrinti protokol dosyasinda.",3.13.1,8.4.144,0.12.6,2.14.0,2026-09-13 10:08:36,scripts/25_esit_fp_adaylari.py
model_00458,Model-512,train_ZRI_2053_JPG.rf.18a77a9247976767870670bd190baa49.jpg,ZRI,0.7676,1518.5,544.6,1583.5,623.3,65.0,78.7,0.5415,0.5415,TP,0.52,1.8089,,,,hayir,,,reports/hafta7_fp_protokolu.md,test,157,tahminler_taban512_hafta7.csv,tahminler_model512.csv,0.3,0.52,1.8089,0.3,0.5,0.1,8,512,110,55,20260913,"Esikler, katsayilar ve ornek buyuklukleri KARARDIR; olcumden turetilmedi. Ayrinti protokol dosyasinda.",3.13.1,8.4.144,0.12.6,2.14.0,2026-09-13 10:08:36,scripts/25_esit_fp_adaylari.py
model_00459,Model-512,train_ZRI_2053_JPG.rf.18a77a9247976767870670bd190baa49.jpg,ZRI,0.7645,965.9,1561.7,1052.3,1671.1,86.4,109.4,0.8857,0.8857,TP,0.52,1.8089,,,,hayir,,,reports/hafta7_fp_protokolu.md,test,157,tahminler_taban512_hafta7.csv,tahminler_model512.csv,0.3,0.52,1.8089,0.3,0.5,0.1,8,512,110,55,20260913,"Esikler, katsayilar ve ornek buyuklukleri KARARDIR; olcumden turetilmedi. Ayrinti protokol dosyasinda.",3.13.1,8.4.144,0.12.6,2.14.0,2026-09-13 10:08:36,scripts/25_esit_fp_adaylari.py
model_00460,Model-512,train_ZRI_2053_JPG.rf.18a77a9247976767870670bd190baa49.jpg,ZRI,0.7529,3296.4,1110.4,3379.1,1177.4,82.7,67.0,0.2859,,FP,0.52,1.8089,,,,hayir,,,reports/hafta7_fp_protokolu.md,test,157,tahminler_taban512_hafta7.csv,tahminler_model512.csv,0.3,0.52,1.8089,0.3,0.5,0.1,8,512,110,55,20260913,"Esikler, katsayilar ve ornek buyuklukleri KARARDIR; olcumden turetilmedi. Ayrinti protokol dosyasinda.",3.13.1,8.4.144,0.12.6,2.14.0,2026-09-13 10:08:36,scripts/25_esit_fp_adaylari.py
model_00461,Model-512,train_ZRI_2053_JPG.rf.18a77a9247976767870670bd190baa49.jpg,ZRI,0.7068,3728.8,2123.7,3782.5,2160.6,53.7,36.9,0.0,,FP,0.52,1.8089,,,,hayir,,,reports/hafta7_fp_protokolu.md,test,157,tahminler_taban512_hafta7.csv,tahminler_model512.csv,0.3,0.52,1.8089,0.3,0.5,0.1,8,512,110,55,20260913,"Esikler, katsayilar ve ornek buyuklukleri KARARDIR; olcumden turetilmedi. Ayrinti protokol dosyasinda.",3.13.1,8.4.144,0.12.6,2.14.0,2026-09-13 10:08:36,scripts/25_esit_fp_adaylari.py
model_00462,Model-512,train_ZRI_2053_JPG.rf.18a77a9247976767870670bd190baa49.jpg,ZRI,0.6909,3036.9,2116.6,3156.6,2225.1,119.7,108.5,0.5606,0.5606,TP,0.52,1.8089,,,,hayir,,,reports/hafta7_fp_protokolu.md,test,157,tahminler_taban512_hafta7.csv,tahminler_model512.csv,0.3,0.52,1.8089,0.3,0.5,0.1,8,512,110,55,20260913,"Esikler, katsayilar ve ornek buyuklukleri KARARDIR; olcumden turetilmedi. Ayrinti protokol dosyasinda.",3.13.1,8.4.144,0.12.6,2.14.0,2026-09-13 10:08:36,scripts/25_esit_fp_adaylari.py
model_00463,Model-512,train_ZRI_2053_JPG.rf.18a77a9247976767870670bd190baa49.jpg,ZRI,0.6488,3063.9,1820.9,3142.5,1892.4,78.6,71.5,0.0,,FP,0.52,1.8089,,,,hayir,,,reports/hafta7_fp_protokolu.md,test,157,tahminler_taban512_hafta7.csv,tahminler_model512.csv,0.3,0.52,1.8089,0.3,0.5,0.1,8,512,110,55,20260913,"Esikler, katsayilar ve ornek buyuklukleri KARARDIR; olcumden turetilmedi. Ayrinti protokol dosyasinda.",3.13.1,8.4.144,0.12.6,2.14.0,2026-09-13 10:08:36,scripts/25_esit_fp_adaylari.py
model_00464,Model-512,train_ZRI_2053_JPG.rf.18a77a9247976767870670bd190baa49.jpg,ZRI,0.5682,2051.2,2495.1,2143.6,2684.1,92.4,189.0,0.0,,FP,0.52,1.8089,,,,hayir,,,reports/hafta7_fp_protokolu.md,test,157,tahminler_taban512_hafta7.csv,tahminler_model512.csv,0.3,0.52,1.8089,0.3,0.5,0.1,8,512,110,55,20260913,"Esikler, katsayilar ve ornek buyuklukleri KARARDIR; olcumden turetilmedi. Ayrinti protokol dosyasinda.",3.13.1,8.4.144,0.12.6,2.14.0,2026-09-13 10:08:36,scripts/25_esit_fp_adaylari.py
model_00465,Model-512,train_ZRI_2055_JPG.rf.154bfc1b929f89683a1aed3dc94e76b3.jpg,ZRI,0.8171,1660.9,2581.8,1763.4,2740.1,102.5,158.3,0.0,,FP,0.52,1.8089,,,,hayir,,,reports/hafta7_fp_protokolu.md,test,157,tahminler_taban512_hafta7.csv,tahminler_model512.csv,0.3,0.52,1.8089,0.3,0.5,0.1,8,512,110,55,20260913,"Esikler, katsayilar ve ornek buyuklukleri KARARDIR; olcumden turetilmedi. Ayrinti protokol dosyasinda.",3.13.1,8.4.144,0.12.6,2.14.0,2026-09-13 10:08:36,scripts/25_esit_fp_adaylari.py
model_00466,Model-512,train_ZRI_2055_JPG.rf.154bfc1b929f89683a1aed3dc94e76b3.jpg,ZRI,0.7862,3133.8,578.8,3199.5,626.0,65.7,47.2,0.8901,0.8901,TP,0.52,1.8089,,,,hayir,,,reports/hafta7_fp_protokolu.md,test,157,tahminler_taban512_hafta7.csv,tahminler_model512.csv,0.3,0.52,1.8089,0.3,0.5,0.1,8,512,110,55,20260913,"Esikler, katsayilar ve ornek buyuklukleri KARARDIR; olcumden turetilmedi. Ayrinti protokol dosyasinda.",3.13.1,8.4.144,0.12.6,2.14.0,2026-09-13 10:08:36,scripts/25_esit_fp_adaylari.py
model_00467,Model-512,train_ZRI_2055_JPG.rf.154bfc1b929f89683a1aed3dc94e76b3.jpg,ZRI,0.6508,2271.5,1298.9,2321.9,1332.0,50.4,33.1,0.5254,0.5254,TP,0.52,1.8089,,,,hayir,,,reports/hafta7_fp_protokolu.md,test,157,tahminler_taban512_hafta7.csv,tahminler_model512.csv,0.3,0.52,1.8089,0.3,0.5,0.1,8,512,110,55,20260913,"Esikler, katsayilar ve ornek buyuklukleri KARARDIR; olcumden turetilmedi. Ayrinti protokol dosyasinda.",3.13.1,8.4.144,0.12.6,2.14.0,2026-09-13 10:08:36,scripts/25_esit_fp_adaylari.py
model_00468,Model-512,train_ZRI_2055_JPG.rf.154bfc1b929f89683a1aed3dc94e76b3.jpg,ZRI,0.5987,3301.1,580.9,3382.6,664.1,81.5,83.2,0.6227,0.6227,TP,0.52,1.8089,,,,hayir,,,reports/hafta7_fp_protokolu.md,test,157,tahminler_taban512_hafta7.csv,tahminler_model512.csv,0.3,0.52,1.8089,0.3,0.5,0.1,8,512,110,55,20260913,"Esikler, katsayilar ve ornek buyuklukleri KARARDIR; olcumden turetilmedi. Ayrinti protokol dosyasinda.",3.13.1,8.4.144,0.12.6,2.14.0,2026-09-13 10:08:36,scripts/25_esit_fp_adaylari.py
model_00469,Model-512,train_ZRI_2056_JPG.rf.39ae2ff97fdcb96cc6aacd3f1010aa2a.jpg,ZRI,0.8089,437.1,352.9,527.7,451.1,90.6,98.2,0.0,,FP,0.52,1.8089,,,,hayir,,,reports/hafta7_fp_protokolu.md,test,157,tahminler_taban512_hafta7.csv,tahminler_model512.csv,0.3,0.52,1.8089,0.3,0.5,0.1,8,512,110,55,20260913,"Esikler, katsayilar ve ornek buyuklukleri KARARDIR; olcumden turetilmedi. Ayrinti protokol dosyasinda.",3.13.1,8.4.144,0.12.6,2.14.0,2026-09-13 10:08:36,scripts/25_esit_fp_adaylari.py
model_00470,Model-512,train_ZRI_2056_JPG.rf.39ae2ff97fdcb96cc6aacd3f1010aa2a.jpg,ZRI,0.7339,552.3,923.1,627.5,970.9,75.2,47.8,0.5821,0.5821,TP,0.52,1.8089,,,,hayir,,,reports/hafta7_fp_protokolu.md,test,157,tahminler_taban512_hafta7.csv,tahminler_model512.csv,0.3,0.52,1.8089,0.3,0.5,0.1,8,512,110,55,20260913,"Esikler, katsayilar ve ornek buyuklukleri KARARDIR; olcumden turetilmedi. Ayrinti protokol dosyasinda.",3.13.1,8.4.144,0.12.6,2.14.0,2026-09-13 10:08:36,scripts/25_esit_fp_adaylari.py
model_00471,Model-512,train_ZRI_2056_JPG.rf.39ae2ff97fdcb96cc6aacd3f1010aa2a.jpg,ZRI,0.7298,921.4,410.0,1036.2,462.2,114.8,52.2,0.1715,,FP,0.52,1.8089,,,,hayir,,,reports/hafta7_fp_protokolu.md,test,157,tahminler_taban512_hafta7.csv,tahminler_model512.csv,0.3,0.52,1.8089,0.3,0.5,0.1,8,512,110,55,20260913,"Esikler, katsayilar ve ornek buyuklukleri KARARDIR; olcumden turetilmedi. Ayrinti protokol dosyasinda.",3.13.1,8.4.144,0.12.6,2.14.0,2026-09-13 10:08:36,scripts/25_esit_fp_adaylari.py
model_00472,Model-512,train_ZRI_2056_JPG.rf.39ae2ff97fdcb96cc6aacd3f1010aa2a.jpg,ZRI,0.7252,2425.4,2718.1,2507.0,2805.3,81.6,87.2,0.8882,0.8882,TP,0.52,1.8089,,,,hayir,,,reports/hafta7_fp_protokolu.md,test,157,tahminler_taban512_hafta7.csv,tahminler_model512.csv,0.3,0.52,1.8089,0.3,0.5,0.1,8,512,110,55,20260913,"Esikler, katsayilar ve ornek buyuklukleri KARARDIR; olcumden turetilmedi. Ayrinti protokol dosyasinda.",3.13.1,8.4.144,0.12.6,2.14.0,2026-09-13 10:08:36,scripts/25_esit_fp_adaylari.py
model_00473,Model-512,train_ZRI_2056_JPG.rf.39ae2ff97fdcb96cc6aacd3f1010aa2a.jpg,ZRI,0.7233,3412.7,2119.9,3470.3,2159.4,57.6,39.5,0.8082,0.8082,TP,0.52,1.8089,,,,hayir,,,reports/hafta7_fp_protokolu.md,test,157,tahminler_taban512_hafta7.csv,tahminler_model512.csv,0.3,0.52,1.8089,0.3,0.5,0.1,8,512,110,55,20260913,"Esikler, katsayilar ve ornek buyuklukleri KARARDIR; olcumden turetilmedi. Ayrinti protokol dosyasinda.",3.13.1,8.4.144,0.12.6,2.14.0,2026-09-13 10:08:36,scripts/25_esit_fp_adaylari.py
model_00474,Model-512,train_ZRI_2056_JPG.rf.39ae2ff97fdcb96cc6aacd3f1010aa2a.jpg,ZRI,0.6654,1021.0,310.9,1093.7,380.8,72.7,69.9,0.8378,0.8378,TP,0.52,1.8089,,,,hayir,,,reports/hafta7_fp_protokolu.md,test,157,tahminler_taban512_hafta7.csv,tahminler_model512.csv,0.3,0.52,1.8089,0.3,0.5,0.1,8,512,110,55,20260913,"Esikler, katsayilar ve ornek buyuklukleri KARARDIR; olcumden turetilmedi. Ayrinti protokol dosyasinda.",3.13.1,8.4.144,0.12.6,2.14.0,2026-09-13 10:08:36,scripts/25_esit_fp_adaylari.py
model_00475,Model-512,train_ZRI_2056_JPG.rf.39ae2ff97fdcb96cc6aacd3f1010aa2a.jpg,ZRI,0.6652,3561.6,2252.0,3655.4,2320.6,93.8,68.6,0.8514,0.8514,TP,0.52,1.8089,,,,hayir,,,reports/hafta7_fp_protokolu.md,test,157,tahminler_taban512_hafta7.csv,tahminler_model512.csv,0.3,0.52,1.8089,0.3,0.5,0.1,8,512,110,55,20260913,"Esikler, katsayilar ve ornek buyuklukleri KARARDIR; olcumden turetilmedi. Ayrinti protokol dosyasinda.",3.13.1,8.4.144,0.12.6,2.14.0,2026-09-13 10:08:36,scripts/25_esit_fp_adaylari.py
model_00476,Model-512,train_ZRI_2058_JPG.rf.34e7e941d692239be5f03263699cf42f.jpg,ZRI,0.8281,1252.4,2488.1,1345.4,2568.1,93.0,80.0,0.0,,FP,0.52,1.8089,,a0208,a0024,evet,Model-512/ZRI,0.3504,reports/hafta7_fp_protokolu.md,test,157,tahminler_taban512_hafta7.csv,tahminler_model512.csv,0.3,0.52,1.8089,0.3,0.5,0.1,8,512,110,55,20260913,"Esikler, katsayilar ve ornek buyuklukleri KARARDIR; olcumden turetilmedi. Ayrinti protokol dosyasinda.",3.13.1,8.4.144,0.12.6,2.14.0,2026-09-13 10:08:36,scripts/25_esit_fp_adaylari.py
model_00477,Model-512,train_ZRI_2058_JPG.rf.34e7e941d692239be5f03263699cf42f.jpg,ZRI,0.7955,1650.4,718.4,1681.1,777.1,30.7,58.7,0.0,,FP,0.52,1.8089,,a0194,a0002,evet,Model-512/ZRI,0.3504,reports/hafta7_fp_protokolu.md,test,157,tahminler_taban512_hafta7.csv,tahminler_model512.csv,0.3,0.52,1.8089,0.3,0.5,0.1,8,512,110,55,20260913,"Esikler, katsayilar ve ornek buyuklukleri KARARDIR; olcumden turetilmedi. Ayrinti protokol dosyasinda.",3.13.1,8.4.144,0.12.6,2.14.0,2026-09-13 10:08:36,scripts/25_esit_fp_adaylari.py
model_00478,Model-512,train_ZRI_2058_JPG.rf.34e7e941d692239be5f03263699cf42f.jpg,ZRI,0.7937,2676.1,213.8,2752.0,301.7,75.9,87.9,0.7405,0.7405,TP,0.52,1.8089,,,,hayir,,,reports/hafta7_fp_protokolu.md,test,157,tahminler_taban512_hafta7.csv,tahminler_model512.csv,0.3,0.52,1.8089,0.3,0.5,0.1,8,512,110,55,20260913,"Esikler, katsayilar ve ornek buyuklukleri KARARDIR; olcumden turetilmedi. Ayrinti protokol dosyasinda.",3.13.1,8.4.144,0.12.6,2.14.0,2026-09-13 10:08:36,scripts/25_esit_fp_adaylari.py
model_00479,Model-512,train_ZRI_2058_JPG.rf.34e7e941d692239be5f03263699cf42f.jpg,ZRI,0.763,2159.9,648.3,2190.5,685.9,30.6,37.6,0.8195,0.8195,TP,0.52,1.8089,,,,hayir,,,reports/hafta7_fp_protokolu.md,test,157,tahminler_taban512_hafta7.csv,tahminler_model512.csv,0.3,0.52,1.8089,0.3,0.5,0.1,8,512,110,55,20260913,"Esikler, katsayilar ve ornek buyuklukleri KARARDIR; olcumden turetilmedi. Ayrinti protokol dosyasinda.",3.13.1,8.4.144,0.12.6,2.14.0,2026-09-13 10:08:36,scripts/25_esit_fp_adaylari.py
model_00480,Model-512,train_ZRI_2058_JPG.rf.34e7e941d692239be5f03263699cf42f.jpg,ZRI,0.7536,2092.7,240.7,2146.1,363.6,53.4,122.9,0.4454,0.4454,TP,0.52,1.8089,,,,hayir,,,reports/hafta7_fp_protokolu.md,test,157,tahminler_taban512_hafta7.csv,tahminler_model512.csv,0.3,0.52,1.8089,0.3,0.5,0.1,8,512,110,55,20260913,"Esikler, katsayilar ve ornek buyuklukleri KARARDIR; olcumden turetilmedi. Ayrinti protokol dosyasinda.",3.13.1,8.4.144,0.12.6,2.14.0,2026-09-13 10:08:36,scripts/25_esit_fp_adaylari.py
model_00481,Model-512,train_ZRI_2058_JPG.rf.34e7e941d692239be5f03263699cf42f.jpg,ZRI,0.7273,1852.0,497.1,1899.3,565.4,47.3,68.3,0.8775,0.8775,TP,0.52,1.8089,,,,hayir,,,reports/hafta7_fp_protokolu.md,test,157,tahminler_taban512_hafta7.csv,tahminler_model512.csv,0.3,0.52,1.8089,0.3,0.5,0.1,8,512,110,55,20260913,"Esikler, katsayilar ve ornek buyuklukleri KARARDIR; olcumden turetilmedi. Ayrinti protokol dosyasinda.",3.13.1,8.4.144,0.12.6,2.14.0,2026-09-13 10:08:36,scripts/25_esit_fp_adaylari.py
model_00482,Model-512,train_ZRI_2058_JPG.rf.34e7e941d692239be5f03263699cf42f.jpg,ZRI,0.6969,3025.3,2061.1,3131.1,2149.2,105.8,88.1,0.0,,FP,0.52,1.8089,,a0324,a0158,evet,Model-512/ZRI,0.3504,reports/hafta7_fp_protokolu.md,test,157,tahminler_taban512_hafta7.csv,tahminler_model512.csv,0.3,0.52,1.8089,0.3,0.5,0.1,8,512,110,55,20260913,"Esikler, katsayilar ve ornek buyuklukleri KARARDIR; olcumden turetilmedi. Ayrinti protokol dosyasinda.",3.13.1,8.4.144,0.12.6,2.14.0,2026-09-13 10:08:36,scripts/25_esit_fp_adaylari.py
model_00483,Model-512,train_ZRI_2058_JPG.rf.34e7e941d692239be5f03263699cf42f.jpg,ZRI,0.6833,362.3,2414.0,454.8,2502.9,92.5,88.9,0.0,,FP,0.52,1.8089,,,,hayir,,,reports/hafta7_fp_protokolu.md,test,157,tahminler_taban512_hafta7.csv,tahminler_model512.csv,0.3,0.52,1.8089,0.3,0.5,0.1,8,512,110,55,20260913,"Esikler, katsayilar ve ornek buyuklukleri KARARDIR; olcumden turetilmedi. Ayrinti protokol dosyasinda.",3.13.1,8.4.144,0.12.6,2.14.0,2026-09-13 10:08:36,scripts/25_esit_fp_adaylari.py
model_00484,Model-512,train_ZRI_2058_JPG.rf.34e7e941d692239be5f03263699cf42f.jpg,ZRI,0.6717,1919.8,721.2,1980.7,796.8,60.9,75.6,0.7467,0.7467,TP,0.52,1.8089,,,,hayir,,,reports/hafta7_fp_protokolu.md,test,157,tahminler_taban512_hafta7.csv,tahminler_model512.csv,0.3,0.52,1.8089,0.3,0.5,0.1,8,512,110,55,20260913,"Esikler, katsayilar ve ornek buyuklukleri KARARDIR; olcumden turetilmedi. Ayrinti protokol dosyasinda.",3.13.1,8.4.144,0.12.6,2.14.0,2026-09-13 10:08:36,scripts/25_esit_fp_adaylari.py
model_00485,Model-512,train_ZRI_2058_JPG.rf.34e7e941d692239be5f03263699cf42f.jpg,ZRI,0.6671,2414.1,979.5,2497.8,1083.4,83.7,103.9,0.0,,FP,0.52,1.8089,,,,hayir,,,reports/hafta7_fp_protokolu.md,test,157,tahminler_taban512_hafta7.csv,tahminler_model512.csv,0.3,0.52,1.8089,0.3,0.5,0.1,8,512,110,55,20260913,"Esikler, katsayilar ve ornek buyuklukleri KARARDIR; olcumden turetilmedi. Ayrinti protokol dosyasinda.",3.13.1,8.4.144,0.12.6,2.14.0,2026-09-13 10:08:36,scripts/25_esit_fp_adaylari.py
model_00486,Model-512,train_ZRI_2058_JPG.rf.34e7e941d692239be5f03263699cf42f.jpg,ZRI,0.6663,3083.1,587.0,3184.3,680.7,101.2,93.7,0.5321,0.5321,TP,0.52,1.8089,,,,hayir,,,reports/hafta7_fp_protokolu.md,test,157,tahminler_taban512_hafta7.csv,tahminler_model512.csv,0.3,0.52,1.8089,0.3,0.5,0.1,8,512,110,55,20260913,"Esikler, katsayilar ve ornek buyuklukleri KARARDIR; olcumden turetilmedi. Ayrinti protokol dosyasinda.",3.13.1,8.4.144,0.12.6,2.14.0,2026-09-13 10:08:36,scripts/25_esit_fp_adaylari.py
model_00487,Model-512,train_ZRI_2058_JPG.rf.34e7e941d692239be5f03263699cf42f.jpg,ZRI,0.6566,482.4,2951.7,556.9,3000.0,74.5,48.3,0.0,,FP,0.52,1.8089,,,,hayir,,,reports/hafta7_fp_protokolu.md,test,157,tahminler_taban512_hafta7.csv,tahminler_model512.csv,0.3,0.52,1.8089,0.3,0.5,0.1,8,512,110,55,20260913,"Esikler, katsayilar ve ornek buyuklukleri KARARDIR; olcumden turetilmedi. Ayrinti protokol dosyasinda.",3.13.1,8.4.144,0.12.6,2.14.0,2026-09-13 10:08:36,scripts/25_esit_fp_adaylari.py
model_00488,Model-512,train_ZRI_2058_JPG.rf.34e7e941d692239be5f03263699cf42f.jpg,ZRI,0.6489,879.9,2460.0,967.1,2507.6,87.2,47.6,0.5217,0.5217,TP,0.52,1.8089,,,,hayir,,,reports/hafta7_fp_protokolu.md,test,157,tahminler_taban512_hafta7.csv,tahminler_model512.csv,0.3,0.52,1.8089,0.3,0.5,0.1,8,512,110,55,20260913,"Esikler, katsayilar ve ornek buyuklukleri KARARDIR; olcumden turetilmedi. Ayrinti protokol dosyasinda.",3.13.1,8.4.144,0.12.6,2.14.0,2026-09-13 10:08:36,scripts/25_esit_fp_adaylari.py
model_00489,Model-512,train_ZRI_2058_JPG.rf.34e7e941d692239be5f03263699cf42f.jpg,ZRI,0.64,1612.3,740.6,1648.9,797.6,36.6,57.0,0.0,,FP,0.52,1.8089,,,,hayir,,,reports/hafta7_fp_protokolu.md,test,157,tahminler_taban512_hafta7.csv,tahminler_model512.csv,0.3,0.52,1.8089,0.3,0.5,0.1,8,512,110,55,20260913,"Esikler, katsayilar ve ornek buyuklukleri KARARDIR; olcumden turetilmedi. Ayrinti protokol dosyasinda.",3.13.1,8.4.144,0.12.6,2.14.0,2026-09-13 10:08:36,scripts/25_esit_fp_adaylari.py
model_00490,Model-512,train_ZRI_2058_JPG.rf.34e7e941d692239be5f03263699cf42f.jpg,ZRI,0.6329,2239.7,987.6,2279.4,1035.0,39.7,47.4,0.6505,0.6505,TP,0.52,1.8089,,,,hayir,,,reports/hafta7_fp_protokolu.md,test,157,tahminler_taban512_hafta7.csv,tahminler_model512.csv,0.3,0.52,1.8089,0.3,0.5,0.1,8,512,110,55,20260913,"Esikler, katsayilar ve ornek buyuklukleri KARARDIR; olcumden turetilmedi. Ayrinti protokol dosyasinda.",3.13.1,8.4.144,0.12.6,2.14.0,2026-09-13 10:08:36,scripts/25_esit_fp_adaylari.py
model_00491,Model-512,train_ZRI_2058_JPG.rf.34e7e941d692239be5f03263699cf42f.jpg,ZRI,0.6302,2562.2,1044.2,2641.8,1117.9,79.6,73.7,0.0,,FP,0.52,1.8089,,,,hayir,,,reports/hafta7_fp_protokolu.md,test,157,tahminler_taban512_hafta7.csv,tahminler_model512.csv,0.3,0.52,1.8089,0.3,0.5,0.1,8,512,110,55,20260913,"Esikler, katsayilar ve ornek buyuklukleri KARARDIR; olcumden turetilmedi. Ayrinti protokol dosyasinda.",3.13.1,8.4.144,0.12.6,2.14.0,2026-09-13 10:08:36,scripts/25_esit_fp_adaylari.py
model_00492,Model-512,train_ZRI_2058_JPG.rf.34e7e941d692239be5f03263699cf42f.jpg,ZRI,0.6262,1109.6,186.5,1168.2,250.7,58.6,64.2,0.4985,0.4985,TP,0.52,1.8089,,,,hayir,,,reports/hafta7_fp_protokolu.md,test,157,tahminler_taban512_hafta7.csv,tahminler_model512.csv,0.3,0.52,1.8089,0.3,0.5,0.1,8,512,110,55,20260913,"Esikler, katsayilar ve ornek buyuklukleri KARARDIR; olcumden turetilmedi. Ayrinti protokol dosyasinda.",3.13.1,8.4.144,0.12.6,2.14.0,2026-09-13 10:08:36,scripts/25_esit_fp_adaylari.py
model_00493,Model-512,train_ZRI_2058_JPG.rf.34e7e941d692239be5f03263699cf42f.jpg,ZRI,0.6093,2082.4,410.3,2117.1,460.6,34.7,50.3,0.7158,0.7158,TP,0.52,1.8089,,,,hayir,,,reports/hafta7_fp_protokolu.md,test,157,tahminler_taban512_hafta7.csv,tahminler_model512.csv,0.3,0.52,1.8089,0.3,0.5,0.1,8,512,110,55,20260913,"Esikler, katsayilar ve ornek buyuklukleri KARARDIR; olcumden turetilmedi. Ayrinti protokol dosyasinda.",3.13.1,8.4.144,0.12.6,2.14.0,2026-09-13 10:08:36,scripts/25_esit_fp_adaylari.py
model_00494,Model-512,train_ZRI_2058_JPG.rf.34e7e941d692239be5f03263699cf42f.jpg,ZRI,0.6009,1975.0,10.5,2012.2,50.5,37.2,40.0,0.7857,0.7857,TP,0.52,1.8089,,,,hayir,,,reports/hafta7_fp_protokolu.md,test,157,tahminler_taban512_hafta7.csv,tahminler_model512.csv,0.3,0.52,1.8089,0.3,0.5,0.1,8,512,110,55,20260913,"Esikler, katsayilar ve ornek buyuklukleri KARARDIR; olcumden turetilmedi. Ayrinti protokol dosyasinda.",3.13.1,8.4.144,0.12.6,2.14.0,2026-09-13 10:08:36,scripts/25_esit_fp_adaylari.py
model_00495,Model-512,train_ZRI_2058_JPG.rf.34e7e941d692239be5f03263699cf42f.jpg,ZRI,0.5985,1538.4,1030.8,1569.9,1091.4,31.5,60.6,0.0,,FP,0.52,1.8089,,,,hayir,,,reports/hafta7_fp_protokolu.md,test,157,tahminler_taban512_hafta7.csv,tahminler_model512.csv,0.3,0.52,1.8089,0.3,0.5,0.1,8,512,110,55,20260913,"Esikler, katsayilar ve ornek buyuklukleri KARARDIR; olcumden turetilmedi. Ayrinti protokol dosyasinda.",3.13.1,8.4.144,0.12.6,2.14.0,2026-09-13 10:08:36,scripts/25_esit_fp_adaylari.py
model_00496,Model-512,train_ZRI_2058_JPG.rf.34e7e941d692239be5f03263699cf42f.jpg,ZRI,0.5907,1919.3,326.8,1953.5,372.7,34.2,45.9,0.6843,0.6843,TP,0.52,1.8089,,,,hayir,,,reports/hafta7_fp_protokolu.md,test,157,tahminler_taban512_hafta7.csv,tahminler_model512.csv,0.3,0.52,1.8089,0.3,0.5,0.1,8,512,110,55,20260913,"Esikler, katsayilar ve ornek buyuklukleri KARARDIR; olcumden turetilmedi. Ayrinti protokol dosyasinda.",3.13.1,8.4.144,0.12.6,2.14.0,2026-09-13 10:08:36,scripts/25_esit_fp_adaylari.py
model_00497,Model-512,train_ZRI_2058_JPG.rf.34e7e941d692239be5f03263699cf42f.jpg,ZRI,0.585,849.0,2488.2,968.2,2515.6,119.2,27.4,0.1595,,FP,0.52,1.8089,,a0040,a0233,evet,Model-512/ZRI,0.3504,reports/hafta7_fp_protokolu.md,test,157,tahminler_taban512_hafta7.csv,tahminler_model512.csv,0.3,0.52,1.8089,0.3,0.5,0.1,8,512,110,55,20260913,"Esikler, katsayilar ve ornek buyuklukleri KARARDIR; olcumden turetilmedi. Ayrinti protokol dosyasinda.",3.13.1,8.4.144,0.12.6,2.14.0,2026-09-13 10:08:36,scripts/25_esit_fp_adaylari.py
model_00498,Model-512,train_ZRI_2058_JPG.rf.34e7e941d692239be5f03263699cf42f.jpg,ZRI,0.5664,352.1,8.7,441.6,103.7,89.5,95.0,0.0,,FP,0.52,1.8089,,,,hayir,,,reports/hafta7_fp_protokolu.md,test,157,tahminler_taban512_hafta7.csv,tahminler_model512.csv,0.3,0.52,1.8089,0.3,0.5,0.1,8,512,110,55,20260913,"Esikler, katsayilar ve ornek buyuklukleri KARARDIR; olcumden turetilmedi. Ayrinti protokol dosyasinda.",3.13.1,8.4.144,0.12.6,2.14.0,2026-09-13 10:08:36,scripts/25_esit_fp_adaylari.py
model_00499,Model-512,train_ZRI_2058_JPG.rf.34e7e941d692239be5f03263699cf42f.jpg,ZRI,0.5629,2565.7,984.4,2641.2,1041.4,75.5,57.0,0.0,,FP,0.52,1.8089,,,,hayir,,,reports/hafta7_fp_protokolu.md,test,157,tahminler_taban512_hafta7.csv,tahminler_model512.csv,0.3,0.52,1.8089,0.3,0.5,0.1,8,512,110,55,20260913,"Esikler, katsayilar ve ornek buyuklukleri KARARDIR; olcumden turetilmedi. Ayrinti protokol dosyasinda.",3.13.1,8.4.144,0.12.6,2.14.0,2026-09-13 10:08:36,scripts/25_esit_fp_adaylari.py
model_00500,Model-512,train_ZRI_2058_JPG.rf.34e7e941d692239be5f03263699cf42f.jpg,ZRI,0.5515,851.3,2463.0,921.9,2514.0,70.6,51.0,0.1559,,FP,0.52,1.8089,,,,hayir,,,reports/hafta7_fp_protokolu.md,test,157,tahminler_taban512_hafta7.csv,tahminler_model512.csv,0.3,0.52,1.8089,0.3,0.5,0.1,8,512,110,55,20260913,"Esikler, katsayilar ve ornek buyuklukleri KARARDIR; olcumden turetilmedi. Ayrinti protokol dosyasinda.",3.13.1,8.4.144,0.12.6,2.14.0,2026-09-13 10:08:36,scripts/25_esit_fp_adaylari.py
model_00501,Model-512,train_ZRI_2058_JPG.rf.34e7e941d692239be5f03263699cf42f.jpg,ZRI,0.5494,2024.6,185.7,2059.5,265.3,34.9,79.6,0.6825,0.6825,TP,0.52,1.8089,,,,hayir,,,reports/hafta7_fp_protokolu.md,test,157,tahminler_taban512_hafta7.csv,tahminler_model512.csv,0.3,0.52,1.8089,0.3,0.5,0.1,8,512,110,55,20260913,"Esikler, katsayilar ve ornek buyuklukleri KARARDIR; olcumden turetilmedi. Ayrinti protokol dosyasinda.",3.13.1,8.4.144,0.12.6,2.14.0,2026-09-13 10:08:36,scripts/25_esit_fp_adaylari.py
model_00502,Model-512,train_ZRI_2058_JPG.rf.34e7e941d692239be5f03263699cf42f.jpg,ZRI,0.5421,950.2,2394.9,1026.2,2443.2,76.0,48.3,0.7283,0.7283,TP,0.52,1.8089,,,,hayir,,,reports/hafta7_fp_protokolu.md,test,157,tahminler_taban512_hafta7.csv,tahminler_model512.csv,0.3,0.52,1.8089,0.3,0.5,0.1,8,512,110,55,20260913,"Esikler, katsayilar ve ornek buyuklukleri KARARDIR; olcumden turetilmedi. Ayrinti protokol dosyasinda.",3.13.1,8.4.144,0.12.6,2.14.0,2026-09-13 10:08:36,scripts/25_esit_fp_adaylari.py
model_00503,Model-512,train_ZRI_2058_JPG.rf.34e7e941d692239be5f03263699cf42f.jpg,ZRI,0.5307,1969.5,715.3,2017.5,763.3,48.0,48.0,0.8713,0.8713,TP,0.52,1.8089,,,,hayir,,,reports/hafta7_fp_protokolu.md,test,157,tahminler_taban512_hafta7.csv,tahminler_model512.csv,0.3,0.52,1.8089,0.3,0.5,0.1,8,512,110,55,20260913,"Esikler, katsayilar ve ornek buyuklukleri KARARDIR; olcumden turetilmedi. Ayrinti protokol dosyasinda.",3.13.1,8.4.144,0.12.6,2.14.0,2026-09-13 10:08:36,scripts/25_esit_fp_adaylari.py
model_00504,Model-512,train_ZRI_2065_JPG.rf.830ac62cc7542ba9b85d03b76e773cef.jpg,ZRI,0.8344,793.9,2664.7,872.8,2767.6,78.9,102.9,0.8461,0.8461,TP,0.52,1.8089,,,,hayir,,,reports/hafta7_fp_protokolu.md,test,157,tahminler_taban512_hafta7.csv,tahminler_model512.csv,0.3,0.52,1.8089,0.3,0.5,0.1,8,512,110,55,20260913,"Esikler, katsayilar ve ornek buyuklukleri KARARDIR; olcumden turetilmedi. Ayrinti protokol dosyasinda.",3.13.1,8.4.144,0.12.6,2.14.0,2026-09-13 10:08:36,scripts/25_esit_fp_adaylari.py
model_00505,Model-512,train_ZRI_2065_JPG.rf.830ac62cc7542ba9b85d03b76e773cef.jpg,ZRI,0.834,569.3,308.9,665.3,378.9,96.0,70.0,0.8234,0.8234,TP,0.52,1.8089,,,,hayir,,,reports/hafta7_fp_protokolu.md,test,157,tahminler_taban512_hafta7.csv,tahminler_model512.csv,0.3,0.52,1.8089,0.3,0.5,0.1,8,512,110,55,20260913,"Esikler, katsayilar ve ornek buyuklukleri KARARDIR; olcumden turetilmedi. Ayrinti protokol dosyasinda.",3.13.1,8.4.144,0.12.6,2.14.0,2026-09-13 10:08:36,scripts/25_esit_fp_adaylari.py
model_00506,Model-512,train_ZRI_2065_JPG.rf.830ac62cc7542ba9b85d03b76e773cef.jpg,ZRI,0.813,507.8,404.0,613.3,500.9,105.5,96.9,0.0,,FP,0.52,1.8089,,a0277,a0007,evet,Model-512/ZRI,0.3504,reports/hafta7_fp_protokolu.md,test,157,tahminler_taban512_hafta7.csv,tahminler_model512.csv,0.3,0.52,1.8089,0.3,0.5,0.1,8,512,110,55,20260913,"Esikler, katsayilar ve ornek buyuklukleri KARARDIR; olcumden turetilmedi. Ayrinti protokol dosyasinda.",3.13.1,8.4.144,0.12.6,2.14.0,2026-09-13 10:08:36,scripts/25_esit_fp_adaylari.py
model_00507,Model-512,train_ZRI_2065_JPG.rf.830ac62cc7542ba9b85d03b76e773cef.jpg,ZRI,0.8109,737.8,929.5,827.4,985.6,89.6,56.1,0.8593,0.8593,TP,0.52,1.8089,,,,hayir,,,reports/hafta7_fp_protokolu.md,test,157,tahminler_taban512_hafta7.csv,tahminler_model512.csv,0.3,0.52,1.8089,0.3,0.5,0.1,8,512,110,55,20260913,"Esikler, katsayilar ve ornek buyuklukleri KARARDIR; olcumden turetilmedi. Ayrinti protokol dosyasinda.",3.13.1,8.4.144,0.12.6,2.14.0,2026-09-13 10:08:36,scripts/25_esit_fp_adaylari.py
model_00508,Model-512,train_ZRI_2065_JPG.rf.830ac62cc7542ba9b85d03b76e773cef.jpg,ZRI,0.8064,381.0,450.7,496.5,530.1,115.5,79.4,0.8338,0.8338,TP,0.52,1.8089,,,,hayir,,,reports/hafta7_fp_protokolu.md,test,157,tahminler_taban512_hafta7.csv,tahminler_model512.csv,0.3,0.52,1.8089,0.3,0.5,0.1,8,512,110,55,20260913,"Esikler, katsayilar ve ornek buyuklukleri KARARDIR; olcumden turetilmedi. Ayrinti protokol dosyasinda.",3.13.1,8.4.144,0.12.6,2.14.0,2026-09-13 10:08:36,scripts/25_esit_fp_adaylari.py
model_00509,Model-512,train_ZRI_2065_JPG.rf.830ac62cc7542ba9b85d03b76e773cef.jpg,ZRI,0.7897,267.2,295.3,339.5,351.2,72.3,55.9,0.8603,0.8603,TP,0.52,1.8089,,,,hayir,,,reports/hafta7_fp_protokolu.md,test,157,tahminler_taban512_hafta7.csv,tahminler_model512.csv,0.3,0.52,1.8089,0.3,0.5,0.1,8,512,110,55,20260913,"Esikler, katsayilar ve ornek buyuklukleri KARARDIR; olcumden turetilmedi. Ayrinti protokol dosyasinda.",3.13.1,8.4.144,0.12.6,2.14.0,2026-09-13 10:08:36,scripts/25_esit_fp_adaylari.py
model_00510,Model-512,train_ZRI_2065_JPG.rf.830ac62cc7542ba9b85d03b76e773cef.jpg,ZRI,0.7811,726.7,828.1,799.8,894.5,73.1,66.4,0.77,0.77,TP,0.52,1.8089,,,,hayir,,,reports/hafta7_fp_protokolu.md,test,157,tahminler_taban512_hafta7.csv,tahminler_model512.csv,0.3,0.52,1.8089,0.3,0.5,0.1,8,512,110,55,20260913,"Esikler, katsayilar ve ornek buyuklukleri KARARDIR; olcumden turetilmedi. Ayrinti protokol dosyasinda.",3.13.1,8.4.144,0.12.6,2.14.0,2026-09-13 10:08:36,scripts/25_esit_fp_adaylari.py
model_00511,Model-512,train_ZRI_2065_JPG.rf.830ac62cc7542ba9b85d03b76e773cef.jpg,ZRI,0.7378,916.4,2460.3,1045.4,2526.9,129.0,66.6,0.0,,FP,0.52,1.8089,,,,hayir,,,reports/hafta7_fp_protokolu.md,test,157,tahminler_taban512_hafta7.csv,tahminler_model512.csv,0.3,0.52,1.8089,0.3,0.5,0.1,8,512,110,55,20260913,"Esikler, katsayilar ve ornek buyuklukleri KARARDIR; olcumden turetilmedi. Ayrinti protokol dosyasinda.",3.13.1,8.4.144,0.12.6,2.14.0,2026-09-13 10:08:36,scripts/25_esit_fp_adaylari.py
model_00512,Model-512,train_ZRI_2065_JPG.rf.830ac62cc7542ba9b85d03b76e773cef.jpg,ZRI,0.731,0.5,985.1,117.1,1046.5,116.6,61.4,0.7506,0.7506,TP,0.52,1.8089,,,,hayir,,,reports/hafta7_fp_protokolu.md,test,157,tahminler_taban512_hafta7.csv,tahminler_model512.csv,0.3,0.52,1.8089,0.3,0.5,0.1,8,512,110,55,20260913,"Esikler, katsayilar ve ornek buyuklukleri KARARDIR; olcumden turetilmedi. Ayrinti protokol dosyasinda.",3.13.1,8.4.144,0.12.6,2.14.0,2026-09-13 10:08:36,scripts/25_esit_fp_adaylari.py
model_00513,Model-512,train_ZRI_2065_JPG.rf.830ac62cc7542ba9b85d03b76e773cef.jpg,ZRI,0.7276,0.0,1312.7,49.4,1352.1,49.4,39.4,0.0,,FP,0.52,1.8089,,,,hayir,,,reports/hafta7_fp_protokolu.md,test,157,tahminler_taban512_hafta7.csv,tahminler_model512.csv,0.3,0.52,1.8089,0.3,0.5,0.1,8,512,110,55,20260913,"Esikler, katsayilar ve ornek buyuklukleri KARARDIR; olcumden turetilmedi. Ayrinti protokol dosyasinda.",3.13.1,8.4.144,0.12.6,2.14.0,2026-09-13 10:08:36,scripts/25_esit_fp_adaylari.py
model_00514,Model-512,train_ZRI_2065_JPG.rf.830ac62cc7542ba9b85d03b76e773cef.jpg,ZRI,0.7,227.3,337.2,356.0,425.6,128.7,88.4,0.8437,0.8437,TP,0.52,1.8089,,,,hayir,,,reports/hafta7_fp_protokolu.md,test,157,tahminler_taban512_hafta7.csv,tahminler_model512.csv,0.3,0.52,1.8089,0.3,0.5,0.1,8,512,110,55,20260913,"Esikler, katsayilar ve ornek buyuklukleri KARARDIR; olcumden turetilmedi. Ayrinti protokol dosyasinda.",3.13.1,8.4.144,0.12.6,2.14.0,2026-09-13 10:08:36,scripts/25_esit_fp_adaylari.py
model_00515,Model-512,train_ZRI_2065_JPG.rf.830ac62cc7542ba9b85d03b76e773cef.jpg,ZRI,0.6867,350.3,113.7,443.8,196.4,93.5,82.7,0.8525,0.8525,TP,0.52,1.8089,,,,hayir,,,reports/hafta7_fp_protokolu.md,test,157,tahminler_taban512_hafta7.csv,tahminler_model512.csv,0.3,0.52,1.8089,0.3,0.5,0.1,8,512,110,55,20260913,"Esikler, katsayilar ve ornek buyuklukleri KARARDIR; olcumden turetilmedi. Ayrinti protokol dosyasinda.",3.13.1,8.4.144,0.12.6,2.14.0,2026-09-13 10:08:36,scripts/25_esit_fp_adaylari.py
model_00516,Model-512,train_ZRI_2065_JPG.rf.830ac62cc7542ba9b85d03b76e773cef.jpg,ZRI,0.6811,800.9,418.7,835.6,460.9,34.7,42.2,0.0,,FP,0.52,1.8089,,a0029,a0141,evet,Model-512/ZRI,0.3504,reports/hafta7_fp_protokolu.md,test,157,tahminler_taban512_hafta7.csv,tahminler_model512.csv,0.3,0.52,1.8089,0.3,0.5,0.1,8,512,110,55,20260913,"Esikler, katsayilar ve ornek buyuklukleri KARARDIR; olcumden turetilmedi. Ayrinti protokol dosyasinda.",3.13.1,8.4.144,0.12.6,2.14.0,2026-09-13 10:08:36,scripts/25_esit_fp_adaylari.py
model_00517,Model-512,train_ZRI_2065_JPG.rf.830ac62cc7542ba9b85d03b76e773cef.jpg,ZRI,0.6599,964.9,191.6,1040.2,280.9,75.3,89.3,0.0,,FP,0.52,1.8089,,,,hayir,,,reports/hafta7_fp_protokolu.md,test,157,tahminler_taban512_hafta7.csv,tahminler_model512.csv,0.3,0.52,1.8089,0.3,0.5,0.1,8,512,110,55,20260913,"Esikler, katsayilar ve ornek buyuklukleri KARARDIR; olcumden turetilmedi. Ayrinti protokol dosyasinda.",3.13.1,8.4.144,0.12.6,2.14.0,2026-09-13 10:08:36,scripts/25_esit_fp_adaylari.py
model_00518,Model-512,train_ZRI_2065_JPG.rf.830ac62cc7542ba9b85d03b76e773cef.jpg,ZRI,0.6589,220.4,1448.8,293.5,1523.4,73.1,74.6,0.0,,FP,0.52,1.8089,,,,hayir,,,reports/hafta7_fp_protokolu.md,test,157,tahminler_taban512_hafta7.csv,tahminler_model512.csv,0.3,0.52,1.8089,0.3,0.5,0.1,8,512,110,55,20260913,"Esikler, katsayilar ve ornek buyuklukleri KARARDIR; olcumden turetilmedi. Ayrinti protokol dosyasinda.",3.13.1,8.4.144,0.12.6,2.14.0,2026-09-13 10:08:36,scripts/25_esit_fp_adaylari.py
model_00519,Model-512,train_ZRI_2065_JPG.rf.830ac62cc7542ba9b85d03b76e773cef.jpg,ZRI,0.6192,738.0,416.8,794.1,466.7,56.1,49.9,0.0,,FP,0.52,1.8089,,a0365,a0393,evet,Model-512/ZRI,0.3504,reports/hafta7_fp_protokolu.md,test,157,tahminler_taban512_hafta7.csv,tahminler_model512.csv,0.3,0.52,1.8089,0.3,0.5,0.1,8,512,110,55,20260913,"Esikler, katsayilar ve ornek buyuklukleri KARARDIR; olcumden turetilmedi. Ayrinti protokol dosyasinda.",3.13.1,8.4.144,0.12.6,2.14.0,2026-09-13 10:08:36,scripts/25_esit_fp_adaylari.py
model_00520,Model-512,train_ZRI_2065_JPG.rf.830ac62cc7542ba9b85d03b76e773cef.jpg,ZRI,0.5804,258.5,107.4,362.3,201.2,103.8,93.8,0.8343,0.8343,TP,0.52,1.8089,,,,hayir,,,reports/hafta7_fp_protokolu.md,test,157,tahminler_taban512_hafta7.csv,tahminler_model512.csv,0.3,0.52,1.8089,0.3,0.5,0.1,8,512,110,55,20260913,"Esikler, katsayilar ve ornek buyuklukleri KARARDIR; olcumden turetilmedi. Ayrinti protokol dosyasinda.",3.13.1,8.4.144,0.12.6,2.14.0,2026-09-13 10:08:36,scripts/25_esit_fp_adaylari.py
model_00521,Model-512,train_ZRI_2066_JPG.rf.6c0b5d1549d2bce7c67ce607ffb519ee.jpg,ZRI,0.8457,460.6,432.4,547.1,502.0,86.5,69.6,0.9038,0.9038,TP,0.52,1.8089,,,,hayir,,,reports/hafta7_fp_protokolu.md,test,157,tahminler_taban512_hafta7.csv,tahminler_model512.csv,0.3,0.52,1.8089,0.3,0.5,0.1,8,512,110,55,20260913,"Esikler, katsayilar ve ornek buyuklukleri KARARDIR; olcumden turetilmedi. Ayrinti protokol dosyasinda.",3.13.1,8.4.144,0.12.6,2.14.0,2026-09-13 10:08:36,scripts/25_esit_fp_adaylari.py
model_00522,Model-512,train_ZRI_2066_JPG.rf.6c0b5d1549d2bce7c67ce607ffb519ee.jpg,ZRI,0.8221,2869.8,175.4,2940.0,279.6,70.2,104.2,0.0,,FP,0.52,1.8089,,,,hayir,,,reports/hafta7_fp_protokolu.md,test,157,tahminler_taban512_hafta7.csv,tahminler_model512.csv,0.3,0.52,1.8089,0.3,0.5,0.1,8,512,110,55,20260913,"Esikler, katsayilar ve ornek buyuklukleri KARARDIR; olcumden turetilmedi. Ayrinti protokol dosyasinda.",3.13.1,8.4.144,0.12.6,2.14.0,2026-09-13 10:08:36,scripts/25_esit_fp_adaylari.py
model_00523,Model-512,train_ZRI_2066_JPG.rf.6c0b5d1549d2bce7c67ce607ffb519ee.jpg,ZRI,0.818,828.3,1407.2,912.5,1467.7,84.2,60.5,0.8609,0.8609,TP,0.52,1.8089,,,,hayir,,,reports/hafta7_fp_protokolu.md,test,157,tahminler_taban512_hafta7.csv,tahminler_model512.csv,0.3,0.52,1.8089,0.3,0.5,0.1,8,512,110,55,20260913,"Esikler, katsayilar ve ornek buyuklukleri KARARDIR; olcumden turetilmedi. Ayrinti protokol dosyasinda.",3.13.1,8.4.144,0.12.6,2.14.0,2026-09-13 10:08:36,scripts/25_esit_fp_adaylari.py
model_00524,Model-512,train_ZRI_2066_JPG.rf.6c0b5d1549d2bce7c67ce607ffb519ee.jpg,ZRI,0.8046,844.9,1010.7,922.0,1075.4,77.1,64.7,0.8265,0.8265,TP,0.52,1.8089,,,,hayir,,,reports/hafta7_fp_protokolu.md,test,157,tahminler_taban512_hafta7.csv,tahminler_model512.csv,0.3,0.52,1.8089,0.3,0.5,0.1,8,512,110,55,20260913,"Esikler, katsayilar ve ornek buyuklukleri KARARDIR; olcumden turetilmedi. Ayrinti protokol dosyasinda.",3.13.1,8.4.144,0.12.6,2.14.0,2026-09-13 10:08:36,scripts/25_esit_fp_adaylari.py
model_00525,Model-512,train_ZRI_2066_JPG.rf.6c0b5d1549d2bce7c67ce607ffb519ee.jpg,ZRI,0.7971,3581.1,0.2,3665.7,39.8,84.6,39.6,0.0,,FP,0.52,1.8089,,a0370,a0229,evet,Model-512/ZRI,0.3504,reports/hafta7_fp_protokolu.md,test,157,tahminler_taban512_hafta7.csv,tahminler_model512.csv,0.3,0.52,1.8089,0.3,0.5,0.1,8,512,110,55,20260913,"Esikler, katsayilar ve ornek buyuklukleri KARARDIR; olcumden turetilmedi. Ayrinti protokol dosyasinda.",3.13.1,8.4.144,0.12.6,2.14.0,2026-09-13 10:08:36,scripts/25_esit_fp_adaylari.py
model_00526,Model-512,train_ZRI_2066_JPG.rf.6c0b5d1549d2bce7c67ce607ffb519ee.jpg,ZRI,0.7902,3027.4,628.1,3093.9,683.3,66.5,55.2,0.0,,FP,0.52,1.8089,,,,hayir,,,reports/hafta7_fp_protokolu.md,test,157,tahminler_taban512_hafta7.csv,tahminler_model512.csv,0.3,0.52,1.8089,0.3,0.5,0.1,8,512,110,55,20260913,"Esikler, katsayilar ve ornek buyuklukleri KARARDIR; olcumden turetilmedi. Ayrinti protokol dosyasinda.",3.13.1,8.4.144,0.12.6,2.14.0,2026-09-13 10:08:36,scripts/25_esit_fp_adaylari.py
model_00527,Model-512,train_ZRI_2066_JPG.rf.6c0b5d1549d2bce7c67ce607ffb519ee.jpg,ZRI,0.7829,1106.2,694.1,1184.1,774.1,77.9,80.0,0.0,,FP,0.52,1.8089,,a0310,a0318,evet,Model-512/ZRI,0.3504,reports/hafta7_fp_protokolu.md,test,157,tahminler_taban512_hafta7.csv,tahminler_model512.csv,0.3,0.52,1.8089,0.3,0.5,0.1,8,512,110,55,20260913,"Esikler, katsayilar ve ornek buyuklukleri KARARDIR; olcumden turetilmedi. Ayrinti protokol dosyasinda.",3.13.1,8.4.144,0.12.6,2.14.0,2026-09-13 10:08:36,scripts/25_esit_fp_adaylari.py
model_00528,Model-512,train_ZRI_2066_JPG.rf.6c0b5d1549d2bce7c67ce607ffb519ee.jpg,ZRI,0.7822,429.9,1778.3,479.4,1812.6,49.5,34.3,0.777,0.777,TP,0.52,1.8089,,,,hayir,,,reports/hafta7_fp_protokolu.md,test,157,tahminler_taban512_hafta7.csv,tahminler_model512.csv,0.3,0.52,1.8089,0.3,0.5,0.1,8,512,110,55,20260913,"Esikler, katsayilar ve ornek buyuklukleri KARARDIR; olcumden turetilmedi. Ayrinti protokol dosyasinda.",3.13.1,8.4.144,0.12.6,2.14.0,2026-09-13 10:08:36,scripts/25_esit_fp_adaylari.py
model_00529,Model-512,train_ZRI_2066_JPG.rf.6c0b5d1549d2bce7c67ce607ffb519ee.jpg,ZRI,0.7715,367.4,619.4,462.8,685.4,95.4,66.0,0.87,0.87,TP,0.52,1.8089,,,,hayir,,,reports/hafta7_fp_protokolu.md,test,157,tahminler_taban512_hafta7.csv,tahminler_model512.csv,0.3,0.52,1.8089,0.3,0.5,0.1,8,512,110,55,20260913,"Esikler, katsayilar ve ornek buyuklukleri KARARDIR; olcumden turetilmedi. Ayrinti protokol dosyasinda.",3.13.1,8.4.144,0.12.6,2.14.0,2026-09-13 10:08:36,scripts/25_esit_fp_adaylari.py
model_00530,Model-512,train_ZRI_2066_JPG.rf.6c0b5d1549d2bce7c67ce607ffb519ee.jpg,ZRI,0.7537,403.1,720.8,483.0,775.4,79.9,54.6,0.0,,FP,0.52,1.8089,,,,hayir,,,reports/hafta7_fp_protokolu.md,test,157,tahminler_taban512_hafta7.csv,tahminler_model512.csv,0.3,0.52,1.8089,0.3,0.5,0.1,8,512,110,55,20260913,"Esikler, katsayilar ve ornek buyuklukleri KARARDIR; olcumden turetilmedi. Ayrinti protokol dosyasinda.",3.13.1,8.4.144,0.12.6,2.14.0,2026-09-13 10:08:36,scripts/25_esit_fp_adaylari.py
model_00531,Model-512,train_ZRI_2066_JPG.rf.6c0b5d1549d2bce7c67ce607ffb519ee.jpg,ZRI,0.7426,814.5,1337.3,899.9,1395.7,85.4,58.4,0.8803,0.8803,TP,0.52,1.8089,,,,hayir,,,reports/hafta7_fp_protokolu.md,test,157,tahminler_taban512_hafta7.csv,tahminler_model512.csv,0.3,0.52,1.8089,0.3,0.5,0.1,8,512,110,55,20260913,"Esikler, katsayilar ve ornek buyuklukleri KARARDIR; olcumden turetilmedi. Ayrinti protokol dosyasinda.",3.13.1,8.4.144,0.12.6,2.14.0,2026-09-13 10:08:36,scripts/25_esit_fp_adaylari.py
model_00532,Model-512,train_ZRI_2066_JPG.rf.6c0b5d1549d2bce7c67ce607ffb519ee.jpg,ZRI,0.7327,390.5,549.0,492.0,655.0,101.5,106.0,0.8322,0.8322,TP,0.52,1.8089,,,,hayir,,,reports/hafta7_fp_protokolu.md,test,157,tahminler_taban512_hafta7.csv,tahminler_model512.csv,0.3,0.52,1.8089,0.3,0.5,0.1,8,512,110,55,20260913,"Esikler, katsayilar ve ornek buyuklukleri KARARDIR; olcumden turetilmedi. Ayrinti protokol dosyasinda.",3.13.1,8.4.144,0.12.6,2.14.0,2026-09-13 10:08:36,scripts/25_esit_fp_adaylari.py
model_00533,Model-512,train_ZRI_2066_JPG.rf.6c0b5d1549d2bce7c67ce607ffb519ee.jpg,ZRI,0.6989,1764.6,29.3,1810.6,104.6,46.0,75.3,0.7149,0.7149,TP,0.52,1.8089,,,,hayir,,,reports/hafta7_fp_protokolu.md,test,157,tahminler_taban512_hafta7.csv,tahminler_model512.csv,0.3,0.52,1.8089,0.3,0.5,0.1,8,512,110,55,20260913,"Esikler, katsayilar ve ornek buyuklukleri KARARDIR; olcumden turetilmedi. Ayrinti protokol dosyasinda.",3.13.1,8.4.144,0.12.6,2.14.0,2026-09-13 10:08:36,scripts/25_esit_fp_adaylari.py
model_00534,Model-512,train_ZRI_2066_JPG.rf.6c0b5d1549d2bce7c67ce607ffb519ee.jpg,ZRI,0.6802,82.1,1623.7,152.1,1654.1,70.0,30.4,0.7037,0.7037,TP,0.52,1.8089,,,,hayir,,,reports/hafta7_fp_protokolu.md,test,157,tahminler_taban512_hafta7.csv,tahminler_model512.csv,0.3,0.52,1.8089,0.3,0.5,0.1,8,512,110,55,20260913,"Esikler, katsayilar ve ornek buyuklukleri KARARDIR; olcumden turetilmedi. Ayrinti protokol dosyasinda.",3.13.1,8.4.144,0.12.6,2.14.0,2026-09-13 10:08:36,scripts/25_esit_fp_adaylari.py
model_00535,Model-512,train_ZRI_2066_JPG.rf.6c0b5d1549d2bce7c67ce607ffb519ee.jpg,ZRI,0.6165,1167.8,632.7,1234.0,696.2,66.2,63.5,0.0,,FP,0.52,1.8089,,,,hayir,,,reports/hafta7_fp_protokolu.md,test,157,tahminler_taban512_hafta7.csv,tahminler_model512.csv,0.3,0.52,1.8089,0.3,0.5,0.1,8,512,110,55,20260913,"Esikler, katsayilar ve ornek buyuklukleri KARARDIR; olcumden turetilmedi. Ayrinti protokol dosyasinda.",3.13.1,8.4.144,0.12.6,2.14.0,2026-09-13 10:08:36,scripts/25_esit_fp_adaylari.py
model_00536,Model-512,train_ZRI_2066_JPG.rf.6c0b5d1549d2bce7c67ce607ffb519ee.jpg,ZRI,0.5778,1108.5,2450.8,1201.3,2561.8,92.8,111.0,0.0,,FP,0.52,1.8089,,a0156,a0276,evet,Model-512/ZRI,0.3504,reports/hafta7_fp_protokolu.md,test,157,tahminler_taban512_hafta7.csv,tahminler_model512.csv,0.3,0.52,1.8089,0.3,0.5,0.1,8,512,110,55,20260913,"Esikler, katsayilar ve ornek buyuklukleri KARARDIR; olcumden turetilmedi. Ayrinti protokol dosyasinda.",3.13.1,8.4.144,0.12.6,2.14.0,2026-09-13 10:08:36,scripts/25_esit_fp_adaylari.py
model_00537,Model-512,train_ZRI_2066_JPG.rf.6c0b5d1549d2bce7c67ce607ffb519ee.jpg,ZRI,0.5665,868.9,886.3,921.0,934.7,52.1,48.4,0.0,,FP,0.52,1.8089,,,,hayir,,,reports/hafta7_fp_protokolu.md,test,157,tahminler_taban512_hafta7.csv,tahminler_model512.csv,0.3,0.52,1.8089,0.3,0.5,0.1,8,512,110,55,20260913,"Esikler, katsayilar ve ornek buyuklukleri KARARDIR; olcumden turetilmedi. Ayrinti protokol dosyasinda.",3.13.1,8.4.144,0.12.6,2.14.0,2026-09-13 10:08:36,scripts/25_esit_fp_adaylari.py
model_00538,Model-512,train_ZRI_2066_JPG.rf.6c0b5d1549d2bce7c67ce607ffb519ee.jpg,ZRI,0.5581,845.4,1009.6,991.3,1081.1,145.9,71.5,0.4104,,FP,0.52,1.8089,,a0372,a0255,evet,Model-512/ZRI,0.3504,reports/hafta7_fp_protokolu.md,test,157,tahminler_taban512_hafta7.csv,tahminler_model512.csv,0.3,0.52,1.8089,0.3,0.5,0.1,8,512,110,55,20260913,"Esikler, katsayilar ve ornek buyuklukleri KARARDIR; olcumden turetilmedi. Ayrinti protokol dosyasinda.",3.13.1,8.4.144,0.12.6,2.14.0,2026-09-13 10:08:36,scripts/25_esit_fp_adaylari.py
model_00539,Model-512,train_ZRI_2066_JPG.rf.6c0b5d1549d2bce7c67ce607ffb519ee.jpg,ZRI,0.5489,1561.3,401.1,1611.3,456.2,50.0,55.1,0.0,,FP,0.52,1.8089,,a0177,a0352,evet,Model-512/ZRI,0.3504,reports/hafta7_fp_protokolu.md,test,157,tahminler_taban512_hafta7.csv,tahminler_model512.csv,0.3,0.52,1.8089,0.3,0.5,0.1,8,512,110,55,20260913,"Esikler, katsayilar ve ornek buyuklukleri KARARDIR; olcumden turetilmedi. Ayrinti protokol dosyasinda.",3.13.1,8.4.144,0.12.6,2.14.0,2026-09-13 10:08:36,scripts/25_esit_fp_adaylari.py
model_00540,Model-512,train_ZRI_2066_JPG.rf.6c0b5d1549d2bce7c67ce607ffb519ee.jpg,ZRI,0.5284,366.7,1724.1,458.3,1776.8,91.6,52.7,0.9434,0.9434,TP,0.52,1.8089,,,,hayir,,,reports/hafta7_fp_protokolu.md,test,157,tahminler_taban512_hafta7.csv,tahminler_model512.csv,0.3,0.52,1.8089,0.3,0.5,0.1,8,512,110,55,20260913,"Esikler, katsayilar ve ornek buyuklukleri KARARDIR; olcumden turetilmedi. Ayrinti protokol dosyasinda.",3.13.1,8.4.144,0.12.6,2.14.0,2026-09-13 10:08:36,scripts/25_esit_fp_adaylari.py
model_00541,Model-512,train_ZRI_2069_JPG.rf.6a409d8c56d0318e69673369fd6d2678.jpg,ZRI,0.8211,2259.5,1986.7,2325.8,2057.4,66.3,70.7,0.8976,0.8976,TP,0.52,1.8089,,,,hayir,,,reports/hafta7_fp_protokolu.md,test,157,tahminler_taban512_hafta7.csv,tahminler_model512.csv,0.3,0.52,1.8089,0.3,0.5,0.1,8,512,110,55,20260913,"Esikler, katsayilar ve ornek buyuklukleri KARARDIR; olcumden turetilmedi. Ayrinti protokol dosyasinda.",3.13.1,8.4.144,0.12.6,2.14.0,2026-09-13 10:08:36,scripts/25_esit_fp_adaylari.py
model_00542,Model-512,train_ZRI_2069_JPG.rf.6a409d8c56d0318e69673369fd6d2678.jpg,ZRI,0.7983,1080.8,900.6,1140.0,968.5,59.2,67.9,0.7449,0.7449,TP,0.52,1.8089,,,,hayir,,,reports/hafta7_fp_protokolu.md,test,157,tahminler_taban512_hafta7.csv,tahminler_model512.csv,0.3,0.52,1.8089,0.3,0.5,0.1,8,512,110,55,20260913,"Esikler, katsayilar ve ornek buyuklukleri KARARDIR; olcumden turetilmedi. Ayrinti protokol dosyasinda.",3.13.1,8.4.144,0.12.6,2.14.0,2026-09-13 10:08:36,scripts/25_esit_fp_adaylari.py
model_00543,Model-512,train_ZRI_2069_JPG.rf.6a409d8c56d0318e69673369fd6d2678.jpg,ZRI,0.7794,3668.1,2948.4,3738.5,3000.0,70.4,51.6,0.9028,0.9028,TP,0.52,1.8089,,,,hayir,,,reports/hafta7_fp_protokolu.md,test,157,tahminler_taban512_hafta7.csv,tahminler_model512.csv,0.3,0.52,1.8089,0.3,0.5,0.1,8,512,110,55,20260913,"Esikler, katsayilar ve ornek buyuklukleri KARARDIR; olcumden turetilmedi. Ayrinti protokol dosyasinda.",3.13.1,8.4.144,0.12.6,2.14.0,2026-09-13 10:08:36,scripts/25_esit_fp_adaylari.py
model_00544,Model-512,train_ZRI_2069_JPG.rf.6a409d8c56d0318e69673369fd6d2678.jpg,ZRI,0.7587,2544.0,427.0,2590.3,489.0,46.3,62.0,0.0,,FP,0.52,1.8089,,a0163,a0253,evet,Model-512/ZRI,0.3504,reports/hafta7_fp_protokolu.md,test,157,tahminler_taban512_hafta7.csv,tahminler_model512.csv,0.3,0.52,1.8089,0.3,0.5,0.1,8,512,110,55,20260913,"Esikler, katsayilar ve ornek buyuklukleri KARARDIR; olcumden turetilmedi. Ayrinti protokol dosyasinda.",3.13.1,8.4.144,0.12.6,2.14.0,2026-09-13 10:08:36,scripts/25_esit_fp_adaylari.py
model_00545,Model-512,train_ZRI_2069_JPG.rf.6a409d8c56d0318e69673369fd6d2678.jpg,ZRI,0.7419,2065.7,1885.3,2110.8,1951.4,45.1,66.1,0.8373,0.8373,TP,0.52,1.8089,,,,hayir,,,reports/hafta7_fp_protokolu.md,test,157,tahminler_taban512_hafta7.csv,tahminler_model512.csv,0.3,0.52,1.8089,0.3,0.5,0.1,8,512,110,55,20260913,"Esikler, katsayilar ve ornek buyuklukleri KARARDIR; olcumden turetilmedi. Ayrinti protokol dosyasinda.",3.13.1,8.4.144,0.12.6,2.14.0,2026-09-13 10:08:36,scripts/25_esit_fp_adaylari.py
model_00546,Model-512,train_ZRI_2069_JPG.rf.6a409d8c56d0318e69673369fd6d2678.jpg,ZRI,0.7394,1688.3,1261.9,1736.2,1314.9,47.9,53.0,0.7978,0.7978,TP,0.52,1.8089,,,,hayir,,,reports/hafta7_fp_protokolu.md,test,157,tahminler_taban512_hafta7.csv,tahminler_model512.csv,0.3,0.52,1.8089,0.3,0.5,0.1,8,512,110,55,20260913,"Esikler, katsayilar ve ornek buyuklukleri KARARDIR; olcumden turetilmedi. Ayrinti protokol dosyasinda.",3.13.1,8.4.144,0.12.6,2.14.0,2026-09-13 10:08:36,scripts/25_esit_fp_adaylari.py
model_00547,Model-512,train_ZRI_2069_JPG.rf.6a409d8c56d0318e69673369fd6d2678.jpg,ZRI,0.7341,2483.3,175.9,2534.9,226.5,51.6,50.6,0.8063,0.8063,TP,0.52,1.8089,,,,hayir,,,reports/hafta7_fp_protokolu.md,test,157,tahminler_taban512_hafta7.csv,tahminler_model512.csv,0.3,0.52,1.8089,0.3,0.5,0.1,8,512,110,55,20260913,"Esikler, katsayilar ve ornek buyuklukleri KARARDIR; olcumden turetilmedi. Ayrinti protokol dosyasinda.",3.13.1,8.4.144,0.12.6,2.14.0,2026-09-13 10:08:36,scripts/25_esit_fp_adaylari.py
model_00548,Model-512,train_ZRI_2069_JPG.rf.6a409d8c56d0318e69673369fd6d2678.jpg,ZRI,0.7241,3608.1,2611.5,3732.6,2665.2,124.5,53.7,0.0,,FP,0.52,1.8089,,,,hayir,,,reports/hafta7_fp_protokolu.md,test,157,tahminler_taban512_hafta7.csv,tahminler_model512.csv,0.3,0.52,1.8089,0.3,0.5,0.1,8,512,110,55,20260913,"Esikler, katsayilar ve ornek buyuklukleri KARARDIR; olcumden turetilmedi. Ayrinti protokol dosyasinda.",3.13.1,8.4.144,0.12.6,2.14.0,2026-09-13 10:08:36,scripts/25_esit_fp_adaylari.py
model_00549,Model-512,train_ZRI_2069_JPG.rf.6a409d8c56d0318e69673369fd6d2678.jpg,ZRI,0.7197,2292.6,2270.5,2376.0,2343.3,83.4,72.8,0.0,,FP,0.52,1.8089,,,,hayir,,,reports/hafta7_fp_protokolu.md,test,157,tahminler_taban512_hafta7.csv,tahminler_model512.csv,0.3,0.52,1.8089,0.3,0.5,0.1,8,512,110,55,20260913,"Esikler, katsayilar ve ornek buyuklukleri KARARDIR; olcumden turetilmedi. Ayrinti protokol dosyasinda.",3.13.1,8.4.144,0.12.6,2.14.0,2026-09-13 10:08:36,scripts/25_esit_fp_adaylari.py
model_00550,Model-512,train_ZRI_2069_JPG.rf.6a409d8c56d0318e69673369fd6d2678.jpg,ZRI,0.7095,3814.3,2549.2,3911.0,2656.4,96.7,107.2,0.6893,0.6893,TP,0.52,1.8089,,,,hayir,,,reports/hafta7_fp_protokolu.md,test,157,tahminler_taban512_hafta7.csv,tahminler_model512.csv,0.3,0.52,1.8089,0.3,0.5,0.1,8,512,110,55,20260913,"Esikler, katsayilar ve ornek buyuklukleri KARARDIR; olcumden turetilmedi. Ayrinti protokol dosyasinda.",3.13.1,8.4.144,0.12.6,2.14.0,2026-09-13 10:08:36,scripts/25_esit_fp_adaylari.py
model_00551,Model-512,train_ZRI_2069_JPG.rf.6a409d8c56d0318e69673369fd6d2678.jpg,ZRI,0.681,3148.2,538.1,3211.4,593.7,63.2,55.6,0.0,,FP,0.52,1.8089,,,,hayir,,,reports/hafta7_fp_protokolu.md,test,157,tahminler_taban512_hafta7.csv,tahminler_model512.csv,0.3,0.52,1.8089,0.3,0.5,0.1,8,512,110,55,20260913,"Esikler, katsayilar ve ornek buyuklukleri KARARDIR; olcumden turetilmedi. Ayrinti protokol dosyasinda.",3.13.1,8.4.144,0.12.6,2.14.0,2026-09-13 10:08:36,scripts/25_esit_fp_adaylari.py
model_00552,Model-512,train_ZRI_2069_JPG.rf.6a409d8c56d0318e69673369fd6d2678.jpg,ZRI,0.5738,3898.1,2727.3,3975.8,2779.4,77.7,52.1,0.0,,FP,0.52,1.8089,,,,hayir,,,reports/hafta7_fp_protokolu.md,test,157,tahminler_taban512_hafta7.csv,tahminler_model512.csv,0.3,0.52,1.8089,0.3,0.5,0.1,8,512,110,55,20260913,"Esikler, katsayilar ve ornek buyuklukleri KARARDIR; olcumden turetilmedi. Ayrinti protokol dosyasinda.",3.13.1,8.4.144,0.12.6,2.14.0,2026-09-13 10:08:36,scripts/25_esit_fp_adaylari.py
model_00553,Model-512,train_ZRI_2069_JPG.rf.6a409d8c56d0318e69673369fd6d2678.jpg,ZRI,0.5667,3351.1,2461.9,3429.6,2521.0,78.5,59.1,0.8807,0.8807,TP,0.52,1.8089,,,,hayir,,,reports/hafta7_fp_protokolu.md,test,157,tahminler_taban512_hafta7.csv,tahminler_model512.csv,0.3,0.52,1.8089,0.3,0.5,0.1,8,512,110,55,20260913,"Esikler, katsayilar ve ornek buyuklukleri KARARDIR; olcumden turetilmedi. Ayrinti protokol dosyasinda.",3.13.1,8.4.144,0.12.6,2.14.0,2026-09-13 10:08:36,scripts/25_esit_fp_adaylari.py
model_00554,Model-512,train_ZRI_2069_JPG.rf.6a409d8c56d0318e69673369fd6d2678.jpg,ZRI,0.563,1881.2,320.1,1934.7,411.5,53.5,91.4,0.8228,0.8228,TP,0.52,1.8089,,,,hayir,,,reports/hafta7_fp_protokolu.md,test,157,tahminler_taban512_hafta7.csv,tahminler_model512.csv,0.3,0.52,1.8089,0.3,0.5,0.1,8,512,110,55,20260913,"Esikler, katsayilar ve ornek buyuklukleri KARARDIR; olcumden turetilmedi. Ayrinti protokol dosyasinda.",3.13.1,8.4.144,0.12.6,2.14.0,2026-09-13 10:08:36,scripts/25_esit_fp_adaylari.py
model_00555,Model-512,train_ZRI_2069_JPG.rf.6a409d8c56d0318e69673369fd6d2678.jpg,ZRI,0.5435,1075.1,901.1,1138.7,922.0,63.6,20.9,0.2325,,FP,0.52,1.8089,,a0410,a0062,evet,Model-512/ZRI,0.3504,reports/hafta7_fp_protokolu.md,test,157,tahminler_taban512_hafta7.csv,tahminler_model512.csv,0.3,0.52,1.8089,0.3,0.5,0.1,8,512,110,55,20260913,"Esikler, katsayilar ve ornek buyuklukleri KARARDIR; olcumden turetilmedi. Ayrinti protokol dosyasinda.",3.13.1,8.4.144,0.12.6,2.14.0,2026-09-13 10:08:36,scripts/25_esit_fp_adaylari.py
model_00556,Model-512,train_ZRI_2069_JPG.rf.6a409d8c56d0318e69673369fd6d2678.jpg,ZRI,0.5362,3668.7,2947.5,3721.0,2972.0,52.3,24.5,0.3412,,FP,0.52,1.8089,,,,hayir,,,reports/hafta7_fp_protokolu.md,test,157,tahminler_taban512_hafta7.csv,tahminler_model512.csv,0.3,0.52,1.8089,0.3,0.5,0.1,8,512,110,55,20260913,"Esikler, katsayilar ve ornek buyuklukleri KARARDIR; olcumden turetilmedi. Ayrinti protokol dosyasinda.",3.13.1,8.4.144,0.12.6,2.14.0,2026-09-13 10:08:36,scripts/25_esit_fp_adaylari.py
model_00557,Model-512,train_ZRI_2071_JPG.rf.fcdb961ab586bb519156035e5c925048.jpg,ZRI,0.8343,2591.6,903.3,2626.2,957.2,34.6,53.9,0.8486,0.8486,TP,0.52,1.8089,,,,hayir,,,reports/hafta7_fp_protokolu.md,test,157,tahminler_taban512_hafta7.csv,tahminler_model512.csv,0.3,0.52,1.8089,0.3,0.5,0.1,8,512,110,55,20260913,"Esikler, katsayilar ve ornek buyuklukleri KARARDIR; olcumden turetilmedi. Ayrinti protokol dosyasinda.",3.13.1,8.4.144,0.12.6,2.14.0,2026-09-13 10:08:36,scripts/25_esit_fp_adaylari.py
model_00558,Model-512,train_ZRI_2071_JPG.rf.fcdb961ab586bb519156035e5c925048.jpg,ZRI,0.8284,2110.9,670.2,2147.7,720.2,36.8,50.0,0.8513,0.8513,TP,0.52,1.8089,,,,hayir,,,reports/hafta7_fp_protokolu.md,test,157,tahminler_taban512_hafta7.csv,tahminler_model512.csv,0.3,0.52,1.8089,0.3,0.5,0.1,8,512,110,55,20260913,"Esikler, katsayilar ve ornek buyuklukleri KARARDIR; olcumden turetilmedi. Ayrinti protokol dosyasinda.",3.13.1,8.4.144,0.12.6,2.14.0,2026-09-13 10:08:36,scripts/25_esit_fp_adaylari.py
model_00559,Model-512,train_ZRI_2071_JPG.rf.fcdb961ab586bb519156035e5c925048.jpg,ZRI,0.7943,2233.4,489.8,2279.8,565.6,46.4,75.8,0.8648,0.8648,TP,0.52,1.8089,,,,hayir,,,reports/hafta7_fp_protokolu.md,test,157,tahminler_taban512_hafta7.csv,tahminler_model512.csv,0.3,0.52,1.8089,0.3,0.5,0.1,8,512,110,55,20260913,"Esikler, katsayilar ve ornek buyuklukleri KARARDIR; olcumden turetilmedi. Ayrinti protokol dosyasinda.",3.13.1,8.4.144,0.12.6,2.14.0,2026-09-13 10:08:36,scripts/25_esit_fp_adaylari.py
model_00560,Model-512,train_ZRI_2071_JPG.rf.fcdb961ab586bb519156035e5c925048.jpg,ZRI,0.7738,1443.2,779.4,1481.7,835.5,38.5,56.1,0.8371,0.8371,TP,0.52,1.8089,,,,hayir,,,reports/hafta7_fp_protokolu.md,test,157,tahminler_taban512_hafta7.csv,tahminler_model512.csv,0.3,0.52,1.8089,0.3,0.5,0.1,8,512,110,55,20260913,"Esikler, katsayilar ve ornek buyuklukleri KARARDIR; olcumden turetilmedi. Ayrinti protokol dosyasinda.",3.13.1,8.4.144,0.12.6,2.14.0,2026-09-13 10:08:36,scripts/25_esit_fp_adaylari.py
model_00561,Model-512,train_ZRI_2071_JPG.rf.fcdb961ab586bb519156035e5c925048.jpg,ZRI,0.7684,1967.6,269.2,2017.9,331.3,50.3,62.1,0.8907,0.8907,TP,0.52,1.8089,,,,hayir,,,reports/hafta7_fp_protokolu.md,test,157,tahminler_taban512_hafta7.csv,tahminler_model512.csv,0.3,0.52,1.8089,0.3,0.5,0.1,8,512,110,55,20260913,"Esikler, katsayilar ve ornek buyuklukleri KARARDIR; olcumden turetilmedi. Ayrinti protokol dosyasinda.",3.13.1,8.4.144,0.12.6,2.14.0,2026-09-13 10:08:36,scripts/25_esit_fp_adaylari.py
model_00562,Model-512,train_ZRI_2071_JPG.rf.fcdb961ab586bb519156035e5c925048.jpg,ZRI,0.7384,3176.0,858.4,3246.3,910.7,70.3,52.3,0.9213,0.9213,TP,0.52,1.8089,,,,hayir,,,reports/hafta7_fp_protokolu.md,test,157,tahminler_taban512_hafta7.csv,tahminler_model512.csv,0.3,0.52,1.8089,0.3,0.5,0.1,8,512,110,55,20260913,"Esikler, katsayilar ve ornek buyuklukleri KARARDIR; olcumden turetilmedi. Ayrinti protokol dosyasinda.",3.13.1,8.4.144,0.12.6,2.14.0,2026-09-13 10:08:36,scripts/25_esit_fp_adaylari.py
model_00563,Model-512,train_ZRI_2071_JPG.rf.fcdb961ab586bb519156035e5c925048.jpg,ZRI,0.7233,2305.7,931.8,2353.3,986.2,47.6,54.4,0.7849,0.7849,TP,0.52,1.8089,,,,hayir,,,reports/hafta7_fp_protokolu.md,test,157,tahminler_taban512_hafta7.csv,tahminler_model512.csv,0.3,0.52,1.8089,0.3,0.5,0.1,8,512,110,55,20260913,"Esikler, katsayilar ve ornek buyuklukleri KARARDIR; olcumden turetilmedi. Ayrinti protokol dosyasinda.",3.13.1,8.4.144,0.12.6,2.14.0,2026-09-13 10:08:36,scripts/25_esit_fp_adaylari.py
model_00564,Model-512,train_ZRI_2077_JPG.rf.4d76c4ca04fa80302c2f7619779966c5.jpg,ZRI,0.7331,1566.3,426.0,1618.5,506.2,52.2,80.2,0.7894,0.7894,TP,0.52,1.8089,,,,hayir,,,reports/hafta7_fp_protokolu.md,test,157,tahminler_taban512_hafta7.csv,tahminler_model512.csv,0.3,0.52,1.8089,0.3,0.5,0.1,8,512,110,55,20260913,"Esikler, katsayilar ve ornek buyuklukleri KARARDIR; olcumden turetilmedi. Ayrinti protokol dosyasinda.",3.13.1,8.4.144,0.12.6,2.14.0,2026-09-13 10:08:36,scripts/25_esit_fp_adaylari.py
model_00565,Model-512,train_ZRI_2077_JPG.rf.4d76c4ca04fa80302c2f7619779966c5.jpg,ZRI,0.7143,2593.6,1201.1,2663.2,1258.1,69.6,57.0,0.823,0.823,TP,0.52,1.8089,,,,hayir,,,reports/hafta7_fp_protokolu.md,test,157,tahminler_taban512_hafta7.csv,tahminler_model512.csv,0.3,0.52,1.8089,0.3,0.5,0.1,8,512,110,55,20260913,"Esikler, katsayilar ve ornek buyuklukleri KARARDIR; olcumden turetilmedi. Ayrinti protokol dosyasinda.",3.13.1,8.4.144,0.12.6,2.14.0,2026-09-13 10:08:36,scripts/25_esit_fp_adaylari.py
model_00566,Model-512,train_ZRI_2077_JPG.rf.4d76c4ca04fa80302c2f7619779966c5.jpg,ZRI,0.6834,1658.1,497.7,1706.4,564.7,48.3,67.0,0.848,0.848,TP,0.52,1.8089,,,,hayir,,,reports/hafta7_fp_protokolu.md,test,157,tahminler_taban512_hafta7.csv,tahminler_model512.csv,0.3,0.52,1.8089,0.3,0.5,0.1,8,512,110,55,20260913,"Esikler, katsayilar ve ornek buyuklukleri KARARDIR; olcumden turetilmedi. Ayrinti protokol dosyasinda.",3.13.1,8.4.144,0.12.6,2.14.0,2026-09-13 10:08:36,scripts/25_esit_fp_adaylari.py
model_00567,Model-512,train_ZRI_2077_JPG.rf.4d76c4ca04fa80302c2f7619779966c5.jpg,ZRI,0.6517,1584.7,378.7,1634.4,421.5,49.7,42.8,0.7373,0.7373,TP,0.52,1.8089,,,,hayir,,,reports/hafta7_fp_protokolu.md,test,157,tahminler_taban512_hafta7.csv,tahminler_model512.csv,0.3,0.52,1.8089,0.3,0.5,0.1,8,512,110,55,20260913,"Esikler, katsayilar ve ornek buyuklukleri KARARDIR; olcumden turetilmedi. Ayrinti protokol dosyasinda.",3.13.1,8.4.144,0.12.6,2.14.0,2026-09-13 10:08:36,scripts/25_esit_fp_adaylari.py
model_00568,Model-512,train_ZRI_2077_JPG.rf.4d76c4ca04fa80302c2f7619779966c5.jpg,ZRI,0.6275,2626.5,1101.5,2671.1,1156.5,44.6,55.0,0.7113,0.7113,TP,0.52,1.8089,,,,hayir,,,reports/hafta7_fp_protokolu.md,test,157,tahminler_taban512_hafta7.csv,tahminler_model512.csv,0.3,0.52,1.8089,0.3,0.5,0.1,8,512,110,55,20260913,"Esikler, katsayilar ve ornek buyuklukleri KARARDIR; olcumden turetilmedi. Ayrinti protokol dosyasinda.",3.13.1,8.4.144,0.12.6,2.14.0,2026-09-13 10:08:36,scripts/25_esit_fp_adaylari.py
model_00569,Model-512,train_ZRI_2077_JPG.rf.4d76c4ca04fa80302c2f7619779966c5.jpg,ZRI,0.5605,2590.9,1230.0,2663.2,1256.0,72.3,26.0,0.4327,,FP,0.52,1.8089,,a0221,a0132,evet,Model-512/ZRI,0.3504,reports/hafta7_fp_protokolu.md,test,157,tahminler_taban512_hafta7.csv,tahminler_model512.csv,0.3,0.52,1.8089,0.3,0.5,0.1,8,512,110,55,20260913,"Esikler, katsayilar ve ornek buyuklukleri KARARDIR; olcumden turetilmedi. Ayrinti protokol dosyasinda.",3.13.1,8.4.144,0.12.6,2.14.0,2026-09-13 10:08:36,scripts/25_esit_fp_adaylari.py
model_00570,Model-512,train_ZRI_2077_JPG.rf.4d76c4ca04fa80302c2f7619779966c5.jpg,ZRI,0.5397,2187.9,0.5,2257.1,39.8,69.2,39.3,0.0,,FP,0.52,1.8089,,a0009,a0143,evet,Model-512/ZRI,0.3504,reports/hafta7_fp_protokolu.md,test,157,tahminler_taban512_hafta7.csv,tahminler_model512.csv,0.3,0.52,1.8089,0.3,0.5,0.1,8,512,110,55,20260913,"Esikler, katsayilar ve ornek buyuklukleri KARARDIR; olcumden turetilmedi. Ayrinti protokol dosyasinda.",3.13.1,8.4.144,0.12.6,2.14.0,2026-09-13 10:08:36,scripts/25_esit_fp_adaylari.py
model_00571,Model-512,train_ZRI_2087_JPG.rf.25e89ef6f3583ab049f69cd7ff8a86f7.jpg,ZRI,0.5929,2771.2,1549.1,2856.7,1646.4,85.5,97.3,0.3426,0.3426,TP,0.52,1.8089,,,,hayir,,,reports/hafta7_fp_protokolu.md,test,157,tahminler_taban512_hafta7.csv,tahminler_model512.csv,0.3,0.52,1.8089,0.3,0.5,0.1,8,512,110,55,20260913,"Esikler, katsayilar ve ornek buyuklukleri KARARDIR; olcumden turetilmedi. Ayrinti protokol dosyasinda.",3.13.1,8.4.144,0.12.6,2.14.0,2026-09-13 10:08:36,scripts/25_esit_fp_adaylari.py
model_00572,Model-512,train_ZRI_3001_JPG.rf.87934c388c284001e56188d171bf0641.jpg,ZRI,0.8265,3620.1,1625.6,3707.2,1681.8,87.1,56.2,0.9138,0.9138,TP,0.52,1.8089,,,,hayir,,,reports/hafta7_fp_protokolu.md,test,157,tahminler_taban512_hafta7.csv,tahminler_model512.csv,0.3,0.52,1.8089,0.3,0.5,0.1,8,512,110,55,20260913,"Esikler, katsayilar ve ornek buyuklukleri KARARDIR; olcumden turetilmedi. Ayrinti protokol dosyasinda.",3.13.1,8.4.144,0.12.6,2.14.0,2026-09-13 10:08:36,scripts/25_esit_fp_adaylari.py
model_00573,Model-512,train_ZRI_3001_JPG.rf.87934c388c284001e56188d171bf0641.jpg,ZRI,0.8192,1927.4,1431.4,1982.3,1518.0,54.9,86.6,0.8711,0.8711,TP,0.52,1.8089,,,,hayir,,,reports/hafta7_fp_protokolu.md,test,157,tahminler_taban512_hafta7.csv,tahminler_model512.csv,0.3,0.52,1.8089,0.3,0.5,0.1,8,512,110,55,20260913,"Esikler, katsayilar ve ornek buyuklukleri KARARDIR; olcumden turetilmedi. Ayrinti protokol dosyasinda.",3.13.1,8.4.144,0.12.6,2.14.0,2026-09-13 10:08:36,scripts/25_esit_fp_adaylari.py
model_00574,Model-512,train_ZRI_3001_JPG.rf.87934c388c284001e56188d171bf0641.jpg,ZRI,0.8058,2278.5,1534.5,2358.9,1592.1,80.4,57.6,0.5499,0.5499,TP,0.52,1.8089,,,,hayir,,,reports/hafta7_fp_protokolu.md,test,157,tahminler_taban512_hafta7.csv,tahminler_model512.csv,0.3,0.52,1.8089,0.3,0.5,0.1,8,512,110,55,20260913,"Esikler, katsayilar ve ornek buyuklukleri KARARDIR; olcumden turetilmedi. Ayrinti protokol dosyasinda.",3.13.1,8.4.144,0.12.6,2.14.0,2026-09-13 10:08:36,scripts/25_esit_fp_adaylari.py
model_00575,Model-512,train_ZRI_3001_JPG.rf.87934c388c284001e56188d171bf0641.jpg,ZRI,0.7937,1988.0,1790.6,2077.9,1852.8,89.9,62.2,0.6451,0.6451,TP,0.52,1.8089,,,,hayir,,,reports/hafta7_fp_protokolu.md,test,157,tahminler_taban512_hafta7.csv,tahminler_model512.csv,0.3,0.52,1.8089,0.3,0.5,0.1,8,512,110,55,20260913,"Esikler, katsayilar ve ornek buyuklukleri KARARDIR; olcumden turetilmedi. Ayrinti protokol dosyasinda.",3.13.1,8.4.144,0.12.6,2.14.0,2026-09-13 10:08:36,scripts/25_esit_fp_adaylari.py
model_00576,Model-512,train_ZRI_3001_JPG.rf.87934c388c284001e56188d171bf0641.jpg,ZRI,0.7881,2475.6,1145.9,2556.3,1209.4,80.7,63.5,0.7157,0.7157,TP,0.52,1.8089,,,,hayir,,,reports/hafta7_fp_protokolu.md,test,157,tahminler_taban512_hafta7.csv,tahminler_model512.csv,0.3,0.52,1.8089,0.3,0.5,0.1,8,512,110,55,20260913,"Esikler, katsayilar ve ornek buyuklukleri KARARDIR; olcumden turetilmedi. Ayrinti protokol dosyasinda.",3.13.1,8.4.144,0.12.6,2.14.0,2026-09-13 10:08:36,scripts/25_esit_fp_adaylari.py
model_00577,Model-512,train_ZRI_3001_JPG.rf.87934c388c284001e56188d171bf0641.jpg,ZRI,0.7821,2915.2,1897.2,2991.2,1979.5,76.0,82.3,0.5947,0.5947,TP,0.52,1.8089,,,,hayir,,,reports/hafta7_fp_protokolu.md,test,157,tahminler_taban512_hafta7.csv,tahminler_model512.csv,0.3,0.52,1.8089,0.3,0.5,0.1,8,512,110,55,20260913,"Esikler, katsayilar ve ornek buyuklukleri KARARDIR; olcumden turetilmedi. Ayrinti protokol dosyasinda.",3.13.1,8.4.144,0.12.6,2.14.0,2026-09-13 10:08:36,scripts/25_esit_fp_adaylari.py
model_00578,Model-512,train_ZRI_3001_JPG.rf.87934c388c284001e56188d171bf0641.jpg,ZRI,0.7664,2952.7,2023.1,3024.6,2076.2,71.9,53.1,0.8339,0.8339,TP,0.52,1.8089,,,,hayir,,,reports/hafta7_fp_protokolu.md,test,157,tahminler_taban512_hafta7.csv,tahminler_model512.csv,0.3,0.52,1.8089,0.3,0.5,0.1,8,512,110,55,20260913,"Esikler, katsayilar ve ornek buyuklukleri KARARDIR; olcumden turetilmedi. Ayrinti protokol dosyasinda.",3.13.1,8.4.144,0.12.6,2.14.0,2026-09-13 10:08:36,scripts/25_esit_fp_adaylari.py
model_00579,Model-512,train_ZRI_3001_JPG.rf.87934c388c284001e56188d171bf0641.jpg,ZRI,0.7455,1511.6,1166.0,1584.1,1234.6,72.5,68.6,0.9315,0.9315,TP,0.52,1.8089,,,,hayir,,,reports/hafta7_fp_protokolu.md,test,157,tahminler_taban512_hafta7.csv,tahminler_model512.csv,0.3,0.52,1.8089,0.3,0.5,0.1,8,512,110,55,20260913,"Esikler, katsayilar ve ornek buyuklukleri KARARDIR; olcumden turetilmedi. Ayrinti protokol dosyasinda.",3.13.1,8.4.144,0.12.6,2.14.0,2026-09-13 10:08:36,scripts/25_esit_fp_adaylari.py
model_00580,Model-512,train_ZRI_3001_JPG.rf.87934c388c284001e56188d171bf0641.jpg,ZRI,0.7043,3876.4,500.8,3938.9,588.6,62.5,87.8,0.8776,0.8776,TP,0.52,1.8089,,,,hayir,,,reports/hafta7_fp_protokolu.md,test,157,tahminler_taban512_hafta7.csv,tahminler_model512.csv,0.3,0.52,1.8089,0.3,0.5,0.1,8,512,110,55,20260913,"Esikler, katsayilar ve ornek buyuklukleri KARARDIR; olcumden turetilmedi. Ayrinti protokol dosyasinda.",3.13.1,8.4.144,0.12.6,2.14.0,2026-09-13 10:08:36,scripts/25_esit_fp_adaylari.py
model_00581,Model-512,train_ZRI_3001_JPG.rf.87934c388c284001e56188d171bf0641.jpg,ZRI,0.6796,3082.4,1868.2,3159.3,1944.0,76.9,75.8,0.6883,0.6883,TP,0.52,1.8089,,,,hayir,,,reports/hafta7_fp_protokolu.md,test,157,tahminler_taban512_hafta7.csv,tahminler_model512.csv,0.3,0.52,1.8089,0.3,0.5,0.1,8,512,110,55,20260913,"Esikler, katsayilar ve ornek buyuklukleri KARARDIR; olcumden turetilmedi. Ayrinti protokol dosyasinda.",3.13.1,8.4.144,0.12.6,2.14.0,2026-09-13 10:08:36,scripts/25_esit_fp_adaylari.py
model_00582,Model-512,train_ZRI_3001_JPG.rf.87934c388c284001e56188d171bf0641.jpg,ZRI,0.6779,2953.7,2050.3,3018.9,2075.5,65.2,25.2,0.4657,,FP,0.52,1.8089,,,,hayir,,,reports/hafta7_fp_protokolu.md,test,157,tahminler_taban512_hafta7.csv,tahminler_model512.csv,0.3,0.52,1.8089,0.3,0.5,0.1,8,512,110,55,20260913,"Esikler, katsayilar ve ornek buyuklukleri KARARDIR; olcumden turetilmedi. Ayrinti protokol dosyasinda.",3.13.1,8.4.144,0.12.6,2.14.0,2026-09-13 10:08:36,scripts/25_esit_fp_adaylari.py
model_00583,Model-512,train_ZRI_3001_JPG.rf.87934c388c284001e56188d171bf0641.jpg,ZRI,0.6655,2849.4,2831.9,2924.7,2888.0,75.3,56.1,0.7728,0.7728,TP,0.52,1.8089,,,,hayir,,,reports/hafta7_fp_protokolu.md,test,157,tahminler_taban512_hafta7.csv,tahminler_model512.csv,0.3,0.52,1.8089,0.3,0.5,0.1,8,512,110,55,20260913,"Esikler, katsayilar ve ornek buyuklukleri KARARDIR; olcumden turetilmedi. Ayrinti protokol dosyasinda.",3.13.1,8.4.144,0.12.6,2.14.0,2026-09-13 10:08:36,scripts/25_esit_fp_adaylari.py
model_00584,Model-512,train_ZRI_3001_JPG.rf.87934c388c284001e56188d171bf0641.jpg,ZRI,0.643,337.3,2117.5,447.7,2173.3,110.4,55.8,0.8936,0.8936,TP,0.52,1.8089,,,,hayir,,,reports/hafta7_fp_protokolu.md,test,157,tahminler_taban512_hafta7.csv,tahminler_model512.csv,0.3,0.52,1.8089,0.3,0.5,0.1,8,512,110,55,20260913,"Esikler, katsayilar ve ornek buyuklukleri KARARDIR; olcumden turetilmedi. Ayrinti protokol dosyasinda.",3.13.1,8.4.144,0.12.6,2.14.0,2026-09-13 10:08:36,scripts/25_esit_fp_adaylari.py
model_00585,Model-512,train_ZRI_3001_JPG.rf.87934c388c284001e56188d171bf0641.jpg,ZRI,0.6039,1352.4,1457.2,1442.4,1520.1,90.0,62.9,0.7218,0.7218,TP,0.52,1.8089,,,,hayir,,,reports/hafta7_fp_protokolu.md,test,157,tahminler_taban512_hafta7.csv,tahminler_model512.csv,0.3,0.52,1.8089,0.3,0.5,0.1,8,512,110,55,20260913,"Esikler, katsayilar ve ornek buyuklukleri KARARDIR; olcumden turetilmedi. Ayrinti protokol dosyasinda.",3.13.1,8.4.144,0.12.6,2.14.0,2026-09-13 10:08:36,scripts/25_esit_fp_adaylari.py
model_00586,Model-512,train_ZRI_3001_JPG.rf.87934c388c284001e56188d171bf0641.jpg,ZRI,0.5433,2102.4,653.2,2141.6,724.6,39.2,71.4,0.1894,,FP,0.52,1.8089,,a0155,a0360,evet,Model-512/ZRI,0.3504,reports/hafta7_fp_protokolu.md,test,157,tahminler_taban512_hafta7.csv,tahminler_model512.csv,0.3,0.52,1.8089,0.3,0.5,0.1,8,512,110,55,20260913,"Esikler, katsayilar ve ornek buyuklukleri KARARDIR; olcumden turetilmedi. Ayrinti protokol dosyasinda.",3.13.1,8.4.144,0.12.6,2.14.0,2026-09-13 10:08:36,scripts/25_esit_fp_adaylari.py
model_00587,Model-512,train_ZRI_3001_JPG.rf.87934c388c284001e56188d171bf0641.jpg,ZRI,0.5424,3585.7,1797.7,3656.1,1854.8,70.4,57.1,0.8373,0.8373,TP,0.52,1.8089,,,,hayir,,,reports/hafta7_fp_protokolu.md,test,157,tahminler_taban512_hafta7.csv,tahminler_model512.csv,0.3,0.52,1.8089,0.3,0.5,0.1,8,512,110,55,20260913,"Esikler, katsayilar ve ornek buyuklukleri KARARDIR; olcumden turetilmedi. Ayrinti protokol dosyasinda.",3.13.1,8.4.144,0.12.6,2.14.0,2026-09-13 10:08:36,scripts/25_esit_fp_adaylari.py
model_00588,Model-512,train_ZRI_3001_JPG.rf.87934c388c284001e56188d171bf0641.jpg,ZRI,0.5286,1081.3,2920.0,1146.0,2984.5,64.7,64.5,0.0,,FP,0.52,1.8089,,,,hayir,,,reports/hafta7_fp_protokolu.md,test,157,tahminler_taban512_hafta7.csv,tahminler_model512.csv,0.3,0.52,1.8089,0.3,0.5,0.1,8,512,110,55,20260913,"Esikler, katsayilar ve ornek buyuklukleri KARARDIR; olcumden turetilmedi. Ayrinti protokol dosyasinda.",3.13.1,8.4.144,0.12.6,2.14.0,2026-09-13 10:08:36,scripts/25_esit_fp_adaylari.py
model_00589,Model-512,train_ZRI_3002_JPG.rf.419b179d91d72e79b60547b3c2bfdfb1.jpg,ZRI,0.8551,1446.6,217.1,1534.0,309.6,87.4,92.5,0.8624,0.8624,TP,0.52,1.8089,,,,hayir,,,reports/hafta7_fp_protokolu.md,test,157,tahminler_taban512_hafta7.csv,tahminler_model512.csv,0.3,0.52,1.8089,0.3,0.5,0.1,8,512,110,55,20260913,"Esikler, katsayilar ve ornek buyuklukleri KARARDIR; olcumden turetilmedi. Ayrinti protokol dosyasinda.",3.13.1,8.4.144,0.12.6,2.14.0,2026-09-13 10:08:36,scripts/25_esit_fp_adaylari.py
model_00590,Model-512,train_ZRI_3002_JPG.rf.419b179d91d72e79b60547b3c2bfdfb1.jpg,ZRI,0.834,2685.5,212.2,2774.0,301.9,88.5,89.7,0.8995,0.8995,TP,0.52,1.8089,,,,hayir,,,reports/hafta7_fp_protokolu.md,test,157,tahminler_taban512_hafta7.csv,tahminler_model512.csv,0.3,0.52,1.8089,0.3,0.5,0.1,8,512,110,55,20260913,"Esikler, katsayilar ve ornek buyuklukleri KARARDIR; olcumden turetilmedi. Ayrinti protokol dosyasinda.",3.13.1,8.4.144,0.12.6,2.14.0,2026-09-13 10:08:36,scripts/25_esit_fp_adaylari.py
model_00591,Model-512,train_ZRI_3002_JPG.rf.419b179d91d72e79b60547b3c2bfdfb1.jpg,ZRI,0.8278,1976.9,561.2,2031.2,671.2,54.3,110.0,0.8072,0.8072,TP,0.52,1.8089,,,,hayir,,,reports/hafta7_fp_protokolu.md,test,157,tahminler_taban512_hafta7.csv,tahminler_model512.csv,0.3,0.52,1.8089,0.3,0.5,0.1,8,512,110,55,20260913,"Esikler, katsayilar ve ornek buyuklukleri KARARDIR; olcumden turetilmedi. Ayrinti protokol dosyasinda.",3.13.1,8.4.144,0.12.6,2.14.0,2026-09-13 10:08:36,scripts/25_esit_fp_adaylari.py
model_00592,Model-512,train_ZRI_3002_JPG.rf.419b179d91d72e79b60547b3c2bfdfb1.jpg,ZRI,0.8138,1775.5,1930.6,1840.1,1994.4,64.6,63.8,0.7811,0.7811,TP,0.52,1.8089,,,,hayir,,,reports/hafta7_fp_protokolu.md,test,157,tahminler_taban512_hafta7.csv,tahminler_model512.csv,0.3,0.52,1.8089,0.3,0.5,0.1,8,512,110,55,20260913,"Esikler, katsayilar ve ornek buyuklukleri KARARDIR; olcumden turetilmedi. Ayrinti protokol dosyasinda.",3.13.1,8.4.144,0.12.6,2.14.0,2026-09-13 10:08:36,scripts/25_esit_fp_adaylari.py
model_00593,Model-512,train_ZRI_3002_JPG.rf.419b179d91d72e79b60547b3c2bfdfb1.jpg,ZRI,0.8124,846.1,2475.8,927.2,2545.6,81.1,69.8,0.8517,0.8517,TP,0.52,1.8089,,,,hayir,,,reports/hafta7_fp_protokolu.md,test,157,tahminler_taban512_hafta7.csv,tahminler_model512.csv,0.3,0.52,1.8089,0.3,0.5,0.1,8,512,110,55,20260913,"Esikler, katsayilar ve ornek buyuklukleri KARARDIR; olcumden turetilmedi. Ayrinti protokol dosyasinda.",3.13.1,8.4.144,0.12.6,2.14.0,2026-09-13 10:08:36,scripts/25_esit_fp_adaylari.py
model_00594,Model-512,train_ZRI_3002_JPG.rf.419b179d91d72e79b60547b3c2bfdfb1.jpg,ZRI,0.7972,3280.0,1231.1,3359.9,1301.6,79.9,70.5,0.4837,0.4837,TP,0.52,1.8089,,,,hayir,,,reports/hafta7_fp_protokolu.md,test,157,tahminler_taban512_hafta7.csv,tahminler_model512.csv,0.3,0.52,1.8089,0.3,0.5,0.1,8,512,110,55,20260913,"Esikler, katsayilar ve ornek buyuklukleri KARARDIR; olcumden turetilmedi. Ayrinti protokol dosyasinda.",3.13.1,8.4.144,0.12.6,2.14.0,2026-09-13 10:08:36,scripts/25_esit_fp_adaylari.py
model_00595,Model-512,train_ZRI_3002_JPG.rf.419b179d91d72e79b60547b3c2bfdfb1.jpg,ZRI,0.7867,2903.7,2815.5,2990.3,2935.4,86.6,119.9,0.887,0.887,TP,0.52,1.8089,,,,hayir,,,reports/hafta7_fp_protokolu.md,test,157,tahminler_taban512_hafta7.csv,tahminler_model512.csv,0.3,0.52,1.8089,0.3,0.5,0.1,8,512,110,55,20260913,"Esikler, katsayilar ve ornek buyuklukleri KARARDIR; olcumden turetilmedi. Ayrinti protokol dosyasinda.",3.13.1,8.4.144,0.12.6,2.14.0,2026-09-13 10:08:36,scripts/25_esit_fp_adaylari.py
model_00596,Model-512,train_ZRI_3002_JPG.rf.419b179d91d72e79b60547b3c2bfdfb1.jpg,ZRI,0.7865,2054.1,1026.2,2165.4,1100.3,111.3,74.1,0.7828,0.7828,TP,0.52,1.8089,,,,hayir,,,reports/hafta7_fp_protokolu.md,test,157,tahminler_taban512_hafta7.csv,tahminler_model512.csv,0.3,0.52,1.8089,0.3,0.5,0.1,8,512,110,55,20260913,"Esikler, katsayilar ve ornek buyuklukleri KARARDIR; olcumden turetilmedi. Ayrinti protokol dosyasinda.",3.13.1,8.4.144,0.12.6,2.14.0,2026-09-13 10:08:36,scripts/25_esit_fp_adaylari.py
model_00597,Model-512,train_ZRI_3002_JPG.rf.419b179d91d72e79b60547b3c2bfdfb1.jpg,ZRI,0.7591,3813.2,2517.4,3907.2,2624.3,94.0,106.9,0.7037,0.7037,TP,0.52,1.8089,,,,hayir,,,reports/hafta7_fp_protokolu.md,test,157,tahminler_taban512_hafta7.csv,tahminler_model512.csv,0.3,0.52,1.8089,0.3,0.5,0.1,8,512,110,55,20260913,"Esikler, katsayilar ve ornek buyuklukleri KARARDIR; olcumden turetilmedi. Ayrinti protokol dosyasinda.",3.13.1,8.4.144,0.12.6,2.14.0,2026-09-13 10:08:36,scripts/25_esit_fp_adaylari.py
model_00598,Model-512,train_ZRI_3002_JPG.rf.419b179d91d72e79b60547b3c2bfdfb1.jpg,ZRI,0.7489,2460.2,706.5,2528.3,779.8,68.1,73.3,0.5473,0.5473,TP,0.52,1.8089,,,,hayir,,,reports/hafta7_fp_protokolu.md,test,157,tahminler_taban512_hafta7.csv,tahminler_model512.csv,0.3,0.52,1.8089,0.3,0.5,0.1,8,512,110,55,20260913,"Esikler, katsayilar ve ornek buyuklukleri KARARDIR; olcumden turetilmedi. Ayrinti protokol dosyasinda.",3.13.1,8.4.144,0.12.6,2.14.0,2026-09-13 10:08:36,scripts/25_esit_fp_adaylari.py
model_00599,Model-512,train_ZRI_3002_JPG.rf.419b179d91d72e79b60547b3c2bfdfb1.jpg,ZRI,0.7303,2435.0,2632.0,2524.0,2704.4,89.0,72.4,0.6514,0.6514,TP,0.52,1.8089,,,,hayir,,,reports/hafta7_fp_protokolu.md,test,157,tahminler_taban512_hafta7.csv,tahminler_model512.csv,0.3,0.52,1.8089,0.3,0.5,0.1,8,512,110,55,20260913,"Esikler, katsayilar ve ornek buyuklukleri KARARDIR; olcumden turetilmedi. Ayrinti protokol dosyasinda.",3.13.1,8.4.144,0.12.6,2.14.0,2026-09-13 10:08:36,scripts/25_esit_fp_adaylari.py
model_00600,Model-512,train_ZRI_3002_JPG.rf.419b179d91d72e79b60547b3c2bfdfb1.jpg,ZRI,0.7202,81.6,1388.1,225.1,1467.1,143.5,79.0,0.6766,0.6766,TP,0.52,1.8089,,,,hayir,,,reports/hafta7_fp_protokolu.md,test,157,tahminler_taban512_hafta7.csv,tahminler_model512.csv,0.3,0.52,1.8089,0.3,0.5,0.1,8,512,110,55,20260913,"Esikler, katsayilar ve ornek buyuklukleri KARARDIR; olcumden turetilmedi. Ayrinti protokol dosyasinda.",3.13.1,8.4.144,0.12.6,2.14.0,2026-09-13 10:08:36,scripts/25_esit_fp_adaylari.py
model_00601,Model-512,train_ZRI_3002_JPG.rf.419b179d91d72e79b60547b3c2bfdfb1.jpg,ZRI,0.7196,3294.0,1342.6,3377.1,1405.7,83.1,63.1,0.9248,0.9248,TP,0.52,1.8089,,,,hayir,,,reports/hafta7_fp_protokolu.md,test,157,tahminler_taban512_hafta7.csv,tahminler_model512.csv,0.3,0.52,1.8089,0.3,0.5,0.1,8,512,110,55,20260913,"Esikler, katsayilar ve ornek buyuklukleri KARARDIR; olcumden turetilmedi. Ayrinti protokol dosyasinda.",3.13.1,8.4.144,0.12.6,2.14.0,2026-09-13 10:08:36,scripts/25_esit_fp_adaylari.py
model_00602,Model-512,train_ZRI_3002_JPG.rf.419b179d91d72e79b60547b3c2bfdfb1.jpg,ZRI,0.7034,1302.6,2248.3,1409.4,2337.8,106.8,89.5,0.8736,0.8736,TP,0.52,1.8089,,,,hayir,,,reports/hafta7_fp_protokolu.md,test,157,tahminler_taban512_hafta7.csv,tahminler_model512.csv,0.3,0.52,1.8089,0.3,0.5,0.1,8,512,110,55,20260913,"Esikler, katsayilar ve ornek buyuklukleri KARARDIR; olcumden turetilmedi. Ayrinti protokol dosyasinda.",3.13.1,8.4.144,0.12.6,2.14.0,2026-09-13 10:08:36,scripts/25_esit_fp_adaylari.py
model_00603,Model-512,train_ZRI_3002_JPG.rf.419b179d91d72e79b60547b3c2bfdfb1.jpg,ZRI,0.6814,3152.3,2385.9,3254.6,2457.3,102.3,71.4,0.8806,0.8806,TP,0.52,1.8089,,,,hayir,,,reports/hafta7_fp_protokolu.md,test,157,tahminler_taban512_hafta7.csv,tahminler_model512.csv,0.3,0.52,1.8089,0.3,0.5,0.1,8,512,110,55,20260913,"Esikler, katsayilar ve ornek buyuklukleri KARARDIR; olcumden turetilmedi. Ayrinti protokol dosyasinda.",3.13.1,8.4.144,0.12.6,2.14.0,2026-09-13 10:08:36,scripts/25_esit_fp_adaylari.py
model_00604,Model-512,train_ZRI_3002_JPG.rf.419b179d91d72e79b60547b3c2bfdfb1.jpg,ZRI,0.6718,3231.3,1203.1,3359.2,1301.7,127.9,98.6,0.732,,FP,0.52,1.8089,,,,hayir,,,reports/hafta7_fp_protokolu.md,test,157,tahminler_taban512_hafta7.csv,tahminler_model512.csv,0.3,0.52,1.8089,0.3,0.5,0.1,8,512,110,55,20260913,"Esikler, katsayilar ve ornek buyuklukleri KARARDIR; olcumden turetilmedi. Ayrinti protokol dosyasinda.",3.13.1,8.4.144,0.12.6,2.14.0,2026-09-13 10:08:36,scripts/25_esit_fp_adaylari.py
model_00605,Model-512,train_ZRI_3002_JPG.rf.419b179d91d72e79b60547b3c2bfdfb1.jpg,ZRI,0.6567,1235.3,586.7,1332.0,671.7,96.7,85.0,0.5951,0.5951,TP,0.52,1.8089,,,,hayir,,,reports/hafta7_fp_protokolu.md,test,157,tahminler_taban512_hafta7.csv,tahminler_model512.csv,0.3,0.52,1.8089,0.3,0.5,0.1,8,512,110,55,20260913,"Esikler, katsayilar ve ornek buyuklukleri KARARDIR; olcumden turetilmedi. Ayrinti protokol dosyasinda.",3.13.1,8.4.144,0.12.6,2.14.0,2026-09-13 10:08:36,scripts/25_esit_fp_adaylari.py
model_00606,Model-512,train_ZRI_3002_JPG.rf.419b179d91d72e79b60547b3c2bfdfb1.jpg,ZRI,0.5968,3456.7,1149.9,3546.6,1249.0,89.9,99.1,0.7913,0.7913,TP,0.52,1.8089,,,,hayir,,,reports/hafta7_fp_protokolu.md,test,157,tahminler_taban512_hafta7.csv,tahminler_model512.csv,0.3,0.52,1.8089,0.3,0.5,0.1,8,512,110,55,20260913,"Esikler, katsayilar ve ornek buyuklukleri KARARDIR; olcumden turetilmedi. Ayrinti protokol dosyasinda.",3.13.1,8.4.144,0.12.6,2.14.0,2026-09-13 10:08:36,scripts/25_esit_fp_adaylari.py
model_00607,Model-512,train_ZRI_3002_JPG.rf.419b179d91d72e79b60547b3c2bfdfb1.jpg,ZRI,0.5886,2916.6,1555.0,2972.0,1609.3,55.4,54.3,0.0,,FP,0.52,1.8089,,,,hayir,,,reports/hafta7_fp_protokolu.md,test,157,tahminler_taban512_hafta7.csv,tahminler_model512.csv,0.3,0.52,1.8089,0.3,0.5,0.1,8,512,110,55,20260913,"Esikler, katsayilar ve ornek buyuklukleri KARARDIR; olcumden turetilmedi. Ayrinti protokol dosyasinda.",3.13.1,8.4.144,0.12.6,2.14.0,2026-09-13 10:08:36,scripts/25_esit_fp_adaylari.py
model_00608,Model-512,train_ZRI_3003_JPG.rf.d28000a3014df2b27372c17bb2d7b1f4.jpg,ZRI,0.8162,3603.2,2507.8,3713.2,2574.0,110.0,66.2,0.8209,0.8209,TP,0.52,1.8089,,,,hayir,,,reports/hafta7_fp_protokolu.md,test,157,tahminler_taban512_hafta7.csv,tahminler_model512.csv,0.3,0.52,1.8089,0.3,0.5,0.1,8,512,110,55,20260913,"Esikler, katsayilar ve ornek buyuklukleri KARARDIR; olcumden turetilmedi. Ayrinti protokol dosyasinda.",3.13.1,8.4.144,0.12.6,2.14.0,2026-09-13 10:08:36,scripts/25_esit_fp_adaylari.py
model_00609,Model-512,train_ZRI_3003_JPG.rf.d28000a3014df2b27372c17bb2d7b1f4.jpg,ZRI,0.7987,1931.9,2679.7,2025.3,2744.9,93.4,65.2,0.6353,0.6353,TP,0.52,1.8089,,,,hayir,,,reports/hafta7_fp_protokolu.md,test,157,tahminler_taban512_hafta7.csv,tahminler_model512.csv,0.3,0.52,1.8089,0.3,0.5,0.1,8,512,110,55,20260913,"Esikler, katsayilar ve ornek buyuklukleri KARARDIR; olcumden turetilmedi. Ayrinti protokol dosyasinda.",3.13.1,8.4.144,0.12.6,2.14.0,2026-09-13 10:08:36,scripts/25_esit_fp_adaylari.py
model_00610,Model-512,train_ZRI_3003_JPG.rf.d28000a3014df2b27372c17bb2d7b1f4.jpg,ZRI,0.7897,1294.5,2334.4,1379.8,2407.3,85.3,72.9,0.7653,0.7653,TP,0.52,1.8089,,,,hayir,,,reports/hafta7_fp_protokolu.md,test,157,tahminler_taban512_hafta7.csv,tahminler_model512.csv,0.3,0.52,1.8089,0.3,0.5,0.1,8,512,110,55,20260913,"Esikler, katsayilar ve ornek buyuklukleri KARARDIR; olcumden turetilmedi. Ayrinti protokol dosyasinda.",3.13.1,8.4.144,0.12.6,2.14.0,2026-09-13 10:08:36,scripts/25_esit_fp_adaylari.py
model_00611,Model-512,train_ZRI_3003_JPG.rf.d28000a3014df2b27372c17bb2d7b1f4.jpg,ZRI,0.7879,2874.3,2788.9,2951.3,2871.3,77.0,82.4,0.6399,0.6399,TP,0.52,1.8089,,,,hayir,,,reports/hafta7_fp_protokolu.md,test,157,tahminler_taban512_hafta7.csv,tahminler_model512.csv,0.3,0.52,1.8089,0.3,0.5,0.1,8,512,110,55,20260913,"Esikler, katsayilar ve ornek buyuklukleri KARARDIR; olcumden turetilmedi. Ayrinti protokol dosyasinda.",3.13.1,8.4.144,0.12.6,2.14.0,2026-09-13 10:08:36,scripts/25_esit_fp_adaylari.py
model_00612,Model-512,train_ZRI_3003_JPG.rf.d28000a3014df2b27372c17bb2d7b1f4.jpg,ZRI,0.7655,2230.6,2418.4,2316.4,2485.5,85.8,67.1,0.6984,0.6984,TP,0.52,1.8089,,,,hayir,,,reports/hafta7_fp_protokolu.md,test,157,tahminler_taban512_hafta7.csv,tahminler_model512.csv,0.3,0.52,1.8089,0.3,0.5,0.1,8,512,110,55,20260913,"Esikler, katsayilar ve ornek buyuklukleri KARARDIR; olcumden turetilmedi. Ayrinti protokol dosyasinda.",3.13.1,8.4.144,0.12.6,2.14.0,2026-09-13 10:08:36,scripts/25_esit_fp_adaylari.py
model_00613,Model-512,train_ZRI_3003_JPG.rf.d28000a3014df2b27372c17bb2d7b1f4.jpg,ZRI,0.7543,3559.4,2681.4,3630.3,2752.6,70.9,71.2,0.7742,0.7742,TP,0.52,1.8089,,,,hayir,,,reports/hafta7_fp_protokolu.md,test,157,tahminler_taban512_hafta7.csv,tahminler_model512.csv,0.3,0.52,1.8089,0.3,0.5,0.1,8,512,110,55,20260913,"Esikler, katsayilar ve ornek buyuklukleri KARARDIR; olcumden turetilmedi. Ayrinti protokol dosyasinda.",3.13.1,8.4.144,0.12.6,2.14.0,2026-09-13 10:08:36,scripts/25_esit_fp_adaylari.py
model_00614,Model-512,train_ZRI_3003_JPG.rf.d28000a3014df2b27372c17bb2d7b1f4.jpg,ZRI,0.7386,2909.8,2916.3,2983.6,2978.9,73.8,62.6,0.7654,0.7654,TP,0.52,1.8089,,,,hayir,,,reports/hafta7_fp_protokolu.md,test,157,tahminler_taban512_hafta7.csv,tahminler_model512.csv,0.3,0.52,1.8089,0.3,0.5,0.1,8,512,110,55,20260913,"Esikler, katsayilar ve ornek buyuklukleri KARARDIR; olcumden turetilmedi. Ayrinti protokol dosyasinda.",3.13.1,8.4.144,0.12.6,2.14.0,2026-09-13 10:08:36,scripts/25_esit_fp_adaylari.py
model_00615,Model-512,train_ZRI_3003_JPG.rf.d28000a3014df2b27372c17bb2d7b1f4.jpg,ZRI,0.7241,1454.3,2050.7,1531.5,2108.4,77.2,57.7,0.6562,0.6562,TP,0.52,1.8089,,,,hayir,,,reports/hafta7_fp_protokolu.md,test,157,tahminler_taban512_hafta7.csv,tahminler_model512.csv,0.3,0.52,1.8089,0.3,0.5,0.1,8,512,110,55,20260913,"Esikler, katsayilar ve ornek buyuklukleri KARARDIR; olcumden turetilmedi. Ayrinti protokol dosyasinda.",3.13.1,8.4.144,0.12.6,2.14.0,2026-09-13 10:08:36,scripts/25_esit_fp_adaylari.py
model_00616,Model-512,train_ZRI_3003_JPG.rf.d28000a3014df2b27372c17bb2d7b1f4.jpg,ZRI,0.7203,3024.0,1352.9,3090.9,1432.7,66.9,79.8,0.7026,0.7026,TP,0.52,1.8089,,,,hayir,,,reports/hafta7_fp_protokolu.md,test,157,tahminler_taban512_hafta7.csv,tahminler_model512.csv,0.3,0.52,1.8089,0.3,0.5,0.1,8,512,110,55,20260913,"Esikler, katsayilar ve ornek buyuklukleri KARARDIR; olcumden turetilmedi. Ayrinti protokol dosyasinda.",3.13.1,8.4.144,0.12.6,2.14.0,2026-09-13 10:08:36,scripts/25_esit_fp_adaylari.py
model_00617,Model-512,train_ZRI_3003_JPG.rf.d28000a3014df2b27372c17bb2d7b1f4.jpg,ZRI,0.7124,2438.1,2018.8,2522.4,2084.2,84.3,65.4,0.685,0.685,TP,0.52,1.8089,,,,hayir,,,reports/hafta7_fp_protokolu.md,test,157,tahminler_taban512_hafta7.csv,tahminler_model512.csv,0.3,0.52,1.8089,0.3,0.5,0.1,8,512,110,55,20260913,"Esikler, katsayilar ve ornek buyuklukleri KARARDIR; olcumden turetilmedi. Ayrinti protokol dosyasinda.",3.13.1,8.4.144,0.12.6,2.14.0,2026-09-13 10:08:36,scripts/25_esit_fp_adaylari.py
model_00618,Model-512,train_ZRI_3003_JPG.rf.d28000a3014df2b27372c17bb2d7b1f4.jpg,ZRI,0.6798,1295.5,2333.1,1332.0,2405.4,36.5,72.3,0.38,,FP,0.52,1.8089,,,,hayir,,,reports/hafta7_fp_protokolu.md,test,157,tahminler_taban512_hafta7.csv,tahminler_model512.csv,0.3,0.52,1.8089,0.3,0.5,0.1,8,512,110,55,20260913,"Esikler, katsayilar ve ornek buyuklukleri KARARDIR; olcumden turetilmedi. Ayrinti protokol dosyasinda.",3.13.1,8.4.144,0.12.6,2.14.0,2026-09-13 10:08:36,scripts/25_esit_fp_adaylari.py
model_00619,Model-512,train_ZRI_3003_JPG.rf.d28000a3014df2b27372c17bb2d7b1f4.jpg,ZRI,0.6649,3605.7,2508.2,3673.4,2561.5,67.7,53.3,0.4982,,FP,0.52,1.8089,,a0099,a0079,evet,Model-512/ZRI,0.3504,reports/hafta7_fp_protokolu.md,test,157,tahminler_taban512_hafta7.csv,tahminler_model512.csv,0.3,0.52,1.8089,0.3,0.5,0.1,8,512,110,55,20260913,"Esikler, katsayilar ve ornek buyuklukleri KARARDIR; olcumden turetilmedi. Ayrinti protokol dosyasinda.",3.13.1,8.4.144,0.12.6,2.14.0,2026-09-13 10:08:36,scripts/25_esit_fp_adaylari.py
model_00620,Model-512,train_ZRI_3003_JPG.rf.d28000a3014df2b27372c17bb2d7b1f4.jpg,ZRI,0.6476,1874.8,2308.5,1932.0,2400.4,57.2,91.9,0.9126,0.9126,TP,0.52,1.8089,,,,hayir,,,reports/hafta7_fp_protokolu.md,test,157,tahminler_taban512_hafta7.csv,tahminler_model512.csv,0.3,0.52,1.8089,0.3,0.5,0.1,8,512,110,55,20260913,"Esikler, katsayilar ve ornek buyuklukleri KARARDIR; olcumden turetilmedi. Ayrinti protokol dosyasinda.",3.13.1,8.4.144,0.12.6,2.14.0,2026-09-13 10:08:36,scripts/25_esit_fp_adaylari.py
model_00621,Model-512,train_ZRI_3003_JPG.rf.d28000a3014df2b27372c17bb2d7b1f4.jpg,ZRI,0.5639,3044.2,2755.8,3124.9,2834.6,80.7,78.8,0.6384,0.6384,TP,0.52,1.8089,,,,hayir,,,reports/hafta7_fp_protokolu.md,test,157,tahminler_taban512_hafta7.csv,tahminler_model512.csv,0.3,0.52,1.8089,0.3,0.5,0.1,8,512,110,55,20260913,"Esikler, katsayilar ve ornek buyuklukleri KARARDIR; olcumden turetilmedi. Ayrinti protokol dosyasinda.",3.13.1,8.4.144,0.12.6,2.14.0,2026-09-13 10:08:36,scripts/25_esit_fp_adaylari.py
model_00622,Model-512,train_ZRI_3003_JPG.rf.d28000a3014df2b27372c17bb2d7b1f4.jpg,ZRI,0.5605,1904.7,544.3,1948.2,596.4,43.5,52.1,0.3618,0.3618,TP,0.52,1.8089,,,,hayir,,,reports/hafta7_fp_protokolu.md,test,157,tahminler_taban512_hafta7.csv,tahminler_model512.csv,0.3,0.52,1.8089,0.3,0.5,0.1,8,512,110,55,20260913,"Esikler, katsayilar ve ornek buyuklukleri KARARDIR; olcumden turetilmedi. Ayrinti protokol dosyasinda.",3.13.1,8.4.144,0.12.6,2.14.0,2026-09-13 10:08:36,scripts/25_esit_fp_adaylari.py
model_00623,Model-512,train_ZRI_3003_JPG.rf.d28000a3014df2b27372c17bb2d7b1f4.jpg,ZRI,0.5446,1010.3,633.8,1053.2,682.6,42.9,48.8,0.0,,FP,0.52,1.8089,,,,hayir,,,reports/hafta7_fp_protokolu.md,test,157,tahminler_taban512_hafta7.csv,tahminler_model512.csv,0.3,0.52,1.8089,0.3,0.5,0.1,8,512,110,55,20260913,"Esikler, katsayilar ve ornek buyuklukleri KARARDIR; olcumden turetilmedi. Ayrinti protokol dosyasinda.",3.13.1,8.4.144,0.12.6,2.14.0,2026-09-13 10:08:36,scripts/25_esit_fp_adaylari.py
model_00624,Model-512,train_ZRI_3004_JPG.rf.478fe98972b9067b88a1482ac43c1599.jpg,ZRI,0.8295,2634.4,2518.1,2706.0,2612.8,71.6,94.7,0.6544,0.6544,TP,0.52,1.8089,,,,hayir,,,reports/hafta7_fp_protokolu.md,test,157,tahminler_taban512_hafta7.csv,tahminler_model512.csv,0.3,0.52,1.8089,0.3,0.5,0.1,8,512,110,55,20260913,"Esikler, katsayilar ve ornek buyuklukleri KARARDIR; olcumden turetilmedi. Ayrinti protokol dosyasinda.",3.13.1,8.4.144,0.12.6,2.14.0,2026-09-13 10:08:36,scripts/25_esit_fp_adaylari.py
model_00625,Model-512,train_ZRI_3004_JPG.rf.478fe98972b9067b88a1482ac43c1599.jpg,ZRI,0.8163,2698.4,2901.2,2794.3,2969.4,95.9,68.2,0.7384,0.7384,TP,0.52,1.8089,,,,hayir,,,reports/hafta7_fp_protokolu.md,test,157,tahminler_taban512_hafta7.csv,tahminler_model512.csv,0.3,0.52,1.8089,0.3,0.5,0.1,8,512,110,55,20260913,"Esikler, katsayilar ve ornek buyuklukleri KARARDIR; olcumden turetilmedi. Ayrinti protokol dosyasinda.",3.13.1,8.4.144,0.12.6,2.14.0,2026-09-13 10:08:36,scripts/25_esit_fp_adaylari.py
model_00626,Model-512,train_ZRI_3004_JPG.rf.478fe98972b9067b88a1482ac43c1599.jpg,ZRI,0.8036,2211.2,2224.9,2289.0,2306.6,77.8,81.7,0.7694,0.7694,TP,0.52,1.8089,,,,hayir,,,reports/hafta7_fp_protokolu.md,test,157,tahminler_taban512_hafta7.csv,tahminler_model512.csv,0.3,0.52,1.8089,0.3,0.5,0.1,8,512,110,55,20260913,"Esikler, katsayilar ve ornek buyuklukleri KARARDIR; olcumden turetilmedi. Ayrinti protokol dosyasinda.",3.13.1,8.4.144,0.12.6,2.14.0,2026-09-13 10:08:36,scripts/25_esit_fp_adaylari.py
model_00627,Model-512,train_ZRI_3004_JPG.rf.478fe98972b9067b88a1482ac43c1599.jpg,ZRI,0.7817,3002.4,2633.0,3086.7,2698.7,84.3,65.7,0.5887,0.5887,TP,0.52,1.8089,,,,hayir,,,reports/hafta7_fp_protokolu.md,test,157,tahminler_taban512_hafta7.csv,tahminler_model512.csv,0.3,0.52,1.8089,0.3,0.5,0.1,8,512,110,55,20260913,"Esikler, katsayilar ve ornek buyuklukleri KARARDIR; olcumden turetilmedi. Ayrinti protokol dosyasinda.",3.13.1,8.4.144,0.12.6,2.14.0,2026-09-13 10:08:36,scripts/25_esit_fp_adaylari.py
model_00628,Model-512,train_ZRI_3004_JPG.rf.478fe98972b9067b88a1482ac43c1599.jpg,ZRI,0.7774,3212.6,2223.4,3302.3,2291.7,89.7,68.3,0.6882,0.6882,TP,0.52,1.8089,,,,hayir,,,reports/hafta7_fp_protokolu.md,test,157,tahminler_taban512_hafta7.csv,tahminler_model512.csv,0.3,0.52,1.8089,0.3,0.5,0.1,8,512,110,55,20260913,"Esikler, katsayilar ve ornek buyuklukleri KARARDIR; olcumden turetilmedi. Ayrinti protokol dosyasinda.",3.13.1,8.4.144,0.12.6,2.14.0,2026-09-13 10:08:36,scripts/25_esit_fp_adaylari.py
model_00629,Model-512,train_ZRI_3004_JPG.rf.478fe98972b9067b88a1482ac43c1599.jpg,ZRI,0.7228,1839.2,0.0,1890.9,160.4,51.7,160.4,0.0,,FP,0.52,1.8089,,a0239,a0269,evet,Model-512/ZRI,0.3504,reports/hafta7_fp_protokolu.md,test,157,tahminler_taban512_hafta7.csv,tahminler_model512.csv,0.3,0.52,1.8089,0.3,0.5,0.1,8,512,110,55,20260913,"Esikler, katsayilar ve ornek buyuklukleri KARARDIR; olcumden turetilmedi. Ayrinti protokol dosyasinda.",3.13.1,8.4.144,0.12.6,2.14.0,2026-09-13 10:08:36,scripts/25_esit_fp_adaylari.py
model_00630,Model-512,train_ZRI_3004_JPG.rf.478fe98972b9067b88a1482ac43c1599.jpg,ZRI,0.6975,2903.1,1223.5,2982.0,1294.5,78.9,71.0,0.8879,0.8879,TP,0.52,1.8089,,,,hayir,,,reports/hafta7_fp_protokolu.md,test,157,tahminler_taban512_hafta7.csv,tahminler_model512.csv,0.3,0.52,1.8089,0.3,0.5,0.1,8,512,110,55,20260913,"Esikler, katsayilar ve ornek buyuklukleri KARARDIR; olcumden turetilmedi. Ayrinti protokol dosyasinda.",3.13.1,8.4.144,0.12.6,2.14.0,2026-09-13 10:08:36,scripts/25_esit_fp_adaylari.py
model_00631,Model-512,train_ZRI_3004_JPG.rf.478fe98972b9067b88a1482ac43c1599.jpg,ZRI,0.6094,2051.5,2541.4,2132.9,2619.6,81.4,78.2,0.6862,0.6862,TP,0.52,1.8089,,,,hayir,,,reports/hafta7_fp_protokolu.md,test,157,tahminler_taban512_hafta7.csv,tahminler_model512.csv,0.3,0.52,1.8089,0.3,0.5,0.1,8,512,110,55,20260913,"Esikler, katsayilar ve ornek buyuklukleri KARARDIR; olcumden turetilmedi. Ayrinti protokol dosyasinda.",3.13.1,8.4.144,0.12.6,2.14.0,2026-09-13 10:08:36,scripts/25_esit_fp_adaylari.py
model_00632,Model-512,train_ZRI_3005_JPG.rf.8f1c33d04181cef15f01d0171934347d.jpg,ZRI,0.8237,1249.2,740.5,1323.5,807.0,74.3,66.5,0.9162,0.9162,TP,0.52,1.8089,,,,hayir,,,reports/hafta7_fp_protokolu.md,test,157,tahminler_taban512_hafta7.csv,tahminler_model512.csv,0.3,0.52,1.8089,0.3,0.5,0.1,8,512,110,55,20260913,"Esikler, katsayilar ve ornek buyuklukleri KARARDIR; olcumden turetilmedi. Ayrinti protokol dosyasinda.",3.13.1,8.4.144,0.12.6,2.14.0,2026-09-13 10:08:36,scripts/25_esit_fp_adaylari.py
model_00633,Model-512,train_ZRI_3005_JPG.rf.8f1c33d04181cef15f01d0171934347d.jpg,ZRI,0.8194,2900.8,541.3,2961.8,624.6,61.0,83.3,0.8187,0.8187,TP,0.52,1.8089,,,,hayir,,,reports/hafta7_fp_protokolu.md,test,157,tahminler_taban512_hafta7.csv,tahminler_model512.csv,0.3,0.52,1.8089,0.3,0.5,0.1,8,512,110,55,20260913,"Esikler, katsayilar ve ornek buyuklukleri KARARDIR; olcumden turetilmedi. Ayrinti protokol dosyasinda.",3.13.1,8.4.144,0.12.6,2.14.0,2026-09-13 10:08:36,scripts/25_esit_fp_adaylari.py
model_00634,Model-512,train_ZRI_3005_JPG.rf.8f1c33d04181cef15f01d0171934347d.jpg,ZRI,0.8115,2139.1,219.8,2207.5,297.8,68.4,78.0,0.7205,0.7205,TP,0.52,1.8089,,,,hayir,,,reports/hafta7_fp_protokolu.md,test,157,tahminler_taban512_hafta7.csv,tahminler_model512.csv,0.3,0.52,1.8089,0.3,0.5,0.1,8,512,110,55,20260913,"Esikler, katsayilar ve ornek buyuklukleri KARARDIR; olcumden turetilmedi. Ayrinti protokol dosyasinda.",3.13.1,8.4.144,0.12.6,2.14.0,2026-09-13 10:08:36,scripts/25_esit_fp_adaylari.py
model_00635,Model-512,train_ZRI_3005_JPG.rf.8f1c33d04181cef15f01d0171934347d.jpg,ZRI,0.8066,2565.6,709.6,2657.9,762.1,92.3,52.5,0.8148,0.8148,TP,0.52,1.8089,,,,hayir,,,reports/hafta7_fp_protokolu.md,test,157,tahminler_taban512_hafta7.csv,tahminler_model512.csv,0.3,0.52,1.8089,0.3,0.5,0.1,8,512,110,55,20260913,"Esikler, katsayilar ve ornek buyuklukleri KARARDIR; olcumden turetilmedi. Ayrinti protokol dosyasinda.",3.13.1,8.4.144,0.12.6,2.14.0,2026-09-13 10:08:36,scripts/25_esit_fp_adaylari.py
model_00636,Model-512,train_ZRI_3005_JPG.rf.8f1c33d04181cef15f01d0171934347d.jpg,ZRI,0.7635,2577.6,323.3,2636.1,403.5,58.5,80.2,0.5233,0.5233,TP,0.52,1.8089,,,,hayir,,,reports/hafta7_fp_protokolu.md,test,157,tahminler_taban512_hafta7.csv,tahminler_model512.csv,0.3,0.52,1.8089,0.3,0.5,0.1,8,512,110,55,20260913,"Esikler, katsayilar ve ornek buyuklukleri KARARDIR; olcumden turetilmedi. Ayrinti protokol dosyasinda.",3.13.1,8.4.144,0.12.6,2.14.0,2026-09-13 10:08:36,scripts/25_esit_fp_adaylari.py
model_00637,Model-512,train_ZRI_3005_JPG.rf.8f1c33d04181cef15f01d0171934347d.jpg,ZRI,0.7629,2399.4,1164.8,2482.8,1229.9,83.4,65.1,0.7977,0.7977,TP,0.52,1.8089,,,,hayir,,,reports/hafta7_fp_protokolu.md,test,157,tahminler_taban512_hafta7.csv,tahminler_model512.csv,0.3,0.52,1.8089,0.3,0.5,0.1,8,512,110,55,20260913,"Esikler, katsayilar ve ornek buyuklukleri KARARDIR; olcumden turetilmedi. Ayrinti protokol dosyasinda.",3.13.1,8.4.144,0.12.6,2.14.0,2026-09-13 10:08:36,scripts/25_esit_fp_adaylari.py
model_00638,Model-512,train_ZRI_3005_JPG.rf.8f1c33d04181cef15f01d0171934347d.jpg,ZRI,0.6867,3923.8,32.6,3999.4,121.9,75.6,89.3,0.9407,0.9407,TP,0.52,1.8089,,,,hayir,,,reports/hafta7_fp_protokolu.md,test,157,tahminler_taban512_hafta7.csv,tahminler_model512.csv,0.3,0.52,1.8089,0.3,0.5,0.1,8,512,110,55,20260913,"Esikler, katsayilar ve ornek buyuklukleri KARARDIR; olcumden turetilmedi. Ayrinti protokol dosyasinda.",3.13.1,8.4.144,0.12.6,2.14.0,2026-09-13 10:08:36,scripts/25_esit_fp_adaylari.py
model_00639,Model-512,train_ZRI_3005_JPG.rf.8f1c33d04181cef15f01d0171934347d.jpg,ZRI,0.5634,1734.4,724.1,1801.6,775.7,67.2,51.6,0.2358,,FP,0.52,1.8089,,,,hayir,,,reports/hafta7_fp_protokolu.md,test,157,tahminler_taban512_hafta7.csv,tahminler_model512.csv,0.3,0.52,1.8089,0.3,0.5,0.1,8,512,110,55,20260913,"Esikler, katsayilar ve ornek buyuklukleri KARARDIR; olcumden turetilmedi. Ayrinti protokol dosyasinda.",3.13.1,8.4.144,0.12.6,2.14.0,2026-09-13 10:08:36,scripts/25_esit_fp_adaylari.py
model_00640,Model-512,train_ZRI_3006_JPG.rf.bf10ed09f4f2ac910abbb51be21dcaca.jpg,ZRI,0.833,2402.8,1150.0,2487.9,1216.8,85.1,66.8,0.8116,0.8116,TP,0.52,1.8089,,,,hayir,,,reports/hafta7_fp_protokolu.md,test,157,tahminler_taban512_hafta7.csv,tahminler_model512.csv,0.3,0.52,1.8089,0.3,0.5,0.1,8,512,110,55,20260913,"Esikler, katsayilar ve ornek buyuklukleri KARARDIR; olcumden turetilmedi. Ayrinti protokol dosyasinda.",3.13.1,8.4.144,0.12.6,2.14.0,2026-09-13 10:08:36,scripts/25_esit_fp_adaylari.py
model_00641,Model-512,train_ZRI_3006_JPG.rf.bf10ed09f4f2ac910abbb51be21dcaca.jpg,ZRI,0.8301,2157.1,207.6,2223.0,282.5,65.9,74.9,0.809,0.809,TP,0.52,1.8089,,,,hayir,,,reports/hafta7_fp_protokolu.md,test,157,tahminler_taban512_hafta7.csv,tahminler_model512.csv,0.3,0.52,1.8089,0.3,0.5,0.1,8,512,110,55,20260913,"Esikler, katsayilar ve ornek buyuklukleri KARARDIR; olcumden turetilmedi. Ayrinti protokol dosyasinda.",3.13.1,8.4.144,0.12.6,2.14.0,2026-09-13 10:08:36,scripts/25_esit_fp_adaylari.py
model_00642,Model-512,train_ZRI_3006_JPG.rf.bf10ed09f4f2ac910abbb51be21dcaca.jpg,ZRI,0.8054,2910.8,531.9,2970.7,616.2,59.9,84.3,0.7739,0.7739,TP,0.52,1.8089,,,,hayir,,,reports/hafta7_fp_protokolu.md,test,157,tahminler_taban512_hafta7.csv,tahminler_model512.csv,0.3,0.52,1.8089,0.3,0.5,0.1,8,512,110,55,20260913,"Esikler, katsayilar ve ornek buyuklukleri KARARDIR; olcumden turetilmedi. Ayrinti protokol dosyasinda.",3.13.1,8.4.144,0.12.6,2.14.0,2026-09-13 10:08:36,scripts/25_esit_fp_adaylari.py
model_00643,Model-512,train_ZRI_3006_JPG.rf.bf10ed09f4f2ac910abbb51be21dcaca.jpg,ZRI,0.7982,2576.8,697.1,2668.1,748.1,91.3,51.0,0.8505,0.8505,TP,0.52,1.8089,,,,hayir,,,reports/hafta7_fp_protokolu.md,test,157,tahminler_taban512_hafta7.csv,tahminler_model512.csv,0.3,0.52,1.8089,0.3,0.5,0.1,8,512,110,55,20260913,"Esikler, katsayilar ve ornek buyuklukleri KARARDIR; olcumden turetilmedi. Ayrinti protokol dosyasinda.",3.13.1,8.4.144,0.12.6,2.14.0,2026-09-13 10:08:36,scripts/25_esit_fp_adaylari.py
model_00644,Model-512,train_ZRI_3006_JPG.rf.bf10ed09f4f2ac910abbb51be21dcaca.jpg,ZRI,0.7425,2591.4,315.0,2647.7,393.6,56.3,78.6,0.5692,0.5692,TP,0.52,1.8089,,,,hayir,,,reports/hafta7_fp_protokolu.md,test,157,tahminler_taban512_hafta7.csv,tahminler_model512.csv,0.3,0.52,1.8089,0.3,0.5,0.1,8,512,110,55,20260913,"Esikler, katsayilar ve ornek buyuklukleri KARARDIR; olcumden turetilmedi. Ayrinti protokol dosyasinda.",3.13.1,8.4.144,0.12.6,2.14.0,2026-09-13 10:08:36,scripts/25_esit_fp_adaylari.py
model_00645,Model-512,train_ZRI_3006_JPG.rf.bf10ed09f4f2ac910abbb51be21dcaca.jpg,ZRI,0.6697,1679.7,1911.5,1725.2,1950.3,45.5,38.8,0.8076,0.8076,TP,0.52,1.8089,,,,hayir,,,reports/hafta7_fp_protokolu.md,test,157,tahminler_taban512_hafta7.csv,tahminler_model512.csv,0.3,0.52,1.8089,0.3,0.5,0.1,8,512,110,55,20260913,"Esikler, katsayilar ve ornek buyuklukleri KARARDIR; olcumden turetilmedi. Ayrinti protokol dosyasinda.",3.13.1,8.4.144,0.12.6,2.14.0,2026-09-13 10:08:36,scripts/25_esit_fp_adaylari.py
model_00646,Model-512,train_ZRI_3006_JPG.rf.bf10ed09f4f2ac910abbb51be21dcaca.jpg,ZRI,0.6625,760.8,711.9,840.4,770.5,79.6,58.6,0.8627,0.8627,TP,0.52,1.8089,,,,hayir,,,reports/hafta7_fp_protokolu.md,test,157,tahminler_taban512_hafta7.csv,tahminler_model512.csv,0.3,0.52,1.8089,0.3,0.5,0.1,8,512,110,55,20260913,"Esikler, katsayilar ve ornek buyuklukleri KARARDIR; olcumden turetilmedi. Ayrinti protokol dosyasinda.",3.13.1,8.4.144,0.12.6,2.14.0,2026-09-13 10:08:36,scripts/25_esit_fp_adaylari.py
model_00647,Model-512,train_ZRI_3006_JPG.rf.bf10ed09f4f2ac910abbb51be21dcaca.jpg,ZRI,0.5904,1266.6,722.2,1342.3,790.8,75.7,68.6,0.7397,0.7397,TP,0.52,1.8089,,,,hayir,,,reports/hafta7_fp_protokolu.md,test,157,tahminler_taban512_hafta7.csv,tahminler_model512.csv,0.3,0.52,1.8089,0.3,0.5,0.1,8,512,110,55,20260913,"Esikler, katsayilar ve ornek buyuklukleri KARARDIR; olcumden turetilmedi. Ayrinti protokol dosyasinda.",3.13.1,8.4.144,0.12.6,2.14.0,2026-09-13 10:08:36,scripts/25_esit_fp_adaylari.py
model_00648,Model-512,train_ZRI_3006_JPG.rf.bf10ed09f4f2ac910abbb51be21dcaca.jpg,ZRI,0.572,3942.3,871.2,4000.0,922.0,57.7,50.8,0.503,0.503,TP,0.52,1.8089,,,,hayir,,,reports/hafta7_fp_protokolu.md,test,157,tahminler_taban512_hafta7.csv,tahminler_model512.csv,0.3,0.52,1.8089,0.3,0.5,0.1,8,512,110,55,20260913,"Esikler, katsayilar ve ornek buyuklukleri KARARDIR; olcumden turetilmedi. Ayrinti protokol dosyasinda.",3.13.1,8.4.144,0.12.6,2.14.0,2026-09-13 10:08:36,scripts/25_esit_fp_adaylari.py
model_00649,Model-512,train_ZRI_3006_JPG.rf.bf10ed09f4f2ac910abbb51be21dcaca.jpg,ZRI,0.5442,804.6,1095.8,849.4,1150.0,44.8,54.2,0.3358,0.3358,TP,0.52,1.8089,,,,hayir,,,reports/hafta7_fp_protokolu.md,test,157,tahminler_taban512_hafta7.csv,tahminler_model512.csv,0.3,0.52,1.8089,0.3,0.5,0.1,8,512,110,55,20260913,"Esikler, katsayilar ve ornek buyuklukleri KARARDIR; olcumden turetilmedi. Ayrinti protokol dosyasinda.",3.13.1,8.4.144,0.12.6,2.14.0,2026-09-13 10:08:36,scripts/25_esit_fp_adaylari.py
model_00650,Model-512,train_ZRI_3007_JPG.rf.9aaa808230b7b9af324a301c05899671.jpg,ZRI,0.8461,63.2,2784.9,142.3,2874.3,79.1,89.4,0.0,,FP,0.52,1.8089,,,,hayir,,,reports/hafta7_fp_protokolu.md,test,157,tahminler_taban512_hafta7.csv,tahminler_model512.csv,0.3,0.52,1.8089,0.3,0.5,0.1,8,512,110,55,20260913,"Esikler, katsayilar ve ornek buyuklukleri KARARDIR; olcumden turetilmedi. Ayrinti protokol dosyasinda.",3.13.1,8.4.144,0.12.6,2.14.0,2026-09-13 10:08:36,scripts/25_esit_fp_adaylari.py
model_00651,Model-512,train_ZRI_3007_JPG.rf.9aaa808230b7b9af324a301c05899671.jpg,ZRI,0.8386,2078.5,465.5,2124.8,551.1,46.3,85.6,0.8998,0.8998,TP,0.52,1.8089,,,,hayir,,,reports/hafta7_fp_protokolu.md,test,157,tahminler_taban512_hafta7.csv,tahminler_model512.csv,0.3,0.52,1.8089,0.3,0.5,0.1,8,512,110,55,20260913,"Esikler, katsayilar ve ornek buyuklukleri KARARDIR; olcumden turetilmedi. Ayrinti protokol dosyasinda.",3.13.1,8.4.144,0.12.6,2.14.0,2026-09-13 10:08:36,scripts/25_esit_fp_adaylari.py
model_00652,Model-512,train_ZRI_3007_JPG.rf.9aaa808230b7b9af324a301c05899671.jpg,ZRI,0.8272,660.3,1726.7,740.0,1789.5,79.7,62.8,0.9009,0.9009,TP,0.52,1.8089,,,,hayir,,,reports/hafta7_fp_protokolu.md,test,157,tahminler_taban512_hafta7.csv,tahminler_model512.csv,0.3,0.52,1.8089,0.3,0.5,0.1,8,512,110,55,20260913,"Esikler, katsayilar ve ornek buyuklukleri KARARDIR; olcumden turetilmedi. Ayrinti protokol dosyasinda.",3.13.1,8.4.144,0.12.6,2.14.0,2026-09-13 10:08:36,scripts/25_esit_fp_adaylari.py
model_00653,Model-512,train_ZRI_3007_JPG.rf.9aaa808230b7b9af324a301c05899671.jpg,ZRI,0.8097,2357.5,2372.0,2425.4,2471.0,67.9,99.0,0.8471,0.8471,TP,0.52,1.8089,,,,hayir,,,reports/hafta7_fp_protokolu.md,test,157,tahminler_taban512_hafta7.csv,tahminler_model512.csv,0.3,0.52,1.8089,0.3,0.5,0.1,8,512,110,55,20260913,"Esikler, katsayilar ve ornek buyuklukleri KARARDIR; olcumden turetilmedi. Ayrinti protokol dosyasinda.",3.13.1,8.4.144,0.12.6,2.14.0,2026-09-13 10:08:36,scripts/25_esit_fp_adaylari.py
model_00654,Model-512,train_ZRI_3007_JPG.rf.9aaa808230b7b9af324a301c05899671.jpg,ZRI,0.8063,1790.0,760.6,1855.0,805.7,65.0,45.1,0.7892,0.7892,TP,0.52,1.8089,,,,hayir,,,reports/hafta7_fp_protokolu.md,test,157,tahminler_taban512_hafta7.csv,tahminler_model512.csv,0.3,0.52,1.8089,0.3,0.5,0.1,8,512,110,55,20260913,"Esikler, katsayilar ve ornek buyuklukleri KARARDIR; olcumden turetilmedi. Ayrinti protokol dosyasinda.",3.13.1,8.4.144,0.12.6,2.14.0,2026-09-13 10:08:36,scripts/25_esit_fp_adaylari.py
model_00655,Model-512,train_ZRI_3007_JPG.rf.9aaa808230b7b9af324a301c05899671.jpg,ZRI,0.7992,2370.8,718.6,2447.5,775.8,76.7,57.2,0.7758,0.7758,TP,0.52,1.8089,,,,hayir,,,reports/hafta7_fp_protokolu.md,test,157,tahminler_taban512_hafta7.csv,tahminler_model512.csv,0.3,0.52,1.8089,0.3,0.5,0.1,8,512,110,55,20260913,"Esikler, katsayilar ve ornek buyuklukleri KARARDIR; olcumden turetilmedi. Ayrinti protokol dosyasinda.",3.13.1,8.4.144,0.12.6,2.14.0,2026-09-13 10:08:36,scripts/25_esit_fp_adaylari.py
model_00656,Model-512,train_ZRI_3007_JPG.rf.9aaa808230b7b9af324a301c05899671.jpg,ZRI,0.7903,1696.4,2525.0,1793.1,2595.3,96.7,70.3,0.6789,0.6789,TP,0.52,1.8089,,,,hayir,,,reports/hafta7_fp_protokolu.md,test,157,tahminler_taban512_hafta7.csv,tahminler_model512.csv,0.3,0.52,1.8089,0.3,0.5,0.1,8,512,110,55,20260913,"Esikler, katsayilar ve ornek buyuklukleri KARARDIR; olcumden turetilmedi. Ayrinti protokol dosyasinda.",3.13.1,8.4.144,0.12.6,2.14.0,2026-09-13 10:08:36,scripts/25_esit_fp_adaylari.py
model_00657,Model-512,train_ZRI_3007_JPG.rf.9aaa808230b7b9af324a301c05899671.jpg,ZRI,0.7877,2761.3,1382.2,2854.3,1427.6,93.0,45.4,0.8074,0.8074,TP,0.52,1.8089,,,,hayir,,,reports/hafta7_fp_protokolu.md,test,157,tahminler_taban512_hafta7.csv,tahminler_model512.csv,0.3,0.52,1.8089,0.3,0.5,0.1,8,512,110,55,20260913,"Esikler, katsayilar ve ornek buyuklukleri KARARDIR; olcumden turetilmedi. Ayrinti protokol dosyasinda.",3.13.1,8.4.144,0.12.6,2.14.0,2026-09-13 10:08:36,scripts/25_esit_fp_adaylari.py
model_00658,Model-512,train_ZRI_3007_JPG.rf.9aaa808230b7b9af324a301c05899671.jpg,ZRI,0.7617,2937.7,2494.4,3007.6,2563.6,69.9,69.2,0.6621,0.6621,TP,0.52,1.8089,,,,hayir,,,reports/hafta7_fp_protokolu.md,test,157,tahminler_taban512_hafta7.csv,tahminler_model512.csv,0.3,0.52,1.8089,0.3,0.5,0.1,8,512,110,55,20260913,"Esikler, katsayilar ve ornek buyuklukleri KARARDIR; olcumden turetilmedi. Ayrinti protokol dosyasinda.",3.13.1,8.4.144,0.12.6,2.14.0,2026-09-13 10:08:36,scripts/25_esit_fp_adaylari.py
model_00659,Model-512,train_ZRI_3007_JPG.rf.9aaa808230b7b9af324a301c05899671.jpg,ZRI,0.7106,2009.8,2179.7,2092.1,2251.6,82.3,71.9,0.6687,0.6687,TP,0.52,1.8089,,,,hayir,,,reports/hafta7_fp_protokolu.md,test,157,tahminler_taban512_hafta7.csv,tahminler_model512.csv,0.3,0.52,1.8089,0.3,0.5,0.1,8,512,110,55,20260913,"Esikler, katsayilar ve ornek buyuklukleri KARARDIR; olcumden turetilmedi. Ayrinti protokol dosyasinda.",3.13.1,8.4.144,0.12.6,2.14.0,2026-09-13 10:08:36,scripts/25_esit_fp_adaylari.py
model_00660,Model-512,train_ZRI_3007_JPG.rf.9aaa808230b7b9af324a301c05899671.jpg,ZRI,0.7055,2082.5,466.1,2127.3,512.0,44.8,45.9,0.4845,,FP,0.52,1.8089,,,,hayir,,,reports/hafta7_fp_protokolu.md,test,157,tahminler_taban512_hafta7.csv,tahminler_model512.csv,0.3,0.52,1.8089,0.3,0.5,0.1,8,512,110,55,20260913,"Esikler, katsayilar ve ornek buyuklukleri KARARDIR; olcumden turetilmedi. Ayrinti protokol dosyasinda.",3.13.1,8.4.144,0.12.6,2.14.0,2026-09-13 10:08:36,scripts/25_esit_fp_adaylari.py
model_00661,Model-512,train_ZRI_3007_JPG.rf.9aaa808230b7b9af324a301c05899671.jpg,ZRI,0.7035,2360.8,1999.6,2449.8,2066.2,89.0,66.6,0.8906,0.8906,TP,0.52,1.8089,,,,hayir,,,reports/hafta7_fp_protokolu.md,test,157,tahminler_taban512_hafta7.csv,tahminler_model512.csv,0.3,0.52,1.8089,0.3,0.5,0.1,8,512,110,55,20260913,"Esikler, katsayilar ve ornek buyuklukleri KARARDIR; olcumden turetilmedi. Ayrinti protokol dosyasinda.",3.13.1,8.4.144,0.12.6,2.14.0,2026-09-13 10:08:36,scripts/25_esit_fp_adaylari.py
model_00662,Model-512,train_ZRI_3007_JPG.rf.9aaa808230b7b9af324a301c05899671.jpg,ZRI,0.6912,1817.3,126.4,1858.4,193.3,41.1,66.9,0.0,,FP,0.52,1.8089,,a0088,a0071,evet,Model-512/ZRI,0.3504,reports/hafta7_fp_protokolu.md,test,157,tahminler_taban512_hafta7.csv,tahminler_model512.csv,0.3,0.52,1.8089,0.3,0.5,0.1,8,512,110,55,20260913,"Esikler, katsayilar ve ornek buyuklukleri KARARDIR; olcumden turetilmedi. Ayrinti protokol dosyasinda.",3.13.1,8.4.144,0.12.6,2.14.0,2026-09-13 10:08:36,scripts/25_esit_fp_adaylari.py
model_00663,Model-512,train_ZRI_3007_JPG.rf.9aaa808230b7b9af324a301c05899671.jpg,ZRI,0.677,1465.7,1523.9,1541.4,1575.4,75.7,51.5,0.8132,0.8132,TP,0.52,1.8089,,,,hayir,,,reports/hafta7_fp_protokolu.md,test,157,tahminler_taban512_hafta7.csv,tahminler_model512.csv,0.3,0.52,1.8089,0.3,0.5,0.1,8,512,110,55,20260913,"Esikler, katsayilar ve ornek buyuklukleri KARARDIR; olcumden turetilmedi. Ayrinti protokol dosyasinda.",3.13.1,8.4.144,0.12.6,2.14.0,2026-09-13 10:08:36,scripts/25_esit_fp_adaylari.py
model_00664,Model-512,train_ZRI_3007_JPG.rf.9aaa808230b7b9af324a301c05899671.jpg,ZRI,0.6537,3149.3,1196.4,3203.3,1265.5,54.0,69.1,0.6583,0.6583,TP,0.52,1.8089,,,,hayir,,,reports/hafta7_fp_protokolu.md,test,157,tahminler_taban512_hafta7.csv,tahminler_model512.csv,0.3,0.52,1.8089,0.3,0.5,0.1,8,512,110,55,20260913,"Esikler, katsayilar ve ornek buyuklukleri KARARDIR; olcumden turetilmedi. Ayrinti protokol dosyasinda.",3.13.1,8.4.144,0.12.6,2.14.0,2026-09-13 10:08:36,scripts/25_esit_fp_adaylari.py
model_00665,Model-512,train_ZRI_3007_JPG.rf.9aaa808230b7b9af324a301c05899671.jpg,ZRI,0.6165,2050.2,2180.1,2091.6,2250.2,41.4,70.1,0.2843,,FP,0.52,1.8089,,a0164,a0319,evet,Model-512/ZRI,0.3504,reports/hafta7_fp_protokolu.md,test,157,tahminler_taban512_hafta7.csv,tahminler_model512.csv,0.3,0.52,1.8089,0.3,0.5,0.1,8,512,110,55,20260913,"Esikler, katsayilar ve ornek buyuklukleri KARARDIR; olcumden turetilmedi. Ayrinti protokol dosyasinda.",3.13.1,8.4.144,0.12.6,2.14.0,2026-09-13 10:08:36,scripts/25_esit_fp_adaylari.py
model_00666,Model-512,train_ZRI_3007_JPG.rf.9aaa808230b7b9af324a301c05899671.jpg,ZRI,0.6136,1468.5,1640.4,1550.0,1716.4,81.5,76.0,0.3969,0.3969,TP,0.52,1.8089,,,,hayir,,,reports/hafta7_fp_protokolu.md,test,157,tahminler_taban512_hafta7.csv,tahminler_model512.csv,0.3,0.52,1.8089,0.3,0.5,0.1,8,512,110,55,20260913,"Esikler, katsayilar ve ornek buyuklukleri KARARDIR; olcumden turetilmedi. Ayrinti protokol dosyasinda.",3.13.1,8.4.144,0.12.6,2.14.0,2026-09-13 10:08:36,scripts/25_esit_fp_adaylari.py
model_00667,Model-512,train_ZRI_3007_JPG.rf.9aaa808230b7b9af324a301c05899671.jpg,ZRI,0.5955,1694.3,2522.1,1742.0,2595.9,47.7,73.8,0.3016,,FP,0.52,1.8089,,,,hayir,,,reports/hafta7_fp_protokolu.md,test,157,tahminler_taban512_hafta7.csv,tahminler_model512.csv,0.3,0.52,1.8089,0.3,0.5,0.1,8,512,110,55,20260913,"Esikler, katsayilar ve ornek buyuklukleri KARARDIR; olcumden turetilmedi. Ayrinti protokol dosyasinda.",3.13.1,8.4.144,0.12.6,2.14.0,2026-09-13 10:08:36,scripts/25_esit_fp_adaylari.py
model_00668,Model-512,train_ZRI_3007_JPG.rf.9aaa808230b7b9af324a301c05899671.jpg,ZRI,0.5813,1304.4,1640.0,1368.4,1696.1,64.0,56.1,0.5825,0.5825,TP,0.52,1.8089,,,,hayir,,,reports/hafta7_fp_protokolu.md,test,157,tahminler_taban512_hafta7.csv,tahminler_model512.csv,0.3,0.52,1.8089,0.3,0.5,0.1,8,512,110,55,20260913,"Esikler, katsayilar ve ornek buyuklukleri KARARDIR; olcumden turetilmedi. Ayrinti protokol dosyasinda.",3.13.1,8.4.144,0.12.6,2.14.0,2026-09-13 10:08:36,scripts/25_esit_fp_adaylari.py
model_00669,Model-512,train_ZRI_3008_JPG.rf.183af878bc7881b534b79d94d74b2f23.jpg,ZRI,0.8288,2361.1,2525.8,2428.0,2615.2,66.9,89.4,0.7865,0.7865,TP,0.52,1.8089,,,,hayir,,,reports/hafta7_fp_protokolu.md,test,157,tahminler_taban512_hafta7.csv,tahminler_model512.csv,0.3,0.52,1.8089,0.3,0.5,0.1,8,512,110,55,20260913,"Esikler, katsayilar ve ornek buyuklukleri KARARDIR; olcumden turetilmedi. Ayrinti protokol dosyasinda.",3.13.1,8.4.144,0.12.6,2.14.0,2026-09-13 10:08:36,scripts/25_esit_fp_adaylari.py
model_00670,Model-512,train_ZRI_3008_JPG.rf.183af878bc7881b534b79d94d74b2f23.jpg,ZRI,0.8272,664.3,1891.5,742.3,1955.1,78.0,63.6,0.9556,0.9556,TP,0.52,1.8089,,,,hayir,,,reports/hafta7_fp_protokolu.md,test,157,tahminler_taban512_hafta7.csv,tahminler_model512.csv,0.3,0.52,1.8089,0.3,0.5,0.1,8,512,110,55,20260913,"Esikler, katsayilar ve ornek buyuklukleri KARARDIR; olcumden turetilmedi. Ayrinti protokol dosyasinda.",3.13.1,8.4.144,0.12.6,2.14.0,2026-09-13 10:08:36,scripts/25_esit_fp_adaylari.py
model_00671,Model-512,train_ZRI_3008_JPG.rf.183af878bc7881b534b79d94d74b2f23.jpg,ZRI,0.8212,2014.0,2332.0,2095.3,2402.6,81.3,70.6,0.9022,0.9022,TP,0.52,1.8089,,,,hayir,,,reports/hafta7_fp_protokolu.md,test,157,tahminler_taban512_hafta7.csv,tahminler_model512.csv,0.3,0.52,1.8089,0.3,0.5,0.1,8,512,110,55,20260913,"Esikler, katsayilar ve ornek buyuklukleri KARARDIR; olcumden turetilmedi. Ayrinti protokol dosyasinda.",3.13.1,8.4.144,0.12.6,2.14.0,2026-09-13 10:08:36,scripts/25_esit_fp_adaylari.py
model_00672,Model-512,train_ZRI_3008_JPG.rf.183af878bc7881b534b79d94d74b2f23.jpg,ZRI,0.8136,1704.0,2680.2,1798.3,2753.6,94.3,73.4,0.6679,0.6679,TP,0.52,1.8089,,,,hayir,,,reports/hafta7_fp_protokolu.md,test,157,tahminler_taban512_hafta7.csv,tahminler_model512.csv,0.3,0.52,1.8089,0.3,0.5,0.1,8,512,110,55,20260913,"Esikler, katsayilar ve ornek buyuklukleri KARARDIR; olcumden turetilmedi. Ayrinti protokol dosyasinda.",3.13.1,8.4.144,0.12.6,2.14.0,2026-09-13 10:08:36,scripts/25_esit_fp_adaylari.py
model_00673,Model-512,train_ZRI_3008_JPG.rf.183af878bc7881b534b79d94d74b2f23.jpg,ZRI,0.8099,2063.0,613.4,2107.9,703.6,44.9,90.2,0.8648,0.8648,TP,0.52,1.8089,,,,hayir,,,reports/hafta7_fp_protokolu.md,test,157,tahminler_taban512_hafta7.csv,tahminler_model512.csv,0.3,0.52,1.8089,0.3,0.5,0.1,8,512,110,55,20260913,"Esikler, katsayilar ve ornek buyuklukleri KARARDIR; olcumden turetilmedi. Ayrinti protokol dosyasinda.",3.13.1,8.4.144,0.12.6,2.14.0,2026-09-13 10:08:36,scripts/25_esit_fp_adaylari.py
model_00674,Model-512,train_ZRI_3008_JPG.rf.183af878bc7881b534b79d94d74b2f23.jpg,ZRI,0.8022,1778.5,916.5,1842.0,961.6,63.5,45.1,0.7873,0.7873,TP,0.52,1.8089,,,,hayir,,,reports/hafta7_fp_protokolu.md,test,157,tahminler_taban512_hafta7.csv,tahminler_model512.csv,0.3,0.52,1.8089,0.3,0.5,0.1,8,512,110,55,20260913,"Esikler, katsayilar ve ornek buyuklukleri KARARDIR; olcumden turetilmedi. Ayrinti protokol dosyasinda.",3.13.1,8.4.144,0.12.6,2.14.0,2026-09-13 10:08:36,scripts/25_esit_fp_adaylari.py
model_00675,Model-512,train_ZRI_3008_JPG.rf.183af878bc7881b534b79d94d74b2f23.jpg,ZRI,0.7951,2360.4,866.2,2431.5,921.4,71.1,55.2,0.8013,0.8013,TP,0.52,1.8089,,,,hayir,,,reports/hafta7_fp_protokolu.md,test,157,tahminler_taban512_hafta7.csv,tahminler_model512.csv,0.3,0.52,1.8089,0.3,0.5,0.1,8,512,110,55,20260913,"Esikler, katsayilar ve ornek buyuklukleri KARARDIR; olcumden turetilmedi. Ayrinti protokol dosyasinda.",3.13.1,8.4.144,0.12.6,2.14.0,2026-09-13 10:08:36,scripts/25_esit_fp_adaylari.py
model_00676,Model-512,train_ZRI_3008_JPG.rf.183af878bc7881b534b79d94d74b2f23.jpg,ZRI,0.7687,1802.1,284.1,1855.3,348.8,53.2,64.7,0.0,,FP,0.52,1.8089,,a0075,a0303,evet,Model-512/ZRI,0.3504,reports/hafta7_fp_protokolu.md,test,157,tahminler_taban512_hafta7.csv,tahminler_model512.csv,0.3,0.52,1.8089,0.3,0.5,0.1,8,512,110,55,20260913,"Esikler, katsayilar ve ornek buyuklukleri KARARDIR; olcumden turetilmedi. Ayrinti protokol dosyasinda.",3.13.1,8.4.144,0.12.6,2.14.0,2026-09-13 10:08:36,scripts/25_esit_fp_adaylari.py
model_00677,Model-512,train_ZRI_3008_JPG.rf.183af878bc7881b534b79d94d74b2f23.jpg,ZRI,0.7365,3532.8,1262.6,3604.1,1309.1,71.3,46.5,0.8501,0.8501,TP,0.52,1.8089,,,,hayir,,,reports/hafta7_fp_protokolu.md,test,157,tahminler_taban512_hafta7.csv,tahminler_model512.csv,0.3,0.52,1.8089,0.3,0.5,0.1,8,512,110,55,20260913,"Esikler, katsayilar ve ornek buyuklukleri KARARDIR; olcumden turetilmedi. Ayrinti protokol dosyasinda.",3.13.1,8.4.144,0.12.6,2.14.0,2026-09-13 10:08:36,scripts/25_esit_fp_adaylari.py
model_00678,Model-512,train_ZRI_3008_JPG.rf.183af878bc7881b534b79d94d74b2f23.jpg,ZRI,0.7032,2360.4,2145.2,2450.1,2215.0,89.7,69.8,0.8307,0.8307,TP,0.52,1.8089,,,,hayir,,,reports/hafta7_fp_protokolu.md,test,157,tahminler_taban512_hafta7.csv,tahminler_model512.csv,0.3,0.52,1.8089,0.3,0.5,0.1,8,512,110,55,20260913,"Esikler, katsayilar ve ornek buyuklukleri KARARDIR; olcumden turetilmedi. Ayrinti protokol dosyasinda.",3.13.1,8.4.144,0.12.6,2.14.0,2026-09-13 10:08:36,scripts/25_esit_fp_adaylari.py
model_00679,Model-512,train_ZRI_3008_JPG.rf.183af878bc7881b534b79d94d74b2f23.jpg,ZRI,0.6536,2949.8,2647.1,3017.5,2708.4,67.7,61.3,0.5453,0.5453,TP,0.52,1.8089,,,,hayir,,,reports/hafta7_fp_protokolu.md,test,157,tahminler_taban512_hafta7.csv,tahminler_model512.csv,0.3,0.52,1.8089,0.3,0.5,0.1,8,512,110,55,20260913,"Esikler, katsayilar ve ornek buyuklukleri KARARDIR; olcumden turetilmedi. Ayrinti protokol dosyasinda.",3.13.1,8.4.144,0.12.6,2.14.0,2026-09-13 10:08:36,scripts/25_esit_fp_adaylari.py
model_00680,Model-512,train_ZRI_3008_JPG.rf.183af878bc7881b534b79d94d74b2f23.jpg,ZRI,0.6312,2709.2,2899.4,2775.2,2953.3,66.0,53.9,0.6543,0.6543,TP,0.52,1.8089,,,,hayir,,,reports/hafta7_fp_protokolu.md,test,157,tahminler_taban512_hafta7.csv,tahminler_model512.csv,0.3,0.52,1.8089,0.3,0.5,0.1,8,512,110,55,20260913,"Esikler, katsayilar ve ornek buyuklukleri KARARDIR; olcumden turetilmedi. Ayrinti protokol dosyasinda.",3.13.1,8.4.144,0.12.6,2.14.0,2026-09-13 10:08:36,scripts/25_esit_fp_adaylari.py
model_00681,Model-512,train_ZRI_3008_JPG.rf.183af878bc7881b534b79d94d74b2f23.jpg,ZRI,0.619,2755.7,1529.8,2846.5,1582.0,90.8,52.2,0.7957,0.7957,TP,0.52,1.8089,,,,hayir,,,reports/hafta7_fp_protokolu.md,test,157,tahminler_taban512_hafta7.csv,tahminler_model512.csv,0.3,0.52,1.8089,0.3,0.5,0.1,8,512,110,55,20260913,"Esikler, katsayilar ve ornek buyuklukleri KARARDIR; olcumden turetilmedi. Ayrinti protokol dosyasinda.",3.13.1,8.4.144,0.12.6,2.14.0,2026-09-13 10:08:36,scripts/25_esit_fp_adaylari.py
model_00682,Model-512,train_ZRI_3008_JPG.rf.183af878bc7881b534b79d94d74b2f23.jpg,ZRI,0.5732,1463.2,1688.0,1537.0,1733.4,73.8,45.4,0.8884,0.8884,TP,0.52,1.8089,,,,hayir,,,reports/hafta7_fp_protokolu.md,test,157,tahminler_taban512_hafta7.csv,tahminler_model512.csv,0.3,0.52,1.8089,0.3,0.5,0.1,8,512,110,55,20260913,"Esikler, katsayilar ve ornek buyuklukleri KARARDIR; olcumden turetilmedi. Ayrinti protokol dosyasinda.",3.13.1,8.4.144,0.12.6,2.14.0,2026-09-13 10:08:36,scripts/25_esit_fp_adaylari.py
model_00683,Model-512,train_ZRI_3008_JPG.rf.183af878bc7881b534b79d94d74b2f23.jpg,ZRI,0.5288,763.3,1732.3,827.6,1793.3,64.3,61.0,0.7567,0.7567,TP,0.52,1.8089,,,,hayir,,,reports/hafta7_fp_protokolu.md,test,157,tahminler_taban512_hafta7.csv,tahminler_model512.csv,0.3,0.52,1.8089,0.3,0.5,0.1,8,512,110,55,20260913,"Esikler, katsayilar ve ornek buyuklukleri KARARDIR; olcumden turetilmedi. Ayrinti protokol dosyasinda.",3.13.1,8.4.144,0.12.6,2.14.0,2026-09-13 10:08:36,scripts/25_esit_fp_adaylari.py
model_00684,Model-512,train_ZRI_3009_JPG.rf.5a29177c9c62ef46d522a5cb0a8865da.jpg,ZRI,0.8382,2306.5,1918.6,2384.2,2004.7,77.7,86.1,0.6686,0.6686,TP,0.52,1.8089,,,,hayir,,,reports/hafta7_fp_protokolu.md,test,157,tahminler_taban512_hafta7.csv,tahminler_model512.csv,0.3,0.52,1.8089,0.3,0.5,0.1,8,512,110,55,20260913,"Esikler, katsayilar ve ornek buyuklukleri KARARDIR; olcumden turetilmedi. Ayrinti protokol dosyasinda.",3.13.1,8.4.144,0.12.6,2.14.0,2026-09-13 10:08:36,scripts/25_esit_fp_adaylari.py
model_00685,Model-512,train_ZRI_3009_JPG.rf.5a29177c9c62ef46d522a5cb0a8865da.jpg,ZRI,0.825,3599.3,2733.5,3681.3,2809.3,82.0,75.8,0.6901,0.6901,TP,0.52,1.8089,,,,hayir,,,reports/hafta7_fp_protokolu.md,test,157,tahminler_taban512_hafta7.csv,tahminler_model512.csv,0.3,0.52,1.8089,0.3,0.5,0.1,8,512,110,55,20260913,"Esikler, katsayilar ve ornek buyuklukleri KARARDIR; olcumden turetilmedi. Ayrinti protokol dosyasinda.",3.13.1,8.4.144,0.12.6,2.14.0,2026-09-13 10:08:36,scripts/25_esit_fp_adaylari.py
model_00686,Model-512,train_ZRI_3009_JPG.rf.5a29177c9c62ef46d522a5cb0a8865da.jpg,ZRI,0.787,2692.5,1869.7,2782.7,1937.5,90.2,67.8,0.822,0.822,TP,0.52,1.8089,,,,hayir,,,reports/hafta7_fp_protokolu.md,test,157,tahminler_taban512_hafta7.csv,tahminler_model512.csv,0.3,0.52,1.8089,0.3,0.5,0.1,8,512,110,55,20260913,"Esikler, katsayilar ve ornek buyuklukleri KARARDIR; olcumden turetilmedi. Ayrinti protokol dosyasinda.",3.13.1,8.4.144,0.12.6,2.14.0,2026-09-13 10:08:36,scripts/25_esit_fp_adaylari.py
model_00687,Model-512,train_ZRI_3009_JPG.rf.5a29177c9c62ef46d522a5cb0a8865da.jpg,ZRI,0.7487,3442.5,2377.4,3539.8,2435.4,97.3,58.0,0.8962,0.8962,TP,0.52,1.8089,,,,hayir,,,reports/hafta7_fp_protokolu.md,test,157,tahminler_taban512_hafta7.csv,tahminler_model512.csv,0.3,0.52,1.8089,0.3,0.5,0.1,8,512,110,55,20260913,"Esikler, katsayilar ve ornek buyuklukleri KARARDIR; olcumden turetilmedi. Ayrinti protokol dosyasinda.",3.13.1,8.4.144,0.12.6,2.14.0,2026-09-13 10:08:36,scripts/25_esit_fp_adaylari.py
model_00688,Model-512,train_ZRI_3009_JPG.rf.5a29177c9c62ef46d522a5cb0a8865da.jpg,ZRI,0.6989,2607.9,1394.6,2674.4,1457.2,66.5,62.6,0.6265,0.6265,TP,0.52,1.8089,,,,hayir,,,reports/hafta7_fp_protokolu.md,test,157,tahminler_taban512_hafta7.csv,tahminler_model512.csv,0.3,0.52,1.8089,0.3,0.5,0.1,8,512,110,55,20260913,"Esikler, katsayilar ve ornek buyuklukleri KARARDIR; olcumden turetilmedi. Ayrinti protokol dosyasinda.",3.13.1,8.4.144,0.12.6,2.14.0,2026-09-13 10:08:36,scripts/25_esit_fp_adaylari.py
model_00689,Model-512,train_ZRI_3009_JPG.rf.5a29177c9c62ef46d522a5cb0a8865da.jpg,ZRI,0.6228,2336.3,2331.7,2414.2,2401.6,77.9,69.9,0.8833,0.8833,TP,0.52,1.8089,,,,hayir,,,reports/hafta7_fp_protokolu.md,test,157,tahminler_taban512_hafta7.csv,tahminler_model512.csv,0.3,0.52,1.8089,0.3,0.5,0.1,8,512,110,55,20260913,"Esikler, katsayilar ve ornek buyuklukleri KARARDIR; olcumden turetilmedi. Ayrinti protokol dosyasinda.",3.13.1,8.4.144,0.12.6,2.14.0,2026-09-13 10:08:36,scripts/25_esit_fp_adaylari.py
model_00690,Model-512,train_ZRI_3009_JPG.rf.5a29177c9c62ef46d522a5cb0a8865da.jpg,ZRI,0.5632,3488.0,2384.3,3539.3,2432.8,51.3,48.5,0.395,,FP,0.52,1.8089,,,,hayir,,,reports/hafta7_fp_protokolu.md,test,157,tahminler_taban512_hafta7.csv,tahminler_model512.csv,0.3,0.52,1.8089,0.3,0.5,0.1,8,512,110,55,20260913,"Esikler, katsayilar ve ornek buyuklukleri KARARDIR; olcumden turetilmedi. Ayrinti protokol dosyasinda.",3.13.1,8.4.144,0.12.6,2.14.0,2026-09-13 10:08:36,scripts/25_esit_fp_adaylari.py
model_00691,Model-512,train_ZRI_3010_JPG.rf.7d93f21911b164c740d9757de3848d4b.jpg,ZRI,0.8115,3702.0,1483.5,3809.0,1555.2,107.0,71.7,0.6679,0.6679,TP,0.52,1.8089,,,,hayir,,,reports/hafta7_fp_protokolu.md,test,157,tahminler_taban512_hafta7.csv,tahminler_model512.csv,0.3,0.52,1.8089,0.3,0.5,0.1,8,512,110,55,20260913,"Esikler, katsayilar ve ornek buyuklukleri KARARDIR; olcumden turetilmedi. Ayrinti protokol dosyasinda.",3.13.1,8.4.144,0.12.6,2.14.0,2026-09-13 10:08:36,scripts/25_esit_fp_adaylari.py
model_00692,Model-512,train_ZRI_3010_JPG.rf.7d93f21911b164c740d9757de3848d4b.jpg,ZRI,0.8056,2813.6,1416.8,2893.6,1496.4,80.0,79.6,0.8388,0.8388,TP,0.52,1.8089,,,,hayir,,,reports/hafta7_fp_protokolu.md,test,157,tahminler_taban512_hafta7.csv,tahminler_model512.csv,0.3,0.52,1.8089,0.3,0.5,0.1,8,512,110,55,20260913,"Esikler, katsayilar ve ornek buyuklukleri KARARDIR; olcumden turetilmedi. Ayrinti protokol dosyasinda.",3.13.1,8.4.144,0.12.6,2.14.0,2026-09-13 10:08:36,scripts/25_esit_fp_adaylari.py
model_00693,Model-512,train_ZRI_3010_JPG.rf.7d93f21911b164c740d9757de3848d4b.jpg,ZRI,0.7357,2495.5,1669.2,2583.3,1725.8,87.8,56.6,0.805,0.805,TP,0.52,1.8089,,,,hayir,,,reports/hafta7_fp_protokolu.md,test,157,tahminler_taban512_hafta7.csv,tahminler_model512.csv,0.3,0.52,1.8089,0.3,0.5,0.1,8,512,110,55,20260913,"Esikler, katsayilar ve ornek buyuklukleri KARARDIR; olcumden turetilmedi. Ayrinti protokol dosyasinda.",3.13.1,8.4.144,0.12.6,2.14.0,2026-09-13 10:08:36,scripts/25_esit_fp_adaylari.py
model_00694,Model-512,train_ZRI_3010_JPG.rf.7d93f21911b164c740d9757de3848d4b.jpg,ZRI,0.7201,3489.3,2511.0,3585.2,2587.0,95.9,76.0,0.6736,0.6736,TP,0.52,1.8089,,,,hayir,,,reports/hafta7_fp_protokolu.md,test,157,tahminler_taban512_hafta7.csv,tahminler_model512.csv,0.3,0.52,1.8089,0.3,0.5,0.1,8,512,110,55,20260913,"Esikler, katsayilar ve ornek buyuklukleri KARARDIR; olcumden turetilmedi. Ayrinti protokol dosyasinda.",3.13.1,8.4.144,0.12.6,2.14.0,2026-09-13 10:08:36,scripts/25_esit_fp_adaylari.py
model_00695,Model-512,train_ZRI_3010_JPG.rf.7d93f21911b164c740d9757de3848d4b.jpg,ZRI,0.72,3423.5,2494.9,3479.3,2562.2,55.8,67.3,0.6413,0.6413,TP,0.52,1.8089,,,,hayir,,,reports/hafta7_fp_protokolu.md,test,157,tahminler_taban512_hafta7.csv,tahminler_model512.csv,0.3,0.52,1.8089,0.3,0.5,0.1,8,512,110,55,20260913,"Esikler, katsayilar ve ornek buyuklukleri KARARDIR; olcumden turetilmedi. Ayrinti protokol dosyasinda.",3.13.1,8.4.144,0.12.6,2.14.0,2026-09-13 10:08:36,scripts/25_esit_fp_adaylari.py
model_00696,Model-512,train_ZRI_3010_JPG.rf.7d93f21911b164c740d9757de3848d4b.jpg,ZRI,0.6771,2729.6,1998.5,2801.7,2077.8,72.1,79.3,0.7003,0.7003,TP,0.52,1.8089,,,,hayir,,,reports/hafta7_fp_protokolu.md,test,157,tahminler_taban512_hafta7.csv,tahminler_model512.csv,0.3,0.52,1.8089,0.3,0.5,0.1,8,512,110,55,20260913,"Esikler, katsayilar ve ornek buyuklukleri KARARDIR; olcumden turetilmedi. Ayrinti protokol dosyasinda.",3.13.1,8.4.144,0.12.6,2.14.0,2026-09-13 10:08:36,scripts/25_esit_fp_adaylari.py
model_00697,Model-512,train_ZRI_3010_JPG.rf.7d93f21911b164c740d9757de3848d4b.jpg,ZRI,0.6592,2508.7,1049.4,2564.9,1113.3,56.2,63.9,0.6391,0.6391,TP,0.52,1.8089,,,,hayir,,,reports/hafta7_fp_protokolu.md,test,157,tahminler_taban512_hafta7.csv,tahminler_model512.csv,0.3,0.52,1.8089,0.3,0.5,0.1,8,512,110,55,20260913,"Esikler, katsayilar ve ornek buyuklukleri KARARDIR; olcumden turetilmedi. Ayrinti protokol dosyasinda.",3.13.1,8.4.144,0.12.6,2.14.0,2026-09-13 10:08:36,scripts/25_esit_fp_adaylari.py
model_00698,Model-512,train_ZRI_3011_JPG.rf.17d4eef4ec23427de8b43cec1a2f4bf7.jpg,ZRI,0.7883,2763.3,1953.1,2835.5,2029.7,72.2,76.6,0.7322,0.7322,TP,0.52,1.8089,,,,hayir,,,reports/hafta7_fp_protokolu.md,test,157,tahminler_taban512_hafta7.csv,tahminler_model512.csv,0.3,0.52,1.8089,0.3,0.5,0.1,8,512,110,55,20260913,"Esikler, katsayilar ve ornek buyuklukleri KARARDIR; olcumden turetilmedi. Ayrinti protokol dosyasinda.",3.13.1,8.4.144,0.12.6,2.14.0,2026-09-13 10:08:36,scripts/25_esit_fp_adaylari.py
model_00699,Model-512,train_ZRI_3011_JPG.rf.17d4eef4ec23427de8b43cec1a2f4bf7.jpg,ZRI,0.7838,2833.8,1362.5,2912.6,1440.4,78.8,77.9,0.8445,0.8445,TP,0.52,1.8089,,,,hayir,,,reports/hafta7_fp_protokolu.md,test,157,tahminler_taban512_hafta7.csv,tahminler_model512.csv,0.3,0.52,1.8089,0.3,0.5,0.1,8,512,110,55,20260913,"Esikler, katsayilar ve ornek buyuklukleri KARARDIR; olcumden turetilmedi. Ayrinti protokol dosyasinda.",3.13.1,8.4.144,0.12.6,2.14.0,2026-09-13 10:08:36,scripts/25_esit_fp_adaylari.py
model_00700,Model-512,train_ZRI_3011_JPG.rf.17d4eef4ec23427de8b43cec1a2f4bf7.jpg,ZRI,0.7788,3699.4,1388.7,3815.4,1438.9,116.0,50.2,0.9341,0.9341,TP,0.52,1.8089,,,,hayir,,,reports/hafta7_fp_protokolu.md,test,157,tahminler_taban512_hafta7.csv,tahminler_model512.csv,0.3,0.52,1.8089,0.3,0.5,0.1,8,512,110,55,20260913,"Esikler, katsayilar ve ornek buyuklukleri KARARDIR; olcumden turetilmedi. Ayrinti protokol dosyasinda.",3.13.1,8.4.144,0.12.6,2.14.0,2026-09-13 10:08:36,scripts/25_esit_fp_adaylari.py
model_00701,Model-512,train_ZRI_3011_JPG.rf.17d4eef4ec23427de8b43cec1a2f4bf7.jpg,ZRI,0.7717,2517.7,1624.0,2609.8,1682.3,92.1,58.3,0.7611,0.7611,TP,0.52,1.8089,,,,hayir,,,reports/hafta7_fp_protokolu.md,test,157,tahminler_taban512_hafta7.csv,tahminler_model512.csv,0.3,0.52,1.8089,0.3,0.5,0.1,8,512,110,55,20260913,"Esikler, katsayilar ve ornek buyuklukleri KARARDIR; olcumden turetilmedi. Ayrinti protokol dosyasinda.",3.13.1,8.4.144,0.12.6,2.14.0,2026-09-13 10:08:36,scripts/25_esit_fp_adaylari.py
model_00702,Model-512,train_ZRI_3011_JPG.rf.17d4eef4ec23427de8b43cec1a2f4bf7.jpg,ZRI,0.7495,3539.2,2446.6,3638.7,2527.4,99.5,80.8,0.7224,0.7224,TP,0.52,1.8089,,,,hayir,,,reports/hafta7_fp_protokolu.md,test,157,tahminler_taban512_hafta7.csv,tahminler_model512.csv,0.3,0.52,1.8089,0.3,0.5,0.1,8,512,110,55,20260913,"Esikler, katsayilar ve ornek buyuklukleri KARARDIR; olcumden turetilmedi. Ayrinti protokol dosyasinda.",3.13.1,8.4.144,0.12.6,2.14.0,2026-09-13 10:08:36,scripts/25_esit_fp_adaylari.py
model_00703,Model-512,train_ZRI_3011_JPG.rf.17d4eef4ec23427de8b43cec1a2f4bf7.jpg,ZRI,0.619,3474.2,2434.9,3528.7,2496.9,54.5,62.0,0.572,0.572,TP,0.52,1.8089,,,,hayir,,,reports/hafta7_fp_protokolu.md,test,157,tahminler_taban512_hafta7.csv,tahminler_model512.csv,0.3,0.52,1.8089,0.3,0.5,0.1,8,512,110,55,20260913,"Esikler, katsayilar ve ornek buyuklukleri KARARDIR; olcumden turetilmedi. Ayrinti protokol dosyasinda.",3.13.1,8.4.144,0.12.6,2.14.0,2026-09-13 10:08:36,scripts/25_esit_fp_adaylari.py
model_00704,Model-512,train_ZRI_3011_JPG.rf.17d4eef4ec23427de8b43cec1a2f4bf7.jpg,ZRI,0.5877,2523.1,1001.4,2562.0,1063.3,38.9,61.9,0.4993,0.4993,TP,0.52,1.8089,,,,hayir,,,reports/hafta7_fp_protokolu.md,test,157,tahminler_taban512_hafta7.csv,tahminler_model512.csv,0.3,0.52,1.8089,0.3,0.5,0.1,8,512,110,55,20260913,"Esikler, katsayilar ve ornek buyuklukleri KARARDIR; olcumden turetilmedi. Ayrinti protokol dosyasinda.",3.13.1,8.4.144,0.12.6,2.14.0,2026-09-13 10:08:36,scripts/25_esit_fp_adaylari.py
model_00705,Model-512,train_ZRI_3011_JPG.rf.17d4eef4ec23427de8b43cec1a2f4bf7.jpg,ZRI,0.5565,3557.6,2488.0,3632.7,2526.2,75.1,38.2,0.4209,,FP,0.52,1.8089,,,,hayir,,,reports/hafta7_fp_protokolu.md,test,157,tahminler_taban512_hafta7.csv,tahminler_model512.csv,0.3,0.52,1.8089,0.3,0.5,0.1,8,512,110,55,20260913,"Esikler, katsayilar ve ornek buyuklukleri KARARDIR; olcumden turetilmedi. Ayrinti protokol dosyasinda.",3.13.1,8.4.144,0.12.6,2.14.0,2026-09-13 10:08:36,scripts/25_esit_fp_adaylari.py
model_00706,Model-512,train_ZRI_3012_JPG.rf.1e9e9801c76d218506e789eb7e0eb27c.jpg,ZRI,0.7981,2852.7,1352.9,2936.6,1433.4,83.9,80.5,0.8243,0.8243,TP,0.52,1.8089,,,,hayir,,,reports/hafta7_fp_protokolu.md,test,157,tahminler_taban512_hafta7.csv,tahminler_model512.csv,0.3,0.52,1.8089,0.3,0.5,0.1,8,512,110,55,20260913,"Esikler, katsayilar ve ornek buyuklukleri KARARDIR; olcumden turetilmedi. Ayrinti protokol dosyasinda.",3.13.1,8.4.144,0.12.6,2.14.0,2026-09-13 10:08:36,scripts/25_esit_fp_adaylari.py
model_00707,Model-512,train_ZRI_3012_JPG.rf.1e9e9801c76d218506e789eb7e0eb27c.jpg,ZRI,0.787,2774.0,1947.8,2848.8,2028.9,74.8,81.1,0.735,0.735,TP,0.52,1.8089,,,,hayir,,,reports/hafta7_fp_protokolu.md,test,157,tahminler_taban512_hafta7.csv,tahminler_model512.csv,0.3,0.52,1.8089,0.3,0.5,0.1,8,512,110,55,20260913,"Esikler, katsayilar ve ornek buyuklukleri KARARDIR; olcumden turetilmedi. Ayrinti protokol dosyasinda.",3.13.1,8.4.144,0.12.6,2.14.0,2026-09-13 10:08:36,scripts/25_esit_fp_adaylari.py
model_00708,Model-512,train_ZRI_3012_JPG.rf.1e9e9801c76d218506e789eb7e0eb27c.jpg,ZRI,0.7829,3727.9,1366.6,3846.4,1440.4,118.5,73.8,0.5875,0.5875,TP,0.52,1.8089,,,,hayir,,,reports/hafta7_fp_protokolu.md,test,157,tahminler_taban512_hafta7.csv,tahminler_model512.csv,0.3,0.52,1.8089,0.3,0.5,0.1,8,512,110,55,20260913,"Esikler, katsayilar ve ornek buyuklukleri KARARDIR; olcumden turetilmedi. Ayrinti protokol dosyasinda.",3.13.1,8.4.144,0.12.6,2.14.0,2026-09-13 10:08:36,scripts/25_esit_fp_adaylari.py
model_00709,Model-512,train_ZRI_3012_JPG.rf.1e9e9801c76d218506e789eb7e0eb27c.jpg,ZRI,0.7183,2538.2,983.4,2594.8,1048.1,56.6,64.7,0.5584,0.5584,TP,0.52,1.8089,,,,hayir,,,reports/hafta7_fp_protokolu.md,test,157,tahminler_taban512_hafta7.csv,tahminler_model512.csv,0.3,0.52,1.8089,0.3,0.5,0.1,8,512,110,55,20260913,"Esikler, katsayilar ve ornek buyuklukleri KARARDIR; olcumden turetilmedi. Ayrinti protokol dosyasinda.",3.13.1,8.4.144,0.12.6,2.14.0,2026-09-13 10:08:36,scripts/25_esit_fp_adaylari.py
model_00710,Model-512,train_ZRI_3012_JPG.rf.1e9e9801c76d218506e789eb7e0eb27c.jpg,ZRI,0.6506,3730.2,1394.4,3792.0,1439.1,61.8,44.7,0.4838,,FP,0.52,1.8089,,a0048,a0041,evet,Model-512/ZRI,0.3504,reports/hafta7_fp_protokolu.md,test,157,tahminler_taban512_hafta7.csv,tahminler_model512.csv,0.3,0.52,1.8089,0.3,0.5,0.1,8,512,110,55,20260913,"Esikler, katsayilar ve ornek buyuklukleri KARARDIR; olcumden turetilmedi. Ayrinti protokol dosyasinda.",3.13.1,8.4.144,0.12.6,2.14.0,2026-09-13 10:08:36,scripts/25_esit_fp_adaylari.py
model_00711,Model-512,train_ZRI_3012_JPG.rf.1e9e9801c76d218506e789eb7e0eb27c.jpg,ZRI,0.6426,3488.8,2460.1,3541.6,2508.0,52.8,47.9,0.5574,0.5574,TP,0.52,1.8089,,,,hayir,,,reports/hafta7_fp_protokolu.md,test,157,tahminler_taban512_hafta7.csv,tahminler_model512.csv,0.3,0.52,1.8089,0.3,0.5,0.1,8,512,110,55,20260913,"Esikler, katsayilar ve ornek buyuklukleri KARARDIR; olcumden turetilmedi. Ayrinti protokol dosyasinda.",3.13.1,8.4.144,0.12.6,2.14.0,2026-09-13 10:08:36,scripts/25_esit_fp_adaylari.py
model_00712,Model-512,train_ZRI_3012_JPG.rf.1e9e9801c76d218506e789eb7e0eb27c.jpg,ZRI,0.6067,3553.4,2461.3,3657.0,2543.8,103.6,82.5,0.7568,0.7568,TP,0.52,1.8089,,,,hayir,,,reports/hafta7_fp_protokolu.md,test,157,tahminler_taban512_hafta7.csv,tahminler_model512.csv,0.3,0.52,1.8089,0.3,0.5,0.1,8,512,110,55,20260913,"Esikler, katsayilar ve ornek buyuklukleri KARARDIR; olcumden turetilmedi. Ayrinti protokol dosyasinda.",3.13.1,8.4.144,0.12.6,2.14.0,2026-09-13 10:08:36,scripts/25_esit_fp_adaylari.py
model_00713,Model-512,train_ZRI_3012_JPG.rf.1e9e9801c76d218506e789eb7e0eb27c.jpg,ZRI,0.5988,2529.5,1613.4,2622.7,1675.5,93.2,62.1,0.7098,0.7098,TP,0.52,1.8089,,,,hayir,,,reports/hafta7_fp_protokolu.md,test,157,tahminler_taban512_hafta7.csv,tahminler_model512.csv,0.3,0.52,1.8089,0.3,0.5,0.1,8,512,110,55,20260913,"Esikler, katsayilar ve ornek buyuklukleri KARARDIR; olcumden turetilmedi. Ayrinti protokol dosyasinda.",3.13.1,8.4.144,0.12.6,2.14.0,2026-09-13 10:08:36,scripts/25_esit_fp_adaylari.py
model_00714,Model-512,train_ZRI_3013_JPG.rf.90b359eea73da3195af444d6fcf35683.jpg,ZRI,0.8143,1880.4,717.5,1975.2,802.6,94.8,85.1,0.8198,0.8198,TP,0.52,1.8089,,,,hayir,,,reports/hafta7_fp_protokolu.md,test,157,tahminler_taban512_hafta7.csv,tahminler_model512.csv,0.3,0.52,1.8089,0.3,0.5,0.1,8,512,110,55,20260913,"Esikler, katsayilar ve ornek buyuklukleri KARARDIR; olcumden turetilmedi. Ayrinti protokol dosyasinda.",3.13.1,8.4.144,0.12.6,2.14.0,2026-09-13 10:08:36,scripts/25_esit_fp_adaylari.py
model_00715,Model-512,train_ZRI_3013_JPG.rf.90b359eea73da3195af444d6fcf35683.jpg,ZRI,0.8135,2089.8,1064.2,2157.0,1149.6,67.2,85.4,0.7245,0.7245,TP,0.52,1.8089,,,,hayir,,,reports/hafta7_fp_protokolu.md,test,157,tahminler_taban512_hafta7.csv,tahminler_model512.csv,0.3,0.52,1.8089,0.3,0.5,0.1,8,512,110,55,20260913,"Esikler, katsayilar ve ornek buyuklukleri KARARDIR; olcumden turetilmedi. Ayrinti protokol dosyasinda.",3.13.1,8.4.144,0.12.6,2.14.0,2026-09-13 10:08:36,scripts/25_esit_fp_adaylari.py
model_00716,Model-512,train_ZRI_3013_JPG.rf.90b359eea73da3195af444d6fcf35683.jpg,ZRI,0.8004,1489.6,968.3,1552.4,1036.2,62.8,67.9,0.7261,0.7261,TP,0.52,1.8089,,,,hayir,,,reports/hafta7_fp_protokolu.md,test,157,tahminler_taban512_hafta7.csv,tahminler_model512.csv,0.3,0.52,1.8089,0.3,0.5,0.1,8,512,110,55,20260913,"Esikler, katsayilar ve ornek buyuklukleri KARARDIR; olcumden turetilmedi. Ayrinti protokol dosyasinda.",3.13.1,8.4.144,0.12.6,2.14.0,2026-09-13 10:08:36,scripts/25_esit_fp_adaylari.py
model_00717,Model-512,train_ZRI_3013_JPG.rf.90b359eea73da3195af444d6fcf35683.jpg,ZRI,0.7917,2448.9,919.9,2522.1,988.8,73.2,68.9,0.8137,0.8137,TP,0.52,1.8089,,,,hayir,,,reports/hafta7_fp_protokolu.md,test,157,tahminler_taban512_hafta7.csv,tahminler_model512.csv,0.3,0.52,1.8089,0.3,0.5,0.1,8,512,110,55,20260913,"Esikler, katsayilar ve ornek buyuklukleri KARARDIR; olcumden turetilmedi. Ayrinti protokol dosyasinda.",3.13.1,8.4.144,0.12.6,2.14.0,2026-09-13 10:08:36,scripts/25_esit_fp_adaylari.py
model_00718,Model-512,train_ZRI_3013_JPG.rf.90b359eea73da3195af444d6fcf35683.jpg,ZRI,0.77,3779.2,516.9,3848.5,584.4,69.3,67.5,0.9012,0.9012,TP,0.52,1.8089,,,,hayir,,,reports/hafta7_fp_protokolu.md,test,157,tahminler_taban512_hafta7.csv,tahminler_model512.csv,0.3,0.52,1.8089,0.3,0.5,0.1,8,512,110,55,20260913,"Esikler, katsayilar ve ornek buyuklukleri KARARDIR; olcumden turetilmedi. Ayrinti protokol dosyasinda.",3.13.1,8.4.144,0.12.6,2.14.0,2026-09-13 10:08:36,scripts/25_esit_fp_adaylari.py
model_00719,Model-512,train_ZRI_3013_JPG.rf.90b359eea73da3195af444d6fcf35683.jpg,ZRI,0.6618,3654.6,613.4,3712.1,665.1,57.5,51.7,0.7943,0.7943,TP,0.52,1.8089,,,,hayir,,,reports/hafta7_fp_protokolu.md,test,157,tahminler_taban512_hafta7.csv,tahminler_model512.csv,0.3,0.52,1.8089,0.3,0.5,0.1,8,512,110,55,20260913,"Esikler, katsayilar ve ornek buyuklukleri KARARDIR; olcumden turetilmedi. Ayrinti protokol dosyasinda.",3.13.1,8.4.144,0.12.6,2.14.0,2026-09-13 10:08:36,scripts/25_esit_fp_adaylari.py
model_00720,Model-512,train_ZRI_3013_JPG.rf.90b359eea73da3195af444d6fcf35683.jpg,ZRI,0.6348,3017.1,374.9,3076.0,416.2,58.9,41.3,0.5205,0.5205,TP,0.52,1.8089,,,,hayir,,,reports/hafta7_fp_protokolu.md,test,157,tahminler_taban512_hafta7.csv,tahminler_model512.csv,0.3,0.52,1.8089,0.3,0.5,0.1,8,512,110,55,20260913,"Esikler, katsayilar ve ornek buyuklukleri KARARDIR; olcumden turetilmedi. Ayrinti protokol dosyasinda.",3.13.1,8.4.144,0.12.6,2.14.0,2026-09-13 10:08:36,scripts/25_esit_fp_adaylari.py
model_00721,Model-512,train_ZRI_3015_JPG.rf.b1e5f01a18e7e5febc08aebe16c4741c.jpg,ZRI,0.8532,2105.9,2658.2,2185.1,2755.9,79.2,97.7,0.9159,0.9159,TP,0.52,1.8089,,,,hayir,,,reports/hafta7_fp_protokolu.md,test,157,tahminler_taban512_hafta7.csv,tahminler_model512.csv,0.3,0.52,1.8089,0.3,0.5,0.1,8,512,110,55,20260913,"Esikler, katsayilar ve ornek buyuklukleri KARARDIR; olcumden turetilmedi. Ayrinti protokol dosyasinda.",3.13.1,8.4.144,0.12.6,2.14.0,2026-09-13 10:08:36,scripts/25_esit_fp_adaylari.py
model_00722,Model-512,train_ZRI_3015_JPG.rf.b1e5f01a18e7e5febc08aebe16c4741c.jpg,ZRI,0.823,3384.2,2877.3,3456.8,2968.3,72.6,91.0,0.6185,0.6185,TP,0.52,1.8089,,,,hayir,,,reports/hafta7_fp_protokolu.md,test,157,tahminler_taban512_hafta7.csv,tahminler_model512.csv,0.3,0.52,1.8089,0.3,0.5,0.1,8,512,110,55,20260913,"Esikler, katsayilar ve ornek buyuklukleri KARARDIR; olcumden turetilmedi. Ayrinti protokol dosyasinda.",3.13.1,8.4.144,0.12.6,2.14.0,2026-09-13 10:08:36,scripts/25_esit_fp_adaylari.py
model_00723,Model-512,train_ZRI_3015_JPG.rf.b1e5f01a18e7e5febc08aebe16c4741c.jpg,ZRI,0.8091,3456.1,1753.1,3548.8,1803.3,92.7,50.2,0.9273,0.9273,TP,0.52,1.8089,,,,hayir,,,reports/hafta7_fp_protokolu.md,test,157,tahminler_taban512_hafta7.csv,tahminler_model512.csv,0.3,0.52,1.8089,0.3,0.5,0.1,8,512,110,55,20260913,"Esikler, katsayilar ve ornek buyuklukleri KARARDIR; olcumden turetilmedi. Ayrinti protokol dosyasinda.",3.13.1,8.4.144,0.12.6,2.14.0,2026-09-13 10:08:36,scripts/25_esit_fp_adaylari.py
model_00724,Model-512,train_ZRI_3015_JPG.rf.b1e5f01a18e7e5febc08aebe16c4741c.jpg,ZRI,0.7772,1759.2,1449.0,1835.8,1527.2,76.6,78.2,0.4936,0.4936,TP,0.52,1.8089,,,,hayir,,,reports/hafta7_fp_protokolu.md,test,157,tahminler_taban512_hafta7.csv,tahminler_model512.csv,0.3,0.52,1.8089,0.3,0.5,0.1,8,512,110,55,20260913,"Esikler, katsayilar ve ornek buyuklukleri KARARDIR; olcumden turetilmedi. Ayrinti protokol dosyasinda.",3.13.1,8.4.144,0.12.6,2.14.0,2026-09-13 10:08:36,scripts/25_esit_fp_adaylari.py
model_00725,Model-512,train_ZRI_3015_JPG.rf.b1e5f01a18e7e5febc08aebe16c4741c.jpg,ZRI,0.755,3563.3,1277.1,3648.0,1342.5,84.7,65.4,0.8634,0.8634,TP,0.52,1.8089,,,,hayir,,,reports/hafta7_fp_protokolu.md,test,157,tahminler_taban512_hafta7.csv,tahminler_model512.csv,0.3,0.52,1.8089,0.3,0.5,0.1,8,512,110,55,20260913,"Esikler, katsayilar ve ornek buyuklukleri KARARDIR; olcumden turetilmedi. Ayrinti protokol dosyasinda.",3.13.1,8.4.144,0.12.6,2.14.0,2026-09-13 10:08:36,scripts/25_esit_fp_adaylari.py
model_00726,Model-512,train_ZRI_3015_JPG.rf.b1e5f01a18e7e5febc08aebe16c4741c.jpg,ZRI,0.705,3522.1,2133.9,3599.6,2209.2,77.5,75.3,0.3386,0.3386,TP,0.52,1.8089,,,,hayir,,,reports/hafta7_fp_protokolu.md,test,157,tahminler_taban512_hafta7.csv,tahminler_model512.csv,0.3,0.52,1.8089,0.3,0.5,0.1,8,512,110,55,20260913,"Esikler, katsayilar ve ornek buyuklukleri KARARDIR; olcumden turetilmedi. Ayrinti protokol dosyasinda.",3.13.1,8.4.144,0.12.6,2.14.0,2026-09-13 10:08:36,scripts/25_esit_fp_adaylari.py
model_00727,Model-512,train_ZRI_3015_JPG.rf.b1e5f01a18e7e5febc08aebe16c4741c.jpg,ZRI,0.7004,1640.0,2673.0,1682.7,2739.1,42.7,66.1,0.6117,0.6117,TP,0.52,1.8089,,,,hayir,,,reports/hafta7_fp_protokolu.md,test,157,tahminler_taban512_hafta7.csv,tahminler_model512.csv,0.3,0.52,1.8089,0.3,0.5,0.1,8,512,110,55,20260913,"Esikler, katsayilar ve ornek buyuklukleri KARARDIR; olcumden turetilmedi. Ayrinti protokol dosyasinda.",3.13.1,8.4.144,0.12.6,2.14.0,2026-09-13 10:08:36,scripts/25_esit_fp_adaylari.py
model_00728,Model-512,train_ZRI_3015_JPG.rf.b1e5f01a18e7e5febc08aebe16c4741c.jpg,ZRI,0.6634,3171.8,1896.2,3235.9,2036.1,64.1,139.9,0.7435,0.7435,TP,0.52,1.8089,,,,hayir,,,reports/hafta7_fp_protokolu.md,test,157,tahminler_taban512_hafta7.csv,tahminler_model512.csv,0.3,0.52,1.8089,0.3,0.5,0.1,8,512,110,55,20260913,"Esikler, katsayilar ve ornek buyuklukleri KARARDIR; olcumden turetilmedi. Ayrinti protokol dosyasinda.",3.13.1,8.4.144,0.12.6,2.14.0,2026-09-13 10:08:36,scripts/25_esit_fp_adaylari.py
model_00729,Model-512,train_ZRI_3015_JPG.rf.b1e5f01a18e7e5febc08aebe16c4741c.jpg,ZRI,0.6523,3925.3,2183.5,3999.9,2253.4,74.6,69.9,0.8654,0.8654,TP,0.52,1.8089,,,,hayir,,,reports/hafta7_fp_protokolu.md,test,157,tahminler_taban512_hafta7.csv,tahminler_model512.csv,0.3,0.52,1.8089,0.3,0.5,0.1,8,512,110,55,20260913,"Esikler, katsayilar ve ornek buyuklukleri KARARDIR; olcumden turetilmedi. Ayrinti protokol dosyasinda.",3.13.1,8.4.144,0.12.6,2.14.0,2026-09-13 10:08:36,scripts/25_esit_fp_adaylari.py
model_00730,Model-512,train_ZRI_3015_JPG.rf.b1e5f01a18e7e5febc08aebe16c4741c.jpg,ZRI,0.6443,2789.3,1997.0,2857.9,2051.1,68.6,54.1,0.8775,0.8775,TP,0.52,1.8089,,,,hayir,,,reports/hafta7_fp_protokolu.md,test,157,tahminler_taban512_hafta7.csv,tahminler_model512.csv,0.3,0.52,1.8089,0.3,0.5,0.1,8,512,110,55,20260913,"Esikler, katsayilar ve ornek buyuklukleri KARARDIR; olcumden turetilmedi. Ayrinti protokol dosyasinda.",3.13.1,8.4.144,0.12.6,2.14.0,2026-09-13 10:08:36,scripts/25_esit_fp_adaylari.py
model_00731,Model-512,train_ZRI_3016_JPG.rf.e55d832df94150161e141df12c0b1999.jpg,ZRI,0.8113,2784.9,155.6,2894.9,218.1,110.0,62.5,0.8761,0.8761,TP,0.52,1.8089,,,,hayir,,,reports/hafta7_fp_protokolu.md,test,157,tahminler_taban512_hafta7.csv,tahminler_model512.csv,0.3,0.52,1.8089,0.3,0.5,0.1,8,512,110,55,20260913,"Esikler, katsayilar ve ornek buyuklukleri KARARDIR; olcumden turetilmedi. Ayrinti protokol dosyasinda.",3.13.1,8.4.144,0.12.6,2.14.0,2026-09-13 10:08:36,scripts/25_esit_fp_adaylari.py
model_00732,Model-512,train_ZRI_3016_JPG.rf.e55d832df94150161e141df12c0b1999.jpg,ZRI,0.7857,1972.1,497.6,2032.1,587.2,60.0,89.6,0.6426,0.6426,TP,0.52,1.8089,,,,hayir,,,reports/hafta7_fp_protokolu.md,test,157,tahminler_taban512_hafta7.csv,tahminler_model512.csv,0.3,0.52,1.8089,0.3,0.5,0.1,8,512,110,55,20260913,"Esikler, katsayilar ve ornek buyuklukleri KARARDIR; olcumden turetilmedi. Ayrinti protokol dosyasinda.",3.13.1,8.4.144,0.12.6,2.14.0,2026-09-13 10:08:36,scripts/25_esit_fp_adaylari.py
model_00733,Model-512,train_ZRI_3016_JPG.rf.e55d832df94150161e141df12c0b1999.jpg,ZRI,0.7311,1596.6,164.5,1654.1,209.1,57.5,44.6,0.225,,FP,0.52,1.8089,,,,hayir,,,reports/hafta7_fp_protokolu.md,test,157,tahminler_taban512_hafta7.csv,tahminler_model512.csv,0.3,0.52,1.8089,0.3,0.5,0.1,8,512,110,55,20260913,"Esikler, katsayilar ve ornek buyuklukleri KARARDIR; olcumden turetilmedi. Ayrinti protokol dosyasinda.",3.13.1,8.4.144,0.12.6,2.14.0,2026-09-13 10:08:36,scripts/25_esit_fp_adaylari.py
model_00734,Model-512,train_ZRI_3016_JPG.rf.e55d832df94150161e141df12c0b1999.jpg,ZRI,0.7257,2697.6,598.3,2760.3,667.7,62.7,69.4,0.5091,0.5091,TP,0.52,1.8089,,,,hayir,,,reports/hafta7_fp_protokolu.md,test,157,tahminler_taban512_hafta7.csv,tahminler_model512.csv,0.3,0.52,1.8089,0.3,0.5,0.1,8,512,110,55,20260913,"Esikler, katsayilar ve ornek buyuklukleri KARARDIR; olcumden turetilmedi. Ayrinti protokol dosyasinda.",3.13.1,8.4.144,0.12.6,2.14.0,2026-09-13 10:08:36,scripts/25_esit_fp_adaylari.py
model_00735,Model-512,train_ZRI_3016_JPG.rf.e55d832df94150161e141df12c0b1999.jpg,ZRI,0.7016,1630.5,445.1,1674.4,501.3,43.9,56.2,0.7015,0.7015,TP,0.52,1.8089,,,,hayir,,,reports/hafta7_fp_protokolu.md,test,157,tahminler_taban512_hafta7.csv,tahminler_model512.csv,0.3,0.52,1.8089,0.3,0.5,0.1,8,512,110,55,20260913,"Esikler, katsayilar ve ornek buyuklukleri KARARDIR; olcumden turetilmedi. Ayrinti protokol dosyasinda.",3.13.1,8.4.144,0.12.6,2.14.0,2026-09-13 10:08:36,scripts/25_esit_fp_adaylari.py
model_00736,Model-512,train_ZRI_3016_JPG.rf.e55d832df94150161e141df12c0b1999.jpg,ZRI,0.6982,2870.0,157.2,2897.8,220.7,27.8,63.5,0.2113,,FP,0.52,1.8089,,,,hayir,,,reports/hafta7_fp_protokolu.md,test,157,tahminler_taban512_hafta7.csv,tahminler_model512.csv,0.3,0.52,1.8089,0.3,0.5,0.1,8,512,110,55,20260913,"Esikler, katsayilar ve ornek buyuklukleri KARARDIR; olcumden turetilmedi. Ayrinti protokol dosyasinda.",3.13.1,8.4.144,0.12.6,2.14.0,2026-09-13 10:08:36,scripts/25_esit_fp_adaylari.py
model_00737,Model-512,train_ZRI_3016_JPG.rf.e55d832df94150161e141df12c0b1999.jpg,ZRI,0.6775,3198.0,282.2,3257.3,367.0,59.3,84.8,0.6849,0.6849,TP,0.52,1.8089,,,,hayir,,,reports/hafta7_fp_protokolu.md,test,157,tahminler_taban512_hafta7.csv,tahminler_model512.csv,0.3,0.52,1.8089,0.3,0.5,0.1,8,512,110,55,20260913,"Esikler, katsayilar ve ornek buyuklukleri KARARDIR; olcumden turetilmedi. Ayrinti protokol dosyasinda.",3.13.1,8.4.144,0.12.6,2.14.0,2026-09-13 10:08:36,scripts/25_esit_fp_adaylari.py
model_00738,Model-512,train_ZRI_3016_JPG.rf.e55d832df94150161e141df12c0b1999.jpg,ZRI,0.5446,1675.0,404.9,1728.3,487.4,53.3,82.5,0.8748,0.8748,TP,0.52,1.8089,,,,hayir,,,reports/hafta7_fp_protokolu.md,test,157,tahminler_taban512_hafta7.csv,tahminler_model512.csv,0.3,0.52,1.8089,0.3,0.5,0.1,8,512,110,55,20260913,"Esikler, katsayilar ve ornek buyuklukleri KARARDIR; olcumden turetilmedi. Ayrinti protokol dosyasinda.",3.13.1,8.4.144,0.12.6,2.14.0,2026-09-13 10:08:36,scripts/25_esit_fp_adaylari.py
model_00739,Model-512,train_ZRI_3016_JPG.rf.e55d832df94150161e141df12c0b1999.jpg,ZRI,0.5382,3795.5,89.1,3869.7,194.4,74.2,105.3,0.784,0.784,TP,0.52,1.8089,,,,hayir,,,reports/hafta7_fp_protokolu.md,test,157,tahminler_taban512_hafta7.csv,tahminler_model512.csv,0.3,0.52,1.8089,0.3,0.5,0.1,8,512,110,55,20260913,"Esikler, katsayilar ve ornek buyuklukleri KARARDIR; olcumden turetilmedi. Ayrinti protokol dosyasinda.",3.13.1,8.4.144,0.12.6,2.14.0,2026-09-13 10:08:36,scripts/25_esit_fp_adaylari.py
model_00740,Model-512,train_ZRI_3017_JPG.rf.5007898a1182a140b1486a2353f22912.jpg,ZRI,0.6335,508.1,1020.7,599.8,1090.6,91.7,69.9,0.8076,0.8076,TP,0.52,1.8089,,,,hayir,,,reports/hafta7_fp_protokolu.md,test,157,tahminler_taban512_hafta7.csv,tahminler_model512.csv,0.3,0.52,1.8089,0.3,0.5,0.1,8,512,110,55,20260913,"Esikler, katsayilar ve ornek buyuklukleri KARARDIR; olcumden turetilmedi. Ayrinti protokol dosyasinda.",3.13.1,8.4.144,0.12.6,2.14.0,2026-09-13 10:08:36,scripts/25_esit_fp_adaylari.py
model_00741,Model-512,train_ZRI_3018_JPG.rf.7d3c3d9dd3130ea8882712a0ef220c3f.jpg,ZRI,0.8042,517.8,1098.8,609.1,1175.3,91.3,76.5,0.8577,0.8577,TP,0.52,1.8089,,,,hayir,,,reports/hafta7_fp_protokolu.md,test,157,tahminler_taban512_hafta7.csv,tahminler_model512.csv,0.3,0.52,1.8089,0.3,0.5,0.1,8,512,110,55,20260913,"Esikler, katsayilar ve ornek buyuklukleri KARARDIR; olcumden turetilmedi. Ayrinti protokol dosyasinda.",3.13.1,8.4.144,0.12.6,2.14.0,2026-09-13 10:08:36,scripts/25_esit_fp_adaylari.py
model_00742,Model-512,train_ZRI_3018_JPG.rf.7d3c3d9dd3130ea8882712a0ef220c3f.jpg,ZRI,0.8029,456.1,1127.1,512.0,1182.7,55.9,55.6,0.6415,0.6415,TP,0.52,1.8089,,,,hayir,,,reports/hafta7_fp_protokolu.md,test,157,tahminler_taban512_hafta7.csv,tahminler_model512.csv,0.3,0.52,1.8089,0.3,0.5,0.1,8,512,110,55,20260913,"Esikler, katsayilar ve ornek buyuklukleri KARARDIR; olcumden turetilmedi. Ayrinti protokol dosyasinda.",3.13.1,8.4.144,0.12.6,2.14.0,2026-09-13 10:08:36,scripts/25_esit_fp_adaylari.py
model_00743,Model-512,train_ZRI_3018_JPG.rf.7d3c3d9dd3130ea8882712a0ef220c3f.jpg,ZRI,0.5729,3186.3,2532.0,3301.0,2689.7,114.7,157.7,0.0,,FP,0.52,1.8089,,a0241,a0080,evet,Model-512/ZRI,0.3504,reports/hafta7_fp_protokolu.md,test,157,tahminler_taban512_hafta7.csv,tahminler_model512.csv,0.3,0.52,1.8089,0.3,0.5,0.1,8,512,110,55,20260913,"Esikler, katsayilar ve ornek buyuklukleri KARARDIR; olcumden turetilmedi. Ayrinti protokol dosyasinda.",3.13.1,8.4.144,0.12.6,2.14.0,2026-09-13 10:08:36,scripts/25_esit_fp_adaylari.py
model_00744,Model-512,train_ZRI_3018_JPG.rf.7d3c3d9dd3130ea8882712a0ef220c3f.jpg,ZRI,0.5458,343.2,560.7,447.4,652.4,104.2,91.7,0.6494,0.6494,TP,0.52,1.8089,,,,hayir,,,reports/hafta7_fp_protokolu.md,test,157,tahminler_taban512_hafta7.csv,tahminler_model512.csv,0.3,0.52,1.8089,0.3,0.5,0.1,8,512,110,55,20260913,"Esikler, katsayilar ve ornek buyuklukleri KARARDIR; olcumden turetilmedi. Ayrinti protokol dosyasinda.",3.13.1,8.4.144,0.12.6,2.14.0,2026-09-13 10:08:36,scripts/25_esit_fp_adaylari.py
model_00745,Model-512,train_ZRI_3019_JPG.rf.0717ec5bd3af4d0e32b2c1de5e2575cf.jpg,ZRI,0.8305,2943.4,1930.7,3037.9,2024.7,94.5,94.0,0.8865,0.8865,TP,0.52,1.8089,,,,hayir,,,reports/hafta7_fp_protokolu.md,test,157,tahminler_taban512_hafta7.csv,tahminler_model512.csv,0.3,0.52,1.8089,0.3,0.5,0.1,8,512,110,55,20260913,"Esikler, katsayilar ve ornek buyuklukleri KARARDIR; olcumden turetilmedi. Ayrinti protokol dosyasinda.",3.13.1,8.4.144,0.12.6,2.14.0,2026-09-13 10:08:36,scripts/25_esit_fp_adaylari.py
model_00746,Model-512,train_ZRI_3019_JPG.rf.0717ec5bd3af4d0e32b2c1de5e2575cf.jpg,ZRI,0.8151,1223.3,1013.2,1282.9,1101.7,59.6,88.5,0.7975,0.7975,TP,0.52,1.8089,,,,hayir,,,reports/hafta7_fp_protokolu.md,test,157,tahminler_taban512_hafta7.csv,tahminler_model512.csv,0.3,0.52,1.8089,0.3,0.5,0.1,8,512,110,55,20260913,"Esikler, katsayilar ve ornek buyuklukleri KARARDIR; olcumden turetilmedi. Ayrinti protokol dosyasinda.",3.13.1,8.4.144,0.12.6,2.14.0,2026-09-13 10:08:36,scripts/25_esit_fp_adaylari.py
model_00747,Model-512,train_ZRI_3019_JPG.rf.0717ec5bd3af4d0e32b2c1de5e2575cf.jpg,ZRI,0.8151,1977.2,1196.1,2048.0,1264.7,70.8,68.6,0.8819,0.8819,TP,0.52,1.8089,,,,hayir,,,reports/hafta7_fp_protokolu.md,test,157,tahminler_taban512_hafta7.csv,tahminler_model512.csv,0.3,0.52,1.8089,0.3,0.5,0.1,8,512,110,55,20260913,"Esikler, katsayilar ve ornek buyuklukleri KARARDIR; olcumden turetilmedi. Ayrinti protokol dosyasinda.",3.13.1,8.4.144,0.12.6,2.14.0,2026-09-13 10:08:36,scripts/25_esit_fp_adaylari.py
model_00748,Model-512,train_ZRI_3019_JPG.rf.0717ec5bd3af4d0e32b2c1de5e2575cf.jpg,ZRI,0.8138,3099.5,59.0,3193.5,131.0,94.0,72.0,0.95,0.95,TP,0.52,1.8089,,,,hayir,,,reports/hafta7_fp_protokolu.md,test,157,tahminler_taban512_hafta7.csv,tahminler_model512.csv,0.3,0.52,1.8089,0.3,0.5,0.1,8,512,110,55,20260913,"Esikler, katsayilar ve ornek buyuklukleri KARARDIR; olcumden turetilmedi. Ayrinti protokol dosyasinda.",3.13.1,8.4.144,0.12.6,2.14.0,2026-09-13 10:08:36,scripts/25_esit_fp_adaylari.py
model_00749,Model-512,train_ZRI_3019_JPG.rf.0717ec5bd3af4d0e32b2c1de5e2575cf.jpg,ZRI,0.7979,2142.8,1840.0,2194.3,1892.8,51.5,52.8,0.9198,0.9198,TP,0.52,1.8089,,,,hayir,,,reports/hafta7_fp_protokolu.md,test,157,tahminler_taban512_hafta7.csv,tahminler_model512.csv,0.3,0.52,1.8089,0.3,0.5,0.1,8,512,110,55,20260913,"Esikler, katsayilar ve ornek buyuklukleri KARARDIR; olcumden turetilmedi. Ayrinti protokol dosyasinda.",3.13.1,8.4.144,0.12.6,2.14.0,2026-09-13 10:08:36,scripts/25_esit_fp_adaylari.py
model_00750,Model-512,train_ZRI_3019_JPG.rf.0717ec5bd3af4d0e32b2c1de5e2575cf.jpg,ZRI,0.7713,3334.4,1832.8,3412.7,1899.5,78.3,66.7,0.9493,0.9493,TP,0.52,1.8089,,,,hayir,,,reports/hafta7_fp_protokolu.md,test,157,tahminler_taban512_hafta7.csv,tahminler_model512.csv,0.3,0.52,1.8089,0.3,0.5,0.1,8,512,110,55,20260913,"Esikler, katsayilar ve ornek buyuklukleri KARARDIR; olcumden turetilmedi. Ayrinti protokol dosyasinda.",3.13.1,8.4.144,0.12.6,2.14.0,2026-09-13 10:08:36,scripts/25_esit_fp_adaylari.py
model_00751,Model-512,train_ZRI_3019_JPG.rf.0717ec5bd3af4d0e32b2c1de5e2575cf.jpg,ZRI,0.7416,2845.8,779.4,2906.9,838.6,61.1,59.2,0.8938,0.8938,TP,0.52,1.8089,,,,hayir,,,reports/hafta7_fp_protokolu.md,test,157,tahminler_taban512_hafta7.csv,tahminler_model512.csv,0.3,0.52,1.8089,0.3,0.5,0.1,8,512,110,55,20260913,"Esikler, katsayilar ve ornek buyuklukleri KARARDIR; olcumden turetilmedi. Ayrinti protokol dosyasinda.",3.13.1,8.4.144,0.12.6,2.14.0,2026-09-13 10:08:36,scripts/25_esit_fp_adaylari.py
model_00752,Model-512,train_ZRI_3019_JPG.rf.0717ec5bd3af4d0e32b2c1de5e2575cf.jpg,ZRI,0.7391,1949.8,409.5,1999.2,490.2,49.4,80.7,0.7365,0.7365,TP,0.52,1.8089,,,,hayir,,,reports/hafta7_fp_protokolu.md,test,157,tahminler_taban512_hafta7.csv,tahminler_model512.csv,0.3,0.52,1.8089,0.3,0.5,0.1,8,512,110,55,20260913,"Esikler, katsayilar ve ornek buyuklukleri KARARDIR; olcumden turetilmedi. Ayrinti protokol dosyasinda.",3.13.1,8.4.144,0.12.6,2.14.0,2026-09-13 10:08:36,scripts/25_esit_fp_adaylari.py
model_00753,Model-512,train_ZRI_3019_JPG.rf.0717ec5bd3af4d0e32b2c1de5e2575cf.jpg,ZRI,0.6701,2736.0,723.3,2827.3,783.9,91.3,60.6,0.6201,0.6201,TP,0.52,1.8089,,,,hayir,,,reports/hafta7_fp_protokolu.md,test,157,tahminler_taban512_hafta7.csv,tahminler_model512.csv,0.3,0.52,1.8089,0.3,0.5,0.1,8,512,110,55,20260913,"Esikler, katsayilar ve ornek buyuklukleri KARARDIR; olcumden turetilmedi. Ayrinti protokol dosyasinda.",3.13.1,8.4.144,0.12.6,2.14.0,2026-09-13 10:08:36,scripts/25_esit_fp_adaylari.py
model_00754,Model-512,train_ZRI_3019_JPG.rf.0717ec5bd3af4d0e32b2c1de5e2575cf.jpg,ZRI,0.669,3113.9,2399.6,3181.6,2465.7,67.7,66.1,0.581,0.581,TP,0.52,1.8089,,,,hayir,,,reports/hafta7_fp_protokolu.md,test,157,tahminler_taban512_hafta7.csv,tahminler_model512.csv,0.3,0.52,1.8089,0.3,0.5,0.1,8,512,110,55,20260913,"Esikler, katsayilar ve ornek buyuklukleri KARARDIR; olcumden turetilmedi. Ayrinti protokol dosyasinda.",3.13.1,8.4.144,0.12.6,2.14.0,2026-09-13 10:08:36,scripts/25_esit_fp_adaylari.py
model_00755,Model-512,train_ZRI_3019_JPG.rf.0717ec5bd3af4d0e32b2c1de5e2575cf.jpg,ZRI,0.65,2054.3,825.5,2104.6,881.7,50.3,56.2,0.2663,,FP,0.52,1.8089,,a0187,a0014,evet,Model-512/ZRI,0.3504,reports/hafta7_fp_protokolu.md,test,157,tahminler_taban512_hafta7.csv,tahminler_model512.csv,0.3,0.52,1.8089,0.3,0.5,0.1,8,512,110,55,20260913,"Esikler, katsayilar ve ornek buyuklukleri KARARDIR; olcumden turetilmedi. Ayrinti protokol dosyasinda.",3.13.1,8.4.144,0.12.6,2.14.0,2026-09-13 10:08:36,scripts/25_esit_fp_adaylari.py
model_00756,Model-512,train_ZRI_3019_JPG.rf.0717ec5bd3af4d0e32b2c1de5e2575cf.jpg,ZRI,0.6268,3257.5,1457.1,3331.2,1517.7,73.7,60.6,0.8806,0.8806,TP,0.52,1.8089,,,,hayir,,,reports/hafta7_fp_protokolu.md,test,157,tahminler_taban512_hafta7.csv,tahminler_model512.csv,0.3,0.52,1.8089,0.3,0.5,0.1,8,512,110,55,20260913,"Esikler, katsayilar ve ornek buyuklukleri KARARDIR; olcumden turetilmedi. Ayrinti protokol dosyasinda.",3.13.1,8.4.144,0.12.6,2.14.0,2026-09-13 10:08:36,scripts/25_esit_fp_adaylari.py
model_00757,Model-512,train_ZRI_3019_JPG.rf.0717ec5bd3af4d0e32b2c1de5e2575cf.jpg,ZRI,0.6216,1976.8,1230.0,2037.9,1265.6,61.1,35.6,0.3827,,FP,0.52,1.8089,,,,hayir,,,reports/hafta7_fp_protokolu.md,test,157,tahminler_taban512_hafta7.csv,tahminler_model512.csv,0.3,0.52,1.8089,0.3,0.5,0.1,8,512,110,55,20260913,"Esikler, katsayilar ve ornek buyuklukleri KARARDIR; olcumden turetilmedi. Ayrinti protokol dosyasinda.",3.13.1,8.4.144,0.12.6,2.14.0,2026-09-13 10:08:36,scripts/25_esit_fp_adaylari.py
model_00758,Model-512,train_ZRI_3019_JPG.rf.0717ec5bd3af4d0e32b2c1de5e2575cf.jpg,ZRI,0.6022,1687.0,957.6,1752.4,1043.7,65.4,86.1,0.8224,0.8224,TP,0.52,1.8089,,,,hayir,,,reports/hafta7_fp_protokolu.md,test,157,tahminler_taban512_hafta7.csv,tahminler_model512.csv,0.3,0.52,1.8089,0.3,0.5,0.1,8,512,110,55,20260913,"Esikler, katsayilar ve ornek buyuklukleri KARARDIR; olcumden turetilmedi. Ayrinti protokol dosyasinda.",3.13.1,8.4.144,0.12.6,2.14.0,2026-09-13 10:08:36,scripts/25_esit_fp_adaylari.py
model_00759,Model-512,train_ZRI_3019_JPG.rf.0717ec5bd3af4d0e32b2c1de5e2575cf.jpg,ZRI,0.5805,1329.1,295.2,1397.3,431.7,68.2,136.5,0.8379,0.8379,TP,0.52,1.8089,,,,hayir,,,reports/hafta7_fp_protokolu.md,test,157,tahminler_taban512_hafta7.csv,tahminler_model512.csv,0.3,0.52,1.8089,0.3,0.5,0.1,8,512,110,55,20260913,"Esikler, katsayilar ve ornek buyuklukleri KARARDIR; olcumden turetilmedi. Ayrinti protokol dosyasinda.",3.13.1,8.4.144,0.12.6,2.14.0,2026-09-13 10:08:36,scripts/25_esit_fp_adaylari.py
model_00760,Model-512,train_ZRI_3019_JPG.rf.0717ec5bd3af4d0e32b2c1de5e2575cf.jpg,ZRI,0.5466,37.3,295.7,90.7,333.6,53.4,37.9,0.0,,FP,0.52,1.8089,,a0091,a0237,evet,Model-512/ZRI,0.3504,reports/hafta7_fp_protokolu.md,test,157,tahminler_taban512_hafta7.csv,tahminler_model512.csv,0.3,0.52,1.8089,0.3,0.5,0.1,8,512,110,55,20260913,"Esikler, katsayilar ve ornek buyuklukleri KARARDIR; olcumden turetilmedi. Ayrinti protokol dosyasinda.",3.13.1,8.4.144,0.12.6,2.14.0,2026-09-13 10:08:36,scripts/25_esit_fp_adaylari.py
model_00761,Model-512,train_ZRI_3020_JPG.rf.755a92000e873bc5de222da850f53ffe.jpg,ZRI,0.8288,2957.3,2103.2,3057.9,2204.5,100.6,101.3,0.9392,0.9392,TP,0.52,1.8089,,,,hayir,,,reports/hafta7_fp_protokolu.md,test,157,tahminler_taban512_hafta7.csv,tahminler_model512.csv,0.3,0.52,1.8089,0.3,0.5,0.1,8,512,110,55,20260913,"Esikler, katsayilar ve ornek buyuklukleri KARARDIR; olcumden turetilmedi. Ayrinti protokol dosyasinda.",3.13.1,8.4.144,0.12.6,2.14.0,2026-09-13 10:08:36,scripts/25_esit_fp_adaylari.py
model_00762,Model-512,train_ZRI_3020_JPG.rf.755a92000e873bc5de222da850f53ffe.jpg,ZRI,0.8163,1967.6,1330.7,2044.2,1403.6,76.6,72.9,0.899,0.899,TP,0.52,1.8089,,,,hayir,,,reports/hafta7_fp_protokolu.md,test,157,tahminler_taban512_hafta7.csv,tahminler_model512.csv,0.3,0.52,1.8089,0.3,0.5,0.1,8,512,110,55,20260913,"Esikler, katsayilar ve ornek buyuklukleri KARARDIR; olcumden turetilmedi. Ayrinti protokol dosyasinda.",3.13.1,8.4.144,0.12.6,2.14.0,2026-09-13 10:08:36,scripts/25_esit_fp_adaylari.py
model_00763,Model-512,train_ZRI_3020_JPG.rf.755a92000e873bc5de222da850f53ffe.jpg,ZRI,0.7984,1194.4,1144.2,1259.6,1205.2,65.2,61.0,0.8516,0.8516,TP,0.52,1.8089,,,,hayir,,,reports/hafta7_fp_protokolu.md,test,157,tahminler_taban512_hafta7.csv,tahminler_model512.csv,0.3,0.52,1.8089,0.3,0.5,0.1,8,512,110,55,20260913,"Esikler, katsayilar ve ornek buyuklukleri KARARDIR; olcumden turetilmedi. Ayrinti protokol dosyasinda.",3.13.1,8.4.144,0.12.6,2.14.0,2026-09-13 10:08:36,scripts/25_esit_fp_adaylari.py
model_00764,Model-512,train_ZRI_3020_JPG.rf.755a92000e873bc5de222da850f53ffe.jpg,ZRI,0.7871,3365.0,2007.5,3446.4,2078.8,81.4,71.3,0.9063,0.9063,TP,0.52,1.8089,,,,hayir,,,reports/hafta7_fp_protokolu.md,test,157,tahminler_taban512_hafta7.csv,tahminler_model512.csv,0.3,0.52,1.8089,0.3,0.5,0.1,8,512,110,55,20260913,"Esikler, katsayilar ve ornek buyuklukleri KARARDIR; olcumden turetilmedi. Ayrinti protokol dosyasinda.",3.13.1,8.4.144,0.12.6,2.14.0,2026-09-13 10:08:36,scripts/25_esit_fp_adaylari.py
model_00765,Model-512,train_ZRI_3020_JPG.rf.755a92000e873bc5de222da850f53ffe.jpg,ZRI,0.778,2875.2,718.9,2956.3,793.5,81.1,74.6,0.6135,0.6135,TP,0.52,1.8089,,,,hayir,,,reports/hafta7_fp_protokolu.md,test,157,tahminler_taban512_hafta7.csv,tahminler_model512.csv,0.3,0.52,1.8089,0.3,0.5,0.1,8,512,110,55,20260913,"Esikler, katsayilar ve ornek buyuklukleri KARARDIR; olcumden turetilmedi. Ayrinti protokol dosyasinda.",3.13.1,8.4.144,0.12.6,2.14.0,2026-09-13 10:08:36,scripts/25_esit_fp_adaylari.py
model_00766,Model-512,train_ZRI_3020_JPG.rf.755a92000e873bc5de222da850f53ffe.jpg,ZRI,0.7404,2055.6,960.4,2105.5,1007.6,49.9,47.2,0.2014,,FP,0.52,1.8089,,a0388,a0112,evet,Model-512/ZRI,0.3504,reports/hafta7_fp_protokolu.md,test,157,tahminler_taban512_hafta7.csv,tahminler_model512.csv,0.3,0.52,1.8089,0.3,0.5,0.1,8,512,110,55,20260913,"Esikler, katsayilar ve ornek buyuklukleri KARARDIR; olcumden turetilmedi. Ayrinti protokol dosyasinda.",3.13.1,8.4.144,0.12.6,2.14.0,2026-09-13 10:08:36,scripts/25_esit_fp_adaylari.py
model_00767,Model-512,train_ZRI_3020_JPG.rf.755a92000e873bc5de222da850f53ffe.jpg,ZRI,0.7319,3136.6,183.6,3232.7,253.3,96.1,69.7,0.9276,0.9276,TP,0.52,1.8089,,,,hayir,,,reports/hafta7_fp_protokolu.md,test,157,tahminler_taban512_hafta7.csv,tahminler_model512.csv,0.3,0.52,1.8089,0.3,0.5,0.1,8,512,110,55,20260913,"Esikler, katsayilar ve ornek buyuklukleri KARARDIR; olcumden turetilmedi. Ayrinti protokol dosyasinda.",3.13.1,8.4.144,0.12.6,2.14.0,2026-09-13 10:08:36,scripts/25_esit_fp_adaylari.py
model_00768,Model-512,train_ZRI_3020_JPG.rf.755a92000e873bc5de222da850f53ffe.jpg,ZRI,0.7197,3287.8,1640.0,3361.6,1678.1,73.8,38.1,0.5577,0.5577,TP,0.52,1.8089,,,,hayir,,,reports/hafta7_fp_protokolu.md,test,157,tahminler_taban512_hafta7.csv,tahminler_model512.csv,0.3,0.52,1.8089,0.3,0.5,0.1,8,512,110,55,20260913,"Esikler, katsayilar ve ornek buyuklukleri KARARDIR; olcumden turetilmedi. Ayrinti protokol dosyasinda.",3.13.1,8.4.144,0.12.6,2.14.0,2026-09-13 10:08:36,scripts/25_esit_fp_adaylari.py
model_00769,Model-512,train_ZRI_3020_JPG.rf.755a92000e873bc5de222da850f53ffe.jpg,ZRI,0.69,1652.3,1077.7,1735.6,1165.0,83.3,87.3,0.7509,0.7509,TP,0.52,1.8089,,,,hayir,,,reports/hafta7_fp_protokolu.md,test,157,tahminler_taban512_hafta7.csv,tahminler_model512.csv,0.3,0.52,1.8089,0.3,0.5,0.1,8,512,110,55,20260913,"Esikler, katsayilar ve ornek buyuklukleri KARARDIR; olcumden turetilmedi. Ayrinti protokol dosyasinda.",3.13.1,8.4.144,0.12.6,2.14.0,2026-09-13 10:08:36,scripts/25_esit_fp_adaylari.py
model_00770,Model-512,train_ZRI_3020_JPG.rf.755a92000e873bc5de222da850f53ffe.jpg,ZRI,0.6868,1230.0,1141.7,1259.7,1196.1,29.7,54.4,0.2878,,FP,0.52,1.8089,,,,hayir,,,reports/hafta7_fp_protokolu.md,test,157,tahminler_taban512_hafta7.csv,tahminler_model512.csv,0.3,0.52,1.8089,0.3,0.5,0.1,8,512,110,55,20260913,"Esikler, katsayilar ve ornek buyuklukleri KARARDIR; olcumden turetilmedi. Ayrinti protokol dosyasinda.",3.13.1,8.4.144,0.12.6,2.14.0,2026-09-13 10:08:36,scripts/25_esit_fp_adaylari.py
model_00771,Model-512,train_ZRI_3020_JPG.rf.755a92000e873bc5de222da850f53ffe.jpg,ZRI,0.6586,1313.3,410.7,1390.5,535.1,77.2,124.4,0.7839,0.7839,TP,0.52,1.8089,,,,hayir,,,reports/hafta7_fp_protokolu.md,test,157,tahminler_taban512_hafta7.csv,tahminler_model512.csv,0.3,0.52,1.8089,0.3,0.5,0.1,8,512,110,55,20260913,"Esikler, katsayilar ve ornek buyuklukleri KARARDIR; olcumden turetilmedi. Ayrinti protokol dosyasinda.",3.13.1,8.4.144,0.12.6,2.14.0,2026-09-13 10:08:36,scripts/25_esit_fp_adaylari.py
model_00772,Model-512,train_ZRI_3020_JPG.rf.755a92000e873bc5de222da850f53ffe.jpg,ZRI,0.6351,3133.2,2593.8,3201.5,2664.0,68.3,70.2,0.5425,0.5425,TP,0.52,1.8089,,,,hayir,,,reports/hafta7_fp_protokolu.md,test,157,tahminler_taban512_hafta7.csv,tahminler_model512.csv,0.3,0.52,1.8089,0.3,0.5,0.1,8,512,110,55,20260913,"Esikler, katsayilar ve ornek buyuklukleri KARARDIR; olcumden turetilmedi. Ayrinti protokol dosyasinda.",3.13.1,8.4.144,0.12.6,2.14.0,2026-09-13 10:08:36,scripts/25_esit_fp_adaylari.py
model_00773,Model-512,train_ZRI_3020_JPG.rf.755a92000e873bc5de222da850f53ffe.jpg,ZRI,0.6349,1967.1,520.2,2002.2,605.1,35.1,84.9,0.5447,0.5447,TP,0.52,1.8089,,,,hayir,,,reports/hafta7_fp_protokolu.md,test,157,tahminler_taban512_hafta7.csv,tahminler_model512.csv,0.3,0.52,1.8089,0.3,0.5,0.1,8,512,110,55,20260913,"Esikler, katsayilar ve ornek buyuklukleri KARARDIR; olcumden turetilmedi. Ayrinti protokol dosyasinda.",3.13.1,8.4.144,0.12.6,2.14.0,2026-09-13 10:08:36,scripts/25_esit_fp_adaylari.py
model_00774,Model-512,train_ZRI_3020_JPG.rf.755a92000e873bc5de222da850f53ffe.jpg,ZRI,0.6111,2960.8,2104.0,3060.6,2152.0,99.8,48.0,0.4576,,FP,0.52,1.8089,,,,hayir,,,reports/hafta7_fp_protokolu.md,test,157,tahminler_taban512_hafta7.csv,tahminler_model512.csv,0.3,0.52,1.8089,0.3,0.5,0.1,8,512,110,55,20260913,"Esikler, katsayilar ve ornek buyuklukleri KARARDIR; olcumden turetilmedi. Ayrinti protokol dosyasinda.",3.13.1,8.4.144,0.12.6,2.14.0,2026-09-13 10:08:36,scripts/25_esit_fp_adaylari.py
model_00775,Model-512,train_ZRI_3020_JPG.rf.755a92000e873bc5de222da850f53ffe.jpg,ZRI,0.6056,2755.7,849.4,2854.3,916.2,98.6,66.8,0.5807,0.5807,TP,0.52,1.8089,,,,hayir,,,reports/hafta7_fp_protokolu.md,test,157,tahminler_taban512_hafta7.csv,tahminler_model512.csv,0.3,0.52,1.8089,0.3,0.5,0.1,8,512,110,55,20260913,"Esikler, katsayilar ve ornek buyuklukleri KARARDIR; olcumden turetilmedi. Ayrinti protokol dosyasinda.",3.13.1,8.4.144,0.12.6,2.14.0,2026-09-13 10:08:36,scripts/25_esit_fp_adaylari.py
model_00776,Model-512,train_ZRI_3020_JPG.rf.755a92000e873bc5de222da850f53ffe.jpg,ZRI,0.5455,2867.9,911.4,2930.0,974.6,62.1,63.2,0.9553,0.9553,TP,0.52,1.8089,,,,hayir,,,reports/hafta7_fp_protokolu.md,test,157,tahminler_taban512_hafta7.csv,tahminler_model512.csv,0.3,0.52,1.8089,0.3,0.5,0.1,8,512,110,55,20260913,"Esikler, katsayilar ve ornek buyuklukleri KARARDIR; olcumden turetilmedi. Ayrinti protokol dosyasinda.",3.13.1,8.4.144,0.12.6,2.14.0,2026-09-13 10:08:36,scripts/25_esit_fp_adaylari.py
model_00777,Model-512,train_ZRI_3021_JPG.rf.de50a726e16c7075eedea7d52769769b.jpg,ZRI,0.7894,3009.1,1273.0,3104.3,1325.4,95.2,52.4,0.8848,0.8848,TP,0.52,1.8089,,,,hayir,,,reports/hafta7_fp_protokolu.md,test,157,tahminler_taban512_hafta7.csv,tahminler_model512.csv,0.3,0.52,1.8089,0.3,0.5,0.1,8,512,110,55,20260913,"Esikler, katsayilar ve ornek buyuklukleri KARARDIR; olcumden turetilmedi. Ayrinti protokol dosyasinda.",3.13.1,8.4.144,0.12.6,2.14.0,2026-09-13 10:08:36,scripts/25_esit_fp_adaylari.py
model_00778,Model-512,train_ZRI_3021_JPG.rf.de50a726e16c7075eedea7d52769769b.jpg,ZRI,0.7679,3156.6,2684.1,3234.4,2746.9,77.8,62.8,0.8547,0.8547,TP,0.52,1.8089,,,,hayir,,,reports/hafta7_fp_protokolu.md,test,157,tahminler_taban512_hafta7.csv,tahminler_model512.csv,0.3,0.52,1.8089,0.3,0.5,0.1,8,512,110,55,20260913,"Esikler, katsayilar ve ornek buyuklukleri KARARDIR; olcumden turetilmedi. Ayrinti protokol dosyasinda.",3.13.1,8.4.144,0.12.6,2.14.0,2026-09-13 10:08:36,scripts/25_esit_fp_adaylari.py
model_00779,Model-512,train_ZRI_3021_JPG.rf.de50a726e16c7075eedea7d52769769b.jpg,ZRI,0.7587,1121.8,2280.6,1184.3,2341.8,62.5,61.2,0.7554,0.7554,TP,0.52,1.8089,,,,hayir,,,reports/hafta7_fp_protokolu.md,test,157,tahminler_taban512_hafta7.csv,tahminler_model512.csv,0.3,0.52,1.8089,0.3,0.5,0.1,8,512,110,55,20260913,"Esikler, katsayilar ve ornek buyuklukleri KARARDIR; olcumden turetilmedi. Ayrinti protokol dosyasinda.",3.13.1,8.4.144,0.12.6,2.14.0,2026-09-13 10:08:36,scripts/25_esit_fp_adaylari.py
model_00780,Model-512,train_ZRI_3021_JPG.rf.de50a726e16c7075eedea7d52769769b.jpg,ZRI,0.7449,1860.7,783.7,1895.7,826.1,35.0,42.4,0.0,,FP,0.52,1.8089,,,,hayir,,,reports/hafta7_fp_protokolu.md,test,157,tahminler_taban512_hafta7.csv,tahminler_model512.csv,0.3,0.52,1.8089,0.3,0.5,0.1,8,512,110,55,20260913,"Esikler, katsayilar ve ornek buyuklukleri KARARDIR; olcumden turetilmedi. Ayrinti protokol dosyasinda.",3.13.1,8.4.144,0.12.6,2.14.0,2026-09-13 10:08:36,scripts/25_esit_fp_adaylari.py
model_00781,Model-512,train_ZRI_3021_JPG.rf.de50a726e16c7075eedea7d52769769b.jpg,ZRI,0.7445,1565.5,2202.0,1652.1,2294.4,86.6,92.4,0.6905,0.6905,TP,0.52,1.8089,,,,hayir,,,reports/hafta7_fp_protokolu.md,test,157,tahminler_taban512_hafta7.csv,tahminler_model512.csv,0.3,0.52,1.8089,0.3,0.5,0.1,8,512,110,55,20260913,"Esikler, katsayilar ve ornek buyuklukleri KARARDIR; olcumden turetilmedi. Ayrinti protokol dosyasinda.",3.13.1,8.4.144,0.12.6,2.14.0,2026-09-13 10:08:36,scripts/25_esit_fp_adaylari.py
model_00782,Model-512,train_ZRI_3021_JPG.rf.de50a726e16c7075eedea7d52769769b.jpg,ZRI,0.7248,2514.8,224.9,2568.2,307.3,53.4,82.4,0.8707,0.8707,TP,0.52,1.8089,,,,hayir,,,reports/hafta7_fp_protokolu.md,test,157,tahminler_taban512_hafta7.csv,tahminler_model512.csv,0.3,0.52,1.8089,0.3,0.5,0.1,8,512,110,55,20260913,"Esikler, katsayilar ve ornek buyuklukleri KARARDIR; olcumden turetilmedi. Ayrinti protokol dosyasinda.",3.13.1,8.4.144,0.12.6,2.14.0,2026-09-13 10:08:36,scripts/25_esit_fp_adaylari.py
model_00783,Model-512,train_ZRI_3021_JPG.rf.de50a726e16c7075eedea7d52769769b.jpg,ZRI,0.7152,1829.8,1637.2,1896.4,1725.1,66.6,87.9,0.8404,0.8404,TP,0.52,1.8089,,,,hayir,,,reports/hafta7_fp_protokolu.md,test,157,tahminler_taban512_hafta7.csv,tahminler_model512.csv,0.3,0.52,1.8089,0.3,0.5,0.1,8,512,110,55,20260913,"Esikler, katsayilar ve ornek buyuklukleri KARARDIR; olcumden turetilmedi. Ayrinti protokol dosyasinda.",3.13.1,8.4.144,0.12.6,2.14.0,2026-09-13 10:08:36,scripts/25_esit_fp_adaylari.py
model_00784,Model-512,train_ZRI_3021_JPG.rf.de50a726e16c7075eedea7d52769769b.jpg,ZRI,0.6875,1920.6,2031.5,2039.3,2122.3,118.7,90.8,0.662,0.662,TP,0.52,1.8089,,,,hayir,,,reports/hafta7_fp_protokolu.md,test,157,tahminler_taban512_hafta7.csv,tahminler_model512.csv,0.3,0.52,1.8089,0.3,0.5,0.1,8,512,110,55,20260913,"Esikler, katsayilar ve ornek buyuklukleri KARARDIR; olcumden turetilmedi. Ayrinti protokol dosyasinda.",3.13.1,8.4.144,0.12.6,2.14.0,2026-09-13 10:08:36,scripts/25_esit_fp_adaylari.py
model_00785,Model-512,train_ZRI_3021_JPG.rf.de50a726e16c7075eedea7d52769769b.jpg,ZRI,0.6641,1865.8,2460.0,1959.5,2521.2,93.7,61.2,0.6829,0.6829,TP,0.52,1.8089,,,,hayir,,,reports/hafta7_fp_protokolu.md,test,157,tahminler_taban512_hafta7.csv,tahminler_model512.csv,0.3,0.52,1.8089,0.3,0.5,0.1,8,512,110,55,20260913,"Esikler, katsayilar ve ornek buyuklukleri KARARDIR; olcumden turetilmedi. Ayrinti protokol dosyasinda.",3.13.1,8.4.144,0.12.6,2.14.0,2026-09-13 10:08:36,scripts/25_esit_fp_adaylari.py
model_00786,Model-512,train_ZRI_3021_JPG.rf.de50a726e16c7075eedea7d52769769b.jpg,ZRI,0.5615,2747.5,2008.9,2808.8,2078.3,61.3,69.4,0.8403,0.8403,TP,0.52,1.8089,,,,hayir,,,reports/hafta7_fp_protokolu.md,test,157,tahminler_taban512_hafta7.csv,tahminler_model512.csv,0.3,0.52,1.8089,0.3,0.5,0.1,8,512,110,55,20260913,"Esikler, katsayilar ve ornek buyuklukleri KARARDIR; olcumden turetilmedi. Ayrinti protokol dosyasinda.",3.13.1,8.4.144,0.12.6,2.14.0,2026-09-13 10:08:36,scripts/25_esit_fp_adaylari.py
model_00787,Model-512,train_ZRI_3021_JPG.rf.de50a726e16c7075eedea7d52769769b.jpg,ZRI,0.5532,2749.1,2050.0,2800.8,2077.4,51.7,27.4,0.3232,,FP,0.52,1.8089,,,,hayir,,,reports/hafta7_fp_protokolu.md,test,157,tahminler_taban512_hafta7.csv,tahminler_model512.csv,0.3,0.52,1.8089,0.3,0.5,0.1,8,512,110,55,20260913,"Esikler, katsayilar ve ornek buyuklukleri KARARDIR; olcumden turetilmedi. Ayrinti protokol dosyasinda.",3.13.1,8.4.144,0.12.6,2.14.0,2026-09-13 10:08:36,scripts/25_esit_fp_adaylari.py
model_00788,Model-512,train_ZRI_3022_JPG.rf.d115c4fe72b775641f52aadcf9d5236f.jpg,ZRI,0.8194,1502.5,2509.6,1588.3,2604.2,85.8,94.6,0.8021,0.8021,TP,0.52,1.8089,,,,hayir,,,reports/hafta7_fp_protokolu.md,test,157,tahminler_taban512_hafta7.csv,tahminler_model512.csv,0.3,0.52,1.8089,0.3,0.5,0.1,8,512,110,55,20260913,"Esikler, katsayilar ve ornek buyuklukleri KARARDIR; olcumden turetilmedi. Ayrinti protokol dosyasinda.",3.13.1,8.4.144,0.12.6,2.14.0,2026-09-13 10:08:36,scripts/25_esit_fp_adaylari.py
model_00789,Model-512,train_ZRI_3022_JPG.rf.d115c4fe72b775641f52aadcf9d5236f.jpg,ZRI,0.8142,1815.2,2774.3,1903.1,2846.5,87.9,72.2,0.7429,0.7429,TP,0.52,1.8089,,,,hayir,,,reports/hafta7_fp_protokolu.md,test,157,tahminler_taban512_hafta7.csv,tahminler_model512.csv,0.3,0.52,1.8089,0.3,0.5,0.1,8,512,110,55,20260913,"Esikler, katsayilar ve ornek buyuklukleri KARARDIR; olcumden turetilmedi. Ayrinti protokol dosyasinda.",3.13.1,8.4.144,0.12.6,2.14.0,2026-09-13 10:08:36,scripts/25_esit_fp_adaylari.py
model_00790,Model-512,train_ZRI_3022_JPG.rf.d115c4fe72b775641f52aadcf9d5236f.jpg,ZRI,0.8118,3022.5,1571.7,3109.2,1629.0,86.7,57.3,0.9243,0.9243,TP,0.52,1.8089,,,,hayir,,,reports/hafta7_fp_protokolu.md,test,157,tahminler_taban512_hafta7.csv,tahminler_model512.csv,0.3,0.52,1.8089,0.3,0.5,0.1,8,512,110,55,20260913,"Esikler, katsayilar ve ornek buyuklukleri KARARDIR; olcumden turetilmedi. Ayrinti protokol dosyasinda.",3.13.1,8.4.144,0.12.6,2.14.0,2026-09-13 10:08:36,scripts/25_esit_fp_adaylari.py
model_00791,Model-512,train_ZRI_3022_JPG.rf.d115c4fe72b775641f52aadcf9d5236f.jpg,ZRI,0.7907,2532.5,475.2,2587.0,556.5,54.5,81.3,0.879,0.879,TP,0.52,1.8089,,,,hayir,,,reports/hafta7_fp_protokolu.md,test,157,tahminler_taban512_hafta7.csv,tahminler_model512.csv,0.3,0.52,1.8089,0.3,0.5,0.1,8,512,110,55,20260913,"Esikler, katsayilar ve ornek buyuklukleri KARARDIR; olcumden turetilmedi. Ayrinti protokol dosyasinda.",3.13.1,8.4.144,0.12.6,2.14.0,2026-09-13 10:08:36,scripts/25_esit_fp_adaylari.py
model_00792,Model-512,train_ZRI_3022_JPG.rf.d115c4fe72b775641f52aadcf9d5236f.jpg,ZRI,0.7897,1791.3,1924.5,1860.4,2014.4,69.1,89.9,0.8627,0.8627,TP,0.52,1.8089,,,,hayir,,,reports/hafta7_fp_protokolu.md,test,157,tahminler_taban512_hafta7.csv,tahminler_model512.csv,0.3,0.52,1.8089,0.3,0.5,0.1,8,512,110,55,20260913,"Esikler, katsayilar ve ornek buyuklukleri KARARDIR; olcumden turetilmedi. Ayrinti protokol dosyasinda.",3.13.1,8.4.144,0.12.6,2.14.0,2026-09-13 10:08:36,scripts/25_esit_fp_adaylari.py
model_00793,Model-512,train_ZRI_3022_JPG.rf.d115c4fe72b775641f52aadcf9d5236f.jpg,ZRI,0.7577,1875.9,2338.3,1999.2,2440.0,123.3,101.7,0.5971,0.5971,TP,0.52,1.8089,,,,hayir,,,reports/hafta7_fp_protokolu.md,test,157,tahminler_taban512_hafta7.csv,tahminler_model512.csv,0.3,0.52,1.8089,0.3,0.5,0.1,8,512,110,55,20260913,"Esikler, katsayilar ve ornek buyuklukleri KARARDIR; olcumden turetilmedi. Ayrinti protokol dosyasinda.",3.13.1,8.4.144,0.12.6,2.14.0,2026-09-13 10:08:36,scripts/25_esit_fp_adaylari.py
model_00794,Model-512,train_ZRI_3022_JPG.rf.d115c4fe72b775641f52aadcf9d5236f.jpg,ZRI,0.7411,2734.7,2330.0,2800.4,2405.1,65.7,75.1,0.8938,0.8938,TP,0.52,1.8089,,,,hayir,,,reports/hafta7_fp_protokolu.md,test,157,tahminler_taban512_hafta7.csv,tahminler_model512.csv,0.3,0.52,1.8089,0.3,0.5,0.1,8,512,110,55,20260913,"Esikler, katsayilar ve ornek buyuklukleri KARARDIR; olcumden turetilmedi. Ayrinti protokol dosyasinda.",3.13.1,8.4.144,0.12.6,2.14.0,2026-09-13 10:08:36,scripts/25_esit_fp_adaylari.py
model_00795,Model-512,train_ZRI_3022_JPG.rf.d115c4fe72b775641f52aadcf9d5236f.jpg,ZRI,0.7092,1041.3,2580.0,1108.1,2642.1,66.8,62.1,0.8322,0.8322,TP,0.52,1.8089,,,,hayir,,,reports/hafta7_fp_protokolu.md,test,157,tahminler_taban512_hafta7.csv,tahminler_model512.csv,0.3,0.52,1.8089,0.3,0.5,0.1,8,512,110,55,20260913,"Esikler, katsayilar ve ornek buyuklukleri KARARDIR; olcumden turetilmedi. Ayrinti protokol dosyasinda.",3.13.1,8.4.144,0.12.6,2.14.0,2026-09-13 10:08:36,scripts/25_esit_fp_adaylari.py
model_00796,Model-512,train_ZRI_3022_JPG.rf.d115c4fe72b775641f52aadcf9d5236f.jpg,ZRI,0.7018,2621.9,2272.2,2721.3,2338.0,99.4,65.8,0.7339,0.7339,TP,0.52,1.8089,,,,hayir,,,reports/hafta7_fp_protokolu.md,test,157,tahminler_taban512_hafta7.csv,tahminler_model512.csv,0.3,0.52,1.8089,0.3,0.5,0.1,8,512,110,55,20260913,"Esikler, katsayilar ve ornek buyuklukleri KARARDIR; olcumden turetilmedi. Ayrinti protokol dosyasinda.",3.13.1,8.4.144,0.12.6,2.14.0,2026-09-13 10:08:36,scripts/25_esit_fp_adaylari.py
model_00797,Model-512,train_ZRI_3022_JPG.rf.d115c4fe72b775641f52aadcf9d5236f.jpg,ZRI,0.632,2532.1,474.4,2561.7,535.2,29.6,60.8,0.4063,,FP,0.52,1.8089,,,,hayir,,,reports/hafta7_fp_protokolu.md,test,157,tahminler_taban512_hafta7.csv,tahminler_model512.csv,0.3,0.52,1.8089,0.3,0.5,0.1,8,512,110,55,20260913,"Esikler, katsayilar ve ornek buyuklukleri KARARDIR; olcumden turetilmedi. Ayrinti protokol dosyasinda.",3.13.1,8.4.144,0.12.6,2.14.0,2026-09-13 10:08:36,scripts/25_esit_fp_adaylari.py
model_00798,Model-512,train_ZRI_3022_JPG.rf.d115c4fe72b775641f52aadcf9d5236f.jpg,ZRI,0.5773,3087.1,1737.7,3194.1,1797.5,107.0,59.8,0.5896,0.5896,TP,0.52,1.8089,,,,hayir,,,reports/hafta7_fp_protokolu.md,test,157,tahminler_taban512_hafta7.csv,tahminler_model512.csv,0.3,0.52,1.8089,0.3,0.5,0.1,8,512,110,55,20260913,"Esikler, katsayilar ve ornek buyuklukleri KARARDIR; olcumden turetilmedi. Ayrinti protokol dosyasinda.",3.13.1,8.4.144,0.12.6,2.14.0,2026-09-13 10:08:36,scripts/25_esit_fp_adaylari.py
model_00799,Model-512,train_ZRI_3022_JPG.rf.d115c4fe72b775641f52aadcf9d5236f.jpg,ZRI,0.5499,2630.6,462.4,2684.3,512.0,53.7,49.6,0.4064,0.4064,TP,0.52,1.8089,,,,hayir,,,reports/hafta7_fp_protokolu.md,test,157,tahminler_taban512_hafta7.csv,tahminler_model512.csv,0.3,0.52,1.8089,0.3,0.5,0.1,8,512,110,55,20260913,"Esikler, katsayilar ve ornek buyuklukleri KARARDIR; olcumden turetilmedi. Ayrinti protokol dosyasinda.",3.13.1,8.4.144,0.12.6,2.14.0,2026-09-13 10:08:36,scripts/25_esit_fp_adaylari.py
model_00800,Model-512,train_ZRI_3023_JPG.rf.53c979cc18817a0169dc7a3d0aa70e4d.jpg,ZRI,0.8442,2991.1,2543.2,3065.4,2633.9,74.3,90.7,0.7938,0.7938,TP,0.52,1.8089,,,,hayir,,,reports/hafta7_fp_protokolu.md,test,157,tahminler_taban512_hafta7.csv,tahminler_model512.csv,0.3,0.52,1.8089,0.3,0.5,0.1,8,512,110,55,20260913,"Esikler, katsayilar ve ornek buyuklukleri KARARDIR; olcumden turetilmedi. Ayrinti protokol dosyasinda.",3.13.1,8.4.144,0.12.6,2.14.0,2026-09-13 10:08:36,scripts/25_esit_fp_adaylari.py
model_00801,Model-512,train_ZRI_3023_JPG.rf.53c979cc18817a0169dc7a3d0aa70e4d.jpg,ZRI,0.8383,3760.4,1564.4,3860.9,1665.8,100.5,101.4,0.901,0.901,TP,0.52,1.8089,,,,hayir,,,reports/hafta7_fp_protokolu.md,test,157,tahminler_taban512_hafta7.csv,tahminler_model512.csv,0.3,0.52,1.8089,0.3,0.5,0.1,8,512,110,55,20260913,"Esikler, katsayilar ve ornek buyuklukleri KARARDIR; olcumden turetilmedi. Ayrinti protokol dosyasinda.",3.13.1,8.4.144,0.12.6,2.14.0,2026-09-13 10:08:36,scripts/25_esit_fp_adaylari.py
model_00802,Model-512,train_ZRI_3023_JPG.rf.53c979cc18817a0169dc7a3d0aa70e4d.jpg,ZRI,0.8349,3675.9,1188.3,3755.0,1256.1,79.1,67.8,0.9231,0.9231,TP,0.52,1.8089,,,,hayir,,,reports/hafta7_fp_protokolu.md,test,157,tahminler_taban512_hafta7.csv,tahminler_model512.csv,0.3,0.52,1.8089,0.3,0.5,0.1,8,512,110,55,20260913,"Esikler, katsayilar ve ornek buyuklukleri KARARDIR; olcumden turetilmedi. Ayrinti protokol dosyasinda.",3.13.1,8.4.144,0.12.6,2.14.0,2026-09-13 10:08:36,scripts/25_esit_fp_adaylari.py
model_00803,Model-512,train_ZRI_3023_JPG.rf.53c979cc18817a0169dc7a3d0aa70e4d.jpg,ZRI,0.8157,692.5,1733.7,783.3,1790.9,90.8,57.2,0.7912,0.7912,TP,0.52,1.8089,,,,hayir,,,reports/hafta7_fp_protokolu.md,test,157,tahminler_taban512_hafta7.csv,tahminler_model512.csv,0.3,0.52,1.8089,0.3,0.5,0.1,8,512,110,55,20260913,"Esikler, katsayilar ve ornek buyuklukleri KARARDIR; olcumden turetilmedi. Ayrinti protokol dosyasinda.",3.13.1,8.4.144,0.12.6,2.14.0,2026-09-13 10:08:36,scripts/25_esit_fp_adaylari.py
model_00804,Model-512,train_ZRI_3023_JPG.rf.53c979cc18817a0169dc7a3d0aa70e4d.jpg,ZRI,0.8124,2025.6,1223.0,2077.8,1297.1,52.2,74.1,0.8773,0.8773,TP,0.52,1.8089,,,,hayir,,,reports/hafta7_fp_protokolu.md,test,157,tahminler_taban512_hafta7.csv,tahminler_model512.csv,0.3,0.52,1.8089,0.3,0.5,0.1,8,512,110,55,20260913,"Esikler, katsayilar ve ornek buyuklukleri KARARDIR; olcumden turetilmedi. Ayrinti protokol dosyasinda.",3.13.1,8.4.144,0.12.6,2.14.0,2026-09-13 10:08:36,scripts/25_esit_fp_adaylari.py
model_00805,Model-512,train_ZRI_3023_JPG.rf.53c979cc18817a0169dc7a3d0aa70e4d.jpg,ZRI,0.8092,1853.5,1277.5,1904.9,1354.5,51.4,77.0,0.7871,0.7871,TP,0.52,1.8089,,,,hayir,,,reports/hafta7_fp_protokolu.md,test,157,tahminler_taban512_hafta7.csv,tahminler_model512.csv,0.3,0.52,1.8089,0.3,0.5,0.1,8,512,110,55,20260913,"Esikler, katsayilar ve ornek buyuklukleri KARARDIR; olcumden turetilmedi. Ayrinti protokol dosyasinda.",3.13.1,8.4.144,0.12.6,2.14.0,2026-09-13 10:08:36,scripts/25_esit_fp_adaylari.py
model_00806,Model-512,train_ZRI_3023_JPG.rf.53c979cc18817a0169dc7a3d0aa70e4d.jpg,ZRI,0.7362,3689.3,770.1,3757.9,827.4,68.6,57.3,0.8888,0.8888,TP,0.52,1.8089,,,,hayir,,,reports/hafta7_fp_protokolu.md,test,157,tahminler_taban512_hafta7.csv,tahminler_model512.csv,0.3,0.52,1.8089,0.3,0.5,0.1,8,512,110,55,20260913,"Esikler, katsayilar ve ornek buyuklukleri KARARDIR; olcumden turetilmedi. Ayrinti protokol dosyasinda.",3.13.1,8.4.144,0.12.6,2.14.0,2026-09-13 10:08:36,scripts/25_esit_fp_adaylari.py
model_00807,Model-512,train_ZRI_3023_JPG.rf.53c979cc18817a0169dc7a3d0aa70e4d.jpg,ZRI,0.7112,2150.4,2556.4,2239.6,2624.5,89.2,68.1,0.7756,0.7756,TP,0.52,1.8089,,,,hayir,,,reports/hafta7_fp_protokolu.md,test,157,tahminler_taban512_hafta7.csv,tahminler_model512.csv,0.3,0.52,1.8089,0.3,0.5,0.1,8,512,110,55,20260913,"Esikler, katsayilar ve ornek buyuklukleri KARARDIR; olcumden turetilmedi. Ayrinti protokol dosyasinda.",3.13.1,8.4.144,0.12.6,2.14.0,2026-09-13 10:08:36,scripts/25_esit_fp_adaylari.py
model_00808,Model-512,train_ZRI_3023_JPG.rf.53c979cc18817a0169dc7a3d0aa70e4d.jpg,ZRI,0.7062,2050.0,1223.6,2078.5,1291.6,28.5,68.0,0.3889,,FP,0.52,1.8089,,,,hayir,,,reports/hafta7_fp_protokolu.md,test,157,tahminler_taban512_hafta7.csv,tahminler_model512.csv,0.3,0.52,1.8089,0.3,0.5,0.1,8,512,110,55,20260913,"Esikler, katsayilar ve ornek buyuklukleri KARARDIR; olcumden turetilmedi. Ayrinti protokol dosyasinda.",3.13.1,8.4.144,0.12.6,2.14.0,2026-09-13 10:08:36,scripts/25_esit_fp_adaylari.py
model_00809,Model-512,train_ZRI_3023_JPG.rf.53c979cc18817a0169dc7a3d0aa70e4d.jpg,ZRI,0.6668,2579.8,2461.1,2674.2,2551.6,94.4,90.5,0.5744,0.5744,TP,0.52,1.8089,,,,hayir,,,reports/hafta7_fp_protokolu.md,test,157,tahminler_taban512_hafta7.csv,tahminler_model512.csv,0.3,0.52,1.8089,0.3,0.5,0.1,8,512,110,55,20260913,"Esikler, katsayilar ve ornek buyuklukleri KARARDIR; olcumden turetilmedi. Ayrinti protokol dosyasinda.",3.13.1,8.4.144,0.12.6,2.14.0,2026-09-13 10:08:36,scripts/25_esit_fp_adaylari.py
model_00810,Model-512,train_ZRI_3023_JPG.rf.53c979cc18817a0169dc7a3d0aa70e4d.jpg,ZRI,0.6651,3300.1,1238.4,3367.5,1309.1,67.4,70.7,0.8814,0.8814,TP,0.52,1.8089,,,,hayir,,,reports/hafta7_fp_protokolu.md,test,157,tahminler_taban512_hafta7.csv,tahminler_model512.csv,0.3,0.52,1.8089,0.3,0.5,0.1,8,512,110,55,20260913,"Esikler, katsayilar ve ornek buyuklukleri KARARDIR; olcumden turetilmedi. Ayrinti protokol dosyasinda.",3.13.1,8.4.144,0.12.6,2.14.0,2026-09-13 10:08:36,scripts/25_esit_fp_adaylari.py
model_00811,Model-512,train_ZRI_3023_JPG.rf.53c979cc18817a0169dc7a3d0aa70e4d.jpg,ZRI,0.6554,2721.4,2851.1,2818.7,2940.3,97.3,89.2,0.9051,0.9051,TP,0.52,1.8089,,,,hayir,,,reports/hafta7_fp_protokolu.md,test,157,tahminler_taban512_hafta7.csv,tahminler_model512.csv,0.3,0.52,1.8089,0.3,0.5,0.1,8,512,110,55,20260913,"Esikler, katsayilar ve ornek buyuklukleri KARARDIR; olcumden turetilmedi. Ayrinti protokol dosyasinda.",3.13.1,8.4.144,0.12.6,2.14.0,2026-09-13 10:08:36,scripts/25_esit_fp_adaylari.py
model_00812,Model-512,train_ZRI_3023_JPG.rf.53c979cc18817a0169dc7a3d0aa70e4d.jpg,ZRI,0.637,3662.7,2436.0,3758.8,2514.9,96.1,78.9,0.7095,0.7095,TP,0.52,1.8089,,,,hayir,,,reports/hafta7_fp_protokolu.md,test,157,tahminler_taban512_hafta7.csv,tahminler_model512.csv,0.3,0.52,1.8089,0.3,0.5,0.1,8,512,110,55,20260913,"Esikler, katsayilar ve ornek buyuklukleri KARARDIR; olcumden turetilmedi. Ayrinti protokol dosyasinda.",3.13.1,8.4.144,0.12.6,2.14.0,2026-09-13 10:08:36,scripts/25_esit_fp_adaylari.py
model_00813,Model-512,train_ZRI_3023_JPG.rf.53c979cc18817a0169dc7a3d0aa70e4d.jpg,ZRI,0.533,2605.3,1640.1,2668.3,1690.0,63.0,49.9,0.8328,0.8328,TP,0.52,1.8089,,,,hayir,,,reports/hafta7_fp_protokolu.md,test,157,tahminler_taban512_hafta7.csv,tahminler_model512.csv,0.3,0.52,1.8089,0.3,0.5,0.1,8,512,110,55,20260913,"Esikler, katsayilar ve ornek buyuklukleri KARARDIR; olcumden turetilmedi. Ayrinti protokol dosyasinda.",3.13.1,8.4.144,0.12.6,2.14.0,2026-09-13 10:08:36,scripts/25_esit_fp_adaylari.py
model_00814,Model-512,train_ZRI_3024_JPG.rf.d9829573e67bca0f8b2b0001749feb1d.jpg,ZRI,0.8451,3024.3,2555.8,3098.4,2645.3,74.1,89.5,0.8929,0.8929,TP,0.52,1.8089,,,,hayir,,,reports/hafta7_fp_protokolu.md,test,157,tahminler_taban512_hafta7.csv,tahminler_model512.csv,0.3,0.52,1.8089,0.3,0.5,0.1,8,512,110,55,20260913,"Esikler, katsayilar ve ornek buyuklukleri KARARDIR; olcumden turetilmedi. Ayrinti protokol dosyasinda.",3.13.1,8.4.144,0.12.6,2.14.0,2026-09-13 10:08:36,scripts/25_esit_fp_adaylari.py
model_00815,Model-512,train_ZRI_3024_JPG.rf.d9829573e67bca0f8b2b0001749feb1d.jpg,ZRI,0.8321,3678.9,1194.1,3764.2,1261.1,85.3,67.0,0.857,0.857,TP,0.52,1.8089,,,,hayir,,,reports/hafta7_fp_protokolu.md,test,157,tahminler_taban512_hafta7.csv,tahminler_model512.csv,0.3,0.52,1.8089,0.3,0.5,0.1,8,512,110,55,20260913,"Esikler, katsayilar ve ornek buyuklukleri KARARDIR; olcumden turetilmedi. Ayrinti protokol dosyasinda.",3.13.1,8.4.144,0.12.6,2.14.0,2026-09-13 10:08:36,scripts/25_esit_fp_adaylari.py
model_00816,Model-512,train_ZRI_3024_JPG.rf.d9829573e67bca0f8b2b0001749feb1d.jpg,ZRI,0.8197,3767.6,1567.3,3875.4,1665.5,107.8,98.2,0.9276,0.9276,TP,0.52,1.8089,,,,hayir,,,reports/hafta7_fp_protokolu.md,test,157,tahminler_taban512_hafta7.csv,tahminler_model512.csv,0.3,0.52,1.8089,0.3,0.5,0.1,8,512,110,55,20260913,"Esikler, katsayilar ve ornek buyuklukleri KARARDIR; olcumden turetilmedi. Ayrinti protokol dosyasinda.",3.13.1,8.4.144,0.12.6,2.14.0,2026-09-13 10:08:36,scripts/25_esit_fp_adaylari.py
model_00817,Model-512,train_ZRI_3024_JPG.rf.d9829573e67bca0f8b2b0001749feb1d.jpg,ZRI,0.8178,2602.6,2452.1,2707.8,2555.7,105.2,103.6,0.6376,0.6376,TP,0.52,1.8089,,,,hayir,,,reports/hafta7_fp_protokolu.md,test,157,tahminler_taban512_hafta7.csv,tahminler_model512.csv,0.3,0.52,1.8089,0.3,0.5,0.1,8,512,110,55,20260913,"Esikler, katsayilar ve ornek buyuklukleri KARARDIR; olcumden turetilmedi. Ayrinti protokol dosyasinda.",3.13.1,8.4.144,0.12.6,2.14.0,2026-09-13 10:08:36,scripts/25_esit_fp_adaylari.py
model_00818,Model-512,train_ZRI_3024_JPG.rf.d9829573e67bca0f8b2b0001749feb1d.jpg,ZRI,0.8139,708.9,1788.0,808.7,1848.2,99.8,60.2,0.878,0.878,TP,0.52,1.8089,,,,hayir,,,reports/hafta7_fp_protokolu.md,test,157,tahminler_taban512_hafta7.csv,tahminler_model512.csv,0.3,0.52,1.8089,0.3,0.5,0.1,8,512,110,55,20260913,"Esikler, katsayilar ve ornek buyuklukleri KARARDIR; olcumden turetilmedi. Ayrinti protokol dosyasinda.",3.13.1,8.4.144,0.12.6,2.14.0,2026-09-13 10:08:36,scripts/25_esit_fp_adaylari.py
model_00819,Model-512,train_ZRI_3024_JPG.rf.d9829573e67bca0f8b2b0001749feb1d.jpg,ZRI,0.7923,1867.1,1313.5,1916.7,1388.5,49.6,75.0,0.8261,0.8261,TP,0.52,1.8089,,,,hayir,,,reports/hafta7_fp_protokolu.md,test,157,tahminler_taban512_hafta7.csv,tahminler_model512.csv,0.3,0.52,1.8089,0.3,0.5,0.1,8,512,110,55,20260913,"Esikler, katsayilar ve ornek buyuklukleri KARARDIR; olcumden turetilmedi. Ayrinti protokol dosyasinda.",3.13.1,8.4.144,0.12.6,2.14.0,2026-09-13 10:08:36,scripts/25_esit_fp_adaylari.py
model_00820,Model-512,train_ZRI_3024_JPG.rf.d9829573e67bca0f8b2b0001749feb1d.jpg,ZRI,0.7667,2037.6,1254.4,2089.5,1331.4,51.9,77.0,0.8863,0.8863,TP,0.52,1.8089,,,,hayir,,,reports/hafta7_fp_protokolu.md,test,157,tahminler_taban512_hafta7.csv,tahminler_model512.csv,0.3,0.52,1.8089,0.3,0.5,0.1,8,512,110,55,20260913,"Esikler, katsayilar ve ornek buyuklukleri KARARDIR; olcumden turetilmedi. Ayrinti protokol dosyasinda.",3.13.1,8.4.144,0.12.6,2.14.0,2026-09-13 10:08:36,scripts/25_esit_fp_adaylari.py
model_00821,Model-512,train_ZRI_3024_JPG.rf.d9829573e67bca0f8b2b0001749feb1d.jpg,ZRI,0.7411,2783.8,2860.1,2878.6,2950.8,94.8,90.7,0.917,0.917,TP,0.52,1.8089,,,,hayir,,,reports/hafta7_fp_protokolu.md,test,157,tahminler_taban512_hafta7.csv,tahminler_model512.csv,0.3,0.52,1.8089,0.3,0.5,0.1,8,512,110,55,20260913,"Esikler, katsayilar ve ornek buyuklukleri KARARDIR; olcumden turetilmedi. Ayrinti protokol dosyasinda.",3.13.1,8.4.144,0.12.6,2.14.0,2026-09-13 10:08:36,scripts/25_esit_fp_adaylari.py
model_00822,Model-512,train_ZRI_3024_JPG.rf.d9829573e67bca0f8b2b0001749feb1d.jpg,ZRI,0.7215,3683.2,776.5,3749.3,833.3,66.1,56.8,0.9263,0.9263,TP,0.52,1.8089,,,,hayir,,,reports/hafta7_fp_protokolu.md,test,157,tahminler_taban512_hafta7.csv,tahminler_model512.csv,0.3,0.52,1.8089,0.3,0.5,0.1,8,512,110,55,20260913,"Esikler, katsayilar ve ornek buyuklukleri KARARDIR; olcumden turetilmedi. Ayrinti protokol dosyasinda.",3.13.1,8.4.144,0.12.6,2.14.0,2026-09-13 10:08:36,scripts/25_esit_fp_adaylari.py
model_00823,Model-512,train_ZRI_3024_JPG.rf.d9829573e67bca0f8b2b0001749feb1d.jpg,ZRI,0.6853,2184.1,2583.5,2275.8,2651.2,91.7,67.7,0.6611,0.6611,TP,0.52,1.8089,,,,hayir,,,reports/hafta7_fp_protokolu.md,test,157,tahminler_taban512_hafta7.csv,tahminler_model512.csv,0.3,0.52,1.8089,0.3,0.5,0.1,8,512,110,55,20260913,"Esikler, katsayilar ve ornek buyuklukleri KARARDIR; olcumden turetilmedi. Ayrinti protokol dosyasinda.",3.13.1,8.4.144,0.12.6,2.14.0,2026-09-13 10:08:36,scripts/25_esit_fp_adaylari.py
model_00824,Model-512,train_ZRI_3024_JPG.rf.d9829573e67bca0f8b2b0001749feb1d.jpg,ZRI,0.6709,3305.2,1248.9,3371.7,1319.3,66.5,70.4,0.7636,0.7636,TP,0.52,1.8089,,,,hayir,,,reports/hafta7_fp_protokolu.md,test,157,tahminler_taban512_hafta7.csv,tahminler_model512.csv,0.3,0.52,1.8089,0.3,0.5,0.1,8,512,110,55,20260913,"Esikler, katsayilar ve ornek buyuklukleri KARARDIR; olcumden turetilmedi. Ayrinti protokol dosyasinda.",3.13.1,8.4.144,0.12.6,2.14.0,2026-09-13 10:08:36,scripts/25_esit_fp_adaylari.py
model_00825,Model-512,train_ZRI_3024_JPG.rf.d9829573e67bca0f8b2b0001749feb1d.jpg,ZRI,0.6647,3691.9,2436.3,3786.3,2497.0,94.4,60.7,0.8489,0.8489,TP,0.52,1.8089,,,,hayir,,,reports/hafta7_fp_protokolu.md,test,157,tahminler_taban512_hafta7.csv,tahminler_model512.csv,0.3,0.52,1.8089,0.3,0.5,0.1,8,512,110,55,20260913,"Esikler, katsayilar ve ornek buyuklukleri KARARDIR; olcumden turetilmedi. Ayrinti protokol dosyasinda.",3.13.1,8.4.144,0.12.6,2.14.0,2026-09-13 10:08:36,scripts/25_esit_fp_adaylari.py
model_00826,Model-512,train_ZRI_3024_JPG.rf.d9829573e67bca0f8b2b0001749feb1d.jpg,ZRI,0.6527,3677.2,1230.1,3753.0,1261.9,75.8,31.8,0.3978,,FP,0.52,1.8089,,a0326,a0257,evet,Model-512/ZRI,0.3504,reports/hafta7_fp_protokolu.md,test,157,tahminler_taban512_hafta7.csv,tahminler_model512.csv,0.3,0.52,1.8089,0.3,0.5,0.1,8,512,110,55,20260913,"Esikler, katsayilar ve ornek buyuklukleri KARARDIR; olcumden turetilmedi. Ayrinti protokol dosyasinda.",3.13.1,8.4.144,0.12.6,2.14.0,2026-09-13 10:08:36,scripts/25_esit_fp_adaylari.py
model_00827,Model-512,train_ZRI_3024_JPG.rf.d9829573e67bca0f8b2b0001749feb1d.jpg,ZRI,0.5605,3728.1,2460.0,3784.6,2493.9,56.5,33.9,0.3224,,FP,0.52,1.8089,,,,hayir,,,reports/hafta7_fp_protokolu.md,test,157,tahminler_taban512_hafta7.csv,tahminler_model512.csv,0.3,0.52,1.8089,0.3,0.5,0.1,8,512,110,55,20260913,"Esikler, katsayilar ve ornek buyuklukleri KARARDIR; olcumden turetilmedi. Ayrinti protokol dosyasinda.",3.13.1,8.4.144,0.12.6,2.14.0,2026-09-13 10:08:36,scripts/25_esit_fp_adaylari.py
model_00828,Model-512,train_ZRI_3024_JPG.rf.d9829573e67bca0f8b2b0001749feb1d.jpg,ZRI,0.5222,2627.4,1661.9,2685.9,1709.6,58.5,47.7,0.7375,0.7375,TP,0.52,1.8089,,,,hayir,,,reports/hafta7_fp_protokolu.md,test,157,tahminler_taban512_hafta7.csv,tahminler_model512.csv,0.3,0.52,1.8089,0.3,0.5,0.1,8,512,110,55,20260913,"Esikler, katsayilar ve ornek buyuklukleri KARARDIR; olcumden turetilmedi. Ayrinti protokol dosyasinda.",3.13.1,8.4.144,0.12.6,2.14.0,2026-09-13 10:08:36,scripts/25_esit_fp_adaylari.py
model_00829,Model-512,train_ZRI_3025_JPG.rf.bec9752c53ca7b71a9d3b682bdbe850f.jpg,ZRI,0.8389,3050.7,2553.4,3124.9,2641.5,74.2,88.1,0.825,0.825,TP,0.52,1.8089,,,,hayir,,,reports/hafta7_fp_protokolu.md,test,157,tahminler_taban512_hafta7.csv,tahminler_model512.csv,0.3,0.52,1.8089,0.3,0.5,0.1,8,512,110,55,20260913,"Esikler, katsayilar ve ornek buyuklukleri KARARDIR; olcumden turetilmedi. Ayrinti protokol dosyasinda.",3.13.1,8.4.144,0.12.6,2.14.0,2026-09-13 10:08:36,scripts/25_esit_fp_adaylari.py
model_00830,Model-512,train_ZRI_3025_JPG.rf.bec9752c53ca7b71a9d3b682bdbe850f.jpg,ZRI,0.8267,3687.1,1175.0,3769.0,1244.1,81.9,69.1,0.9596,0.9596,TP,0.52,1.8089,,,,hayir,,,reports/hafta7_fp_protokolu.md,test,157,tahminler_taban512_hafta7.csv,tahminler_model512.csv,0.3,0.52,1.8089,0.3,0.5,0.1,8,512,110,55,20260913,"Esikler, katsayilar ve ornek buyuklukleri KARARDIR; olcumden turetilmedi. Ayrinti protokol dosyasinda.",3.13.1,8.4.144,0.12.6,2.14.0,2026-09-13 10:08:36,scripts/25_esit_fp_adaylari.py
model_00831,Model-512,train_ZRI_3025_JPG.rf.bec9752c53ca7b71a9d3b682bdbe850f.jpg,ZRI,0.8264,3782.4,1549.9,3884.1,1647.1,101.7,97.2,0.9341,0.9341,TP,0.52,1.8089,,,,hayir,,,reports/hafta7_fp_protokolu.md,test,157,tahminler_taban512_hafta7.csv,tahminler_model512.csv,0.3,0.52,1.8089,0.3,0.5,0.1,8,512,110,55,20260913,"Esikler, katsayilar ve ornek buyuklukleri KARARDIR; olcumden turetilmedi. Ayrinti protokol dosyasinda.",3.13.1,8.4.144,0.12.6,2.14.0,2026-09-13 10:08:36,scripts/25_esit_fp_adaylari.py
model_00832,Model-512,train_ZRI_3025_JPG.rf.bec9752c53ca7b71a9d3b682bdbe850f.jpg,ZRI,0.8203,2626.4,2456.9,2730.8,2557.9,104.4,101.0,0.6046,0.6046,TP,0.52,1.8089,,,,hayir,,,reports/hafta7_fp_protokolu.md,test,157,tahminler_taban512_hafta7.csv,tahminler_model512.csv,0.3,0.52,1.8089,0.3,0.5,0.1,8,512,110,55,20260913,"Esikler, katsayilar ve ornek buyuklukleri KARARDIR; olcumden turetilmedi. Ayrinti protokol dosyasinda.",3.13.1,8.4.144,0.12.6,2.14.0,2026-09-13 10:08:36,scripts/25_esit_fp_adaylari.py
model_00833,Model-512,train_ZRI_3025_JPG.rf.bec9752c53ca7b71a9d3b682bdbe850f.jpg,ZRI,0.8071,1871.3,1326.6,1921.9,1400.3,50.6,73.7,0.8775,0.8775,TP,0.52,1.8089,,,,hayir,,,reports/hafta7_fp_protokolu.md,test,157,tahminler_taban512_hafta7.csv,tahminler_model512.csv,0.3,0.52,1.8089,0.3,0.5,0.1,8,512,110,55,20260913,"Esikler, katsayilar ve ornek buyuklukleri KARARDIR; olcumden turetilmedi. Ayrinti protokol dosyasinda.",3.13.1,8.4.144,0.12.6,2.14.0,2026-09-13 10:08:36,scripts/25_esit_fp_adaylari.py
model_00834,Model-512,train_ZRI_3025_JPG.rf.bec9752c53ca7b71a9d3b682bdbe850f.jpg,ZRI,0.8002,2041.3,1265.5,2092.7,1341.5,51.4,76.0,0.9216,0.9216,TP,0.52,1.8089,,,,hayir,,,reports/hafta7_fp_protokolu.md,test,157,tahminler_taban512_hafta7.csv,tahminler_model512.csv,0.3,0.52,1.8089,0.3,0.5,0.1,8,512,110,55,20260913,"Esikler, katsayilar ve ornek buyuklukleri KARARDIR; olcumden turetilmedi. Ayrinti protokol dosyasinda.",3.13.1,8.4.144,0.12.6,2.14.0,2026-09-13 10:08:36,scripts/25_esit_fp_adaylari.py
model_00835,Model-512,train_ZRI_3025_JPG.rf.bec9752c53ca7b71a9d3b682bdbe850f.jpg,ZRI,0.7565,3684.5,759.7,3751.5,815.5,67.0,55.8,0.9713,0.9713,TP,0.52,1.8089,,,,hayir,,,reports/hafta7_fp_protokolu.md,test,157,tahminler_taban512_hafta7.csv,tahminler_model512.csv,0.3,0.52,1.8089,0.3,0.5,0.1,8,512,110,55,20260913,"Esikler, katsayilar ve ornek buyuklukleri KARARDIR; olcumden turetilmedi. Ayrinti protokol dosyasinda.",3.13.1,8.4.144,0.12.6,2.14.0,2026-09-13 10:08:36,scripts/25_esit_fp_adaylari.py
model_00836,Model-512,train_ZRI_3025_JPG.rf.bec9752c53ca7b71a9d3b682bdbe850f.jpg,ZRI,0.7393,3338.3,1246.4,3380.9,1307.8,42.6,61.4,0.4991,0.4991,TP,0.52,1.8089,,,,hayir,,,reports/hafta7_fp_protokolu.md,test,157,tahminler_taban512_hafta7.csv,tahminler_model512.csv,0.3,0.52,1.8089,0.3,0.5,0.1,8,512,110,55,20260913,"Esikler, katsayilar ve ornek buyuklukleri KARARDIR; olcumden turetilmedi. Ayrinti protokol dosyasinda.",3.13.1,8.4.144,0.12.6,2.14.0,2026-09-13 10:08:36,scripts/25_esit_fp_adaylari.py
model_00837,Model-512,train_ZRI_3025_JPG.rf.bec9752c53ca7b71a9d3b682bdbe850f.jpg,ZRI,0.7187,2813.5,2861.3,2909.7,2936.6,96.2,75.3,0.9099,0.9099,TP,0.52,1.8089,,,,hayir,,,reports/hafta7_fp_protokolu.md,test,157,tahminler_taban512_hafta7.csv,tahminler_model512.csv,0.3,0.52,1.8089,0.3,0.5,0.1,8,512,110,55,20260913,"Esikler, katsayilar ve ornek buyuklukleri KARARDIR; olcumden turetilmedi. Ayrinti protokol dosyasinda.",3.13.1,8.4.144,0.12.6,2.14.0,2026-09-13 10:08:36,scripts/25_esit_fp_adaylari.py
model_00838,Model-512,train_ZRI_3025_JPG.rf.bec9752c53ca7b71a9d3b682bdbe850f.jpg,ZRI,0.6987,2209.6,2593.8,2300.0,2660.1,90.4,66.3,0.8069,0.8069,TP,0.52,1.8089,,,,hayir,,,reports/hafta7_fp_protokolu.md,test,157,tahminler_taban512_hafta7.csv,tahminler_model512.csv,0.3,0.52,1.8089,0.3,0.5,0.1,8,512,110,55,20260913,"Esikler, katsayilar ve ornek buyuklukleri KARARDIR; olcumden turetilmedi. Ayrinti protokol dosyasinda.",3.13.1,8.4.144,0.12.6,2.14.0,2026-09-13 10:08:36,scripts/25_esit_fp_adaylari.py
model_00839,Model-512,train_ZRI_3025_JPG.rf.bec9752c53ca7b71a9d3b682bdbe850f.jpg,ZRI,0.615,3768.3,2460.0,3820.2,2481.4,51.9,21.4,0.1548,,FP,0.52,1.8089,,a0105,a0290,evet,Model-512/ZRI,0.3504,reports/hafta7_fp_protokolu.md,test,157,tahminler_taban512_hafta7.csv,tahminler_model512.csv,0.3,0.52,1.8089,0.3,0.5,0.1,8,512,110,55,20260913,"Esikler, katsayilar ve ornek buyuklukleri KARARDIR; olcumden turetilmedi. Ayrinti protokol dosyasinda.",3.13.1,8.4.144,0.12.6,2.14.0,2026-09-13 10:08:36,scripts/25_esit_fp_adaylari.py
model_00840,Model-512,train_ZRI_3025_JPG.rf.bec9752c53ca7b71a9d3b682bdbe850f.jpg,ZRI,0.576,3710.7,2423.0,3821.3,2500.1,110.6,77.1,0.6821,0.6821,TP,0.52,1.8089,,,,hayir,,,reports/hafta7_fp_protokolu.md,test,157,tahminler_taban512_hafta7.csv,tahminler_model512.csv,0.3,0.52,1.8089,0.3,0.5,0.1,8,512,110,55,20260913,"Esikler, katsayilar ve ornek buyuklukleri KARARDIR; olcumden turetilmedi. Ayrinti protokol dosyasinda.",3.13.1,8.4.144,0.12.6,2.14.0,2026-09-13 10:08:36,scripts/25_esit_fp_adaylari.py
model_00841,Model-512,train_ZRI_3026_JPG.rf.1503e7f8824e0cca340091e680501e12.jpg,ZRI,0.849,3302.5,939.4,3387.7,1045.4,85.2,106.0,0.8028,0.8028,TP,0.52,1.8089,,,,hayir,,,reports/hafta7_fp_protokolu.md,test,157,tahminler_taban512_hafta7.csv,tahminler_model512.csv,0.3,0.52,1.8089,0.3,0.5,0.1,8,512,110,55,20260913,"Esikler, katsayilar ve ornek buyuklukleri KARARDIR; olcumden turetilmedi. Ayrinti protokol dosyasinda.",3.13.1,8.4.144,0.12.6,2.14.0,2026-09-13 10:08:36,scripts/25_esit_fp_adaylari.py
model_00842,Model-512,train_ZRI_3026_JPG.rf.1503e7f8824e0cca340091e680501e12.jpg,ZRI,0.8111,1702.1,145.3,1771.1,217.4,69.0,72.1,0.8885,0.8885,TP,0.52,1.8089,,,,hayir,,,reports/hafta7_fp_protokolu.md,test,157,tahminler_taban512_hafta7.csv,tahminler_model512.csv,0.3,0.52,1.8089,0.3,0.5,0.1,8,512,110,55,20260913,"Esikler, katsayilar ve ornek buyuklukleri KARARDIR; olcumden turetilmedi. Ayrinti protokol dosyasinda.",3.13.1,8.4.144,0.12.6,2.14.0,2026-09-13 10:08:36,scripts/25_esit_fp_adaylari.py
model_00843,Model-512,train_ZRI_3026_JPG.rf.1503e7f8824e0cca340091e680501e12.jpg,ZRI,0.793,2645.4,1014.3,2734.9,1094.7,89.5,80.4,0.5781,0.5781,TP,0.52,1.8089,,,,hayir,,,reports/hafta7_fp_protokolu.md,test,157,tahminler_taban512_hafta7.csv,tahminler_model512.csv,0.3,0.52,1.8089,0.3,0.5,0.1,8,512,110,55,20260913,"Esikler, katsayilar ve ornek buyuklukleri KARARDIR; olcumden turetilmedi. Ayrinti protokol dosyasinda.",3.13.1,8.4.144,0.12.6,2.14.0,2026-09-13 10:08:36,scripts/25_esit_fp_adaylari.py
model_00844,Model-512,train_ZRI_3026_JPG.rf.1503e7f8824e0cca340091e680501e12.jpg,ZRI,0.7895,3333.8,589.7,3422.2,660.0,88.4,70.3,0.8972,0.8972,TP,0.52,1.8089,,,,hayir,,,reports/hafta7_fp_protokolu.md,test,157,tahminler_taban512_hafta7.csv,tahminler_model512.csv,0.3,0.52,1.8089,0.3,0.5,0.1,8,512,110,55,20260913,"Esikler, katsayilar ve ornek buyuklukleri KARARDIR; olcumden turetilmedi. Ayrinti protokol dosyasinda.",3.13.1,8.4.144,0.12.6,2.14.0,2026-09-13 10:08:36,scripts/25_esit_fp_adaylari.py
model_00845,Model-512,train_ZRI_3026_JPG.rf.1503e7f8824e0cca340091e680501e12.jpg,ZRI,0.7786,3830.9,1132.0,3952.9,1212.6,122.0,80.6,0.871,0.871,TP,0.52,1.8089,,,,hayir,,,reports/hafta7_fp_protokolu.md,test,157,tahminler_taban512_hafta7.csv,tahminler_model512.csv,0.3,0.52,1.8089,0.3,0.5,0.1,8,512,110,55,20260913,"Esikler, katsayilar ve ornek buyuklukleri KARARDIR; olcumden turetilmedi. Ayrinti protokol dosyasinda.",3.13.1,8.4.144,0.12.6,2.14.0,2026-09-13 10:08:36,scripts/25_esit_fp_adaylari.py
model_00846,Model-512,train_ZRI_3026_JPG.rf.1503e7f8824e0cca340091e680501e12.jpg,ZRI,0.7599,2508.9,38.9,2584.6,100.6,75.7,61.7,0.8834,0.8834,TP,0.52,1.8089,,,,hayir,,,reports/hafta7_fp_protokolu.md,test,157,tahminler_taban512_hafta7.csv,tahminler_model512.csv,0.3,0.52,1.8089,0.3,0.5,0.1,8,512,110,55,20260913,"Esikler, katsayilar ve ornek buyuklukleri KARARDIR; olcumden turetilmedi. Ayrinti protokol dosyasinda.",3.13.1,8.4.144,0.12.6,2.14.0,2026-09-13 10:08:36,scripts/25_esit_fp_adaylari.py
model_00847,Model-512,train_ZRI_3026_JPG.rf.1503e7f8824e0cca340091e680501e12.jpg,ZRI,0.7571,3808.4,111.8,3911.6,211.2,103.2,99.4,0.8619,0.8619,TP,0.52,1.8089,,,,hayir,,,reports/hafta7_fp_protokolu.md,test,157,tahminler_taban512_hafta7.csv,tahminler_model512.csv,0.3,0.52,1.8089,0.3,0.5,0.1,8,512,110,55,20260913,"Esikler, katsayilar ve ornek buyuklukleri KARARDIR; olcumden turetilmedi. Ayrinti protokol dosyasinda.",3.13.1,8.4.144,0.12.6,2.14.0,2026-09-13 10:08:36,scripts/25_esit_fp_adaylari.py
model_00848,Model-512,train_ZRI_3026_JPG.rf.1503e7f8824e0cca340091e680501e12.jpg,ZRI,0.7533,3655.0,2510.2,3771.8,2617.3,116.8,107.1,0.3892,0.3892,TP,0.52,1.8089,,,,hayir,,,reports/hafta7_fp_protokolu.md,test,157,tahminler_taban512_hafta7.csv,tahminler_model512.csv,0.3,0.52,1.8089,0.3,0.5,0.1,8,512,110,55,20260913,"Esikler, katsayilar ve ornek buyuklukleri KARARDIR; olcumden turetilmedi. Ayrinti protokol dosyasinda.",3.13.1,8.4.144,0.12.6,2.14.0,2026-09-13 10:08:36,scripts/25_esit_fp_adaylari.py
model_00849,Model-512,train_ZRI_3026_JPG.rf.1503e7f8824e0cca340091e680501e12.jpg,ZRI,0.7364,2981.9,722.7,3058.4,778.2,76.5,55.5,0.8993,0.8993,TP,0.52,1.8089,,,,hayir,,,reports/hafta7_fp_protokolu.md,test,157,tahminler_taban512_hafta7.csv,tahminler_model512.csv,0.3,0.52,1.8089,0.3,0.5,0.1,8,512,110,55,20260913,"Esikler, katsayilar ve ornek buyuklukleri KARARDIR; olcumden turetilmedi. Ayrinti protokol dosyasinda.",3.13.1,8.4.144,0.12.6,2.14.0,2026-09-13 10:08:36,scripts/25_esit_fp_adaylari.py
model_00850,Model-512,train_ZRI_3026_JPG.rf.1503e7f8824e0cca340091e680501e12.jpg,ZRI,0.6821,3661.5,2513.4,3743.4,2562.0,81.9,48.6,0.6147,,FP,0.52,1.8089,,,,hayir,,,reports/hafta7_fp_protokolu.md,test,157,tahminler_taban512_hafta7.csv,tahminler_model512.csv,0.3,0.52,1.8089,0.3,0.5,0.1,8,512,110,55,20260913,"Esikler, katsayilar ve ornek buyuklukleri KARARDIR; olcumden turetilmedi. Ayrinti protokol dosyasinda.",3.13.1,8.4.144,0.12.6,2.14.0,2026-09-13 10:08:36,scripts/25_esit_fp_adaylari.py
model_00851,Model-512,train_ZRI_3026_JPG.rf.1503e7f8824e0cca340091e680501e12.jpg,ZRI,0.6373,3602.3,1361.9,3671.0,1423.2,68.7,61.3,0.8296,0.8296,TP,0.52,1.8089,,,,hayir,,,reports/hafta7_fp_protokolu.md,test,157,tahminler_taban512_hafta7.csv,tahminler_model512.csv,0.3,0.52,1.8089,0.3,0.5,0.1,8,512,110,55,20260913,"Esikler, katsayilar ve ornek buyuklukleri KARARDIR; olcumden turetilmedi. Ayrinti protokol dosyasinda.",3.13.1,8.4.144,0.12.6,2.14.0,2026-09-13 10:08:36,scripts/25_esit_fp_adaylari.py
model_00852,Model-512,train_ZRI_3026_JPG.rf.1503e7f8824e0cca340091e680501e12.jpg,ZRI,0.6074,3333.4,593.6,3382.0,657.7,48.6,64.1,0.5396,,FP,0.52,1.8089,,a0379,a0254,evet,Model-512/ZRI,0.3504,reports/hafta7_fp_protokolu.md,test,157,tahminler_taban512_hafta7.csv,tahminler_model512.csv,0.3,0.52,1.8089,0.3,0.5,0.1,8,512,110,55,20260913,"Esikler, katsayilar ve ornek buyuklukleri KARARDIR; olcumden turetilmedi. Ayrinti protokol dosyasinda.",3.13.1,8.4.144,0.12.6,2.14.0,2026-09-13 10:08:36,scripts/25_esit_fp_adaylari.py
model_00853,Model-512,train_ZRI_3026_JPG.rf.1503e7f8824e0cca340091e680501e12.jpg,ZRI,0.553,959.4,1125.1,1043.1,1242.5,83.7,117.4,0.6106,0.6106,TP,0.52,1.8089,,,,hayir,,,reports/hafta7_fp_protokolu.md,test,157,tahminler_taban512_hafta7.csv,tahminler_model512.csv,0.3,0.52,1.8089,0.3,0.5,0.1,8,512,110,55,20260913,"Esikler, katsayilar ve ornek buyuklukleri KARARDIR; olcumden turetilmedi. Ayrinti protokol dosyasinda.",3.13.1,8.4.144,0.12.6,2.14.0,2026-09-13 10:08:36,scripts/25_esit_fp_adaylari.py
model_00854,Model-512,train_ZRI_3027_JPG.rf.99f697df2ae83d2ef77dd3effe2b5f2a.jpg,ZRI,0.8405,3791.1,1.5,3896.0,90.2,104.9,88.7,0.8548,0.8548,TP,0.52,1.8089,,,,hayir,,,reports/hafta7_fp_protokolu.md,test,157,tahminler_taban512_hafta7.csv,tahminler_model512.csv,0.3,0.52,1.8089,0.3,0.5,0.1,8,512,110,55,20260913,"Esikler, katsayilar ve ornek buyuklukleri KARARDIR; olcumden turetilmedi. Ayrinti protokol dosyasinda.",3.13.1,8.4.144,0.12.6,2.14.0,2026-09-13 10:08:36,scripts/25_esit_fp_adaylari.py
model_00855,Model-512,train_ZRI_3027_JPG.rf.99f697df2ae83d2ef77dd3effe2b5f2a.jpg,ZRI,0.8152,1697.7,7.4,1762.8,78.1,65.1,70.7,0.8394,0.8394,TP,0.52,1.8089,,,,hayir,,,reports/hafta7_fp_protokolu.md,test,157,tahminler_taban512_hafta7.csv,tahminler_model512.csv,0.3,0.52,1.8089,0.3,0.5,0.1,8,512,110,55,20260913,"Esikler, katsayilar ve ornek buyuklukleri KARARDIR; olcumden turetilmedi. Ayrinti protokol dosyasinda.",3.13.1,8.4.144,0.12.6,2.14.0,2026-09-13 10:08:36,scripts/25_esit_fp_adaylari.py
model_00856,Model-512,train_ZRI_3027_JPG.rf.99f697df2ae83d2ef77dd3effe2b5f2a.jpg,ZRI,0.7906,3275.2,815.2,3360.6,912.6,85.4,97.4,0.8547,0.8547,TP,0.52,1.8089,,,,hayir,,,reports/hafta7_fp_protokolu.md,test,157,tahminler_taban512_hafta7.csv,tahminler_model512.csv,0.3,0.52,1.8089,0.3,0.5,0.1,8,512,110,55,20260913,"Esikler, katsayilar ve ornek buyuklukleri KARARDIR; olcumden turetilmedi. Ayrinti protokol dosyasinda.",3.13.1,8.4.144,0.12.6,2.14.0,2026-09-13 10:08:36,scripts/25_esit_fp_adaylari.py
model_00857,Model-512,train_ZRI_3027_JPG.rf.99f697df2ae83d2ef77dd3effe2b5f2a.jpg,ZRI,0.784,3313.8,457.0,3401.5,529.1,87.7,72.1,0.8809,0.8809,TP,0.52,1.8089,,,,hayir,,,reports/hafta7_fp_protokolu.md,test,157,tahminler_taban512_hafta7.csv,tahminler_model512.csv,0.3,0.52,1.8089,0.3,0.5,0.1,8,512,110,55,20260913,"Esikler, katsayilar ve ornek buyuklukleri KARARDIR; olcumden turetilmedi. Ayrinti protokol dosyasinda.",3.13.1,8.4.144,0.12.6,2.14.0,2026-09-13 10:08:36,scripts/25_esit_fp_adaylari.py
model_00858,Model-512,train_ZRI_3027_JPG.rf.99f697df2ae83d2ef77dd3effe2b5f2a.jpg,ZRI,0.7805,2623.6,874.6,2715.4,954.1,91.8,79.5,0.6154,0.6154,TP,0.52,1.8089,,,,hayir,,,reports/hafta7_fp_protokolu.md,test,157,tahminler_taban512_hafta7.csv,tahminler_model512.csv,0.3,0.52,1.8089,0.3,0.5,0.1,8,512,110,55,20260913,"Esikler, katsayilar ve ornek buyuklukleri KARARDIR; olcumden turetilmedi. Ayrinti protokol dosyasinda.",3.13.1,8.4.144,0.12.6,2.14.0,2026-09-13 10:08:36,scripts/25_esit_fp_adaylari.py
model_00859,Model-512,train_ZRI_3027_JPG.rf.99f697df2ae83d2ef77dd3effe2b5f2a.jpg,ZRI,0.7708,3800.4,1003.3,3918.7,1081.0,118.3,77.7,0.8475,0.8475,TP,0.52,1.8089,,,,hayir,,,reports/hafta7_fp_protokolu.md,test,157,tahminler_taban512_hafta7.csv,tahminler_model512.csv,0.3,0.52,1.8089,0.3,0.5,0.1,8,512,110,55,20260913,"Esikler, katsayilar ve ornek buyuklukleri KARARDIR; olcumden turetilmedi. Ayrinti protokol dosyasinda.",3.13.1,8.4.144,0.12.6,2.14.0,2026-09-13 10:08:36,scripts/25_esit_fp_adaylari.py
model_00860,Model-512,train_ZRI_3027_JPG.rf.99f697df2ae83d2ef77dd3effe2b5f2a.jpg,ZRI,0.7596,966.6,972.8,1035.3,1060.7,68.7,87.9,0.7868,0.7868,TP,0.52,1.8089,,,,hayir,,,reports/hafta7_fp_protokolu.md,test,157,tahminler_taban512_hafta7.csv,tahminler_model512.csv,0.3,0.52,1.8089,0.3,0.5,0.1,8,512,110,55,20260913,"Esikler, katsayilar ve ornek buyuklukleri KARARDIR; olcumden turetilmedi. Ayrinti protokol dosyasinda.",3.13.1,8.4.144,0.12.6,2.14.0,2026-09-13 10:08:36,scripts/25_esit_fp_adaylari.py
model_00861,Model-512,train_ZRI_3027_JPG.rf.99f697df2ae83d2ef77dd3effe2b5f2a.jpg,ZRI,0.7283,2342.0,0.0,2396.0,56.3,54.0,56.3,0.6695,0.6695,TP,0.52,1.8089,,,,hayir,,,reports/hafta7_fp_protokolu.md,test,157,tahminler_taban512_hafta7.csv,tahminler_model512.csv,0.3,0.52,1.8089,0.3,0.5,0.1,8,512,110,55,20260913,"Esikler, katsayilar ve ornek buyuklukleri KARARDIR; olcumden turetilmedi. Ayrinti protokol dosyasinda.",3.13.1,8.4.144,0.12.6,2.14.0,2026-09-13 10:08:36,scripts/25_esit_fp_adaylari.py
model_00862,Model-512,train_ZRI_3027_JPG.rf.99f697df2ae83d2ef77dd3effe2b5f2a.jpg,ZRI,0.6875,2960.8,588.6,3034.7,650.2,73.9,61.6,0.8546,0.8546,TP,0.52,1.8089,,,,hayir,,,reports/hafta7_fp_protokolu.md,test,157,tahminler_taban512_hafta7.csv,tahminler_model512.csv,0.3,0.52,1.8089,0.3,0.5,0.1,8,512,110,55,20260913,"Esikler, katsayilar ve ornek buyuklukleri KARARDIR; olcumden turetilmedi. Ayrinti protokol dosyasinda.",3.13.1,8.4.144,0.12.6,2.14.0,2026-09-13 10:08:36,scripts/25_esit_fp_adaylari.py
model_00863,Model-512,train_ZRI_3027_JPG.rf.99f697df2ae83d2ef77dd3effe2b5f2a.jpg,ZRI,0.6525,3569.3,1230.8,3637.0,1289.1,67.7,58.3,0.7591,0.7591,TP,0.52,1.8089,,,,hayir,,,reports/hafta7_fp_protokolu.md,test,157,tahminler_taban512_hafta7.csv,tahminler_model512.csv,0.3,0.52,1.8089,0.3,0.5,0.1,8,512,110,55,20260913,"Esikler, katsayilar ve ornek buyuklukleri KARARDIR; olcumden turetilmedi. Ayrinti protokol dosyasinda.",3.13.1,8.4.144,0.12.6,2.14.0,2026-09-13 10:08:36,scripts/25_esit_fp_adaylari.py
model_00864,Model-512,train_ZRI_3027_JPG.rf.99f697df2ae83d2ef77dd3effe2b5f2a.jpg,ZRI,0.5646,349.7,2747.2,413.2,2830.6,63.5,83.4,0.0,,FP,0.52,1.8089,,a0068,a0294,evet,Model-512/ZRI,0.3504,reports/hafta7_fp_protokolu.md,test,157,tahminler_taban512_hafta7.csv,tahminler_model512.csv,0.3,0.52,1.8089,0.3,0.5,0.1,8,512,110,55,20260913,"Esikler, katsayilar ve ornek buyuklukleri KARARDIR; olcumden turetilmedi. Ayrinti protokol dosyasinda.",3.13.1,8.4.144,0.12.6,2.14.0,2026-09-13 10:08:36,scripts/25_esit_fp_adaylari.py
model_00865,Model-512,train_ZRI_3027_JPG.rf.99f697df2ae83d2ef77dd3effe2b5f2a.jpg,ZRI,0.5522,3459.0,2621.2,3573.5,2697.9,114.5,76.7,0.4413,0.4413,TP,0.52,1.8089,,,,hayir,,,reports/hafta7_fp_protokolu.md,test,157,tahminler_taban512_hafta7.csv,tahminler_model512.csv,0.3,0.52,1.8089,0.3,0.5,0.1,8,512,110,55,20260913,"Esikler, katsayilar ve ornek buyuklukleri KARARDIR; olcumden turetilmedi. Ayrinti protokol dosyasinda.",3.13.1,8.4.144,0.12.6,2.14.0,2026-09-13 10:08:36,scripts/25_esit_fp_adaylari.py
model_00866,Model-512,train_ZRI_3027_JPG.rf.99f697df2ae83d2ef77dd3effe2b5f2a.jpg,ZRI,0.5454,2489.9,1.1,2561.5,95.9,71.6,94.8,0.7094,0.7094,TP,0.52,1.8089,,,,hayir,,,reports/hafta7_fp_protokolu.md,test,157,tahminler_taban512_hafta7.csv,tahminler_model512.csv,0.3,0.52,1.8089,0.3,0.5,0.1,8,512,110,55,20260913,"Esikler, katsayilar ve ornek buyuklukleri KARARDIR; olcumden turetilmedi. Ayrinti protokol dosyasinda.",3.13.1,8.4.144,0.12.6,2.14.0,2026-09-13 10:08:36,scripts/25_esit_fp_adaylari.py
model_00867,Model-512,train_ZRI_3030_JPG.rf.cd2f9a5414e77b121e0373a683d08cff.jpg,ZRI,0.8176,2655.0,106.5,2735.5,195.9,80.5,89.4,0.7859,0.7859,TP,0.52,1.8089,,,,hayir,,,reports/hafta7_fp_protokolu.md,test,157,tahminler_taban512_hafta7.csv,tahminler_model512.csv,0.3,0.52,1.8089,0.3,0.5,0.1,8,512,110,55,20260913,"Esikler, katsayilar ve ornek buyuklukleri KARARDIR; olcumden turetilmedi. Ayrinti protokol dosyasinda.",3.13.1,8.4.144,0.12.6,2.14.0,2026-09-13 10:08:36,scripts/25_esit_fp_adaylari.py
model_00868,Model-512,train_ZRI_3030_JPG.rf.cd2f9a5414e77b121e0373a683d08cff.jpg,ZRI,0.7733,3116.9,419.2,3199.9,501.9,83.0,82.7,0.7176,0.7176,TP,0.52,1.8089,,,,hayir,,,reports/hafta7_fp_protokolu.md,test,157,tahminler_taban512_hafta7.csv,tahminler_model512.csv,0.3,0.52,1.8089,0.3,0.5,0.1,8,512,110,55,20260913,"Esikler, katsayilar ve ornek buyuklukleri KARARDIR; olcumden turetilmedi. Ayrinti protokol dosyasinda.",3.13.1,8.4.144,0.12.6,2.14.0,2026-09-13 10:08:36,scripts/25_esit_fp_adaylari.py
model_00869,Model-512,train_ZRI_3030_JPG.rf.cd2f9a5414e77b121e0373a683d08cff.jpg,ZRI,0.7509,2818.9,557.2,2886.0,622.8,67.1,65.6,0.7315,0.7315,TP,0.52,1.8089,,,,hayir,,,reports/hafta7_fp_protokolu.md,test,157,tahminler_taban512_hafta7.csv,tahminler_model512.csv,0.3,0.52,1.8089,0.3,0.5,0.1,8,512,110,55,20260913,"Esikler, katsayilar ve ornek buyuklukleri KARARDIR; olcumden turetilmedi. Ayrinti protokol dosyasinda.",3.13.1,8.4.144,0.12.6,2.14.0,2026-09-13 10:08:36,scripts/25_esit_fp_adaylari.py
model_00870,Model-512,train_ZRI_3030_JPG.rf.cd2f9a5414e77b121e0373a683d08cff.jpg,ZRI,0.7435,1232.9,1909.6,1273.1,1955.0,40.2,45.4,0.8618,0.8618,TP,0.52,1.8089,,,,hayir,,,reports/hafta7_fp_protokolu.md,test,157,tahminler_taban512_hafta7.csv,tahminler_model512.csv,0.3,0.52,1.8089,0.3,0.5,0.1,8,512,110,55,20260913,"Esikler, katsayilar ve ornek buyuklukleri KARARDIR; olcumden turetilmedi. Ayrinti protokol dosyasinda.",3.13.1,8.4.144,0.12.6,2.14.0,2026-09-13 10:08:36,scripts/25_esit_fp_adaylari.py
model_00871,Model-512,train_ZRI_3030_JPG.rf.cd2f9a5414e77b121e0373a683d08cff.jpg,ZRI,0.7083,2050.0,0.0,2106.4,51.1,56.4,51.1,0.0,,FP,0.52,1.8089,,,,hayir,,,reports/hafta7_fp_protokolu.md,test,157,tahminler_taban512_hafta7.csv,tahminler_model512.csv,0.3,0.52,1.8089,0.3,0.5,0.1,8,512,110,55,20260913,"Esikler, katsayilar ve ornek buyuklukleri KARARDIR; olcumden turetilmedi. Ayrinti protokol dosyasinda.",3.13.1,8.4.144,0.12.6,2.14.0,2026-09-13 10:08:36,scripts/25_esit_fp_adaylari.py
model_00872,Model-512,train_ZRI_3030_JPG.rf.cd2f9a5414e77b121e0373a683d08cff.jpg,ZRI,0.6225,1992.7,884.3,2036.4,962.7,43.7,78.4,0.0,,FP,0.52,1.8089,,,,hayir,,,reports/hafta7_fp_protokolu.md,test,157,tahminler_taban512_hafta7.csv,tahminler_model512.csv,0.3,0.52,1.8089,0.3,0.5,0.1,8,512,110,55,20260913,"Esikler, katsayilar ve ornek buyuklukleri KARARDIR; olcumden turetilmedi. Ayrinti protokol dosyasinda.",3.13.1,8.4.144,0.12.6,2.14.0,2026-09-13 10:08:36,scripts/25_esit_fp_adaylari.py
model_00873,Model-512,train_ZRI_3031_JPG.rf.77fb682816ff2a80876429e205b7da83.jpg,ZRI,0.8271,3235.3,445.5,3325.3,511.8,90.0,66.3,0.6469,0.6469,TP,0.52,1.8089,,,,hayir,,,reports/hafta7_fp_protokolu.md,test,157,tahminler_taban512_hafta7.csv,tahminler_model512.csv,0.3,0.52,1.8089,0.3,0.5,0.1,8,512,110,55,20260913,"Esikler, katsayilar ve ornek buyuklukleri KARARDIR; olcumden turetilmedi. Ayrinti protokol dosyasinda.",3.13.1,8.4.144,0.12.6,2.14.0,2026-09-13 10:08:36,scripts/25_esit_fp_adaylari.py
model_00874,Model-512,train_ZRI_3031_JPG.rf.77fb682816ff2a80876429e205b7da83.jpg,ZRI,0.8219,2781.6,795.8,2860.6,864.0,79.0,68.2,0.869,0.869,TP,0.52,1.8089,,,,hayir,,,reports/hafta7_fp_protokolu.md,test,157,tahminler_taban512_hafta7.csv,tahminler_model512.csv,0.3,0.52,1.8089,0.3,0.5,0.1,8,512,110,55,20260913,"Esikler, katsayilar ve ornek buyuklukleri KARARDIR; olcumden turetilmedi. Ayrinti protokol dosyasinda.",3.13.1,8.4.144,0.12.6,2.14.0,2026-09-13 10:08:36,scripts/25_esit_fp_adaylari.py
model_00875,Model-512,train_ZRI_3031_JPG.rf.77fb682816ff2a80876429e205b7da83.jpg,ZRI,0.8171,3074.5,1457.1,3162.5,1545.9,88.0,88.8,0.7282,0.7282,TP,0.52,1.8089,,,,hayir,,,reports/hafta7_fp_protokolu.md,test,157,tahminler_taban512_hafta7.csv,tahminler_model512.csv,0.3,0.52,1.8089,0.3,0.5,0.1,8,512,110,55,20260913,"Esikler, katsayilar ve ornek buyuklukleri KARARDIR; olcumden turetilmedi. Ayrinti protokol dosyasinda.",3.13.1,8.4.144,0.12.6,2.14.0,2026-09-13 10:08:36,scripts/25_esit_fp_adaylari.py
model_00876,Model-512,train_ZRI_3031_JPG.rf.77fb682816ff2a80876429e205b7da83.jpg,ZRI,0.8163,3280.0,445.3,3325.9,503.6,45.9,58.3,0.2792,,FP,0.52,1.8089,,a0343,a0046,evet,Model-512/ZRI,0.3504,reports/hafta7_fp_protokolu.md,test,157,tahminler_taban512_hafta7.csv,tahminler_model512.csv,0.3,0.52,1.8089,0.3,0.5,0.1,8,512,110,55,20260913,"Esikler, katsayilar ve ornek buyuklukleri KARARDIR; olcumden turetilmedi. Ayrinti protokol dosyasinda.",3.13.1,8.4.144,0.12.6,2.14.0,2026-09-13 10:08:36,scripts/25_esit_fp_adaylari.py
model_00877,Model-512,train_ZRI_3031_JPG.rf.77fb682816ff2a80876429e205b7da83.jpg,ZRI,0.7805,1990.4,37.0,2048.4,113.4,58.0,76.4,0.6951,0.6951,TP,0.52,1.8089,,,,hayir,,,reports/hafta7_fp_protokolu.md,test,157,tahminler_taban512_hafta7.csv,tahminler_model512.csv,0.3,0.52,1.8089,0.3,0.5,0.1,8,512,110,55,20260913,"Esikler, katsayilar ve ornek buyuklukleri KARARDIR; olcumden turetilmedi. Ayrinti protokol dosyasinda.",3.13.1,8.4.144,0.12.6,2.14.0,2026-09-13 10:08:36,scripts/25_esit_fp_adaylari.py
model_00878,Model-512,train_ZRI_3031_JPG.rf.77fb682816ff2a80876429e205b7da83.jpg,ZRI,0.7752,385.1,560.2,474.8,637.7,89.7,77.5,0.8888,0.8888,TP,0.52,1.8089,,,,hayir,,,reports/hafta7_fp_protokolu.md,test,157,tahminler_taban512_hafta7.csv,tahminler_model512.csv,0.3,0.52,1.8089,0.3,0.5,0.1,8,512,110,55,20260913,"Esikler, katsayilar ve ornek buyuklukleri KARARDIR; olcumden turetilmedi. Ayrinti protokol dosyasinda.",3.13.1,8.4.144,0.12.6,2.14.0,2026-09-13 10:08:36,scripts/25_esit_fp_adaylari.py
model_00879,Model-512,train_ZRI_3031_JPG.rf.77fb682816ff2a80876429e205b7da83.jpg,ZRI,0.7688,2992.5,357.5,3076.0,450.6,83.5,93.1,0.79,0.79,TP,0.52,1.8089,,,,hayir,,,reports/hafta7_fp_protokolu.md,test,157,tahminler_taban512_hafta7.csv,tahminler_model512.csv,0.3,0.52,1.8089,0.3,0.5,0.1,8,512,110,55,20260913,"Esikler, katsayilar ve ornek buyuklukleri KARARDIR; olcumden turetilmedi. Ayrinti protokol dosyasinda.",3.13.1,8.4.144,0.12.6,2.14.0,2026-09-13 10:08:36,scripts/25_esit_fp_adaylari.py
model_00880,Model-512,train_ZRI_3031_JPG.rf.77fb682816ff2a80876429e205b7da83.jpg,ZRI,0.7444,1969.3,990.4,2067.4,1060.4,98.1,70.0,0.5546,0.5546,TP,0.52,1.8089,,,,hayir,,,reports/hafta7_fp_protokolu.md,test,157,tahminler_taban512_hafta7.csv,tahminler_model512.csv,0.3,0.52,1.8089,0.3,0.5,0.1,8,512,110,55,20260913,"Esikler, katsayilar ve ornek buyuklukleri KARARDIR; olcumden turetilmedi. Ayrinti protokol dosyasinda.",3.13.1,8.4.144,0.12.6,2.14.0,2026-09-13 10:08:36,scripts/25_esit_fp_adaylari.py
model_00881,Model-512,train_ZRI_3031_JPG.rf.77fb682816ff2a80876429e205b7da83.jpg,ZRI,0.739,2613.2,1118.0,2707.5,1195.8,94.3,77.8,0.7251,0.7251,TP,0.52,1.8089,,,,hayir,,,reports/hafta7_fp_protokolu.md,test,157,tahminler_taban512_hafta7.csv,tahminler_model512.csv,0.3,0.52,1.8089,0.3,0.5,0.1,8,512,110,55,20260913,"Esikler, katsayilar ve ornek buyuklukleri KARARDIR; olcumden turetilmedi. Ayrinti protokol dosyasinda.",3.13.1,8.4.144,0.12.6,2.14.0,2026-09-13 10:08:36,scripts/25_esit_fp_adaylari.py
model_00882,Model-512,train_ZRI_3031_JPG.rf.77fb682816ff2a80876429e205b7da83.jpg,ZRI,0.7289,2178.1,17.7,2247.6,78.7,69.5,61.0,0.8409,0.8409,TP,0.52,1.8089,,,,hayir,,,reports/hafta7_fp_protokolu.md,test,157,tahminler_taban512_hafta7.csv,tahminler_model512.csv,0.3,0.52,1.8089,0.3,0.5,0.1,8,512,110,55,20260913,"Esikler, katsayilar ve ornek buyuklukleri KARARDIR; olcumden turetilmedi. Ayrinti protokol dosyasinda.",3.13.1,8.4.144,0.12.6,2.14.0,2026-09-13 10:08:36,scripts/25_esit_fp_adaylari.py
model_00883,Model-512,train_ZRI_3031_JPG.rf.77fb682816ff2a80876429e205b7da83.jpg,ZRI,0.6892,3784.4,423.2,3843.0,498.1,58.6,74.9,0.0,,FP,0.52,1.8089,,a0279,a0179,evet,Model-512/ZRI,0.3504,reports/hafta7_fp_protokolu.md,test,157,tahminler_taban512_hafta7.csv,tahminler_model512.csv,0.3,0.52,1.8089,0.3,0.5,0.1,8,512,110,55,20260913,"Esikler, katsayilar ve ornek buyuklukleri KARARDIR; olcumden turetilmedi. Ayrinti protokol dosyasinda.",3.13.1,8.4.144,0.12.6,2.14.0,2026-09-13 10:08:36,scripts/25_esit_fp_adaylari.py
model_00884,Model-512,train_ZRI_3031_JPG.rf.77fb682816ff2a80876429e205b7da83.jpg,ZRI,0.6841,3280.0,623.8,3379.0,737.2,99.0,113.4,0.2704,,FP,0.52,1.8089,,,,hayir,,,reports/hafta7_fp_protokolu.md,test,157,tahminler_taban512_hafta7.csv,tahminler_model512.csv,0.3,0.52,1.8089,0.3,0.5,0.1,8,512,110,55,20260913,"Esikler, katsayilar ve ornek buyuklukleri KARARDIR; olcumden turetilmedi. Ayrinti protokol dosyasinda.",3.13.1,8.4.144,0.12.6,2.14.0,2026-09-13 10:08:36,scripts/25_esit_fp_adaylari.py
model_00885,Model-512,train_ZRI_3031_JPG.rf.77fb682816ff2a80876429e205b7da83.jpg,ZRI,0.6035,2388.6,791.3,2463.1,860.8,74.5,69.5,0.5331,0.5331,TP,0.52,1.8089,,,,hayir,,,reports/hafta7_fp_protokolu.md,test,157,tahminler_taban512_hafta7.csv,tahminler_model512.csv,0.3,0.52,1.8089,0.3,0.5,0.1,8,512,110,55,20260913,"Esikler, katsayilar ve ornek buyuklukleri KARARDIR; olcumden turetilmedi. Ayrinti protokol dosyasinda.",3.13.1,8.4.144,0.12.6,2.14.0,2026-09-13 10:08:36,scripts/25_esit_fp_adaylari.py
model_00886,Model-512,train_ZRI_3031_JPG.rf.77fb682816ff2a80876429e205b7da83.jpg,ZRI,0.5669,2768.9,1604.2,2836.8,1672.2,67.9,68.0,0.5774,0.5774,TP,0.52,1.8089,,,,hayir,,,reports/hafta7_fp_protokolu.md,test,157,tahminler_taban512_hafta7.csv,tahminler_model512.csv,0.3,0.52,1.8089,0.3,0.5,0.1,8,512,110,55,20260913,"Esikler, katsayilar ve ornek buyuklukleri KARARDIR; olcumden turetilmedi. Ayrinti protokol dosyasinda.",3.13.1,8.4.144,0.12.6,2.14.0,2026-09-13 10:08:36,scripts/25_esit_fp_adaylari.py
model_00887,Model-512,train_ZRI_3032_JPG.rf.5b893bf74c6c8d1404e9c805950090de.jpg,ZRI,0.8473,2658.9,2685.9,2744.6,2761.8,85.7,75.9,0.7968,0.7968,TP,0.52,1.8089,,,,hayir,,,reports/hafta7_fp_protokolu.md,test,157,tahminler_taban512_hafta7.csv,tahminler_model512.csv,0.3,0.52,1.8089,0.3,0.5,0.1,8,512,110,55,20260913,"Esikler, katsayilar ve ornek buyuklukleri KARARDIR; olcumden turetilmedi. Ayrinti protokol dosyasinda.",3.13.1,8.4.144,0.12.6,2.14.0,2026-09-13 10:08:36,scripts/25_esit_fp_adaylari.py
model_00888,Model-512,train_ZRI_3032_JPG.rf.5b893bf74c6c8d1404e9c805950090de.jpg,ZRI,0.8329,3030.8,1147.5,3098.0,1227.3,67.2,79.8,0.9,0.9,TP,0.52,1.8089,,,,hayir,,,reports/hafta7_fp_protokolu.md,test,157,tahminler_taban512_hafta7.csv,tahminler_model512.csv,0.3,0.52,1.8089,0.3,0.5,0.1,8,512,110,55,20260913,"Esikler, katsayilar ve ornek buyuklukleri KARARDIR; olcumden turetilmedi. Ayrinti protokol dosyasinda.",3.13.1,8.4.144,0.12.6,2.14.0,2026-09-13 10:08:36,scripts/25_esit_fp_adaylari.py
model_00889,Model-512,train_ZRI_3032_JPG.rf.5b893bf74c6c8d1404e9c805950090de.jpg,ZRI,0.8148,3197.8,1528.8,3305.4,1592.6,107.6,63.8,0.8344,0.8344,TP,0.52,1.8089,,,,hayir,,,reports/hafta7_fp_protokolu.md,test,157,tahminler_taban512_hafta7.csv,tahminler_model512.csv,0.3,0.52,1.8089,0.3,0.5,0.1,8,512,110,55,20260913,"Esikler, katsayilar ve ornek buyuklukleri KARARDIR; olcumden turetilmedi. Ayrinti protokol dosyasinda.",3.13.1,8.4.144,0.12.6,2.14.0,2026-09-13 10:08:36,scripts/25_esit_fp_adaylari.py
model_00890,Model-512,train_ZRI_3032_JPG.rf.5b893bf74c6c8d1404e9c805950090de.jpg,ZRI,0.8144,1219.3,1706.4,1278.4,1780.1,59.1,73.7,0.8722,0.8722,TP,0.52,1.8089,,,,hayir,,,reports/hafta7_fp_protokolu.md,test,157,tahminler_taban512_hafta7.csv,tahminler_model512.csv,0.3,0.52,1.8089,0.3,0.5,0.1,8,512,110,55,20260913,"Esikler, katsayilar ve ornek buyuklukleri KARARDIR; olcumden turetilmedi. Ayrinti protokol dosyasinda.",3.13.1,8.4.144,0.12.6,2.14.0,2026-09-13 10:08:36,scripts/25_esit_fp_adaylari.py
model_00891,Model-512,train_ZRI_3032_JPG.rf.5b893bf74c6c8d1404e9c805950090de.jpg,ZRI,0.8106,1823.6,2898.7,1923.4,2969.3,99.8,70.6,0.6617,0.6617,TP,0.52,1.8089,,,,hayir,,,reports/hafta7_fp_protokolu.md,test,157,tahminler_taban512_hafta7.csv,tahminler_model512.csv,0.3,0.52,1.8089,0.3,0.5,0.1,8,512,110,55,20260913,"Esikler, katsayilar ve ornek buyuklukleri KARARDIR; olcumden turetilmedi. Ayrinti protokol dosyasinda.",3.13.1,8.4.144,0.12.6,2.14.0,2026-09-13 10:08:36,scripts/25_esit_fp_adaylari.py
model_00892,Model-512,train_ZRI_3032_JPG.rf.5b893bf74c6c8d1404e9c805950090de.jpg,ZRI,0.8026,208.1,2418.5,292.8,2506.4,84.7,87.9,0.8003,0.8003,TP,0.52,1.8089,,,,hayir,,,reports/hafta7_fp_protokolu.md,test,157,tahminler_taban512_hafta7.csv,tahminler_model512.csv,0.3,0.52,1.8089,0.3,0.5,0.1,8,512,110,55,20260913,"Esikler, katsayilar ve ornek buyuklukleri KARARDIR; olcumden turetilmedi. Ayrinti protokol dosyasinda.",3.13.1,8.4.144,0.12.6,2.14.0,2026-09-13 10:08:36,scripts/25_esit_fp_adaylari.py
model_00893,Model-512,train_ZRI_3032_JPG.rf.5b893bf74c6c8d1404e9c805950090de.jpg,ZRI,0.7858,2487.9,1779.7,2566.8,1841.5,78.9,61.8,0.4966,0.4966,TP,0.52,1.8089,,,,hayir,,,reports/hafta7_fp_protokolu.md,test,157,tahminler_taban512_hafta7.csv,tahminler_model512.csv,0.3,0.52,1.8089,0.3,0.5,0.1,8,512,110,55,20260913,"Esikler, katsayilar ve ornek buyuklukleri KARARDIR; olcumden turetilmedi. Ayrinti protokol dosyasinda.",3.13.1,8.4.144,0.12.6,2.14.0,2026-09-13 10:08:36,scripts/25_esit_fp_adaylari.py
model_00894,Model-512,train_ZRI_3032_JPG.rf.5b893bf74c6c8d1404e9c805950090de.jpg,ZRI,0.7549,2656.3,1301.2,2726.2,1366.0,69.9,64.8,0.6451,0.6451,TP,0.52,1.8089,,,,hayir,,,reports/hafta7_fp_protokolu.md,test,157,tahminler_taban512_hafta7.csv,tahminler_model512.csv,0.3,0.52,1.8089,0.3,0.5,0.1,8,512,110,55,20260913,"Esikler, katsayilar ve ornek buyuklukleri KARARDIR; olcumden turetilmedi. Ayrinti protokol dosyasinda.",3.13.1,8.4.144,0.12.6,2.14.0,2026-09-13 10:08:36,scripts/25_esit_fp_adaylari.py
model_00895,Model-512,train_ZRI_3032_JPG.rf.5b893bf74c6c8d1404e9c805950090de.jpg,ZRI,0.6795,3663.3,1260.4,3728.2,1320.4,64.9,60.0,0.3225,0.3225,TP,0.52,1.8089,,,,hayir,,,reports/hafta7_fp_protokolu.md,test,157,tahminler_taban512_hafta7.csv,tahminler_model512.csv,0.3,0.52,1.8089,0.3,0.5,0.1,8,512,110,55,20260913,"Esikler, katsayilar ve ornek buyuklukleri KARARDIR; olcumden turetilmedi. Ayrinti protokol dosyasinda.",3.13.1,8.4.144,0.12.6,2.14.0,2026-09-13 10:08:36,scripts/25_esit_fp_adaylari.py
model_00896,Model-512,train_ZRI_3032_JPG.rf.5b893bf74c6c8d1404e9c805950090de.jpg,ZRI,0.6633,1380.1,1612.8,1430.4,1690.3,50.3,77.5,0.9763,0.9763,TP,0.52,1.8089,,,,hayir,,,reports/hafta7_fp_protokolu.md,test,157,tahminler_taban512_hafta7.csv,tahminler_model512.csv,0.3,0.52,1.8089,0.3,0.5,0.1,8,512,110,55,20260913,"Esikler, katsayilar ve ornek buyuklukleri KARARDIR; olcumden turetilmedi. Ayrinti protokol dosyasinda.",3.13.1,8.4.144,0.12.6,2.14.0,2026-09-13 10:08:36,scripts/25_esit_fp_adaylari.py
model_00897,Model-512,train_ZRI_3032_JPG.rf.5b893bf74c6c8d1404e9c805950090de.jpg,ZRI,0.5989,2193.0,1153.3,2239.9,1211.6,46.9,58.3,0.8537,0.8537,TP,0.52,1.8089,,,,hayir,,,reports/hafta7_fp_protokolu.md,test,157,tahminler_taban512_hafta7.csv,tahminler_model512.csv,0.3,0.52,1.8089,0.3,0.5,0.1,8,512,110,55,20260913,"Esikler, katsayilar ve ornek buyuklukleri KARARDIR; olcumden turetilmedi. Ayrinti protokol dosyasinda.",3.13.1,8.4.144,0.12.6,2.14.0,2026-09-13 10:08:36,scripts/25_esit_fp_adaylari.py
model_00898,Model-512,train_ZRI_3032_JPG.rf.5b893bf74c6c8d1404e9c805950090de.jpg,ZRI,0.5948,2284.1,2732.6,2331.3,2774.6,47.2,42.0,0.2846,,FP,0.52,1.8089,,,,hayir,,,reports/hafta7_fp_protokolu.md,test,157,tahminler_taban512_hafta7.csv,tahminler_model512.csv,0.3,0.52,1.8089,0.3,0.5,0.1,8,512,110,55,20260913,"Esikler, katsayilar ve ornek buyuklukleri KARARDIR; olcumden turetilmedi. Ayrinti protokol dosyasinda.",3.13.1,8.4.144,0.12.6,2.14.0,2026-09-13 10:08:36,scripts/25_esit_fp_adaylari.py
model_00899,Model-512,train_ZRI_3032_JPG.rf.5b893bf74c6c8d1404e9c805950090de.jpg,ZRI,0.5938,2084.6,1255.3,2150.8,1328.1,66.2,72.8,0.6154,0.6154,TP,0.52,1.8089,,,,hayir,,,reports/hafta7_fp_protokolu.md,test,157,tahminler_taban512_hafta7.csv,tahminler_model512.csv,0.3,0.52,1.8089,0.3,0.5,0.1,8,512,110,55,20260913,"Esikler, katsayilar ve ornek buyuklukleri KARARDIR; olcumden turetilmedi. Ayrinti protokol dosyasinda.",3.13.1,8.4.144,0.12.6,2.14.0,2026-09-13 10:08:36,scripts/25_esit_fp_adaylari.py
model_00900,Model-512,train_ZRI_3033_JPG.rf.061b302ec23b9197ab18d5202a0e2d2c.jpg,ZRI,0.8399,3047.1,1231.2,3118.8,1309.8,71.7,78.6,0.8093,0.8093,TP,0.52,1.8089,,,,hayir,,,reports/hafta7_fp_protokolu.md,test,157,tahminler_taban512_hafta7.csv,tahminler_model512.csv,0.3,0.52,1.8089,0.3,0.5,0.1,8,512,110,55,20260913,"Esikler, katsayilar ve ornek buyuklukleri KARARDIR; olcumden turetilmedi. Ayrinti protokol dosyasinda.",3.13.1,8.4.144,0.12.6,2.14.0,2026-09-13 10:08:36,scripts/25_esit_fp_adaylari.py
model_00901,Model-512,train_ZRI_3033_JPG.rf.061b302ec23b9197ab18d5202a0e2d2c.jpg,ZRI,0.8245,2638.4,2775.2,2722.1,2850.7,83.7,75.5,0.7606,0.7606,TP,0.52,1.8089,,,,hayir,,,reports/hafta7_fp_protokolu.md,test,157,tahminler_taban512_hafta7.csv,tahminler_model512.csv,0.3,0.52,1.8089,0.3,0.5,0.1,8,512,110,55,20260913,"Esikler, katsayilar ve ornek buyuklukleri KARARDIR; olcumden turetilmedi. Ayrinti protokol dosyasinda.",3.13.1,8.4.144,0.12.6,2.14.0,2026-09-13 10:08:36,scripts/25_esit_fp_adaylari.py
model_00902,Model-512,train_ZRI_3033_JPG.rf.061b302ec23b9197ab18d5202a0e2d2c.jpg,ZRI,0.8195,1974.8,2669.8,2029.3,2727.5,54.5,57.7,0.7099,0.7099,TP,0.52,1.8089,,,,hayir,,,reports/hafta7_fp_protokolu.md,test,157,tahminler_taban512_hafta7.csv,tahminler_model512.csv,0.3,0.52,1.8089,0.3,0.5,0.1,8,512,110,55,20260913,"Esikler, katsayilar ve ornek buyuklukleri KARARDIR; olcumden turetilmedi. Ayrinti protokol dosyasinda.",3.13.1,8.4.144,0.12.6,2.14.0,2026-09-13 10:08:36,scripts/25_esit_fp_adaylari.py
model_00903,Model-512,train_ZRI_3033_JPG.rf.061b302ec23b9197ab18d5202a0e2d2c.jpg,ZRI,0.8191,3206.8,1620.6,3316.5,1685.7,109.7,65.1,0.8387,0.8387,TP,0.52,1.8089,,,,hayir,,,reports/hafta7_fp_protokolu.md,test,157,tahminler_taban512_hafta7.csv,tahminler_model512.csv,0.3,0.52,1.8089,0.3,0.5,0.1,8,512,110,55,20260913,"Esikler, katsayilar ve ornek buyuklukleri KARARDIR; olcumden turetilmedi. Ayrinti protokol dosyasinda.",3.13.1,8.4.144,0.12.6,2.14.0,2026-09-13 10:08:36,scripts/25_esit_fp_adaylari.py
model_00904,Model-512,train_ZRI_3033_JPG.rf.061b302ec23b9197ab18d5202a0e2d2c.jpg,ZRI,0.8156,168.5,2444.7,257.2,2529.7,88.7,85.0,0.8856,0.8856,TP,0.52,1.8089,,,,hayir,,,reports/hafta7_fp_protokolu.md,test,157,tahminler_taban512_hafta7.csv,tahminler_model512.csv,0.3,0.52,1.8089,0.3,0.5,0.1,8,512,110,55,20260913,"Esikler, katsayilar ve ornek buyuklukleri KARARDIR; olcumden turetilmedi. Ayrinti protokol dosyasinda.",3.13.1,8.4.144,0.12.6,2.14.0,2026-09-13 10:08:36,scripts/25_esit_fp_adaylari.py
model_00905,Model-512,train_ZRI_3033_JPG.rf.061b302ec23b9197ab18d5202a0e2d2c.jpg,ZRI,0.7839,1209.2,1745.5,1270.0,1826.9,60.8,81.4,0.8207,0.8207,TP,0.52,1.8089,,,,hayir,,,reports/hafta7_fp_protokolu.md,test,157,tahminler_taban512_hafta7.csv,tahminler_model512.csv,0.3,0.52,1.8089,0.3,0.5,0.1,8,512,110,55,20260913,"Esikler, katsayilar ve ornek buyuklukleri KARARDIR; olcumden turetilmedi. Ayrinti protokol dosyasinda.",3.13.1,8.4.144,0.12.6,2.14.0,2026-09-13 10:08:36,scripts/25_esit_fp_adaylari.py
model_00906,Model-512,train_ZRI_3033_JPG.rf.061b302ec23b9197ab18d5202a0e2d2c.jpg,ZRI,0.7796,2667.2,1377.3,2738.3,1443.7,71.1,66.4,0.846,0.846,TP,0.52,1.8089,,,,hayir,,,reports/hafta7_fp_protokolu.md,test,157,tahminler_taban512_hafta7.csv,tahminler_model512.csv,0.3,0.52,1.8089,0.3,0.5,0.1,8,512,110,55,20260913,"Esikler, katsayilar ve ornek buyuklukleri KARARDIR; olcumden turetilmedi. Ayrinti protokol dosyasinda.",3.13.1,8.4.144,0.12.6,2.14.0,2026-09-13 10:08:36,scripts/25_esit_fp_adaylari.py
model_00907,Model-512,train_ZRI_3033_JPG.rf.061b302ec23b9197ab18d5202a0e2d2c.jpg,ZRI,0.7032,1841.2,2589.3,1903.1,2640.5,61.9,51.2,0.7625,0.7625,TP,0.52,1.8089,,,,hayir,,,reports/hafta7_fp_protokolu.md,test,157,tahminler_taban512_hafta7.csv,tahminler_model512.csv,0.3,0.52,1.8089,0.3,0.5,0.1,8,512,110,55,20260913,"Esikler, katsayilar ve ornek buyuklukleri KARARDIR; olcumden turetilmedi. Ayrinti protokol dosyasinda.",3.13.1,8.4.144,0.12.6,2.14.0,2026-09-13 10:08:36,scripts/25_esit_fp_adaylari.py
model_00908,Model-512,train_ZRI_3033_JPG.rf.061b302ec23b9197ab18d5202a0e2d2c.jpg,ZRI,0.6769,1899.7,795.3,1940.8,872.6,41.1,77.3,0.7056,0.7056,TP,0.52,1.8089,,,,hayir,,,reports/hafta7_fp_protokolu.md,test,157,tahminler_taban512_hafta7.csv,tahminler_model512.csv,0.3,0.52,1.8089,0.3,0.5,0.1,8,512,110,55,20260913,"Esikler, katsayilar ve ornek buyuklukleri KARARDIR; olcumden turetilmedi. Ayrinti protokol dosyasinda.",3.13.1,8.4.144,0.12.6,2.14.0,2026-09-13 10:08:36,scripts/25_esit_fp_adaylari.py
model_00909,Model-512,train_ZRI_3033_JPG.rf.061b302ec23b9197ab18d5202a0e2d2c.jpg,ZRI,0.6715,3280.0,1642.0,3320.9,1682.9,40.9,40.9,0.1886,,FP,0.52,1.8089,,,,hayir,,,reports/hafta7_fp_protokolu.md,test,157,tahminler_taban512_hafta7.csv,tahminler_model512.csv,0.3,0.52,1.8089,0.3,0.5,0.1,8,512,110,55,20260913,"Esikler, katsayilar ve ornek buyuklukleri KARARDIR; olcumden turetilmedi. Ayrinti protokol dosyasinda.",3.13.1,8.4.144,0.12.6,2.14.0,2026-09-13 10:08:36,scripts/25_esit_fp_adaylari.py
model_00910,Model-512,train_ZRI_3033_JPG.rf.061b302ec23b9197ab18d5202a0e2d2c.jpg,ZRI,0.6506,2232.5,2767.2,2308.1,2858.5,75.6,91.3,0.7251,0.7251,TP,0.52,1.8089,,,,hayir,,,reports/hafta7_fp_protokolu.md,test,157,tahminler_taban512_hafta7.csv,tahminler_model512.csv,0.3,0.52,1.8089,0.3,0.5,0.1,8,512,110,55,20260913,"Esikler, katsayilar ve ornek buyuklukleri KARARDIR; olcumden turetilmedi. Ayrinti protokol dosyasinda.",3.13.1,8.4.144,0.12.6,2.14.0,2026-09-13 10:08:36,scripts/25_esit_fp_adaylari.py
model_00911,Model-512,train_ZRI_3033_JPG.rf.061b302ec23b9197ab18d5202a0e2d2c.jpg,ZRI,0.6431,1374.7,1659.6,1426.3,1738.0,51.6,78.4,0.924,0.924,TP,0.52,1.8089,,,,hayir,,,reports/hafta7_fp_protokolu.md,test,157,tahminler_taban512_hafta7.csv,tahminler_model512.csv,0.3,0.52,1.8089,0.3,0.5,0.1,8,512,110,55,20260913,"Esikler, katsayilar ve ornek buyuklukleri KARARDIR; olcumden turetilmedi. Ayrinti protokol dosyasinda.",3.13.1,8.4.144,0.12.6,2.14.0,2026-09-13 10:08:36,scripts/25_esit_fp_adaylari.py
model_00912,Model-512,train_ZRI_3033_JPG.rf.061b302ec23b9197ab18d5202a0e2d2c.jpg,ZRI,0.6337,3148.5,2453.1,3226.4,2543.5,77.9,90.4,0.6042,0.6042,TP,0.52,1.8089,,,,hayir,,,reports/hafta7_fp_protokolu.md,test,157,tahminler_taban512_hafta7.csv,tahminler_model512.csv,0.3,0.52,1.8089,0.3,0.5,0.1,8,512,110,55,20260913,"Esikler, katsayilar ve ornek buyuklukleri KARARDIR; olcumden turetilmedi. Ayrinti protokol dosyasinda.",3.13.1,8.4.144,0.12.6,2.14.0,2026-09-13 10:08:36,scripts/25_esit_fp_adaylari.py
model_00913,Model-512,train_ZRI_3033_JPG.rf.061b302ec23b9197ab18d5202a0e2d2c.jpg,ZRI,0.5836,1833.4,873.2,1886.6,921.6,53.2,48.4,0.4299,0.4299,TP,0.52,1.8089,,,,hayir,,,reports/hafta7_fp_protokolu.md,test,157,tahminler_taban512_hafta7.csv,tahminler_model512.csv,0.3,0.52,1.8089,0.3,0.5,0.1,8,512,110,55,20260913,"Esikler, katsayilar ve ornek buyuklukleri KARARDIR; olcumden turetilmedi. Ayrinti protokol dosyasinda.",3.13.1,8.4.144,0.12.6,2.14.0,2026-09-13 10:08:36,scripts/25_esit_fp_adaylari.py
model_00914,Model-512,train_ZRI_3033_JPG.rf.061b302ec23b9197ab18d5202a0e2d2c.jpg,ZRI,0.5493,1995.1,2050.2,2060.7,2156.8,65.6,106.6,0.3605,0.3605,TP,0.52,1.8089,,,,hayir,,,reports/hafta7_fp_protokolu.md,test,157,tahminler_taban512_hafta7.csv,tahminler_model512.csv,0.3,0.52,1.8089,0.3,0.5,0.1,8,512,110,55,20260913,"Esikler, katsayilar ve ornek buyuklukleri KARARDIR; olcumden turetilmedi. Ayrinti protokol dosyasinda.",3.13.1,8.4.144,0.12.6,2.14.0,2026-09-13 10:08:36,scripts/25_esit_fp_adaylari.py
model_00915,Model-512,train_ZRI_3034_JPG.rf.cee0854389f8063b3f091fb1512b223b.jpg,ZRI,0.8222,1540.9,375.7,1602.9,459.6,62.0,83.9,0.8954,0.8954,TP,0.52,1.8089,,,,hayir,,,reports/hafta7_fp_protokolu.md,test,157,tahminler_taban512_hafta7.csv,tahminler_model512.csv,0.3,0.52,1.8089,0.3,0.5,0.1,8,512,110,55,20260913,"Esikler, katsayilar ve ornek buyuklukleri KARARDIR; olcumden turetilmedi. Ayrinti protokol dosyasinda.",3.13.1,8.4.144,0.12.6,2.14.0,2026-09-13 10:08:36,scripts/25_esit_fp_adaylari.py
model_00916,Model-512,train_ZRI_3034_JPG.rf.cee0854389f8063b3f091fb1512b223b.jpg,ZRI,0.8045,1303.5,2407.8,1388.3,2491.1,84.8,83.3,0.8605,0.8605,TP,0.52,1.8089,,,,hayir,,,reports/hafta7_fp_protokolu.md,test,157,tahminler_taban512_hafta7.csv,tahminler_model512.csv,0.3,0.52,1.8089,0.3,0.5,0.1,8,512,110,55,20260913,"Esikler, katsayilar ve ornek buyuklukleri KARARDIR; olcumden turetilmedi. Ayrinti protokol dosyasinda.",3.13.1,8.4.144,0.12.6,2.14.0,2026-09-13 10:08:36,scripts/25_esit_fp_adaylari.py
model_00917,Model-512,train_ZRI_3034_JPG.rf.cee0854389f8063b3f091fb1512b223b.jpg,ZRI,0.8038,700.7,2775.4,785.7,2875.0,85.0,99.6,0.8452,0.8452,TP,0.52,1.8089,,,,hayir,,,reports/hafta7_fp_protokolu.md,test,157,tahminler_taban512_hafta7.csv,tahminler_model512.csv,0.3,0.52,1.8089,0.3,0.5,0.1,8,512,110,55,20260913,"Esikler, katsayilar ve ornek buyuklukleri KARARDIR; olcumden turetilmedi. Ayrinti protokol dosyasinda.",3.13.1,8.4.144,0.12.6,2.14.0,2026-09-13 10:08:36,scripts/25_esit_fp_adaylari.py
model_00918,Model-512,train_ZRI_3034_JPG.rf.cee0854389f8063b3f091fb1512b223b.jpg,ZRI,0.7864,820.0,2808.6,895.8,2890.8,75.8,82.2,0.8012,0.8012,TP,0.52,1.8089,,,,hayir,,,reports/hafta7_fp_protokolu.md,test,157,tahminler_taban512_hafta7.csv,tahminler_model512.csv,0.3,0.52,1.8089,0.3,0.5,0.1,8,512,110,55,20260913,"Esikler, katsayilar ve ornek buyuklukleri KARARDIR; olcumden turetilmedi. Ayrinti protokol dosyasinda.",3.13.1,8.4.144,0.12.6,2.14.0,2026-09-13 10:08:36,scripts/25_esit_fp_adaylari.py
model_00919,Model-512,train_ZRI_3034_JPG.rf.cee0854389f8063b3f091fb1512b223b.jpg,ZRI,0.7704,3477.1,2593.5,3598.6,2673.9,121.5,80.4,0.8753,0.8753,TP,0.52,1.8089,,,,hayir,,,reports/hafta7_fp_protokolu.md,test,157,tahminler_taban512_hafta7.csv,tahminler_model512.csv,0.3,0.52,1.8089,0.3,0.5,0.1,8,512,110,55,20260913,"Esikler, katsayilar ve ornek buyuklukleri KARARDIR; olcumden turetilmedi. Ayrinti protokol dosyasinda.",3.13.1,8.4.144,0.12.6,2.14.0,2026-09-13 10:08:36,scripts/25_esit_fp_adaylari.py
model_00920,Model-512,train_ZRI_3034_JPG.rf.cee0854389f8063b3f091fb1512b223b.jpg,ZRI,0.7632,1797.1,1197.6,1852.9,1278.3,55.8,80.7,0.8536,0.8536,TP,0.52,1.8089,,,,hayir,,,reports/hafta7_fp_protokolu.md,test,157,tahminler_taban512_hafta7.csv,tahminler_model512.csv,0.3,0.52,1.8089,0.3,0.5,0.1,8,512,110,55,20260913,"Esikler, katsayilar ve ornek buyuklukleri KARARDIR; olcumden turetilmedi. Ayrinti protokol dosyasinda.",3.13.1,8.4.144,0.12.6,2.14.0,2026-09-13 10:08:36,scripts/25_esit_fp_adaylari.py
model_00921,Model-512,train_ZRI_3034_JPG.rf.cee0854389f8063b3f091fb1512b223b.jpg,ZRI,0.7335,3136.6,2432.3,3213.1,2508.6,76.5,76.3,0.6727,0.6727,TP,0.52,1.8089,,,,hayir,,,reports/hafta7_fp_protokolu.md,test,157,tahminler_taban512_hafta7.csv,tahminler_model512.csv,0.3,0.52,1.8089,0.3,0.5,0.1,8,512,110,55,20260913,"Esikler, katsayilar ve ornek buyuklukleri KARARDIR; olcumden turetilmedi. Ayrinti protokol dosyasinda.",3.13.1,8.4.144,0.12.6,2.14.0,2026-09-13 10:08:36,scripts/25_esit_fp_adaylari.py
model_00922,Model-512,train_ZRI_3034_JPG.rf.cee0854389f8063b3f091fb1512b223b.jpg,ZRI,0.7328,1701.3,466.6,1793.3,525.5,92.0,58.9,0.7184,0.7184,TP,0.52,1.8089,,,,hayir,,,reports/hafta7_fp_protokolu.md,test,157,tahminler_taban512_hafta7.csv,tahminler_model512.csv,0.3,0.52,1.8089,0.3,0.5,0.1,8,512,110,55,20260913,"Esikler, katsayilar ve ornek buyuklukleri KARARDIR; olcumden turetilmedi. Ayrinti protokol dosyasinda.",3.13.1,8.4.144,0.12.6,2.14.0,2026-09-13 10:08:36,scripts/25_esit_fp_adaylari.py
model_00923,Model-512,train_ZRI_3034_JPG.rf.cee0854389f8063b3f091fb1512b223b.jpg,ZRI,0.7328,2268.3,1123.3,2299.5,1161.5,31.2,38.2,0.6638,0.6638,TP,0.52,1.8089,,,,hayir,,,reports/hafta7_fp_protokolu.md,test,157,tahminler_taban512_hafta7.csv,tahminler_model512.csv,0.3,0.52,1.8089,0.3,0.5,0.1,8,512,110,55,20260913,"Esikler, katsayilar ve ornek buyuklukleri KARARDIR; olcumden turetilmedi. Ayrinti protokol dosyasinda.",3.13.1,8.4.144,0.12.6,2.14.0,2026-09-13 10:08:36,scripts/25_esit_fp_adaylari.py
model_00924,Model-512,train_ZRI_3034_JPG.rf.cee0854389f8063b3f091fb1512b223b.jpg,ZRI,0.7173,2710.8,2148.8,2784.3,2219.2,73.5,70.4,0.7736,0.7736,TP,0.52,1.8089,,,,hayir,,,reports/hafta7_fp_protokolu.md,test,157,tahminler_taban512_hafta7.csv,tahminler_model512.csv,0.3,0.52,1.8089,0.3,0.5,0.1,8,512,110,55,20260913,"Esikler, katsayilar ve ornek buyuklukleri KARARDIR; olcumden turetilmedi. Ayrinti protokol dosyasinda.",3.13.1,8.4.144,0.12.6,2.14.0,2026-09-13 10:08:36,scripts/25_esit_fp_adaylari.py
model_00925,Model-512,train_ZRI_3034_JPG.rf.cee0854389f8063b3f091fb1512b223b.jpg,ZRI,0.7074,156.2,2273.4,267.4,2356.8,111.2,83.4,0.7919,0.7919,TP,0.52,1.8089,,,,hayir,,,reports/hafta7_fp_protokolu.md,test,157,tahminler_taban512_hafta7.csv,tahminler_model512.csv,0.3,0.52,1.8089,0.3,0.5,0.1,8,512,110,55,20260913,"Esikler, katsayilar ve ornek buyuklukleri KARARDIR; olcumden turetilmedi. Ayrinti protokol dosyasinda.",3.13.1,8.4.144,0.12.6,2.14.0,2026-09-13 10:08:36,scripts/25_esit_fp_adaylari.py
model_00926,Model-512,train_ZRI_3034_JPG.rf.cee0854389f8063b3f091fb1512b223b.jpg,ZRI,0.6887,1656.6,1230.9,1742.0,1292.3,85.4,61.4,0.4765,0.4765,TP,0.52,1.8089,,,,hayir,,,reports/hafta7_fp_protokolu.md,test,157,tahminler_taban512_hafta7.csv,tahminler_model512.csv,0.3,0.52,1.8089,0.3,0.5,0.1,8,512,110,55,20260913,"Esikler, katsayilar ve ornek buyuklukleri KARARDIR; olcumden turetilmedi. Ayrinti protokol dosyasinda.",3.13.1,8.4.144,0.12.6,2.14.0,2026-09-13 10:08:36,scripts/25_esit_fp_adaylari.py
model_00927,Model-512,train_ZRI_3034_JPG.rf.cee0854389f8063b3f091fb1512b223b.jpg,ZRI,0.683,1732.5,2729.7,1804.7,2824.6,72.2,94.9,0.9027,0.9027,TP,0.52,1.8089,,,,hayir,,,reports/hafta7_fp_protokolu.md,test,157,tahminler_taban512_hafta7.csv,tahminler_model512.csv,0.3,0.52,1.8089,0.3,0.5,0.1,8,512,110,55,20260913,"Esikler, katsayilar ve ornek buyuklukleri KARARDIR; olcumden turetilmedi. Ayrinti protokol dosyasinda.",3.13.1,8.4.144,0.12.6,2.14.0,2026-09-13 10:08:36,scripts/25_esit_fp_adaylari.py
model_00928,Model-512,train_ZRI_3034_JPG.rf.cee0854389f8063b3f091fb1512b223b.jpg,ZRI,0.6581,715.9,1518.2,804.9,1571.4,89.0,53.2,0.9266,0.9266,TP,0.52,1.8089,,,,hayir,,,reports/hafta7_fp_protokolu.md,test,157,tahminler_taban512_hafta7.csv,tahminler_model512.csv,0.3,0.52,1.8089,0.3,0.5,0.1,8,512,110,55,20260913,"Esikler, katsayilar ve ornek buyuklukleri KARARDIR; olcumden turetilmedi. Ayrinti protokol dosyasinda.",3.13.1,8.4.144,0.12.6,2.14.0,2026-09-13 10:08:36,scripts/25_esit_fp_adaylari.py
model_00929,Model-512,train_ZRI_3034_JPG.rf.cee0854389f8063b3f091fb1512b223b.jpg,ZRI,0.6571,2839.7,1082.6,2894.3,1139.4,54.6,56.8,0.7289,0.7289,TP,0.52,1.8089,,,,hayir,,,reports/hafta7_fp_protokolu.md,test,157,tahminler_taban512_hafta7.csv,tahminler_model512.csv,0.3,0.52,1.8089,0.3,0.5,0.1,8,512,110,55,20260913,"Esikler, katsayilar ve ornek buyuklukleri KARARDIR; olcumden turetilmedi. Ayrinti protokol dosyasinda.",3.13.1,8.4.144,0.12.6,2.14.0,2026-09-13 10:08:36,scripts/25_esit_fp_adaylari.py
model_00930,Model-512,train_ZRI_3034_JPG.rf.cee0854389f8063b3f091fb1512b223b.jpg,ZRI,0.6401,705.8,1817.3,768.0,1867.2,62.2,49.9,0.575,0.575,TP,0.52,1.8089,,,,hayir,,,reports/hafta7_fp_protokolu.md,test,157,tahminler_taban512_hafta7.csv,tahminler_model512.csv,0.3,0.52,1.8089,0.3,0.5,0.1,8,512,110,55,20260913,"Esikler, katsayilar ve ornek buyuklukleri KARARDIR; olcumden turetilmedi. Ayrinti protokol dosyasinda.",3.13.1,8.4.144,0.12.6,2.14.0,2026-09-13 10:08:36,scripts/25_esit_fp_adaylari.py
model_00931,Model-512,train_ZRI_3034_JPG.rf.cee0854389f8063b3f091fb1512b223b.jpg,ZRI,0.6164,99.0,1865.3,210.5,1908.7,111.5,43.4,0.7869,0.7869,TP,0.52,1.8089,,,,hayir,,,reports/hafta7_fp_protokolu.md,test,157,tahminler_taban512_hafta7.csv,tahminler_model512.csv,0.3,0.52,1.8089,0.3,0.5,0.1,8,512,110,55,20260913,"Esikler, katsayilar ve ornek buyuklukleri KARARDIR; olcumden turetilmedi. Ayrinti protokol dosyasinda.",3.13.1,8.4.144,0.12.6,2.14.0,2026-09-13 10:08:36,scripts/25_esit_fp_adaylari.py
model_00932,Model-512,train_ZRI_3034_JPG.rf.cee0854389f8063b3f091fb1512b223b.jpg,ZRI,0.5841,3140.4,2460.5,3200.8,2507.1,60.4,46.6,0.583,,FP,0.52,1.8089,,,,hayir,,,reports/hafta7_fp_protokolu.md,test,157,tahminler_taban512_hafta7.csv,tahminler_model512.csv,0.3,0.52,1.8089,0.3,0.5,0.1,8,512,110,55,20260913,"Esikler, katsayilar ve ornek buyuklukleri KARARDIR; olcumden turetilmedi. Ayrinti protokol dosyasinda.",3.13.1,8.4.144,0.12.6,2.14.0,2026-09-13 10:08:36,scripts/25_esit_fp_adaylari.py
model_00933,Model-512,train_ZRI_3034_JPG.rf.cee0854389f8063b3f091fb1512b223b.jpg,ZRI,0.5757,2998.5,1689.5,3073.6,1748.3,75.1,58.8,0.7912,0.7912,TP,0.52,1.8089,,,,hayir,,,reports/hafta7_fp_protokolu.md,test,157,tahminler_taban512_hafta7.csv,tahminler_model512.csv,0.3,0.52,1.8089,0.3,0.5,0.1,8,512,110,55,20260913,"Esikler, katsayilar ve ornek buyuklukleri KARARDIR; olcumden turetilmedi. Ayrinti protokol dosyasinda.",3.13.1,8.4.144,0.12.6,2.14.0,2026-09-13 10:08:36,scripts/25_esit_fp_adaylari.py
model_00934,Model-512,train_ZRI_3035_JPG.rf.200735874c12e560a2d58814a77819f8.jpg,ZRI,0.8421,1549.4,105.1,1608.7,190.1,59.3,85.0,0.8418,0.8418,TP,0.52,1.8089,,,,hayir,,,reports/hafta7_fp_protokolu.md,test,157,tahminler_taban512_hafta7.csv,tahminler_model512.csv,0.3,0.52,1.8089,0.3,0.5,0.1,8,512,110,55,20260913,"Esikler, katsayilar ve ornek buyuklukleri KARARDIR; olcumden turetilmedi. Ayrinti protokol dosyasinda.",3.13.1,8.4.144,0.12.6,2.14.0,2026-09-13 10:08:36,scripts/25_esit_fp_adaylari.py
model_00935,Model-512,train_ZRI_3035_JPG.rf.200735874c12e560a2d58814a77819f8.jpg,ZRI,0.828,1692.0,724.1,1754.4,801.3,62.4,77.2,0.8274,0.8274,TP,0.52,1.8089,,,,hayir,,,reports/hafta7_fp_protokolu.md,test,157,tahminler_taban512_hafta7.csv,tahminler_model512.csv,0.3,0.52,1.8089,0.3,0.5,0.1,8,512,110,55,20260913,"Esikler, katsayilar ve ornek buyuklukleri KARARDIR; olcumden turetilmedi. Ayrinti protokol dosyasinda.",3.13.1,8.4.144,0.12.6,2.14.0,2026-09-13 10:08:36,scripts/25_esit_fp_adaylari.py
model_00936,Model-512,train_ZRI_3035_JPG.rf.200735874c12e560a2d58814a77819f8.jpg,ZRI,0.8129,1979.8,70.8,2035.0,155.8,55.2,85.0,0.8115,0.8115,TP,0.52,1.8089,,,,hayir,,,reports/hafta7_fp_protokolu.md,test,157,tahminler_taban512_hafta7.csv,tahminler_model512.csv,0.3,0.52,1.8089,0.3,0.5,0.1,8,512,110,55,20260913,"Esikler, katsayilar ve ornek buyuklukleri KARARDIR; olcumden turetilmedi. Ayrinti protokol dosyasinda.",3.13.1,8.4.144,0.12.6,2.14.0,2026-09-13 10:08:36,scripts/25_esit_fp_adaylari.py
model_00937,Model-512,train_ZRI_3035_JPG.rf.200735874c12e560a2d58814a77819f8.jpg,ZRI,0.8063,929.1,1890.3,1012.9,1942.5,83.8,52.2,0.7903,0.7903,TP,0.52,1.8089,,,,hayir,,,reports/hafta7_fp_protokolu.md,test,157,tahminler_taban512_hafta7.csv,tahminler_model512.csv,0.3,0.52,1.8089,0.3,0.5,0.1,8,512,110,55,20260913,"Esikler, katsayilar ve ornek buyuklukleri KARARDIR; olcumden turetilmedi. Ayrinti protokol dosyasinda.",3.13.1,8.4.144,0.12.6,2.14.0,2026-09-13 10:08:36,scripts/25_esit_fp_adaylari.py
model_00938,Model-512,train_ZRI_3035_JPG.rf.200735874c12e560a2d58814a77819f8.jpg,ZRI,0.8061,2392.1,700.6,2459.0,771.3,66.9,70.7,0.9317,0.9317,TP,0.52,1.8089,,,,hayir,,,reports/hafta7_fp_protokolu.md,test,157,tahminler_taban512_hafta7.csv,tahminler_model512.csv,0.3,0.52,1.8089,0.3,0.5,0.1,8,512,110,55,20260913,"Esikler, katsayilar ve ornek buyuklukleri KARARDIR; olcumden turetilmedi. Ayrinti protokol dosyasinda.",3.13.1,8.4.144,0.12.6,2.14.0,2026-09-13 10:08:36,scripts/25_esit_fp_adaylari.py
model_00939,Model-512,train_ZRI_3035_JPG.rf.200735874c12e560a2d58814a77819f8.jpg,ZRI,0.803,1121.8,952.1,1196.9,1020.9,75.1,68.8,0.8231,0.8231,TP,0.52,1.8089,,,,hayir,,,reports/hafta7_fp_protokolu.md,test,157,tahminler_taban512_hafta7.csv,tahminler_model512.csv,0.3,0.52,1.8089,0.3,0.5,0.1,8,512,110,55,20260913,"Esikler, katsayilar ve ornek buyuklukleri KARARDIR; olcumden turetilmedi. Ayrinti protokol dosyasinda.",3.13.1,8.4.144,0.12.6,2.14.0,2026-09-13 10:08:36,scripts/25_esit_fp_adaylari.py
model_00940,Model-512,train_ZRI_3035_JPG.rf.200735874c12e560a2d58814a77819f8.jpg,ZRI,0.8014,2247.6,29.7,2296.7,119.5,49.1,89.8,0.8966,0.8966,TP,0.52,1.8089,,,,hayir,,,reports/hafta7_fp_protokolu.md,test,157,tahminler_taban512_hafta7.csv,tahminler_model512.csv,0.3,0.52,1.8089,0.3,0.5,0.1,8,512,110,55,20260913,"Esikler, katsayilar ve ornek buyuklukleri KARARDIR; olcumden turetilmedi. Ayrinti protokol dosyasinda.",3.13.1,8.4.144,0.12.6,2.14.0,2026-09-13 10:08:36,scripts/25_esit_fp_adaylari.py
model_00941,Model-512,train_ZRI_3035_JPG.rf.200735874c12e560a2d58814a77819f8.jpg,ZRI,0.7993,397.4,2569.1,488.0,2651.7,90.6,82.6,0.7911,0.7911,TP,0.52,1.8089,,,,hayir,,,reports/hafta7_fp_protokolu.md,test,157,tahminler_taban512_hafta7.csv,tahminler_model512.csv,0.3,0.52,1.8089,0.3,0.5,0.1,8,512,110,55,20260913,"Esikler, katsayilar ve ornek buyuklukleri KARARDIR; olcumden turetilmedi. Ayrinti protokol dosyasinda.",3.13.1,8.4.144,0.12.6,2.14.0,2026-09-13 10:08:36,scripts/25_esit_fp_adaylari.py
model_00942,Model-512,train_ZRI_3035_JPG.rf.200735874c12e560a2d58814a77819f8.jpg,ZRI,0.7989,755.7,616.5,823.9,687.9,68.2,71.4,0.0,,FP,0.52,1.8089,,,,hayir,,,reports/hafta7_fp_protokolu.md,test,157,tahminler_taban512_hafta7.csv,tahminler_model512.csv,0.3,0.52,1.8089,0.3,0.5,0.1,8,512,110,55,20260913,"Esikler, katsayilar ve ornek buyuklukleri KARARDIR; olcumden turetilmedi. Ayrinti protokol dosyasinda.",3.13.1,8.4.144,0.12.6,2.14.0,2026-09-13 10:08:36,scripts/25_esit_fp_adaylari.py
model_00943,Model-512,train_ZRI_3035_JPG.rf.200735874c12e560a2d58814a77819f8.jpg,ZRI,0.7963,2103.3,0.0,2158.7,97.7,55.4,97.7,0.9077,0.9077,TP,0.52,1.8089,,,,hayir,,,reports/hafta7_fp_protokolu.md,test,157,tahminler_taban512_hafta7.csv,tahminler_model512.csv,0.3,0.52,1.8089,0.3,0.5,0.1,8,512,110,55,20260913,"Esikler, katsayilar ve ornek buyuklukleri KARARDIR; olcumden turetilmedi. Ayrinti protokol dosyasinda.",3.13.1,8.4.144,0.12.6,2.14.0,2026-09-13 10:08:36,scripts/25_esit_fp_adaylari.py
model_00944,Model-512,train_ZRI_3035_JPG.rf.200735874c12e560a2d58814a77819f8.jpg,ZRI,0.7873,102.6,1153.5,198.3,1212.0,95.7,58.5,0.765,0.765,TP,0.52,1.8089,,,,hayir,,,reports/hafta7_fp_protokolu.md,test,157,tahminler_taban512_hafta7.csv,tahminler_model512.csv,0.3,0.52,1.8089,0.3,0.5,0.1,8,512,110,55,20260913,"Esikler, katsayilar ve ornek buyuklukleri KARARDIR; olcumden turetilmedi. Ayrinti protokol dosyasinda.",3.13.1,8.4.144,0.12.6,2.14.0,2026-09-13 10:08:36,scripts/25_esit_fp_adaylari.py
model_00945,Model-512,train_ZRI_3035_JPG.rf.200735874c12e560a2d58814a77819f8.jpg,ZRI,0.773,2546.8,2460.9,2595.0,2507.3,48.2,46.4,0.846,0.846,TP,0.52,1.8089,,,,hayir,,,reports/hafta7_fp_protokolu.md,test,157,tahminler_taban512_hafta7.csv,tahminler_model512.csv,0.3,0.52,1.8089,0.3,0.5,0.1,8,512,110,55,20260913,"Esikler, katsayilar ve ornek buyuklukleri KARARDIR; olcumden turetilmedi. Ayrinti protokol dosyasinda.",3.13.1,8.4.144,0.12.6,2.14.0,2026-09-13 10:08:36,scripts/25_esit_fp_adaylari.py
model_00946,Model-512,train_ZRI_3035_JPG.rf.200735874c12e560a2d58814a77819f8.jpg,ZRI,0.7538,2465.1,1550.2,2528.6,1648.3,63.5,98.1,0.5979,0.5979,TP,0.52,1.8089,,,,hayir,,,reports/hafta7_fp_protokolu.md,test,157,tahminler_taban512_hafta7.csv,tahminler_model512.csv,0.3,0.52,1.8089,0.3,0.5,0.1,8,512,110,55,20260913,"Esikler, katsayilar ve ornek buyuklukleri KARARDIR; olcumden turetilmedi. Ayrinti protokol dosyasinda.",3.13.1,8.4.144,0.12.6,2.14.0,2026-09-13 10:08:36,scripts/25_esit_fp_adaylari.py
model_00947,Model-512,train_ZRI_3035_JPG.rf.200735874c12e560a2d58814a77819f8.jpg,ZRI,0.7525,2035.5,2644.7,2102.6,2717.3,67.1,72.6,0.5113,0.5113,TP,0.52,1.8089,,,,hayir,,,reports/hafta7_fp_protokolu.md,test,157,tahminler_taban512_hafta7.csv,tahminler_model512.csv,0.3,0.52,1.8089,0.3,0.5,0.1,8,512,110,55,20260913,"Esikler, katsayilar ve ornek buyuklukleri KARARDIR; olcumden turetilmedi. Ayrinti protokol dosyasinda.",3.13.1,8.4.144,0.12.6,2.14.0,2026-09-13 10:08:36,scripts/25_esit_fp_adaylari.py
model_00948,Model-512,train_ZRI_3035_JPG.rf.200735874c12e560a2d58814a77819f8.jpg,ZRI,0.7428,860.8,2336.8,921.8,2395.0,61.0,58.2,0.6955,0.6955,TP,0.52,1.8089,,,,hayir,,,reports/hafta7_fp_protokolu.md,test,157,tahminler_taban512_hafta7.csv,tahminler_model512.csv,0.3,0.52,1.8089,0.3,0.5,0.1,8,512,110,55,20260913,"Esikler, katsayilar ve ornek buyuklukleri KARARDIR; olcumden turetilmedi. Ayrinti protokol dosyasinda.",3.13.1,8.4.144,0.12.6,2.14.0,2026-09-13 10:08:36,scripts/25_esit_fp_adaylari.py
model_00949,Model-512,train_ZRI_3035_JPG.rf.200735874c12e560a2d58814a77819f8.jpg,ZRI,0.7118,282.9,1135.6,354.1,1181.9,71.2,46.3,0.7325,0.7325,TP,0.52,1.8089,,,,hayir,,,reports/hafta7_fp_protokolu.md,test,157,tahminler_taban512_hafta7.csv,tahminler_model512.csv,0.3,0.52,1.8089,0.3,0.5,0.1,8,512,110,55,20260913,"Esikler, katsayilar ve ornek buyuklukleri KARARDIR; olcumden turetilmedi. Ayrinti protokol dosyasinda.",3.13.1,8.4.144,0.12.6,2.14.0,2026-09-13 10:08:36,scripts/25_esit_fp_adaylari.py
model_00950,Model-512,train_ZRI_3035_JPG.rf.200735874c12e560a2d58814a77819f8.jpg,ZRI,0.6985,1276.4,984.6,1336.3,1047.9,59.9,63.3,0.8227,0.8227,TP,0.52,1.8089,,,,hayir,,,reports/hafta7_fp_protokolu.md,test,157,tahminler_taban512_hafta7.csv,tahminler_model512.csv,0.3,0.52,1.8089,0.3,0.5,0.1,8,512,110,55,20260913,"Esikler, katsayilar ve ornek buyuklukleri KARARDIR; olcumden turetilmedi. Ayrinti protokol dosyasinda.",3.13.1,8.4.144,0.12.6,2.14.0,2026-09-13 10:08:36,scripts/25_esit_fp_adaylari.py
model_00951,Model-512,train_ZRI_3035_JPG.rf.200735874c12e560a2d58814a77819f8.jpg,ZRI,0.6508,1430.9,2488.1,1498.3,2543.0,67.4,54.9,0.5829,0.5829,TP,0.52,1.8089,,,,hayir,,,reports/hafta7_fp_protokolu.md,test,157,tahminler_taban512_hafta7.csv,tahminler_model512.csv,0.3,0.52,1.8089,0.3,0.5,0.1,8,512,110,55,20260913,"Esikler, katsayilar ve ornek buyuklukleri KARARDIR; olcumden turetilmedi. Ayrinti protokol dosyasinda.",3.13.1,8.4.144,0.12.6,2.14.0,2026-09-13 10:08:36,scripts/25_esit_fp_adaylari.py
model_00952,Model-512,train_ZRI_3035_JPG.rf.200735874c12e560a2d58814a77819f8.jpg,ZRI,0.6453,1875.3,626.0,1934.0,702.6,58.7,76.6,0.8894,0.8894,TP,0.52,1.8089,,,,hayir,,,reports/hafta7_fp_protokolu.md,test,157,tahminler_taban512_hafta7.csv,tahminler_model512.csv,0.3,0.52,1.8089,0.3,0.5,0.1,8,512,110,55,20260913,"Esikler, katsayilar ve ornek buyuklukleri KARARDIR; olcumden turetilmedi. Ayrinti protokol dosyasinda.",3.13.1,8.4.144,0.12.6,2.14.0,2026-09-13 10:08:36,scripts/25_esit_fp_adaylari.py
model_00953,Model-512,train_ZRI_3035_JPG.rf.200735874c12e560a2d58814a77819f8.jpg,ZRI,0.6334,3296.2,1852.4,3372.4,1929.5,76.2,77.1,0.7504,0.7504,TP,0.52,1.8089,,,,hayir,,,reports/hafta7_fp_protokolu.md,test,157,tahminler_taban512_hafta7.csv,tahminler_model512.csv,0.3,0.52,1.8089,0.3,0.5,0.1,8,512,110,55,20260913,"Esikler, katsayilar ve ornek buyuklukleri KARARDIR; olcumden turetilmedi. Ayrinti protokol dosyasinda.",3.13.1,8.4.144,0.12.6,2.14.0,2026-09-13 10:08:36,scripts/25_esit_fp_adaylari.py
model_00954,Model-512,train_ZRI_3035_JPG.rf.200735874c12e560a2d58814a77819f8.jpg,ZRI,0.6162,682.9,1232.3,750.7,1293.9,67.8,61.6,0.842,0.842,TP,0.52,1.8089,,,,hayir,,,reports/hafta7_fp_protokolu.md,test,157,tahminler_taban512_hafta7.csv,tahminler_model512.csv,0.3,0.52,1.8089,0.3,0.5,0.1,8,512,110,55,20260913,"Esikler, katsayilar ve ornek buyuklukleri KARARDIR; olcumden turetilmedi. Ayrinti protokol dosyasinda.",3.13.1,8.4.144,0.12.6,2.14.0,2026-09-13 10:08:36,scripts/25_esit_fp_adaylari.py
model_00955,Model-512,train_ZRI_3035_JPG.rf.200735874c12e560a2d58814a77819f8.jpg,ZRI,0.5353,2432.2,1672.8,2503.0,1743.8,70.8,71.0,0.7859,0.7859,TP,0.52,1.8089,,,,hayir,,,reports/hafta7_fp_protokolu.md,test,157,tahminler_taban512_hafta7.csv,tahminler_model512.csv,0.3,0.52,1.8089,0.3,0.5,0.1,8,512,110,55,20260913,"Esikler, katsayilar ve ornek buyuklukleri KARARDIR; olcumden turetilmedi. Ayrinti protokol dosyasinda.",3.13.1,8.4.144,0.12.6,2.14.0,2026-09-13 10:08:36,scripts/25_esit_fp_adaylari.py
