kor_kimlik,aday_turu,es_kor_kimlik,model,aday_kimligi,goruntu_adi,kaynak_onek,skor,x1,y1,x2,y2,siki_x1,siki_y1,siki_x2,siki_y2,baglam_x1,baglam_y1,baglam_x2,baglam_y2,katman,katman_secilme_olasiligi,calisma_esigi,fp_butcesi,kalite_ornegi,kosu_protokol,kosu_bolum,kosu_goruntu_sayisi,kosu_taban_tahmin_kaynagi,kosu_model_tahmin_kaynagi,kosu_taban_calisma_esigi,kosu_model_calisma_esigi,kosu_fp_butcesi,kosu_eslestirme_iou,kosu_ortusen_fp_iou,kosu_kontrol_tahmin_iou,kosu_baglam_katsayi,kosu_baglam_asgari_kenar,kosu_model_basina_hedef,kosu_katman_tabani,kosu_tohum,kosu_kapsam_notu,kosu_surum_python,kosu_surum_ultralytics,kosu_surum_sahi,kosu_surum_torch,kosu_tarih,kosu_komut
a0001,fp,a0421,Model-512,model_00424,train_ZRI_2049_JPG.rf.35c07c1208f36c275450d0a1f718410a.jpg,ZRI,0.5221,1230.0,525.1,1262.1,585.2,1214,519,1279,592,990,299,1503,812,Model-512/ZRI,0.3504,0.52,1.8089,evet,reports/hafta7_fp_protokolu.md,test,157,tahminler_taban512_hafta7.csv,tahminler_model512.csv,0.3,0.52,1.8089,0.3,0.5,0.1,8,512,110,55,20260913,"Esikler, katsayilar ve ornek buyuklukleri KARARDIR; olcumden turetilmedi. Ayrinti protokol dosyasinda.",3.13.1,8.4.144,0.12.6,2.14.0,2026-09-13 10:08:36,scripts/25_esit_fp_adaylari.py
a0002,kontrol,a0194,Model-512,model_00477,train_ZRI_2058_JPG.rf.34e7e941d692239be5f03263699cf42f.jpg,ZRI,,2540.1,2565.1,2570.8,2623.8,2523,2559,2588,2630,2299,2338,2812,2851,Model-512/ZRI,0.3504,0.52,1.8089,hayir,reports/hafta7_fp_protokolu.md,test,157,tahminler_taban512_hafta7.csv,tahminler_model512.csv,0.3,0.52,1.8089,0.3,0.5,0.1,8,512,110,55,20260913,"Esikler, katsayilar ve ornek buyuklukleri KARARDIR; olcumden turetilmedi. Ayrinti protokol dosyasinda.",3.13.1,8.4.144,0.12.6,2.14.0,2026-09-13 10:08:36,scripts/25_esit_fp_adaylari.py
a0003,fp,a0399,Taban-512,taban_00051,train_VRD_3108_JPG.rf.821b5a74688d867642805bc9851a71cb.jpg,VRD,0.3159,169.6,300.9,191.6,346.2,148,291,213,356,0,67,512,580,Taban-512/VRD,1.0,0.3,1.8089,hayir,reports/hafta7_fp_protokolu.md,test,157,tahminler_taban512_hafta7.csv,tahminler_model512.csv,0.3,0.52,1.8089,0.3,0.5,0.1,8,512,110,55,20260913,"Esikler, katsayilar ve ornek buyuklukleri KARARDIR; olcumden turetilmedi. Ayrinti protokol dosyasinda.",3.13.1,8.4.144,0.12.6,2.14.0,2026-09-13 10:08:36,scripts/25_esit_fp_adaylari.py
a0004,fp,a0183,Model-512,model_00043,train_VRD_3107_JPG.rf.578be187d472128edc05c898ca288a66.jpg,VRD,0.6028,2321.9,1745.4,2388.9,1900.6,2315,1729,2396,1917,1734,1202,2977,2444,Model-512/VRD,1.0,0.52,1.8089,hayir,reports/hafta7_fp_protokolu.md,test,157,tahminler_taban512_hafta7.csv,tahminler_model512.csv,0.3,0.52,1.8089,0.3,0.5,0.1,8,512,110,55,20260913,"Esikler, katsayilar ve ornek buyuklukleri KARARDIR; olcumden turetilmedi. Ayrinti protokol dosyasinda.",3.13.1,8.4.144,0.12.6,2.14.0,2026-09-13 10:08:36,scripts/25_esit_fp_adaylari.py
a0005,kontrol,a0181,Model-512,model_00026,train_VRD_3096_JPG.rf.1f45f33e005fb2d99c61b67d687d00b4.jpg,VRD,,3540.0,1563.0,3607.6,1626.8,3533,1556,3615,1634,3303,1324,3845,1866,Model-512/VRD,1.0,0.52,1.8089,hayir,reports/hafta7_fp_protokolu.md,test,157,tahminler_taban512_hafta7.csv,tahminler_model512.csv,0.3,0.52,1.8089,0.3,0.5,0.1,8,512,110,55,20260913,"Esikler, katsayilar ve ornek buyuklukleri KARARDIR; olcumden turetilmedi. Ayrinti protokol dosyasinda.",3.13.1,8.4.144,0.12.6,2.14.0,2026-09-13 10:08:36,scripts/25_esit_fp_adaylari.py
a0006,fp,a0036,Taban-512,taban_00449,train_ZRI_2069_JPG.rf.6a409d8c56d0318e69673369fd6d2678.jpg,ZRI,0.3567,2250.9,2218.3,2341.7,2312.1,2241,2208,2351,2322,1921,1890,2672,2641,Taban-512/ZRI,0.2402,0.3,1.8089,hayir,reports/hafta7_fp_protokolu.md,test,157,tahminler_taban512_hafta7.csv,tahminler_model512.csv,0.3,0.52,1.8089,0.3,0.5,0.1,8,512,110,55,20260913,"Esikler, katsayilar ve ornek buyuklukleri KARARDIR; olcumden turetilmedi. Ayrinti protokol dosyasinda.",3.13.1,8.4.144,0.12.6,2.14.0,2026-09-13 10:08:36,scripts/25_esit_fp_adaylari.py
a0007,kontrol,a0277,Model-512,model_00506,train_ZRI_2065_JPG.rf.830ac62cc7542ba9b85d03b76e773cef.jpg,ZRI,,1000.2,1870.0,1105.7,1966.9,989,1860,1117,1977,630,1496,1475,2341,Model-512/ZRI,0.3504,0.52,1.8089,hayir,reports/hafta7_fp_protokolu.md,test,157,tahminler_taban512_hafta7.csv,tahminler_model512.csv,0.3,0.52,1.8089,0.3,0.5,0.1,8,512,110,55,20260913,"Esikler, katsayilar ve ornek buyuklukleri KARARDIR; olcumden turetilmedi. Ayrinti protokol dosyasinda.",3.13.1,8.4.144,0.12.6,2.14.0,2026-09-13 10:08:36,scripts/25_esit_fp_adaylari.py
a0008,kontrol,a0378,Model-512,model_00225,train_ZRI_2020_JPG.rf.fe7697b61c88cbd4b1212ec7a618942e.jpg,ZRI,,2973.8,1644.8,3019.7,1693.1,2964,1636,3029,1701,2740,1412,3253,1925,Model-512/ZRI,0.3504,0.52,1.8089,hayir,reports/hafta7_fp_protokolu.md,test,157,tahminler_taban512_hafta7.csv,tahminler_model512.csv,0.3,0.52,1.8089,0.3,0.5,0.1,8,512,110,55,20260913,"Esikler, katsayilar ve ornek buyuklukleri KARARDIR; olcumden turetilmedi. Ayrinti protokol dosyasinda.",3.13.1,8.4.144,0.12.6,2.14.0,2026-09-13 10:08:36,scripts/25_esit_fp_adaylari.py
a0009,fp,a0143,Model-512,model_00570,train_ZRI_2077_JPG.rf.4d76c4ca04fa80302c2f7619779966c5.jpg,ZRI,0.5397,2187.9,0.5,2257.1,39.8,2180,0,2265,53,1945,0,2500,554,Model-512/ZRI,0.3504,0.52,1.8089,hayir,reports/hafta7_fp_protokolu.md,test,157,tahminler_taban512_hafta7.csv,tahminler_model512.csv,0.3,0.52,1.8089,0.3,0.5,0.1,8,512,110,55,20260913,"Esikler, katsayilar ve ornek buyuklukleri KARARDIR; olcumden turetilmedi. Ayrinti protokol dosyasinda.",3.13.1,8.4.144,0.12.6,2.14.0,2026-09-13 10:08:36,scripts/25_esit_fp_adaylari.py
a0010,fp,a0376,Taban-512,taban_00025,train_VRD_3088_JPG.rf.4a825a8a092605758bec2c83c0d3fb41.jpg,VRD,0.4763,3388.5,0.1,3457.7,67.2,3381,0,3465,74,3146,0,3700,554,Taban-512/VRD,1.0,0.3,1.8089,hayir,reports/hafta7_fp_protokolu.md,test,157,tahminler_taban512_hafta7.csv,tahminler_model512.csv,0.3,0.52,1.8089,0.3,0.5,0.1,8,512,110,55,20260913,"Esikler, katsayilar ve ornek buyuklukleri KARARDIR; olcumden turetilmedi. Ayrinti protokol dosyasinda.",3.13.1,8.4.144,0.12.6,2.14.0,2026-09-13 10:08:36,scripts/25_esit_fp_adaylari.py
a0011,fp,a0247,Model-512,model_00428,train_ZRI_2050_JPG.rf.6921c2273a748f4edbc0852aa24bddca.jpg,ZRI,0.6961,546.3,1868.0,595.5,1899.3,538,1851,603,1916,314,1627,827,2140,Model-512/ZRI,0.3504,0.52,1.8089,hayir,reports/hafta7_fp_protokolu.md,test,157,tahminler_taban512_hafta7.csv,tahminler_model512.csv,0.3,0.52,1.8089,0.3,0.5,0.1,8,512,110,55,20260913,"Esikler, katsayilar ve ornek buyuklukleri KARARDIR; olcumden turetilmedi. Ayrinti protokol dosyasinda.",3.13.1,8.4.144,0.12.6,2.14.0,2026-09-13 10:08:36,scripts/25_esit_fp_adaylari.py
a0012,kontrol,a0304,Taban-512,taban_00094,train_ZRI_2007_JPG.rf.80e11b79e6dead246b35d741fce18b16.jpg,ZRI,,2382.0,1576.4,2469.3,1616.3,2373,1564,2479,1629,2076,1247,2775,1946,Taban-512/ZRI,0.2402,0.3,1.8089,hayir,reports/hafta7_fp_protokolu.md,test,157,tahminler_taban512_hafta7.csv,tahminler_model512.csv,0.3,0.52,1.8089,0.3,0.5,0.1,8,512,110,55,20260913,"Esikler, katsayilar ve ornek buyuklukleri KARARDIR; olcumden turetilmedi. Ayrinti protokol dosyasinda.",3.13.1,8.4.144,0.12.6,2.14.0,2026-09-13 10:08:36,scripts/25_esit_fp_adaylari.py
a0013,fp,a0439,Taban-512,taban_00021,train_VRD_3085_JPG.rf.1d6c6e8846eb0d17d57f80cd4adfc4cf.jpg,VRD,0.5801,2706.3,705.9,2737.2,748.8,2689,695,2754,760,2465,471,2978,984,Taban-512/VRD,1.0,0.3,1.8089,hayir,reports/hafta7_fp_protokolu.md,test,157,tahminler_taban512_hafta7.csv,tahminler_model512.csv,0.3,0.52,1.8089,0.3,0.5,0.1,8,512,110,55,20260913,"Esikler, katsayilar ve ornek buyuklukleri KARARDIR; olcumden turetilmedi. Ayrinti protokol dosyasinda.",3.13.1,8.4.144,0.12.6,2.14.0,2026-09-13 10:08:36,scripts/25_esit_fp_adaylari.py
a0014,kontrol,a0187,Model-512,model_00755,train_ZRI_3019_JPG.rf.0717ec5bd3af4d0e32b2c1de5e2575cf.jpg,ZRI,,2488.2,2099.5,2538.5,2155.7,2481,2093,2546,2162,2257,1871,2770,2384,Model-512/ZRI,0.3504,0.52,1.8089,hayir,reports/hafta7_fp_protokolu.md,test,157,tahminler_taban512_hafta7.csv,tahminler_model512.csv,0.3,0.52,1.8089,0.3,0.5,0.1,8,512,110,55,20260913,"Esikler, katsayilar ve ornek buyuklukleri KARARDIR; olcumden turetilmedi. Ayrinti protokol dosyasinda.",3.13.1,8.4.144,0.12.6,2.14.0,2026-09-13 10:08:36,scripts/25_esit_fp_adaylari.py
a0015,kontrol,a0081,Taban-512,taban_00023,train_VRD_3087_JPG.rf.77189923102c093b565f5ac08703611b.jpg,VRD,,2218.3,297.4,2254.8,346.2,2204,289,2269,354,1980,65,2493,578,Taban-512/VRD,1.0,0.3,1.8089,hayir,reports/hafta7_fp_protokolu.md,test,157,tahminler_taban512_hafta7.csv,tahminler_model512.csv,0.3,0.52,1.8089,0.3,0.5,0.1,8,512,110,55,20260913,"Esikler, katsayilar ve ornek buyuklukleri KARARDIR; olcumden turetilmedi. Ayrinti protokol dosyasinda.",3.13.1,8.4.144,0.12.6,2.14.0,2026-09-13 10:08:36,scripts/25_esit_fp_adaylari.py
a0016,kontrol,a0218,Model-512,model_00056,train_ZRI_2004_JPG.rf.17ecf67abf998d9163d76ea212cee0d6.jpg,ZRI,,1434.6,640.5,1529.4,715.6,1425,632,1539,724,1102,298,1862,1058,Model-512/ZRI,0.3504,0.52,1.8089,hayir,reports/hafta7_fp_protokolu.md,test,157,tahminler_taban512_hafta7.csv,tahminler_model512.csv,0.3,0.52,1.8089,0.3,0.5,0.1,8,512,110,55,20260913,"Esikler, katsayilar ve ornek buyuklukleri KARARDIR; olcumden turetilmedi. Ayrinti protokol dosyasinda.",3.13.1,8.4.144,0.12.6,2.14.0,2026-09-13 10:08:36,scripts/25_esit_fp_adaylari.py
a0017,fp,a0259,Taban-512,taban_00015,train_VRD_3068_JPG.rf.037ab67223e871ad9716e9aab2f4a197.jpg,VRD,0.3448,22.6,25.6,47.7,61.4,3,11,68,76,0,0,512,512,Taban-512/VRD,1.0,0.3,1.8089,hayir,reports/hafta7_fp_protokolu.md,test,157,tahminler_taban512_hafta7.csv,tahminler_model512.csv,0.3,0.52,1.8089,0.3,0.5,0.1,8,512,110,55,20260913,"Esikler, katsayilar ve ornek buyuklukleri KARARDIR; olcumden turetilmedi. Ayrinti protokol dosyasinda.",3.13.1,8.4.144,0.12.6,2.14.0,2026-09-13 10:08:36,scripts/25_esit_fp_adaylari.py
a0018,fp,a0186,Model-512,model_00025,train_VRD_3096_JPG.rf.1f45f33e005fb2d99c61b67d687d00b4.jpg,VRD,0.7491,3170.7,2110.5,3224.4,2152.0,3165,2099,3230,2164,2941,1875,3454,2388,Model-512/VRD,1.0,0.52,1.8089,hayir,reports/hafta7_fp_protokolu.md,test,157,tahminler_taban512_hafta7.csv,tahminler_model512.csv,0.3,0.52,1.8089,0.3,0.5,0.1,8,512,110,55,20260913,"Esikler, katsayilar ve ornek buyuklukleri KARARDIR; olcumden turetilmedi. Ayrinti protokol dosyasinda.",3.13.1,8.4.144,0.12.6,2.14.0,2026-09-13 10:08:36,scripts/25_esit_fp_adaylari.py
a0019,kontrol,a0174,Taban-512,taban_00063,train_VRD_3117_JPG.rf.8ab5844cce96fa9c14d6df69b76ccd99.jpg,VRD,,732.7,53.5,754.3,87.3,711,38,776,103,487,0,1000,512,Taban-512/VRD,1.0,0.3,1.8089,evet,reports/hafta7_fp_protokolu.md,test,157,tahminler_taban512_hafta7.csv,tahminler_model512.csv,0.3,0.52,1.8089,0.3,0.5,0.1,8,512,110,55,20260913,"Esikler, katsayilar ve ornek buyuklukleri KARARDIR; olcumden turetilmedi. Ayrinti protokol dosyasinda.",3.13.1,8.4.144,0.12.6,2.14.0,2026-09-13 10:08:36,scripts/25_esit_fp_adaylari.py
a0020,fp,a0225,Model-512,model_00176,train_ZRI_2014_JPG.rf.95f28aeba5b563f69c9b10bbb6758285.jpg,ZRI,0.5497,1230.3,1711.7,1286.5,1742.0,1224,1694,1293,1759,1002,1470,1515,1983,Model-512/ZRI,0.3504,0.52,1.8089,hayir,reports/hafta7_fp_protokolu.md,test,157,tahminler_taban512_hafta7.csv,tahminler_model512.csv,0.3,0.52,1.8089,0.3,0.5,0.1,8,512,110,55,20260913,"Esikler, katsayilar ve ornek buyuklukleri KARARDIR; olcumden turetilmedi. Ayrinti protokol dosyasinda.",3.13.1,8.4.144,0.12.6,2.14.0,2026-09-13 10:08:36,scripts/25_esit_fp_adaylari.py
a0021,kontrol,a0292,Taban-512,taban_00462,train_ZRI_2087_JPG.rf.25e89ef6f3583ab049f69cd7ff8a86f7.jpg,ZRI,,391.0,95.4,500.2,174.3,380,87,512,183,8,0,883,874,Taban-512/ZRI,0.2402,0.3,1.8089,hayir,reports/hafta7_fp_protokolu.md,test,157,tahminler_taban512_hafta7.csv,tahminler_model512.csv,0.3,0.52,1.8089,0.3,0.5,0.1,8,512,110,55,20260913,"Esikler, katsayilar ve ornek buyuklukleri KARARDIR; olcumden turetilmedi. Ayrinti protokol dosyasinda.",3.13.1,8.4.144,0.12.6,2.14.0,2026-09-13 10:08:36,scripts/25_esit_fp_adaylari.py
a0022,kontrol,a0301,Taban-512,taban_00448,train_ZRI_2069_JPG.rf.6a409d8c56d0318e69673369fd6d2678.jpg,ZRI,,1904.2,2513.5,1953.0,2531.2,1896,2490,1961,2555,1672,2266,2185,2779,Taban-512/ZRI,0.2402,0.3,1.8089,hayir,reports/hafta7_fp_protokolu.md,test,157,tahminler_taban512_hafta7.csv,tahminler_model512.csv,0.3,0.52,1.8089,0.3,0.5,0.1,8,512,110,55,20260913,"Esikler, katsayilar ve ornek buyuklukleri KARARDIR; olcumden turetilmedi. Ayrinti protokol dosyasinda.",3.13.1,8.4.144,0.12.6,2.14.0,2026-09-13 10:08:36,scripts/25_esit_fp_adaylari.py
a0023,kontrol,a0335,Taban-512,taban_00287,train_ZRI_2046_JPG.rf.6e0e88c5239bc031fcd5636dc1b42f80.jpg,ZRI,,1383.7,1896.2,1425.9,1959.8,1372,1889,1437,1967,1148,1671,1661,2184,Taban-512/ZRI,0.2402,0.3,1.8089,hayir,reports/hafta7_fp_protokolu.md,test,157,tahminler_taban512_hafta7.csv,tahminler_model512.csv,0.3,0.52,1.8089,0.3,0.5,0.1,8,512,110,55,20260913,"Esikler, katsayilar ve ornek buyuklukleri KARARDIR; olcumden turetilmedi. Ayrinti protokol dosyasinda.",3.13.1,8.4.144,0.12.6,2.14.0,2026-09-13 10:08:36,scripts/25_esit_fp_adaylari.py
a0024,kontrol,a0208,Model-512,model_00476,train_ZRI_2058_JPG.rf.34e7e941d692239be5f03263699cf42f.jpg,ZRI,,3457.0,1869.7,3550.0,1949.7,3447,1861,3560,1958,3131,1537,3876,2282,Model-512/ZRI,0.3504,0.52,1.8089,hayir,reports/hafta7_fp_protokolu.md,test,157,tahminler_taban512_hafta7.csv,tahminler_model512.csv,0.3,0.52,1.8089,0.3,0.5,0.1,8,512,110,55,20260913,"Esikler, katsayilar ve ornek buyuklukleri KARARDIR; olcumden turetilmedi. Ayrinti protokol dosyasinda.",3.13.1,8.4.144,0.12.6,2.14.0,2026-09-13 10:08:36,scripts/25_esit_fp_adaylari.py
a0025,kontrol,a0396,Taban-512,taban_00137,train_ZRI_2012_JPG.rf.c05e4c2bd31f79c57174d2c7484d907c.jpg,ZRI,,2166.9,2514.0,2340.9,2634.9,2149,2501,2359,2647,1557,1608,2950,3000,Taban-512/ZRI,0.2402,0.3,1.8089,hayir,reports/hafta7_fp_protokolu.md,test,157,tahminler_taban512_hafta7.csv,tahminler_model512.csv,0.3,0.52,1.8089,0.3,0.5,0.1,8,512,110,55,20260913,"Esikler, katsayilar ve ornek buyuklukleri KARARDIR; olcumden turetilmedi. Ayrinti protokol dosyasinda.",3.13.1,8.4.144,0.12.6,2.14.0,2026-09-13 10:08:36,scripts/25_esit_fp_adaylari.py
a0026,kontrol,a0311,Taban-512,taban_00068,train_VRD_3124_JPG.rf.fab52f2a7b7199c993c908c5ecdca8df.jpg,VRD,,607.2,2066.3,636.1,2099.5,589,2050,654,2115,365,1826,878,2339,Taban-512/VRD,1.0,0.3,1.8089,hayir,reports/hafta7_fp_protokolu.md,test,157,tahminler_taban512_hafta7.csv,tahminler_model512.csv,0.3,0.52,1.8089,0.3,0.5,0.1,8,512,110,55,20260913,"Esikler, katsayilar ve ornek buyuklukleri KARARDIR; olcumden turetilmedi. Ayrinti protokol dosyasinda.",3.13.1,8.4.144,0.12.6,2.14.0,2026-09-13 10:08:36,scripts/25_esit_fp_adaylari.py
a0027,fp,a0325,Taban-512,taban_00014,train_VRD_3068_JPG.rf.037ab67223e871ad9716e9aab2f4a197.jpg,VRD,0.3628,505.7,1356.7,534.3,1400.3,488,1346,552,1411,264,1122,776,1635,Taban-512/VRD,1.0,0.3,1.8089,hayir,reports/hafta7_fp_protokolu.md,test,157,tahminler_taban512_hafta7.csv,tahminler_model512.csv,0.3,0.52,1.8089,0.3,0.5,0.1,8,512,110,55,20260913,"Esikler, katsayilar ve ornek buyuklukleri KARARDIR; olcumden turetilmedi. Ayrinti protokol dosyasinda.",3.13.1,8.4.144,0.12.6,2.14.0,2026-09-13 10:08:36,scripts/25_esit_fp_adaylari.py
a0028,kontrol,a0394,Model-512,model_00113,train_ZRI_2012_JPG.rf.c05e4c2bd31f79c57174d2c7484d907c.jpg,ZRI,,3585.6,2847.5,3691.9,2923.3,3575,2839,3703,2931,3149,2149,4000,3000,Model-512/ZRI,0.3504,0.52,1.8089,hayir,reports/hafta7_fp_protokolu.md,test,157,tahminler_taban512_hafta7.csv,tahminler_model512.csv,0.3,0.52,1.8089,0.3,0.5,0.1,8,512,110,55,20260913,"Esikler, katsayilar ve ornek buyuklukleri KARARDIR; olcumden turetilmedi. Ayrinti protokol dosyasinda.",3.13.1,8.4.144,0.12.6,2.14.0,2026-09-13 10:08:36,scripts/25_esit_fp_adaylari.py
a0029,fp,a0141,Model-512,model_00516,train_ZRI_2065_JPG.rf.830ac62cc7542ba9b85d03b76e773cef.jpg,ZRI,0.6811,800.9,418.7,835.6,460.9,786,407,851,472,562,183,1075,696,Model-512/ZRI,0.3504,0.52,1.8089,hayir,reports/hafta7_fp_protokolu.md,test,157,tahminler_taban512_hafta7.csv,tahminler_model512.csv,0.3,0.52,1.8089,0.3,0.5,0.1,8,512,110,55,20260913,"Esikler, katsayilar ve ornek buyuklukleri KARARDIR; olcumden turetilmedi. Ayrinti protokol dosyasinda.",3.13.1,8.4.144,0.12.6,2.14.0,2026-09-13 10:08:36,scripts/25_esit_fp_adaylari.py
a0030,fp,a0116,Taban-512,taban_00303,train_ZRI_2047_JPG.rf.28100fb3bc7c0eb615dea5cc673ffa75.jpg,ZRI,0.5835,1362.2,0.7,1397.8,57.0,1348,0,1412,63,1124,0,1636,512,Taban-512/ZRI,0.2402,0.3,1.8089,hayir,reports/hafta7_fp_protokolu.md,test,157,tahminler_taban512_hafta7.csv,tahminler_model512.csv,0.3,0.52,1.8089,0.3,0.5,0.1,8,512,110,55,20260913,"Esikler, katsayilar ve ornek buyuklukleri KARARDIR; olcumden turetilmedi. Ayrinti protokol dosyasinda.",3.13.1,8.4.144,0.12.6,2.14.0,2026-09-13 10:08:36,scripts/25_esit_fp_adaylari.py
a0031,fp,a0200,Model-512,model_00310,train_ZRI_2031_JPG.rf.6637eeede974d137c26c06f05e71de95.jpg,ZRI,0.6747,2281.6,242.3,2320.1,284.8,2268,231,2333,296,2044,7,2557,520,Model-512/ZRI,0.3504,0.52,1.8089,hayir,reports/hafta7_fp_protokolu.md,test,157,tahminler_taban512_hafta7.csv,tahminler_model512.csv,0.3,0.52,1.8089,0.3,0.5,0.1,8,512,110,55,20260913,"Esikler, katsayilar ve ornek buyuklukleri KARARDIR; olcumden turetilmedi. Ayrinti protokol dosyasinda.",3.13.1,8.4.144,0.12.6,2.14.0,2026-09-13 10:08:36,scripts/25_esit_fp_adaylari.py
a0032,fp,a0260,Model-512,model_00170,train_ZRI_2014_JPG.rf.95f28aeba5b563f69c9b10bbb6758285.jpg,ZRI,0.6838,3488.4,1236.4,3555.5,1296.8,3481,1230,3563,1303,3253,998,3791,1535,Model-512/ZRI,0.3504,0.52,1.8089,evet,reports/hafta7_fp_protokolu.md,test,157,tahminler_taban512_hafta7.csv,tahminler_model512.csv,0.3,0.52,1.8089,0.3,0.5,0.1,8,512,110,55,20260913,"Esikler, katsayilar ve ornek buyuklukleri KARARDIR; olcumden turetilmedi. Ayrinti protokol dosyasinda.",3.13.1,8.4.144,0.12.6,2.14.0,2026-09-13 10:08:36,scripts/25_esit_fp_adaylari.py
a0033,fp,a0103,Taban-512,taban_00059,train_VRD_3112_JPG.rf.42608d3ed20187f499e1e1dfe8a5e719.jpg,VRD,0.3859,463.8,1482.4,496.2,1523.0,448,1470,512,1535,224,1246,736,1759,Taban-512/VRD,1.0,0.3,1.8089,hayir,reports/hafta7_fp_protokolu.md,test,157,tahminler_taban512_hafta7.csv,tahminler_model512.csv,0.3,0.52,1.8089,0.3,0.5,0.1,8,512,110,55,20260913,"Esikler, katsayilar ve ornek buyuklukleri KARARDIR; olcumden turetilmedi. Ayrinti protokol dosyasinda.",3.13.1,8.4.144,0.12.6,2.14.0,2026-09-13 10:08:36,scripts/25_esit_fp_adaylari.py
a0034,kontrol,a0386,Taban-512,taban_00019,train_VRD_3083_JPG.rf.8af8b7ba2f81349640d3de9849199918.jpg,VRD,,2818.2,2094.0,2848.9,2137.2,2801,2083,2866,2148,2577,1859,3090,2372,Taban-512/VRD,1.0,0.3,1.8089,hayir,reports/hafta7_fp_protokolu.md,test,157,tahminler_taban512_hafta7.csv,tahminler_model512.csv,0.3,0.52,1.8089,0.3,0.5,0.1,8,512,110,55,20260913,"Esikler, katsayilar ve ornek buyuklukleri KARARDIR; olcumden turetilmedi. Ayrinti protokol dosyasinda.",3.13.1,8.4.144,0.12.6,2.14.0,2026-09-13 10:08:36,scripts/25_esit_fp_adaylari.py
a0035,fp,a0291,Model-512,model_00439,train_ZRI_2051_JPG.rf.c6b80d7c803e9e8d6c0e97620237f374.jpg,ZRI,0.749,2247.4,85.9,2284.6,158.9,2234,78,2298,167,1974,0,2558,584,Model-512/ZRI,0.3504,0.52,1.8089,hayir,reports/hafta7_fp_protokolu.md,test,157,tahminler_taban512_hafta7.csv,tahminler_model512.csv,0.3,0.52,1.8089,0.3,0.5,0.1,8,512,110,55,20260913,"Esikler, katsayilar ve ornek buyuklukleri KARARDIR; olcumden turetilmedi. Ayrinti protokol dosyasinda.",3.13.1,8.4.144,0.12.6,2.14.0,2026-09-13 10:08:36,scripts/25_esit_fp_adaylari.py
a0036,kontrol,a0006,Taban-512,taban_00449,train_ZRI_2069_JPG.rf.6a409d8c56d0318e69673369fd6d2678.jpg,ZRI,,3146.4,275.5,3237.2,369.3,3137,266,3247,379,2816,0,3567,751,Taban-512/ZRI,0.2402,0.3,1.8089,hayir,reports/hafta7_fp_protokolu.md,test,157,tahminler_taban512_hafta7.csv,tahminler_model512.csv,0.3,0.52,1.8089,0.3,0.5,0.1,8,512,110,55,20260913,"Esikler, katsayilar ve ornek buyuklukleri KARARDIR; olcumden turetilmedi. Ayrinti protokol dosyasinda.",3.13.1,8.4.144,0.12.6,2.14.0,2026-09-13 10:08:36,scripts/25_esit_fp_adaylari.py
a0037,kontrol,a0248,Model-512,model_00174,train_ZRI_2014_JPG.rf.95f28aeba5b563f69c9b10bbb6758285.jpg,ZRI,,12.2,1775.2,60.7,1803.2,4,1757,69,1822,0,1533,512,2046,Model-512/ZRI,0.3504,0.52,1.8089,hayir,reports/hafta7_fp_protokolu.md,test,157,tahminler_taban512_hafta7.csv,tahminler_model512.csv,0.3,0.52,1.8089,0.3,0.5,0.1,8,512,110,55,20260913,"Esikler, katsayilar ve ornek buyuklukleri KARARDIR; olcumden turetilmedi. Ayrinti protokol dosyasinda.",3.13.1,8.4.144,0.12.6,2.14.0,2026-09-13 10:08:36,scripts/25_esit_fp_adaylari.py
a0038,fp,a0117,Taban-512,taban_00140,train_ZRI_2012_JPG.rf.c05e4c2bd31f79c57174d2c7484d907c.jpg,ZRI,0.3789,1421.1,1848.7,1486.4,1922.0,1414,1841,1493,1930,1160,1592,1747,2179,Taban-512/ZRI,0.2402,0.3,1.8089,hayir,reports/hafta7_fp_protokolu.md,test,157,tahminler_taban512_hafta7.csv,tahminler_model512.csv,0.3,0.52,1.8089,0.3,0.5,0.1,8,512,110,55,20260913,"Esikler, katsayilar ve ornek buyuklukleri KARARDIR; olcumden turetilmedi. Ayrinti protokol dosyasinda.",3.13.1,8.4.144,0.12.6,2.14.0,2026-09-13 10:08:36,scripts/25_esit_fp_adaylari.py
a0039,kontrol,a0382,Model-512,model_00238,train_ZRI_2021_JPG.rf.0acf422827cbc011716ca38b5cc5892d.jpg,ZRI,,2612.1,2498.7,2640.2,2570.3,2594,2491,2659,2578,2339,2248,2913,2821,Model-512/ZRI,0.3504,0.52,1.8089,hayir,reports/hafta7_fp_protokolu.md,test,157,tahminler_taban512_hafta7.csv,tahminler_model512.csv,0.3,0.52,1.8089,0.3,0.5,0.1,8,512,110,55,20260913,"Esikler, katsayilar ve ornek buyuklukleri KARARDIR; olcumden turetilmedi. Ayrinti protokol dosyasinda.",3.13.1,8.4.144,0.12.6,2.14.0,2026-09-13 10:08:36,scripts/25_esit_fp_adaylari.py
a0040,fp,a0233,Model-512,model_00497,train_ZRI_2058_JPG.rf.34e7e941d692239be5f03263699cf42f.jpg,ZRI,0.585,849.0,2488.2,968.2,2515.6,837,2469,981,2534,431,2025,1386,2979,Model-512/ZRI,0.3504,0.52,1.8089,hayir,reports/hafta7_fp_protokolu.md,test,157,tahminler_taban512_hafta7.csv,tahminler_model512.csv,0.3,0.52,1.8089,0.3,0.5,0.1,8,512,110,55,20260913,"Esikler, katsayilar ve ornek buyuklukleri KARARDIR; olcumden turetilmedi. Ayrinti protokol dosyasinda.",3.13.1,8.4.144,0.12.6,2.14.0,2026-09-13 10:08:36,scripts/25_esit_fp_adaylari.py
a0041,kontrol,a0048,Model-512,model_00710,train_ZRI_3012_JPG.rf.1e9e9801c76d218506e789eb7e0eb27c.jpg,ZRI,,3719.8,309.1,3781.6,353.8,3713,299,3788,364,3488,75,4000,588,Model-512/ZRI,0.3504,0.52,1.8089,hayir,reports/hafta7_fp_protokolu.md,test,157,tahminler_taban512_hafta7.csv,tahminler_model512.csv,0.3,0.52,1.8089,0.3,0.5,0.1,8,512,110,55,20260913,"Esikler, katsayilar ve ornek buyuklukleri KARARDIR; olcumden turetilmedi. Ayrinti protokol dosyasinda.",3.13.1,8.4.144,0.12.6,2.14.0,2026-09-13 10:08:36,scripts/25_esit_fp_adaylari.py
a0042,kontrol,a0407,Taban-512,taban_00054,train_VRD_3111_JPG.rf.62ad8acc511c6bcc7e49b4b471a18703.jpg,VRD,,3934.1,1596.9,3967.5,1628.0,3918,1580,3983,1645,3488,1356,4000,1869,Taban-512/VRD,1.0,0.3,1.8089,hayir,reports/hafta7_fp_protokolu.md,test,157,tahminler_taban512_hafta7.csv,tahminler_model512.csv,0.3,0.52,1.8089,0.3,0.5,0.1,8,512,110,55,20260913,"Esikler, katsayilar ve ornek buyuklukleri KARARDIR; olcumden turetilmedi. Ayrinti protokol dosyasinda.",3.13.1,8.4.144,0.12.6,2.14.0,2026-09-13 10:08:36,scripts/25_esit_fp_adaylari.py
a0043,kontrol,a0387,Taban-512,taban_00356,train_ZRI_2051_JPG.rf.c6b80d7c803e9e8d6c0e97620237f374.jpg,ZRI,,3762.3,779.4,3786.1,824.0,3742,769,3807,834,3488,545,4000,1058,Taban-512/ZRI,0.2402,0.3,1.8089,hayir,reports/hafta7_fp_protokolu.md,test,157,tahminler_taban512_hafta7.csv,tahminler_model512.csv,0.3,0.52,1.8089,0.3,0.5,0.1,8,512,110,55,20260913,"Esikler, katsayilar ve ornek buyuklukleri KARARDIR; olcumden turetilmedi. Ayrinti protokol dosyasinda.",3.13.1,8.4.144,0.12.6,2.14.0,2026-09-13 10:08:36,scripts/25_esit_fp_adaylari.py
a0044,fp,a0157,Model-512,model_00019,train_VRD_3090_JPG.rf.aae703cf6571719c2137410a8c314c47.jpg,VRD,0.709,3122.3,2750.7,3172.7,2814.0,3115,2744,3180,2821,2891,2488,3404,3000,Model-512/VRD,1.0,0.52,1.8089,hayir,reports/hafta7_fp_protokolu.md,test,157,tahminler_taban512_hafta7.csv,tahminler_model512.csv,0.3,0.52,1.8089,0.3,0.5,0.1,8,512,110,55,20260913,"Esikler, katsayilar ve ornek buyuklukleri KARARDIR; olcumden turetilmedi. Ayrinti protokol dosyasinda.",3.13.1,8.4.144,0.12.6,2.14.0,2026-09-13 10:08:36,scripts/25_esit_fp_adaylari.py
a0045,kontrol,a0266,Taban-512,taban_00093,train_ZRI_2007_JPG.rf.80e11b79e6dead246b35d741fce18b16.jpg,ZRI,,1427.3,686.7,1546.5,729.7,1415,676,1559,741,1010,231,1964,1185,Taban-512/ZRI,0.2402,0.3,1.8089,hayir,reports/hafta7_fp_protokolu.md,test,157,tahminler_taban512_hafta7.csv,tahminler_model512.csv,0.3,0.52,1.8089,0.3,0.5,0.1,8,512,110,55,20260913,"Esikler, katsayilar ve ornek buyuklukleri KARARDIR; olcumden turetilmedi. Ayrinti protokol dosyasinda.",3.13.1,8.4.144,0.12.6,2.14.0,2026-09-13 10:08:36,scripts/25_esit_fp_adaylari.py
a0046,kontrol,a0343,Model-512,model_00876,train_ZRI_3031_JPG.rf.77fb682816ff2a80876429e205b7da83.jpg,ZRI,,2197.6,1660.8,2243.5,1719.1,2188,1654,2253,1725,1964,1433,2477,1946,Model-512/ZRI,0.3504,0.52,1.8089,hayir,reports/hafta7_fp_protokolu.md,test,157,tahminler_taban512_hafta7.csv,tahminler_model512.csv,0.3,0.52,1.8089,0.3,0.5,0.1,8,512,110,55,20260913,"Esikler, katsayilar ve ornek buyuklukleri KARARDIR; olcumden turetilmedi. Ayrinti protokol dosyasinda.",3.13.1,8.4.144,0.12.6,2.14.0,2026-09-13 10:08:36,scripts/25_esit_fp_adaylari.py
a0047,fp,a0087,Taban-512,taban_00558,train_ZRI_3021_JPG.rf.de50a726e16c7075eedea7d52769769b.jpg,ZRI,0.592,1210.7,1640.1,1270.6,1664.0,1204,1620,1277,1685,984,1396,1497,1909,Taban-512/ZRI,0.2402,0.3,1.8089,hayir,reports/hafta7_fp_protokolu.md,test,157,tahminler_taban512_hafta7.csv,tahminler_model512.csv,0.3,0.52,1.8089,0.3,0.5,0.1,8,512,110,55,20260913,"Esikler, katsayilar ve ornek buyuklukleri KARARDIR; olcumden turetilmedi. Ayrinti protokol dosyasinda.",3.13.1,8.4.144,0.12.6,2.14.0,2026-09-13 10:08:36,scripts/25_esit_fp_adaylari.py
a0048,fp,a0041,Model-512,model_00710,train_ZRI_3012_JPG.rf.1e9e9801c76d218506e789eb7e0eb27c.jpg,ZRI,0.6506,3730.2,1394.4,3792.0,1439.1,3724,1384,3799,1449,3488,1160,4000,1673,Model-512/ZRI,0.3504,0.52,1.8089,hayir,reports/hafta7_fp_protokolu.md,test,157,tahminler_taban512_hafta7.csv,tahminler_model512.csv,0.3,0.52,1.8089,0.3,0.5,0.1,8,512,110,55,20260913,"Esikler, katsayilar ve ornek buyuklukleri KARARDIR; olcumden turetilmedi. Ayrinti protokol dosyasinda.",3.13.1,8.4.144,0.12.6,2.14.0,2026-09-13 10:08:36,scripts/25_esit_fp_adaylari.py
a0049,kontrol,a0384,Taban-512,taban_00033,train_VRD_3092_JPG.rf.b9c69f37389a1473f41b1882be71f72b.jpg,VRD,,2342.1,2135.8,2379.6,2194.4,2328,2129,2393,2201,2104,1909,2617,2422,Taban-512/VRD,1.0,0.3,1.8089,evet,reports/hafta7_fp_protokolu.md,test,157,tahminler_taban512_hafta7.csv,tahminler_model512.csv,0.3,0.52,1.8089,0.3,0.5,0.1,8,512,110,55,20260913,"Esikler, katsayilar ve ornek buyuklukleri KARARDIR; olcumden turetilmedi. Ayrinti protokol dosyasinda.",3.13.1,8.4.144,0.12.6,2.14.0,2026-09-13 10:08:36,scripts/25_esit_fp_adaylari.py
a0050,fp,a0416,Taban-512,taban_00017,train_VRD_3082_JPG.rf.bc32984470d6b81e6cda05017ace1730.jpg,VRD,0.4218,2164.4,315.6,2198.2,356.7,2149,304,2214,369,1925,80,2438,593,Taban-512/VRD,1.0,0.3,1.8089,hayir,reports/hafta7_fp_protokolu.md,test,157,tahminler_taban512_hafta7.csv,tahminler_model512.csv,0.3,0.52,1.8089,0.3,0.5,0.1,8,512,110,55,20260913,"Esikler, katsayilar ve ornek buyuklukleri KARARDIR; olcumden turetilmedi. Ayrinti protokol dosyasinda.",3.13.1,8.4.144,0.12.6,2.14.0,2026-09-13 10:08:36,scripts/25_esit_fp_adaylari.py
a0051,fp,a0424,Taban-512,taban_00050,train_VRD_3107_JPG.rf.578be187d472128edc05c898ca288a66.jpg,VRD,0.3003,2907.9,1230.4,2971.7,1347.4,2901,1218,2979,1360,2471,820,3408,1757,Taban-512/VRD,1.0,0.3,1.8089,hayir,reports/hafta7_fp_protokolu.md,test,157,tahminler_taban512_hafta7.csv,tahminler_model512.csv,0.3,0.52,1.8089,0.3,0.5,0.1,8,512,110,55,20260913,"Esikler, katsayilar ve ornek buyuklukleri KARARDIR; olcumden turetilmedi. Ayrinti protokol dosyasinda.",3.13.1,8.4.144,0.12.6,2.14.0,2026-09-13 10:08:36,scripts/25_esit_fp_adaylari.py
a0052,kontrol,a0299,Taban-512,taban_00345,train_ZRI_2049_JPG.rf.35c07c1208f36c275450d0a1f718410a.jpg,ZRI,,1016.1,1988.3,1051.8,2008.0,1001,1966,1066,2031,777,1742,1290,2255,Taban-512/ZRI,0.2402,0.3,1.8089,hayir,reports/hafta7_fp_protokolu.md,test,157,tahminler_taban512_hafta7.csv,tahminler_model512.csv,0.3,0.52,1.8089,0.3,0.5,0.1,8,512,110,55,20260913,"Esikler, katsayilar ve ornek buyuklukleri KARARDIR; olcumden turetilmedi. Ayrinti protokol dosyasinda.",3.13.1,8.4.144,0.12.6,2.14.0,2026-09-13 10:08:36,scripts/25_esit_fp_adaylari.py
a0053,fp,a0191,Model-512,model_00125,train_ZRI_2012_JPG.rf.c05e4c2bd31f79c57174d2c7484d907c.jpg,ZRI,0.7356,1950.3,311.6,2016.2,368.7,1943,305,2023,375,1719,76,2247,604,Model-512/ZRI,0.3504,0.52,1.8089,hayir,reports/hafta7_fp_protokolu.md,test,157,tahminler_taban512_hafta7.csv,tahminler_model512.csv,0.3,0.52,1.8089,0.3,0.5,0.1,8,512,110,55,20260913,"Esikler, katsayilar ve ornek buyuklukleri KARARDIR; olcumden turetilmedi. Ayrinti protokol dosyasinda.",3.13.1,8.4.144,0.12.6,2.14.0,2026-09-13 10:08:36,scripts/25_esit_fp_adaylari.py
a0054,kontrol,a0135,Model-512,model_00432,train_ZRI_2050_JPG.rf.6921c2273a748f4edbc0852aa24bddca.jpg,ZRI,,570.2,1587.6,625.2,1635.9,564,1579,631,1644,341,1355,854,1868,Model-512/ZRI,0.3504,0.52,1.8089,hayir,reports/hafta7_fp_protokolu.md,test,157,tahminler_taban512_hafta7.csv,tahminler_model512.csv,0.3,0.52,1.8089,0.3,0.5,0.1,8,512,110,55,20260913,"Esikler, katsayilar ve ornek buyuklukleri KARARDIR; olcumden turetilmedi. Ayrinti protokol dosyasinda.",3.13.1,8.4.144,0.12.6,2.14.0,2026-09-13 10:08:36,scripts/25_esit_fp_adaylari.py
a0055,kontrol,a0321,Taban-512,taban_00470,train_ZRI_3001_JPG.rf.87934c388c284001e56188d171bf0641.jpg,ZRI,,3815.0,1076.3,3854.2,1127.0,3802,1069,3867,1134,3488,845,4000,1358,Taban-512/ZRI,0.2402,0.3,1.8089,evet,reports/hafta7_fp_protokolu.md,test,157,tahminler_taban512_hafta7.csv,tahminler_model512.csv,0.3,0.52,1.8089,0.3,0.5,0.1,8,512,110,55,20260913,"Esikler, katsayilar ve ornek buyuklukleri KARARDIR; olcumden turetilmedi. Ayrinti protokol dosyasinda.",3.13.1,8.4.144,0.12.6,2.14.0,2026-09-13 10:08:36,scripts/25_esit_fp_adaylari.py
a0056,kontrol,a0154,Taban-512,taban_00070,train_VRD_3132_JPG.rf.4374019de6c5b2d9ec5996a99fe6bfe6.jpg,VRD,,1441.1,2646.1,1468.3,2717.6,1422,2638,1487,2725,1168,2395,1741,2968,Taban-512/VRD,1.0,0.3,1.8089,hayir,reports/hafta7_fp_protokolu.md,test,157,tahminler_taban512_hafta7.csv,tahminler_model512.csv,0.3,0.52,1.8089,0.3,0.5,0.1,8,512,110,55,20260913,"Esikler, katsayilar ve ornek buyuklukleri KARARDIR; olcumden turetilmedi. Ayrinti protokol dosyasinda.",3.13.1,8.4.144,0.12.6,2.14.0,2026-09-13 10:08:36,scripts/25_esit_fp_adaylari.py
a0057,kontrol,a0338,Taban-512,taban_00254,train_ZRI_2033_JPG.rf.9a239a616f9277852538bd95edcc770e.jpg,ZRI,,1887.1,2265.3,1972.4,2305.9,1878,2253,1981,2318,1588,1944,2271,2627,Taban-512/ZRI,0.2402,0.3,1.8089,hayir,reports/hafta7_fp_protokolu.md,test,157,tahminler_taban512_hafta7.csv,tahminler_model512.csv,0.3,0.52,1.8089,0.3,0.5,0.1,8,512,110,55,20260913,"Esikler, katsayilar ve ornek buyuklukleri KARARDIR; olcumden turetilmedi. Ayrinti protokol dosyasinda.",3.13.1,8.4.144,0.12.6,2.14.0,2026-09-13 10:08:36,scripts/25_esit_fp_adaylari.py
a0058,kontrol,a0340,Taban-512,taban_00305,train_ZRI_2047_JPG.rf.28100fb3bc7c0eb615dea5cc673ffa75.jpg,ZRI,,3741.6,2091.2,3783.2,2122.8,3730,2074,3795,2139,3488,1850,4000,2363,Taban-512/ZRI,0.2402,0.3,1.8089,hayir,reports/hafta7_fp_protokolu.md,test,157,tahminler_taban512_hafta7.csv,tahminler_model512.csv,0.3,0.52,1.8089,0.3,0.5,0.1,8,512,110,55,20260913,"Esikler, katsayilar ve ornek buyuklukleri KARARDIR; olcumden turetilmedi. Ayrinti protokol dosyasinda.",3.13.1,8.4.144,0.12.6,2.14.0,2026-09-13 10:08:36,scripts/25_esit_fp_adaylari.py
a0059,fp,a0078,Taban-512,taban_00061,train_VRD_3112_JPG.rf.42608d3ed20187f499e1e1dfe8a5e719.jpg,VRD,0.3085,57.9,1403.5,88.4,1438.5,41,1389,106,1453,0,1165,512,1677,Taban-512/VRD,1.0,0.3,1.8089,hayir,reports/hafta7_fp_protokolu.md,test,157,tahminler_taban512_hafta7.csv,tahminler_model512.csv,0.3,0.52,1.8089,0.3,0.5,0.1,8,512,110,55,20260913,"Esikler, katsayilar ve ornek buyuklukleri KARARDIR; olcumden turetilmedi. Ayrinti protokol dosyasinda.",3.13.1,8.4.144,0.12.6,2.14.0,2026-09-13 10:08:36,scripts/25_esit_fp_adaylari.py
a0060,fp,a0144,Model-512,model_00054,train_ZRI_2003_JPG.rf.cdcf53b6f852c3d1bafc5636fd07b47b.jpg,ZRI,0.6168,3246.9,441.5,3323.1,514.0,3239,434,3331,522,2980,172,3590,783,Model-512/ZRI,0.3504,0.52,1.8089,hayir,reports/hafta7_fp_protokolu.md,test,157,tahminler_taban512_hafta7.csv,tahminler_model512.csv,0.3,0.52,1.8089,0.3,0.5,0.1,8,512,110,55,20260913,"Esikler, katsayilar ve ornek buyuklukleri KARARDIR; olcumden turetilmedi. Ayrinti protokol dosyasinda.",3.13.1,8.4.144,0.12.6,2.14.0,2026-09-13 10:08:36,scripts/25_esit_fp_adaylari.py
a0061,kontrol,a0124,Taban-512,taban_00285,train_ZRI_2046_JPG.rf.6e0e88c5239bc031fcd5636dc1b42f80.jpg,ZRI,,3820.8,1574.3,3844.3,1598.9,3800,1554,3865,1619,3488,1330,4000,1843,Taban-512/ZRI,0.2402,0.3,1.8089,hayir,reports/hafta7_fp_protokolu.md,test,157,tahminler_taban512_hafta7.csv,tahminler_model512.csv,0.3,0.52,1.8089,0.3,0.5,0.1,8,512,110,55,20260913,"Esikler, katsayilar ve ornek buyuklukleri KARARDIR; olcumden turetilmedi. Ayrinti protokol dosyasinda.",3.13.1,8.4.144,0.12.6,2.14.0,2026-09-13 10:08:36,scripts/25_esit_fp_adaylari.py
a0062,kontrol,a0410,Model-512,model_00555,train_ZRI_2069_JPG.rf.6a409d8c56d0318e69673369fd6d2678.jpg,ZRI,,3054.7,2811.6,3118.3,2832.5,3048,2790,3125,2855,2830,2488,3343,3000,Model-512/ZRI,0.3504,0.52,1.8089,hayir,reports/hafta7_fp_protokolu.md,test,157,tahminler_taban512_hafta7.csv,tahminler_model512.csv,0.3,0.52,1.8089,0.3,0.5,0.1,8,512,110,55,20260913,"Esikler, katsayilar ve ornek buyuklukleri KARARDIR; olcumden turetilmedi. Ayrinti protokol dosyasinda.",3.13.1,8.4.144,0.12.6,2.14.0,2026-09-13 10:08:36,scripts/25_esit_fp_adaylari.py
a0063,fp,a0228,Taban-512,taban_00064,train_VRD_3120_JPG.rf.d5adf526c352ee6ddfedebda9f1cf247.jpg,VRD,0.4023,1362.3,2874.0,1427.8,2970.8,1355,2864,1435,2981,1007,2225,1783,3000,Taban-512/VRD,1.0,0.3,1.8089,hayir,reports/hafta7_fp_protokolu.md,test,157,tahminler_taban512_hafta7.csv,tahminler_model512.csv,0.3,0.52,1.8089,0.3,0.5,0.1,8,512,110,55,20260913,"Esikler, katsayilar ve ornek buyuklukleri KARARDIR; olcumden turetilmedi. Ayrinti protokol dosyasinda.",3.13.1,8.4.144,0.12.6,2.14.0,2026-09-13 10:08:36,scripts/25_esit_fp_adaylari.py
a0064,kontrol,a0400,Taban-512,taban_00132,train_ZRI_2012_JPG.rf.c05e4c2bd31f79c57174d2c7484d907c.jpg,ZRI,,2708.2,2309.5,2899.2,2401.4,2689,2300,2919,2411,2039,1472,3568,3000,Taban-512/ZRI,0.2402,0.3,1.8089,hayir,reports/hafta7_fp_protokolu.md,test,157,tahminler_taban512_hafta7.csv,tahminler_model512.csv,0.3,0.52,1.8089,0.3,0.5,0.1,8,512,110,55,20260913,"Esikler, katsayilar ve ornek buyuklukleri KARARDIR; olcumden turetilmedi. Ayrinti protokol dosyasinda.",3.13.1,8.4.144,0.12.6,2.14.0,2026-09-13 10:08:36,scripts/25_esit_fp_adaylari.py
a0065,kontrol,a0227,Taban-512,taban_00118,train_ZRI_2011_JPG.rf.0650e1a725e5029a0f5806e9ead4ec01.jpg,ZRI,,2350.3,2839.5,2433.2,2917.5,2342,2831,2442,2926,2060,2336,2724,3000,Taban-512/ZRI,0.2402,0.3,1.8089,hayir,reports/hafta7_fp_protokolu.md,test,157,tahminler_taban512_hafta7.csv,tahminler_model512.csv,0.3,0.52,1.8089,0.3,0.5,0.1,8,512,110,55,20260913,"Esikler, katsayilar ve ornek buyuklukleri KARARDIR; olcumden turetilmedi. Ayrinti protokol dosyasinda.",3.13.1,8.4.144,0.12.6,2.14.0,2026-09-13 10:08:36,scripts/25_esit_fp_adaylari.py
a0066,fp,a0204,Taban-512,taban_00013,train_VRD_3064_JPG.rf.a3264a41566e7502902096b0c80661b5.jpg,VRD,0.3186,416.3,2488.7,490.3,2608.5,408,2476,498,2621,0,2041,959,3000,Taban-512/VRD,1.0,0.3,1.8089,hayir,reports/hafta7_fp_protokolu.md,test,157,tahminler_taban512_hafta7.csv,tahminler_model512.csv,0.3,0.52,1.8089,0.3,0.5,0.1,8,512,110,55,20260913,"Esikler, katsayilar ve ornek buyuklukleri KARARDIR; olcumden turetilmedi. Ayrinti protokol dosyasinda.",3.13.1,8.4.144,0.12.6,2.14.0,2026-09-13 10:08:36,scripts/25_esit_fp_adaylari.py
a0067,kontrol,a0121,Model-512,model_00215,train_ZRI_2019_JPG.rf.b8e630f248c9a0965ceaaa661193f34a.jpg,ZRI,,2071.3,1112.5,2125.8,1157.4,2065,1102,2132,1167,1842,878,2355,1391,Model-512/ZRI,0.3504,0.52,1.8089,hayir,reports/hafta7_fp_protokolu.md,test,157,tahminler_taban512_hafta7.csv,tahminler_model512.csv,0.3,0.52,1.8089,0.3,0.5,0.1,8,512,110,55,20260913,"Esikler, katsayilar ve ornek buyuklukleri KARARDIR; olcumden turetilmedi. Ayrinti protokol dosyasinda.",3.13.1,8.4.144,0.12.6,2.14.0,2026-09-13 10:08:36,scripts/25_esit_fp_adaylari.py
a0068,fp,a0294,Model-512,model_00864,train_ZRI_3027_JPG.rf.99f697df2ae83d2ef77dd3effe2b5f2a.jpg,ZRI,0.5646,349.7,2747.2,413.2,2830.6,343,2738,420,2839,47,2332,716,3000,Model-512/ZRI,0.3504,0.52,1.8089,hayir,reports/hafta7_fp_protokolu.md,test,157,tahminler_taban512_hafta7.csv,tahminler_model512.csv,0.3,0.52,1.8089,0.3,0.5,0.1,8,512,110,55,20260913,"Esikler, katsayilar ve ornek buyuklukleri KARARDIR; olcumden turetilmedi. Ayrinti protokol dosyasinda.",3.13.1,8.4.144,0.12.6,2.14.0,2026-09-13 10:08:36,scripts/25_esit_fp_adaylari.py
a0069,kontrol,a0184,Taban-512,taban_00533,train_ZRI_3017_JPG.rf.5007898a1182a140b1486a2353f22912.jpg,ZRI,,976.0,2223.4,1038.1,2269.6,969,2214,1045,2279,751,1990,1264,2503,Taban-512/ZRI,0.2402,0.3,1.8089,hayir,reports/hafta7_fp_protokolu.md,test,157,tahminler_taban512_hafta7.csv,tahminler_model512.csv,0.3,0.52,1.8089,0.3,0.5,0.1,8,512,110,55,20260913,"Esikler, katsayilar ve ornek buyuklukleri KARARDIR; olcumden turetilmedi. Ayrinti protokol dosyasinda.",3.13.1,8.4.144,0.12.6,2.14.0,2026-09-13 10:08:36,scripts/25_esit_fp_adaylari.py
a0070,fp,a0267,Taban-512,taban_00069,train_VRD_3128_JPG.rf.abc33b9608b2f63f3c997ffeee124a97.jpg,VRD,0.3354,366.4,1429.8,400.6,1495.1,351,1423,416,1502,122,1201,645,1724,Taban-512/VRD,1.0,0.3,1.8089,hayir,reports/hafta7_fp_protokolu.md,test,157,tahminler_taban512_hafta7.csv,tahminler_model512.csv,0.3,0.52,1.8089,0.3,0.5,0.1,8,512,110,55,20260913,"Esikler, katsayilar ve ornek buyuklukleri KARARDIR; olcumden turetilmedi. Ayrinti protokol dosyasinda.",3.13.1,8.4.144,0.12.6,2.14.0,2026-09-13 10:08:36,scripts/25_esit_fp_adaylari.py
a0071,kontrol,a0088,Model-512,model_00662,train_ZRI_3007_JPG.rf.9aaa808230b7b9af324a301c05899671.jpg,ZRI,,3692.0,1314.9,3733.1,1381.8,3680,1308,3745,1389,3444,1080,3981,1616,Model-512/ZRI,0.3504,0.52,1.8089,hayir,reports/hafta7_fp_protokolu.md,test,157,tahminler_taban512_hafta7.csv,tahminler_model512.csv,0.3,0.52,1.8089,0.3,0.5,0.1,8,512,110,55,20260913,"Esikler, katsayilar ve ornek buyuklukleri KARARDIR; olcumden turetilmedi. Ayrinti protokol dosyasinda.",3.13.1,8.4.144,0.12.6,2.14.0,2026-09-13 10:08:36,scripts/25_esit_fp_adaylari.py
a0072,fp,a0330,Taban-512,taban_00346,train_ZRI_2049_JPG.rf.35c07c1208f36c275450d0a1f718410a.jpg,ZRI,0.3396,383.0,977.1,413.3,1028.5,366,970,431,1035,142,746,655,1259,Taban-512/ZRI,0.2402,0.3,1.8089,hayir,reports/hafta7_fp_protokolu.md,test,157,tahminler_taban512_hafta7.csv,tahminler_model512.csv,0.3,0.52,1.8089,0.3,0.5,0.1,8,512,110,55,20260913,"Esikler, katsayilar ve ornek buyuklukleri KARARDIR; olcumden turetilmedi. Ayrinti protokol dosyasinda.",3.13.1,8.4.144,0.12.6,2.14.0,2026-09-13 10:08:36,scripts/25_esit_fp_adaylari.py
a0073,fp,a0265,Model-512,model_00419,train_ZRI_2049_JPG.rf.35c07c1208f36c275450d0a1f718410a.jpg,ZRI,0.6349,1532.4,195.9,1574.6,256.9,1521,189,1586,263,1297,0,1810,512,Model-512/ZRI,0.3504,0.52,1.8089,hayir,reports/hafta7_fp_protokolu.md,test,157,tahminler_taban512_hafta7.csv,tahminler_model512.csv,0.3,0.52,1.8089,0.3,0.5,0.1,8,512,110,55,20260913,"Esikler, katsayilar ve ornek buyuklukleri KARARDIR; olcumden turetilmedi. Ayrinti protokol dosyasinda.",3.13.1,8.4.144,0.12.6,2.14.0,2026-09-13 10:08:36,scripts/25_esit_fp_adaylari.py
a0074,fp,a0216,Taban-512,taban_00174,train_ZRI_2014_JPG.rf.95f28aeba5b563f69c9b10bbb6758285.jpg,ZRI,0.3822,1324.8,2333.1,1363.3,2379.7,1312,2324,1377,2389,1088,2100,1601,2613,Taban-512/ZRI,0.2402,0.3,1.8089,hayir,reports/hafta7_fp_protokolu.md,test,157,tahminler_taban512_hafta7.csv,tahminler_model512.csv,0.3,0.52,1.8089,0.3,0.5,0.1,8,512,110,55,20260913,"Esikler, katsayilar ve ornek buyuklukleri KARARDIR; olcumden turetilmedi. Ayrinti protokol dosyasinda.",3.13.1,8.4.144,0.12.6,2.14.0,2026-09-13 10:08:36,scripts/25_esit_fp_adaylari.py
a0075,fp,a0303,Model-512,model_00676,train_ZRI_3008_JPG.rf.183af878bc7881b534b79d94d74b2f23.jpg,ZRI,0.7687,1802.1,284.1,1855.3,348.8,1796,277,1861,356,1569,57,2088,576,Model-512/ZRI,0.3504,0.52,1.8089,hayir,reports/hafta7_fp_protokolu.md,test,157,tahminler_taban512_hafta7.csv,tahminler_model512.csv,0.3,0.52,1.8089,0.3,0.5,0.1,8,512,110,55,20260913,"Esikler, katsayilar ve ornek buyuklukleri KARARDIR; olcumden turetilmedi. Ayrinti protokol dosyasinda.",3.13.1,8.4.144,0.12.6,2.14.0,2026-09-13 10:08:36,scripts/25_esit_fp_adaylari.py
a0076,fp,a0246,Taban-512,taban_00056,train_VRD_3111_JPG.rf.62ad8acc511c6bcc7e49b4b471a18703.jpg,VRD,0.3236,135.2,1302.5,176.1,1331.9,123,1285,188,1350,0,1061,512,1574,Taban-512/VRD,1.0,0.3,1.8089,hayir,reports/hafta7_fp_protokolu.md,test,157,tahminler_taban512_hafta7.csv,tahminler_model512.csv,0.3,0.52,1.8089,0.3,0.5,0.1,8,512,110,55,20260913,"Esikler, katsayilar ve ornek buyuklukleri KARARDIR; olcumden turetilmedi. Ayrinti protokol dosyasinda.",3.13.1,8.4.144,0.12.6,2.14.0,2026-09-13 10:08:36,scripts/25_esit_fp_adaylari.py
a0077,fp,a0160,Model-512,model_00382,train_ZRI_2046_JPG.rf.6e0e88c5239bc031fcd5636dc1b42f80.jpg,ZRI,0.5363,1683.0,461.8,1801.0,553.4,1671,452,1813,563,1270,35,2214,980,Model-512/ZRI,0.3504,0.52,1.8089,hayir,reports/hafta7_fp_protokolu.md,test,157,tahminler_taban512_hafta7.csv,tahminler_model512.csv,0.3,0.52,1.8089,0.3,0.5,0.1,8,512,110,55,20260913,"Esikler, katsayilar ve ornek buyuklukleri KARARDIR; olcumden turetilmedi. Ayrinti protokol dosyasinda.",3.13.1,8.4.144,0.12.6,2.14.0,2026-09-13 10:08:36,scripts/25_esit_fp_adaylari.py
a0078,kontrol,a0059,Taban-512,taban_00061,train_VRD_3112_JPG.rf.42608d3ed20187f499e1e1dfe8a5e719.jpg,VRD,,1609.4,2739.4,1639.9,2774.4,1592,2724,1657,2789,1368,2488,1881,3000,Taban-512/VRD,1.0,0.3,1.8089,hayir,reports/hafta7_fp_protokolu.md,test,157,tahminler_taban512_hafta7.csv,tahminler_model512.csv,0.3,0.52,1.8089,0.3,0.5,0.1,8,512,110,55,20260913,"Esikler, katsayilar ve ornek buyuklukleri KARARDIR; olcumden turetilmedi. Ayrinti protokol dosyasinda.",3.13.1,8.4.144,0.12.6,2.14.0,2026-09-13 10:08:36,scripts/25_esit_fp_adaylari.py
a0079,kontrol,a0099,Model-512,model_00619,train_ZRI_3003_JPG.rf.d28000a3014df2b27372c17bb2d7b1f4.jpg,ZRI,,161.7,783.5,229.4,836.8,154,778,237,843,0,539,542,1081,Model-512/ZRI,0.3504,0.52,1.8089,hayir,reports/hafta7_fp_protokolu.md,test,157,tahminler_taban512_hafta7.csv,tahminler_model512.csv,0.3,0.52,1.8089,0.3,0.5,0.1,8,512,110,55,20260913,"Esikler, katsayilar ve ornek buyuklukleri KARARDIR; olcumden turetilmedi. Ayrinti protokol dosyasinda.",3.13.1,8.4.144,0.12.6,2.14.0,2026-09-13 10:08:36,scripts/25_esit_fp_adaylari.py
a0080,kontrol,a0241,Model-512,model_00743,train_ZRI_3018_JPG.rf.7d3c3d9dd3130ea8882712a0ef220c3f.jpg,ZRI,,2687.7,141.8,2802.4,299.5,2676,126,2814,316,2114,0,3376,1262,Model-512/ZRI,0.3504,0.52,1.8089,hayir,reports/hafta7_fp_protokolu.md,test,157,tahminler_taban512_hafta7.csv,tahminler_model512.csv,0.3,0.52,1.8089,0.3,0.5,0.1,8,512,110,55,20260913,"Esikler, katsayilar ve ornek buyuklukleri KARARDIR; olcumden turetilmedi. Ayrinti protokol dosyasinda.",3.13.1,8.4.144,0.12.6,2.14.0,2026-09-13 10:08:36,scripts/25_esit_fp_adaylari.py
a0081,fp,a0015,Taban-512,taban_00023,train_VRD_3087_JPG.rf.77189923102c093b565f5ac08703611b.jpg,VRD,0.5563,2885.3,1550.7,2921.8,1599.5,2871,1543,2936,1608,2647,1319,3160,1832,Taban-512/VRD,1.0,0.3,1.8089,hayir,reports/hafta7_fp_protokolu.md,test,157,tahminler_taban512_hafta7.csv,tahminler_model512.csv,0.3,0.52,1.8089,0.3,0.5,0.1,8,512,110,55,20260913,"Esikler, katsayilar ve ornek buyuklukleri KARARDIR; olcumden turetilmedi. Ayrinti protokol dosyasinda.",3.13.1,8.4.144,0.12.6,2.14.0,2026-09-13 10:08:36,scripts/25_esit_fp_adaylari.py
a0082,kontrol,a0224,Taban-512,taban_00089,train_ZRI_2006_JPG.rf.d72e1e0ec64a7291daa8ebc254d5d13d.jpg,ZRI,,1818.2,1264.1,1829.0,1323.2,1791,1258,1856,1330,1567,1037,2080,1550,Taban-512/ZRI,0.2402,0.3,1.8089,hayir,reports/hafta7_fp_protokolu.md,test,157,tahminler_taban512_hafta7.csv,tahminler_model512.csv,0.3,0.52,1.8089,0.3,0.5,0.1,8,512,110,55,20260913,"Esikler, katsayilar ve ornek buyuklukleri KARARDIR; olcumden turetilmedi. Ayrinti protokol dosyasinda.",3.13.1,8.4.144,0.12.6,2.14.0,2026-09-13 10:08:36,scripts/25_esit_fp_adaylari.py
a0083,kontrol,a0278,Model-512,model_00212,train_ZRI_2018_JPG.rf.27cb350cd0ded58a0121e9813680c024.jpg,ZRI,,3019.4,339.7,3087.0,407.5,3012,332,3094,415,2781,102,3325,645,Model-512/ZRI,0.3504,0.52,1.8089,hayir,reports/hafta7_fp_protokolu.md,test,157,tahminler_taban512_hafta7.csv,tahminler_model512.csv,0.3,0.52,1.8089,0.3,0.5,0.1,8,512,110,55,20260913,"Esikler, katsayilar ve ornek buyuklukleri KARARDIR; olcumden turetilmedi. Ayrinti protokol dosyasinda.",3.13.1,8.4.144,0.12.6,2.14.0,2026-09-13 10:08:36,scripts/25_esit_fp_adaylari.py
a0084,fp,a0217,Taban-512,taban_00153,train_ZRI_2013_JPG.rf.fb6345ef2d790171d3f7e759f7e8a077.jpg,ZRI,0.3464,1799.9,410.2,1854.2,439.1,1794,392,1860,457,1571,168,2084,681,Taban-512/ZRI,0.2402,0.3,1.8089,evet,reports/hafta7_fp_protokolu.md,test,157,tahminler_taban512_hafta7.csv,tahminler_model512.csv,0.3,0.52,1.8089,0.3,0.5,0.1,8,512,110,55,20260913,"Esikler, katsayilar ve ornek buyuklukleri KARARDIR; olcumden turetilmedi. Ayrinti protokol dosyasinda.",3.13.1,8.4.144,0.12.6,2.14.0,2026-09-13 10:08:36,scripts/25_esit_fp_adaylari.py
a0085,kontrol,a0315,Taban-512,taban_00010,train_VRD_3061_JPG.rf.3be6b1547def39345610baf26c4570e8.jpg,VRD,,208.2,1915.8,235.7,1965.2,189,1908,254,1973,0,1684,512,2197,Taban-512/VRD,1.0,0.3,1.8089,hayir,reports/hafta7_fp_protokolu.md,test,157,tahminler_taban512_hafta7.csv,tahminler_model512.csv,0.3,0.52,1.8089,0.3,0.5,0.1,8,512,110,55,20260913,"Esikler, katsayilar ve ornek buyuklukleri KARARDIR; olcumden turetilmedi. Ayrinti protokol dosyasinda.",3.13.1,8.4.144,0.12.6,2.14.0,2026-09-13 10:08:36,scripts/25_esit_fp_adaylari.py
a0086,fp,a0412,Model-512,model_00053,train_VRD_3131_JPG.rf.d3a5ac84f7a36ebe7329740f0f4a05d8.jpg,VRD,0.5424,448.3,1307.7,492.1,1352.0,438,1297,503,1362,214,1073,727,1586,Model-512/VRD,1.0,0.52,1.8089,hayir,reports/hafta7_fp_protokolu.md,test,157,tahminler_taban512_hafta7.csv,tahminler_model512.csv,0.3,0.52,1.8089,0.3,0.5,0.1,8,512,110,55,20260913,"Esikler, katsayilar ve ornek buyuklukleri KARARDIR; olcumden turetilmedi. Ayrinti protokol dosyasinda.",3.13.1,8.4.144,0.12.6,2.14.0,2026-09-13 10:08:36,scripts/25_esit_fp_adaylari.py
a0087,kontrol,a0047,Taban-512,taban_00558,train_ZRI_3021_JPG.rf.de50a726e16c7075eedea7d52769769b.jpg,ZRI,,2446.1,866.7,2506.0,890.6,2440,846,2512,911,2220,622,2733,1135,Taban-512/ZRI,0.2402,0.3,1.8089,hayir,reports/hafta7_fp_protokolu.md,test,157,tahminler_taban512_hafta7.csv,tahminler_model512.csv,0.3,0.52,1.8089,0.3,0.5,0.1,8,512,110,55,20260913,"Esikler, katsayilar ve ornek buyuklukleri KARARDIR; olcumden turetilmedi. Ayrinti protokol dosyasinda.",3.13.1,8.4.144,0.12.6,2.14.0,2026-09-13 10:08:36,scripts/25_esit_fp_adaylari.py
a0088,fp,a0071,Model-512,model_00662,train_ZRI_3007_JPG.rf.9aaa808230b7b9af324a301c05899671.jpg,ZRI,0.6912,1817.3,126.4,1858.4,193.3,1805,119,1870,200,1570,0,2106,536,Model-512/ZRI,0.3504,0.52,1.8089,hayir,reports/hafta7_fp_protokolu.md,test,157,tahminler_taban512_hafta7.csv,tahminler_model512.csv,0.3,0.52,1.8089,0.3,0.5,0.1,8,512,110,55,20260913,"Esikler, katsayilar ve ornek buyuklukleri KARARDIR; olcumden turetilmedi. Ayrinti protokol dosyasinda.",3.13.1,8.4.144,0.12.6,2.14.0,2026-09-13 10:08:36,scripts/25_esit_fp_adaylari.py
a0089,fp,a0350,Taban-512,taban_00055,train_VRD_3111_JPG.rf.62ad8acc511c6bcc7e49b4b471a18703.jpg,VRD,0.3347,410.1,2945.7,442.4,2999.7,394,2940,459,3000,170,2488,683,3000,Taban-512/VRD,1.0,0.3,1.8089,hayir,reports/hafta7_fp_protokolu.md,test,157,tahminler_taban512_hafta7.csv,tahminler_model512.csv,0.3,0.52,1.8089,0.3,0.5,0.1,8,512,110,55,20260913,"Esikler, katsayilar ve ornek buyuklukleri KARARDIR; olcumden turetilmedi. Ayrinti protokol dosyasinda.",3.13.1,8.4.144,0.12.6,2.14.0,2026-09-13 10:08:36,scripts/25_esit_fp_adaylari.py
a0090,fp,a0367,Taban-512,taban_00362,train_ZRI_2051_JPG.rf.c6b80d7c803e9e8d6c0e97620237f374.jpg,ZRI,0.3211,3957.7,2408.8,3999.8,2455.2,3946,2400,4000,2464,3488,2176,4000,2688,Taban-512/ZRI,0.2402,0.3,1.8089,hayir,reports/hafta7_fp_protokolu.md,test,157,tahminler_taban512_hafta7.csv,tahminler_model512.csv,0.3,0.52,1.8089,0.3,0.5,0.1,8,512,110,55,20260913,"Esikler, katsayilar ve ornek buyuklukleri KARARDIR; olcumden turetilmedi. Ayrinti protokol dosyasinda.",3.13.1,8.4.144,0.12.6,2.14.0,2026-09-13 10:08:36,scripts/25_esit_fp_adaylari.py
a0091,fp,a0237,Model-512,model_00760,train_ZRI_3019_JPG.rf.0717ec5bd3af4d0e32b2c1de5e2575cf.jpg,ZRI,0.5466,37.3,295.7,90.7,333.6,31,282,97,347,0,58,512,571,Model-512/ZRI,0.3504,0.52,1.8089,hayir,reports/hafta7_fp_protokolu.md,test,157,tahminler_taban512_hafta7.csv,tahminler_model512.csv,0.3,0.52,1.8089,0.3,0.5,0.1,8,512,110,55,20260913,"Esikler, katsayilar ve ornek buyuklukleri KARARDIR; olcumden turetilmedi. Ayrinti protokol dosyasinda.",3.13.1,8.4.144,0.12.6,2.14.0,2026-09-13 10:08:36,scripts/25_esit_fp_adaylari.py
a0092,fp,a0125,Taban-512,taban_00034,train_VRD_3092_JPG.rf.b9c69f37389a1473f41b1882be71f72b.jpg,VRD,0.407,215.5,501.0,236.7,539.5,194,488,259,553,0,264,512,777,Taban-512/VRD,1.0,0.3,1.8089,hayir,reports/hafta7_fp_protokolu.md,test,157,tahminler_taban512_hafta7.csv,tahminler_model512.csv,0.3,0.52,1.8089,0.3,0.5,0.1,8,512,110,55,20260913,"Esikler, katsayilar ve ornek buyuklukleri KARARDIR; olcumden turetilmedi. Ayrinti protokol dosyasinda.",3.13.1,8.4.144,0.12.6,2.14.0,2026-09-13 10:08:36,scripts/25_esit_fp_adaylari.py
a0093,fp,a0401,Model-512,model_00248,train_ZRI_2022_JPG.rf.afe9ce3ac8fd51e28fc46734dc3d4db5.jpg,ZRI,0.6454,1255.3,2264.9,1314.1,2310.8,1249,2255,1320,2320,1028,2031,1541,2544,Model-512/ZRI,0.3504,0.52,1.8089,hayir,reports/hafta7_fp_protokolu.md,test,157,tahminler_taban512_hafta7.csv,tahminler_model512.csv,0.3,0.52,1.8089,0.3,0.5,0.1,8,512,110,55,20260913,"Esikler, katsayilar ve ornek buyuklukleri KARARDIR; olcumden turetilmedi. Ayrinti protokol dosyasinda.",3.13.1,8.4.144,0.12.6,2.14.0,2026-09-13 10:08:36,scripts/25_esit_fp_adaylari.py
a0094,fp,a0134,Taban-512,taban_00007,train_VRD_3058_JPG.rf.710ef627937d5c49e259cb163061ae33.jpg,VRD,0.3665,690.8,1190.9,733.5,1248.9,680,1185,745,1255,456,963,969,1476,Taban-512/VRD,1.0,0.3,1.8089,hayir,reports/hafta7_fp_protokolu.md,test,157,tahminler_taban512_hafta7.csv,tahminler_model512.csv,0.3,0.52,1.8089,0.3,0.5,0.1,8,512,110,55,20260913,"Esikler, katsayilar ve ornek buyuklukleri KARARDIR; olcumden turetilmedi. Ayrinti protokol dosyasinda.",3.13.1,8.4.144,0.12.6,2.14.0,2026-09-13 10:08:36,scripts/25_esit_fp_adaylari.py
a0095,fp,a0223,Model-512,model_00457,train_ZRI_2053_JPG.rf.18a77a9247976767870670bd190baa49.jpg,ZRI,0.7945,2044.0,325.6,2081.9,382.2,2030,319,2095,388,1806,97,2319,610,Model-512/ZRI,0.3504,0.52,1.8089,hayir,reports/hafta7_fp_protokolu.md,test,157,tahminler_taban512_hafta7.csv,tahminler_model512.csv,0.3,0.52,1.8089,0.3,0.5,0.1,8,512,110,55,20260913,"Esikler, katsayilar ve ornek buyuklukleri KARARDIR; olcumden turetilmedi. Ayrinti protokol dosyasinda.",3.13.1,8.4.144,0.12.6,2.14.0,2026-09-13 10:08:36,scripts/25_esit_fp_adaylari.py
a0096,kontrol,a0427,Taban-512,taban_00410,train_ZRI_2058_JPG.rf.34e7e941d692239be5f03263699cf42f.jpg,ZRI,,72.8,1327.1,151.2,1432.7,64,1316,160,1444,0,957,845,1803,Taban-512/ZRI,0.2402,0.3,1.8089,hayir,reports/hafta7_fp_protokolu.md,test,157,tahminler_taban512_hafta7.csv,tahminler_model512.csv,0.3,0.52,1.8089,0.3,0.5,0.1,8,512,110,55,20260913,"Esikler, katsayilar ve ornek buyuklukleri KARARDIR; olcumden turetilmedi. Ayrinti protokol dosyasinda.",3.13.1,8.4.144,0.12.6,2.14.0,2026-09-13 10:08:36,scripts/25_esit_fp_adaylari.py
a0097,fp,a0409,Model-512,model_00392,train_ZRI_2047_JPG.rf.28100fb3bc7c0eb615dea5cc673ffa75.jpg,ZRI,0.7698,3188.3,1390.7,3229.9,1427.2,3177,1376,3242,1441,2953,1152,3466,1665,Model-512/ZRI,0.3504,0.52,1.8089,hayir,reports/hafta7_fp_protokolu.md,test,157,tahminler_taban512_hafta7.csv,tahminler_model512.csv,0.3,0.52,1.8089,0.3,0.5,0.1,8,512,110,55,20260913,"Esikler, katsayilar ve ornek buyuklukleri KARARDIR; olcumden turetilmedi. Ayrinti protokol dosyasinda.",3.13.1,8.4.144,0.12.6,2.14.0,2026-09-13 10:08:36,scripts/25_esit_fp_adaylari.py
a0098,fp,a0434,Model-512,model_00168,train_ZRI_2014_JPG.rf.95f28aeba5b563f69c9b10bbb6758285.jpg,ZRI,0.7099,3443.7,1240.0,3555.4,1306.5,3432,1233,3567,1314,3052,826,3947,1721,Model-512/ZRI,0.3504,0.52,1.8089,evet,reports/hafta7_fp_protokolu.md,test,157,tahminler_taban512_hafta7.csv,tahminler_model512.csv,0.3,0.52,1.8089,0.3,0.5,0.1,8,512,110,55,20260913,"Esikler, katsayilar ve ornek buyuklukleri KARARDIR; olcumden turetilmedi. Ayrinti protokol dosyasinda.",3.13.1,8.4.144,0.12.6,2.14.0,2026-09-13 10:08:36,scripts/25_esit_fp_adaylari.py
a0099,fp,a0079,Model-512,model_00619,train_ZRI_3003_JPG.rf.d28000a3014df2b27372c17bb2d7b1f4.jpg,ZRI,0.6649,3605.7,2508.2,3673.4,2561.5,3598,2502,3681,2567,3368,2264,3911,2806,Model-512/ZRI,0.3504,0.52,1.8089,hayir,reports/hafta7_fp_protokolu.md,test,157,tahminler_taban512_hafta7.csv,tahminler_model512.csv,0.3,0.52,1.8089,0.3,0.5,0.1,8,512,110,55,20260913,"Esikler, katsayilar ve ornek buyuklukleri KARARDIR; olcumden turetilmedi. Ayrinti protokol dosyasinda.",3.13.1,8.4.144,0.12.6,2.14.0,2026-09-13 10:08:36,scripts/25_esit_fp_adaylari.py
a0100,kontrol,a0397,Taban-512,taban_00605,train_ZRI_3032_JPG.rf.5b893bf74c6c8d1404e9c805950090de.jpg,ZRI,,2583.9,128.4,2643.9,164.6,2577,114,2650,179,2357,0,2870,512,Taban-512/ZRI,0.2402,0.3,1.8089,hayir,reports/hafta7_fp_protokolu.md,test,157,tahminler_taban512_hafta7.csv,tahminler_model512.csv,0.3,0.52,1.8089,0.3,0.5,0.1,8,512,110,55,20260913,"Esikler, katsayilar ve ornek buyuklukleri KARARDIR; olcumden turetilmedi. Ayrinti protokol dosyasinda.",3.13.1,8.4.144,0.12.6,2.14.0,2026-09-13 10:08:36,scripts/25_esit_fp_adaylari.py
a0101,fp,a0190,Taban-512,taban_00185,train_ZRI_2015_JPG.rf.f377a3f68327562d2a7718cc6a1c4022.jpg,ZRI,0.6616,1748.0,219.8,1786.1,270.7,1735,213,1800,278,1511,0,2024,512,Taban-512/ZRI,0.2402,0.3,1.8089,hayir,reports/hafta7_fp_protokolu.md,test,157,tahminler_taban512_hafta7.csv,tahminler_model512.csv,0.3,0.52,1.8089,0.3,0.5,0.1,8,512,110,55,20260913,"Esikler, katsayilar ve ornek buyuklukleri KARARDIR; olcumden turetilmedi. Ayrinti protokol dosyasinda.",3.13.1,8.4.144,0.12.6,2.14.0,2026-09-13 10:08:36,scripts/25_esit_fp_adaylari.py
a0102,fp,a0329,Taban-512,taban_00320,train_ZRI_2048_JPG.rf.0fae12d6c534313cce3f628106f8d597.jpg,ZRI,0.6443,93.5,2464.8,155.3,2514.9,87,2457,162,2522,0,2233,512,2746,Taban-512/ZRI,0.2402,0.3,1.8089,hayir,reports/hafta7_fp_protokolu.md,test,157,tahminler_taban512_hafta7.csv,tahminler_model512.csv,0.3,0.52,1.8089,0.3,0.5,0.1,8,512,110,55,20260913,"Esikler, katsayilar ve ornek buyuklukleri KARARDIR; olcumden turetilmedi. Ayrinti protokol dosyasinda.",3.13.1,8.4.144,0.12.6,2.14.0,2026-09-13 10:08:36,scripts/25_esit_fp_adaylari.py
a0103,kontrol,a0033,Taban-512,taban_00059,train_VRD_3112_JPG.rf.42608d3ed20187f499e1e1dfe8a5e719.jpg,VRD,,1066.9,88.1,1099.3,128.7,1051,76,1116,141,827,0,1340,512,Taban-512/VRD,1.0,0.3,1.8089,hayir,reports/hafta7_fp_protokolu.md,test,157,tahminler_taban512_hafta7.csv,tahminler_model512.csv,0.3,0.52,1.8089,0.3,0.5,0.1,8,512,110,55,20260913,"Esikler, katsayilar ve ornek buyuklukleri KARARDIR; olcumden turetilmedi. Ayrinti protokol dosyasinda.",3.13.1,8.4.144,0.12.6,2.14.0,2026-09-13 10:08:36,scripts/25_esit_fp_adaylari.py
a0104,kontrol,a0433,Model-512,model_00434,train_ZRI_2050_JPG.rf.6921c2273a748f4edbc0852aa24bddca.jpg,ZRI,,3270.1,1373.9,3376.0,1442.6,3259,1367,3387,1450,2899,984,3747,1832,Model-512/ZRI,0.3504,0.52,1.8089,hayir,reports/hafta7_fp_protokolu.md,test,157,tahminler_taban512_hafta7.csv,tahminler_model512.csv,0.3,0.52,1.8089,0.3,0.5,0.1,8,512,110,55,20260913,"Esikler, katsayilar ve ornek buyuklukleri KARARDIR; olcumden turetilmedi. Ayrinti protokol dosyasinda.",3.13.1,8.4.144,0.12.6,2.14.0,2026-09-13 10:08:36,scripts/25_esit_fp_adaylari.py
a0105,fp,a0290,Model-512,model_00839,train_ZRI_3025_JPG.rf.bec9752c53ca7b71a9d3b682bdbe850f.jpg,ZRI,0.615,3768.3,2460.0,3820.2,2481.4,3762,2438,3827,2503,3488,2214,4000,2727,Model-512/ZRI,0.3504,0.52,1.8089,hayir,reports/hafta7_fp_protokolu.md,test,157,tahminler_taban512_hafta7.csv,tahminler_model512.csv,0.3,0.52,1.8089,0.3,0.5,0.1,8,512,110,55,20260913,"Esikler, katsayilar ve ornek buyuklukleri KARARDIR; olcumden turetilmedi. Ayrinti protokol dosyasinda.",3.13.1,8.4.144,0.12.6,2.14.0,2026-09-13 10:08:36,scripts/25_esit_fp_adaylari.py
a0106,kontrol,a0405,Model-512,model_00033,train_VRD_3100_JPG.rf.3beba408a58b03a32b6f773893e86f7f.jpg,VRD,,782.9,2473.2,831.9,2563.6,775,2464,840,2573,445,2156,1169,2881,Model-512/VRD,1.0,0.52,1.8089,hayir,reports/hafta7_fp_protokolu.md,test,157,tahminler_taban512_hafta7.csv,tahminler_model512.csv,0.3,0.52,1.8089,0.3,0.5,0.1,8,512,110,55,20260913,"Esikler, katsayilar ve ornek buyuklukleri KARARDIR; olcumden turetilmedi. Ayrinti protokol dosyasinda.",3.13.1,8.4.144,0.12.6,2.14.0,2026-09-13 10:08:36,scripts/25_esit_fp_adaylari.py
a0107,kontrol,a0437,Taban-512,taban_00392,train_ZRI_2053_JPG.rf.18a77a9247976767870670bd190baa49.jpg,ZRI,,615.3,2230.9,683.7,2353.9,608,2218,691,2367,157,1800,1142,2785,Taban-512/ZRI,0.2402,0.3,1.8089,hayir,reports/hafta7_fp_protokolu.md,test,157,tahminler_taban512_hafta7.csv,tahminler_model512.csv,0.3,0.52,1.8089,0.3,0.5,0.1,8,512,110,55,20260913,"Esikler, katsayilar ve ornek buyuklukleri KARARDIR; olcumden turetilmedi. Ayrinti protokol dosyasinda.",3.13.1,8.4.144,0.12.6,2.14.0,2026-09-13 10:08:36,scripts/25_esit_fp_adaylari.py
a0108,fp,a0313,Model-512,model_00045,train_VRD_3108_JPG.rf.821b5a74688d867642805bc9851a71cb.jpg,VRD,0.702,2415.6,2277.5,2476.2,2358.8,2409,2269,2483,2367,2120,1992,2772,2644,Model-512/VRD,1.0,0.52,1.8089,hayir,reports/hafta7_fp_protokolu.md,test,157,tahminler_taban512_hafta7.csv,tahminler_model512.csv,0.3,0.52,1.8089,0.3,0.5,0.1,8,512,110,55,20260913,"Esikler, katsayilar ve ornek buyuklukleri KARARDIR; olcumden turetilmedi. Ayrinti protokol dosyasinda.",3.13.1,8.4.144,0.12.6,2.14.0,2026-09-13 10:08:36,scripts/25_esit_fp_adaylari.py
a0109,fp,a0162,Taban-512,taban_00113,train_ZRI_2010_JPG.rf.dffe80870459dc66572904359072a194.jpg,ZRI,0.3511,759.3,0.1,809.2,35.6,752,0,817,50,528,0,1041,512,Taban-512/ZRI,0.2402,0.3,1.8089,hayir,reports/hafta7_fp_protokolu.md,test,157,tahminler_taban512_hafta7.csv,tahminler_model512.csv,0.3,0.52,1.8089,0.3,0.5,0.1,8,512,110,55,20260913,"Esikler, katsayilar ve ornek buyuklukleri KARARDIR; olcumden turetilmedi. Ayrinti protokol dosyasinda.",3.13.1,8.4.144,0.12.6,2.14.0,2026-09-13 10:08:36,scripts/25_esit_fp_adaylari.py
a0110,fp,a0236,Model-512,model_00091,train_ZRI_2008_JPG.rf.1f537af4185be73382914fecdb099ac7.jpg,ZRI,0.6718,603.8,447.1,739.8,511.8,590,440,754,519,127,0,1216,1088,Model-512/ZRI,0.3504,0.52,1.8089,hayir,reports/hafta7_fp_protokolu.md,test,157,tahminler_taban512_hafta7.csv,tahminler_model512.csv,0.3,0.52,1.8089,0.3,0.5,0.1,8,512,110,55,20260913,"Esikler, katsayilar ve ornek buyuklukleri KARARDIR; olcumden turetilmedi. Ayrinti protokol dosyasinda.",3.13.1,8.4.144,0.12.6,2.14.0,2026-09-13 10:08:36,scripts/25_esit_fp_adaylari.py
a0111,fp,a0344,Taban-512,taban_00053,train_VRD_3110_JPG.rf.17ea2b0db2c816522d5e132834e1645d.jpg,VRD,0.4315,1623.3,1219.6,1644.5,1246.9,1601,1201,1666,1266,1377,977,1890,1490,Taban-512/VRD,1.0,0.3,1.8089,hayir,reports/hafta7_fp_protokolu.md,test,157,tahminler_taban512_hafta7.csv,tahminler_model512.csv,0.3,0.52,1.8089,0.3,0.5,0.1,8,512,110,55,20260913,"Esikler, katsayilar ve ornek buyuklukleri KARARDIR; olcumden turetilmedi. Ayrinti protokol dosyasinda.",3.13.1,8.4.144,0.12.6,2.14.0,2026-09-13 10:08:36,scripts/25_esit_fp_adaylari.py
a0112,kontrol,a0388,Model-512,model_00766,train_ZRI_3020_JPG.rf.755a92000e873bc5de222da850f53ffe.jpg,ZRI,,1165.8,660.7,1215.7,707.9,1158,652,1223,717,934,428,1447,941,Model-512/ZRI,0.3504,0.52,1.8089,hayir,reports/hafta7_fp_protokolu.md,test,157,tahminler_taban512_hafta7.csv,tahminler_model512.csv,0.3,0.52,1.8089,0.3,0.5,0.1,8,512,110,55,20260913,"Esikler, katsayilar ve ornek buyuklukleri KARARDIR; olcumden turetilmedi. Ayrinti protokol dosyasinda.",3.13.1,8.4.144,0.12.6,2.14.0,2026-09-13 10:08:36,scripts/25_esit_fp_adaylari.py
a0113,kontrol,a0283,Taban-512,taban_00012,train_VRD_3063_JPG.rf.9fa84c4cacfdbcf9ea5e80ac5d4a9928.jpg,VRD,,3344.4,1673.5,3385.1,1713.3,3332,1661,3397,1726,3108,1437,3621,1950,Taban-512/VRD,1.0,0.3,1.8089,hayir,reports/hafta7_fp_protokolu.md,test,157,tahminler_taban512_hafta7.csv,tahminler_model512.csv,0.3,0.52,1.8089,0.3,0.5,0.1,8,512,110,55,20260913,"Esikler, katsayilar ve ornek buyuklukleri KARARDIR; olcumden turetilmedi. Ayrinti protokol dosyasinda.",3.13.1,8.4.144,0.12.6,2.14.0,2026-09-13 10:08:36,scripts/25_esit_fp_adaylari.py
a0114,fp,a0129,Taban-512,taban_00542,train_ZRI_3019_JPG.rf.0717ec5bd3af4d0e32b2c1de5e2575cf.jpg,ZRI,0.4262,1326.5,410.0,1384.9,429.0,1320,387,1391,452,1099,163,1612,676,Taban-512/ZRI,0.2402,0.3,1.8089,hayir,reports/hafta7_fp_protokolu.md,test,157,tahminler_taban512_hafta7.csv,tahminler_model512.csv,0.3,0.52,1.8089,0.3,0.5,0.1,8,512,110,55,20260913,"Esikler, katsayilar ve ornek buyuklukleri KARARDIR; olcumden turetilmedi. Ayrinti protokol dosyasinda.",3.13.1,8.4.144,0.12.6,2.14.0,2026-09-13 10:08:36,scripts/25_esit_fp_adaylari.py
a0115,fp,a0331,Taban-512,taban_00037,train_VRD_3095_JPG.rf.5379df8b29d8fbfac17f873f76d42e3f.jpg,VRD,0.3096,2886.2,0.6,2926.2,24.3,2874,0,2939,45,2650,0,3163,512,Taban-512/VRD,1.0,0.3,1.8089,hayir,reports/hafta7_fp_protokolu.md,test,157,tahminler_taban512_hafta7.csv,tahminler_model512.csv,0.3,0.52,1.8089,0.3,0.5,0.1,8,512,110,55,20260913,"Esikler, katsayilar ve ornek buyuklukleri KARARDIR; olcumden turetilmedi. Ayrinti protokol dosyasinda.",3.13.1,8.4.144,0.12.6,2.14.0,2026-09-13 10:08:36,scripts/25_esit_fp_adaylari.py
a0116,kontrol,a0030,Taban-512,taban_00303,train_ZRI_2047_JPG.rf.28100fb3bc7c0eb615dea5cc673ffa75.jpg,ZRI,,2941.6,990.1,2977.2,1046.4,2927,984,2992,1052,2703,762,3216,1275,Taban-512/ZRI,0.2402,0.3,1.8089,evet,reports/hafta7_fp_protokolu.md,test,157,tahminler_taban512_hafta7.csv,tahminler_model512.csv,0.3,0.52,1.8089,0.3,0.5,0.1,8,512,110,55,20260913,"Esikler, katsayilar ve ornek buyuklukleri KARARDIR; olcumden turetilmedi. Ayrinti protokol dosyasinda.",3.13.1,8.4.144,0.12.6,2.14.0,2026-09-13 10:08:36,scripts/25_esit_fp_adaylari.py
a0117,kontrol,a0038,Taban-512,taban_00140,train_ZRI_2012_JPG.rf.c05e4c2bd31f79c57174d2c7484d907c.jpg,ZRI,,1962.3,1502.9,2027.6,1576.2,1955,1495,2035,1584,1701,1246,2289,1833,Taban-512/ZRI,0.2402,0.3,1.8089,hayir,reports/hafta7_fp_protokolu.md,test,157,tahminler_taban512_hafta7.csv,tahminler_model512.csv,0.3,0.52,1.8089,0.3,0.5,0.1,8,512,110,55,20260913,"Esikler, katsayilar ve ornek buyuklukleri KARARDIR; olcumden turetilmedi. Ayrinti protokol dosyasinda.",3.13.1,8.4.144,0.12.6,2.14.0,2026-09-13 10:08:36,scripts/25_esit_fp_adaylari.py
a0118,fp,a0339,Model-512,model_00408,train_ZRI_2048_JPG.rf.0fae12d6c534313cce3f628106f8d597.jpg,ZRI,0.7305,2734.7,2134.5,2793.1,2174.6,2728,2122,2799,2187,2507,1898,3020,2411,Model-512/ZRI,0.3504,0.52,1.8089,hayir,reports/hafta7_fp_protokolu.md,test,157,tahminler_taban512_hafta7.csv,tahminler_model512.csv,0.3,0.52,1.8089,0.3,0.5,0.1,8,512,110,55,20260913,"Esikler, katsayilar ve ornek buyuklukleri KARARDIR; olcumden turetilmedi. Ayrinti protokol dosyasinda.",3.13.1,8.4.144,0.12.6,2.14.0,2026-09-13 10:08:36,scripts/25_esit_fp_adaylari.py
a0119,fp,a0152,Taban-512,taban_00071,train_VRD_3132_JPG.rf.4374019de6c5b2d9ec5996a99fe6bfe6.jpg,VRD,0.3597,2243.5,1640.2,2340.0,1668.6,2233,1622,2350,1687,1905,1268,2678,2041,Taban-512/VRD,1.0,0.3,1.8089,hayir,reports/hafta7_fp_protokolu.md,test,157,tahminler_taban512_hafta7.csv,tahminler_model512.csv,0.3,0.52,1.8089,0.3,0.5,0.1,8,512,110,55,20260913,"Esikler, katsayilar ve ornek buyuklukleri KARARDIR; olcumden turetilmedi. Ayrinti protokol dosyasinda.",3.13.1,8.4.144,0.12.6,2.14.0,2026-09-13 10:08:36,scripts/25_esit_fp_adaylari.py
a0120,kontrol,a0371,Taban-512,taban_00045,train_VRD_3104_JPG.rf.8d1a883acbd3ff04e414e42d5ed8e7f2.jpg,VRD,,2189.3,2125.5,2224.6,2187.4,2174,2119,2239,2194,1950,1900,2463,2413,Taban-512/VRD,1.0,0.3,1.8089,hayir,reports/hafta7_fp_protokolu.md,test,157,tahminler_taban512_hafta7.csv,tahminler_model512.csv,0.3,0.52,1.8089,0.3,0.5,0.1,8,512,110,55,20260913,"Esikler, katsayilar ve ornek buyuklukleri KARARDIR; olcumden turetilmedi. Ayrinti protokol dosyasinda.",3.13.1,8.4.144,0.12.6,2.14.0,2026-09-13 10:08:36,scripts/25_esit_fp_adaylari.py
a0121,fp,a0067,Model-512,model_00215,train_ZRI_2019_JPG.rf.b8e630f248c9a0965ceaaa661193f34a.jpg,ZRI,0.7895,1079.3,2038.7,1133.8,2083.6,1073,2029,1140,2094,850,1805,1363,2318,Model-512/ZRI,0.3504,0.52,1.8089,hayir,reports/hafta7_fp_protokolu.md,test,157,tahminler_taban512_hafta7.csv,tahminler_model512.csv,0.3,0.52,1.8089,0.3,0.5,0.1,8,512,110,55,20260913,"Esikler, katsayilar ve ornek buyuklukleri KARARDIR; olcumden turetilmedi. Ayrinti protokol dosyasinda.",3.13.1,8.4.144,0.12.6,2.14.0,2026-09-13 10:08:36,scripts/25_esit_fp_adaylari.py
a0122,fp,a0302,Model-512,model_00403,train_ZRI_2048_JPG.rf.0fae12d6c534313cce3f628106f8d597.jpg,ZRI,0.7867,73.5,1283.0,134.8,1332.0,67,1275,141,1340,0,1051,512,1564,Model-512/ZRI,0.3504,0.52,1.8089,hayir,reports/hafta7_fp_protokolu.md,test,157,tahminler_taban512_hafta7.csv,tahminler_model512.csv,0.3,0.52,1.8089,0.3,0.5,0.1,8,512,110,55,20260913,"Esikler, katsayilar ve ornek buyuklukleri KARARDIR; olcumden turetilmedi. Ayrinti protokol dosyasinda.",3.13.1,8.4.144,0.12.6,2.14.0,2026-09-13 10:08:36,scripts/25_esit_fp_adaylari.py
a0123,fp,a0272,Taban-512,taban_00039,train_VRD_3097_JPG.rf.f8d2643399443f294c99f42f9f55d227.jpg,VRD,0.4596,2638.9,2084.4,2680.0,2140.5,2627,2078,2692,2147,2403,1856,2916,2369,Taban-512/VRD,1.0,0.3,1.8089,hayir,reports/hafta7_fp_protokolu.md,test,157,tahminler_taban512_hafta7.csv,tahminler_model512.csv,0.3,0.52,1.8089,0.3,0.5,0.1,8,512,110,55,20260913,"Esikler, katsayilar ve ornek buyuklukleri KARARDIR; olcumden turetilmedi. Ayrinti protokol dosyasinda.",3.13.1,8.4.144,0.12.6,2.14.0,2026-09-13 10:08:36,scripts/25_esit_fp_adaylari.py
a0124,fp,a0061,Taban-512,taban_00285,train_ZRI_2046_JPG.rf.6e0e88c5239bc031fcd5636dc1b42f80.jpg,ZRI,0.4068,2360.0,897.2,2383.5,921.8,2339,877,2404,942,2115,653,2628,1166,Taban-512/ZRI,0.2402,0.3,1.8089,hayir,reports/hafta7_fp_protokolu.md,test,157,tahminler_taban512_hafta7.csv,tahminler_model512.csv,0.3,0.52,1.8089,0.3,0.5,0.1,8,512,110,55,20260913,"Esikler, katsayilar ve ornek buyuklukleri KARARDIR; olcumden turetilmedi. Ayrinti protokol dosyasinda.",3.13.1,8.4.144,0.12.6,2.14.0,2026-09-13 10:08:36,scripts/25_esit_fp_adaylari.py
a0125,kontrol,a0092,Taban-512,taban_00034,train_VRD_3092_JPG.rf.b9c69f37389a1473f41b1882be71f72b.jpg,VRD,,3603.4,544.5,3624.6,583.0,3582,531,3647,596,3358,307,3871,820,Taban-512/VRD,1.0,0.3,1.8089,hayir,reports/hafta7_fp_protokolu.md,test,157,tahminler_taban512_hafta7.csv,tahminler_model512.csv,0.3,0.52,1.8089,0.3,0.5,0.1,8,512,110,55,20260913,"Esikler, katsayilar ve ornek buyuklukleri KARARDIR; olcumden turetilmedi. Ayrinti protokol dosyasinda.",3.13.1,8.4.144,0.12.6,2.14.0,2026-09-13 10:08:36,scripts/25_esit_fp_adaylari.py
a0126,kontrol,a0418,Model-512,model_00049,train_VRD_3122_JPG.rf.b5686dc29c278d051a3a1727a8e99068.jpg,VRD,,1655.2,71.3,1699.8,148.3,1645,63,1710,156,1369,0,1986,616,Model-512/VRD,1.0,0.52,1.8089,hayir,reports/hafta7_fp_protokolu.md,test,157,tahminler_taban512_hafta7.csv,tahminler_model512.csv,0.3,0.52,1.8089,0.3,0.5,0.1,8,512,110,55,20260913,"Esikler, katsayilar ve ornek buyuklukleri KARARDIR; olcumden turetilmedi. Ayrinti protokol dosyasinda.",3.13.1,8.4.144,0.12.6,2.14.0,2026-09-13 10:08:36,scripts/25_esit_fp_adaylari.py
a0127,fp,a0346,Model-512,model_00221,train_ZRI_2019_JPG.rf.b8e630f248c9a0965ceaaa661193f34a.jpg,ZRI,0.5923,2415.5,2706.1,2446.3,2753.6,2398,2697,2463,2762,2174,2473,2687,2986,Model-512/ZRI,0.3504,0.52,1.8089,hayir,reports/hafta7_fp_protokolu.md,test,157,tahminler_taban512_hafta7.csv,tahminler_model512.csv,0.3,0.52,1.8089,0.3,0.5,0.1,8,512,110,55,20260913,"Esikler, katsayilar ve ornek buyuklukleri KARARDIR; olcumden turetilmedi. Ayrinti protokol dosyasinda.",3.13.1,8.4.144,0.12.6,2.14.0,2026-09-13 10:08:36,scripts/25_esit_fp_adaylari.py
a0128,kontrol,a0355,Model-512,model_00426,train_ZRI_2050_JPG.rf.6921c2273a748f4edbc0852aa24bddca.jpg,ZRI,,1643.0,1625.4,1687.0,1674.3,1633,1617,1698,1682,1409,1393,1922,1906,Model-512/ZRI,0.3504,0.52,1.8089,hayir,reports/hafta7_fp_protokolu.md,test,157,tahminler_taban512_hafta7.csv,tahminler_model512.csv,0.3,0.52,1.8089,0.3,0.5,0.1,8,512,110,55,20260913,"Esikler, katsayilar ve ornek buyuklukleri KARARDIR; olcumden turetilmedi. Ayrinti protokol dosyasinda.",3.13.1,8.4.144,0.12.6,2.14.0,2026-09-13 10:08:36,scripts/25_esit_fp_adaylari.py
a0129,kontrol,a0114,Taban-512,taban_00542,train_ZRI_3019_JPG.rf.0717ec5bd3af4d0e32b2c1de5e2575cf.jpg,ZRI,,3095.3,1041.8,3153.7,1060.8,3089,1019,3160,1084,2868,795,3381,1308,Taban-512/ZRI,0.2402,0.3,1.8089,hayir,reports/hafta7_fp_protokolu.md,test,157,tahminler_taban512_hafta7.csv,tahminler_model512.csv,0.3,0.52,1.8089,0.3,0.5,0.1,8,512,110,55,20260913,"Esikler, katsayilar ve ornek buyuklukleri KARARDIR; olcumden turetilmedi. Ayrinti protokol dosyasinda.",3.13.1,8.4.144,0.12.6,2.14.0,2026-09-13 10:08:36,scripts/25_esit_fp_adaylari.py
a0130,fp,a0300,Model-512,model_00247,train_ZRI_2022_JPG.rf.afe9ce3ac8fd51e28fc46734dc3d4db5.jpg,ZRI,0.6586,1230.0,1865.7,1278.6,1956.2,1222,1856,1287,1966,892,1548,1617,2273,Model-512/ZRI,0.3504,0.52,1.8089,hayir,reports/hafta7_fp_protokolu.md,test,157,tahminler_taban512_hafta7.csv,tahminler_model512.csv,0.3,0.52,1.8089,0.3,0.5,0.1,8,512,110,55,20260913,"Esikler, katsayilar ve ornek buyuklukleri KARARDIR; olcumden turetilmedi. Ayrinti protokol dosyasinda.",3.13.1,8.4.144,0.12.6,2.14.0,2026-09-13 10:08:36,scripts/25_esit_fp_adaylari.py
a0131,fp,a0403,Model-512,model_00412,train_ZRI_2048_JPG.rf.0fae12d6c534313cce3f628106f8d597.jpg,ZRI,0.6009,87.9,2459.2,155.5,2516.7,81,2453,163,2523,0,2217,541,2759,Model-512/ZRI,0.3504,0.52,1.8089,hayir,reports/hafta7_fp_protokolu.md,test,157,tahminler_taban512_hafta7.csv,tahminler_model512.csv,0.3,0.52,1.8089,0.3,0.5,0.1,8,512,110,55,20260913,"Esikler, katsayilar ve ornek buyuklukleri KARARDIR; olcumden turetilmedi. Ayrinti protokol dosyasinda.",3.13.1,8.4.144,0.12.6,2.14.0,2026-09-13 10:08:36,scripts/25_esit_fp_adaylari.py
a0132,kontrol,a0221,Model-512,model_00569,train_ZRI_2077_JPG.rf.4d76c4ca04fa80302c2f7619779966c5.jpg,ZRI,,3684.8,1310.4,3757.1,1336.4,3677,1291,3765,1356,3421,1034,4000,1613,Model-512/ZRI,0.3504,0.52,1.8089,hayir,reports/hafta7_fp_protokolu.md,test,157,tahminler_taban512_hafta7.csv,tahminler_model512.csv,0.3,0.52,1.8089,0.3,0.5,0.1,8,512,110,55,20260913,"Esikler, katsayilar ve ornek buyuklukleri KARARDIR; olcumden turetilmedi. Ayrinti protokol dosyasinda.",3.13.1,8.4.144,0.12.6,2.14.0,2026-09-13 10:08:36,scripts/25_esit_fp_adaylari.py
a0133,kontrol,a0171,Model-512,model_00079,train_ZRI_2007_JPG.rf.80e11b79e6dead246b35d741fce18b16.jpg,ZRI,,269.9,2154.7,349.0,2300.4,261,2140,357,2315,0,1644,1166,2811,Model-512/ZRI,0.3504,0.52,1.8089,hayir,reports/hafta7_fp_protokolu.md,test,157,tahminler_taban512_hafta7.csv,tahminler_model512.csv,0.3,0.52,1.8089,0.3,0.5,0.1,8,512,110,55,20260913,"Esikler, katsayilar ve ornek buyuklukleri KARARDIR; olcumden turetilmedi. Ayrinti protokol dosyasinda.",3.13.1,8.4.144,0.12.6,2.14.0,2026-09-13 10:08:36,scripts/25_esit_fp_adaylari.py
a0134,kontrol,a0094,Taban-512,taban_00007,train_VRD_3058_JPG.rf.710ef627937d5c49e259cb163061ae33.jpg,VRD,,3460.2,2159.9,3502.9,2217.9,3449,2154,3514,2224,3225,1932,3738,2445,Taban-512/VRD,1.0,0.3,1.8089,evet,reports/hafta7_fp_protokolu.md,test,157,tahminler_taban512_hafta7.csv,tahminler_model512.csv,0.3,0.52,1.8089,0.3,0.5,0.1,8,512,110,55,20260913,"Esikler, katsayilar ve ornek buyuklukleri KARARDIR; olcumden turetilmedi. Ayrinti protokol dosyasinda.",3.13.1,8.4.144,0.12.6,2.14.0,2026-09-13 10:08:36,scripts/25_esit_fp_adaylari.py
a0135,fp,a0054,Model-512,model_00432,train_ZRI_2050_JPG.rf.6921c2273a748f4edbc0852aa24bddca.jpg,ZRI,0.6544,195.5,1796.6,250.5,1844.9,190,1788,256,1853,0,1564,512,2077,Model-512/ZRI,0.3504,0.52,1.8089,hayir,reports/hafta7_fp_protokolu.md,test,157,tahminler_taban512_hafta7.csv,tahminler_model512.csv,0.3,0.52,1.8089,0.3,0.5,0.1,8,512,110,55,20260913,"Esikler, katsayilar ve ornek buyuklukleri KARARDIR; olcumden turetilmedi. Ayrinti protokol dosyasinda.",3.13.1,8.4.144,0.12.6,2.14.0,2026-09-13 10:08:36,scripts/25_esit_fp_adaylari.py
a0136,fp,a0373,Model-512,model_00437,train_ZRI_2051_JPG.rf.c6b80d7c803e9e8d6c0e97620237f374.jpg,ZRI,0.773,2277.7,1462.7,2321.0,1503.1,2267,1450,2332,1515,2043,1226,2556,1739,Model-512/ZRI,0.3504,0.52,1.8089,hayir,reports/hafta7_fp_protokolu.md,test,157,tahminler_taban512_hafta7.csv,tahminler_model512.csv,0.3,0.52,1.8089,0.3,0.5,0.1,8,512,110,55,20260913,"Esikler, katsayilar ve ornek buyuklukleri KARARDIR; olcumden turetilmedi. Ayrinti protokol dosyasinda.",3.13.1,8.4.144,0.12.6,2.14.0,2026-09-13 10:08:36,scripts/25_esit_fp_adaylari.py
a0137,fp,a0145,Taban-512,taban_00020,train_VRD_3083_JPG.rf.8af8b7ba2f81349640d3de9849199918.jpg,VRD,0.6113,2222.0,820.2,2246.1,854.9,2202,805,2267,870,1978,581,2491,1094,Taban-512/VRD,1.0,0.3,1.8089,hayir,reports/hafta7_fp_protokolu.md,test,157,tahminler_taban512_hafta7.csv,tahminler_model512.csv,0.3,0.52,1.8089,0.3,0.5,0.1,8,512,110,55,20260913,"Esikler, katsayilar ve ornek buyuklukleri KARARDIR; olcumden turetilmedi. Ayrinti protokol dosyasinda.",3.13.1,8.4.144,0.12.6,2.14.0,2026-09-13 10:08:36,scripts/25_esit_fp_adaylari.py
a0138,fp,a0214,Taban-512,taban_00583,train_ZRI_3025_JPG.rf.bec9752c53ca7b71a9d3b682bdbe850f.jpg,ZRI,0.5292,3713.0,2460.0,3820.4,2505.9,3702,2450,3832,2515,3140,2053,4000,2913,Taban-512/ZRI,0.2402,0.3,1.8089,hayir,reports/hafta7_fp_protokolu.md,test,157,tahminler_taban512_hafta7.csv,tahminler_model512.csv,0.3,0.52,1.8089,0.3,0.5,0.1,8,512,110,55,20260913,"Esikler, katsayilar ve ornek buyuklukleri KARARDIR; olcumden turetilmedi. Ayrinti protokol dosyasinda.",3.13.1,8.4.144,0.12.6,2.14.0,2026-09-13 10:08:36,scripts/25_esit_fp_adaylari.py
a0139,fp,a0258,Model-512,model_00020,train_VRD_3090_JPG.rf.aae703cf6571719c2137410a8c314c47.jpg,VRD,0.6676,1680.1,705.5,1716.0,748.0,1666,694,1731,759,1442,470,1955,983,Model-512/VRD,1.0,0.52,1.8089,hayir,reports/hafta7_fp_protokolu.md,test,157,tahminler_taban512_hafta7.csv,tahminler_model512.csv,0.3,0.52,1.8089,0.3,0.5,0.1,8,512,110,55,20260913,"Esikler, katsayilar ve ornek buyuklukleri KARARDIR; olcumden turetilmedi. Ayrinti protokol dosyasinda.",3.13.1,8.4.144,0.12.6,2.14.0,2026-09-13 10:08:36,scripts/25_esit_fp_adaylari.py
a0140,fp,a0231,Taban-512,taban_00177,train_ZRI_2014_JPG.rf.95f28aeba5b563f69c9b10bbb6758285.jpg,ZRI,0.3675,1784.5,2460.1,1845.2,2487.3,1778,2441,1852,2506,1558,2217,2071,2730,Taban-512/ZRI,0.2402,0.3,1.8089,hayir,reports/hafta7_fp_protokolu.md,test,157,tahminler_taban512_hafta7.csv,tahminler_model512.csv,0.3,0.52,1.8089,0.3,0.5,0.1,8,512,110,55,20260913,"Esikler, katsayilar ve ornek buyuklukleri KARARDIR; olcumden turetilmedi. Ayrinti protokol dosyasinda.",3.13.1,8.4.144,0.12.6,2.14.0,2026-09-13 10:08:36,scripts/25_esit_fp_adaylari.py
a0141,kontrol,a0029,Model-512,model_00516,train_ZRI_2065_JPG.rf.830ac62cc7542ba9b85d03b76e773cef.jpg,ZRI,,3839.0,2241.7,3873.7,2283.9,3824,2230,3889,2295,3488,2006,4000,2519,Model-512/ZRI,0.3504,0.52,1.8089,hayir,reports/hafta7_fp_protokolu.md,test,157,tahminler_taban512_hafta7.csv,tahminler_model512.csv,0.3,0.52,1.8089,0.3,0.5,0.1,8,512,110,55,20260913,"Esikler, katsayilar ve ornek buyuklukleri KARARDIR; olcumden turetilmedi. Ayrinti protokol dosyasinda.",3.13.1,8.4.144,0.12.6,2.14.0,2026-09-13 10:08:36,scripts/25_esit_fp_adaylari.py
a0142,kontrol,a0374,Taban-512,taban_00367,train_ZRI_2052_JPG.rf.50c49144f7a8de99bbafb62bb04d74fb.jpg,ZRI,,1534.8,365.5,1611.0,485.0,1527,353,1619,497,1094,0,2051,956,Taban-512/ZRI,0.2402,0.3,1.8089,hayir,reports/hafta7_fp_protokolu.md,test,157,tahminler_taban512_hafta7.csv,tahminler_model512.csv,0.3,0.52,1.8089,0.3,0.5,0.1,8,512,110,55,20260913,"Esikler, katsayilar ve ornek buyuklukleri KARARDIR; olcumden turetilmedi. Ayrinti protokol dosyasinda.",3.13.1,8.4.144,0.12.6,2.14.0,2026-09-13 10:08:36,scripts/25_esit_fp_adaylari.py
a0143,kontrol,a0009,Model-512,model_00570,train_ZRI_2077_JPG.rf.4d76c4ca04fa80302c2f7619779966c5.jpg,ZRI,,637.6,2043.5,706.8,2082.8,630,2031,714,2096,395,1786,949,2340,Model-512/ZRI,0.3504,0.52,1.8089,hayir,reports/hafta7_fp_protokolu.md,test,157,tahminler_taban512_hafta7.csv,tahminler_model512.csv,0.3,0.52,1.8089,0.3,0.5,0.1,8,512,110,55,20260913,"Esikler, katsayilar ve ornek buyuklukleri KARARDIR; olcumden turetilmedi. Ayrinti protokol dosyasinda.",3.13.1,8.4.144,0.12.6,2.14.0,2026-09-13 10:08:36,scripts/25_esit_fp_adaylari.py
a0144,kontrol,a0060,Model-512,model_00054,train_ZRI_2003_JPG.rf.cdcf53b6f852c3d1bafc5636fd07b47b.jpg,ZRI,,2296.2,2321.5,2372.4,2394.0,2288,2314,2381,2402,2029,2052,2640,2663,Model-512/ZRI,0.3504,0.52,1.8089,hayir,reports/hafta7_fp_protokolu.md,test,157,tahminler_taban512_hafta7.csv,tahminler_model512.csv,0.3,0.52,1.8089,0.3,0.5,0.1,8,512,110,55,20260913,"Esikler, katsayilar ve ornek buyuklukleri KARARDIR; olcumden turetilmedi. Ayrinti protokol dosyasinda.",3.13.1,8.4.144,0.12.6,2.14.0,2026-09-13 10:08:36,scripts/25_esit_fp_adaylari.py
a0145,kontrol,a0137,Taban-512,taban_00020,train_VRD_3083_JPG.rf.8af8b7ba2f81349640d3de9849199918.jpg,VRD,,2353.4,1562.2,2377.5,1596.9,2333,1547,2398,1612,2109,1323,2622,1836,Taban-512/VRD,1.0,0.3,1.8089,hayir,reports/hafta7_fp_protokolu.md,test,157,tahminler_taban512_hafta7.csv,tahminler_model512.csv,0.3,0.52,1.8089,0.3,0.5,0.1,8,512,110,55,20260913,"Esikler, katsayilar ve ornek buyuklukleri KARARDIR; olcumden turetilmedi. Ayrinti protokol dosyasinda.",3.13.1,8.4.144,0.12.6,2.14.0,2026-09-13 10:08:36,scripts/25_esit_fp_adaylari.py
a0146,kontrol,a0193,Taban-512,taban_00288,train_ZRI_2046_JPG.rf.6e0e88c5239bc031fcd5636dc1b42f80.jpg,ZRI,,1561.9,275.1,1639.9,356.1,1554,266,1648,365,1276,0,1925,648,Taban-512/ZRI,0.2402,0.3,1.8089,evet,reports/hafta7_fp_protokolu.md,test,157,tahminler_taban512_hafta7.csv,tahminler_model512.csv,0.3,0.52,1.8089,0.3,0.5,0.1,8,512,110,55,20260913,"Esikler, katsayilar ve ornek buyuklukleri KARARDIR; olcumden turetilmedi. Ayrinti protokol dosyasinda.",3.13.1,8.4.144,0.12.6,2.14.0,2026-09-13 10:08:36,scripts/25_esit_fp_adaylari.py
a0147,kontrol,a0264,Taban-512,taban_00008,train_VRD_3058_JPG.rf.710ef627937d5c49e259cb163061ae33.jpg,VRD,,3831.6,37.3,3862.1,92.2,3814,31,3879,98,3488,0,4000,512,Taban-512/VRD,1.0,0.3,1.8089,hayir,reports/hafta7_fp_protokolu.md,test,157,tahminler_taban512_hafta7.csv,tahminler_model512.csv,0.3,0.52,1.8089,0.3,0.5,0.1,8,512,110,55,20260913,"Esikler, katsayilar ve ornek buyuklukleri KARARDIR; olcumden turetilmedi. Ayrinti protokol dosyasinda.",3.13.1,8.4.144,0.12.6,2.14.0,2026-09-13 10:08:36,scripts/25_esit_fp_adaylari.py
a0148,fp,a0359,Model-512,model_00452,train_ZRI_2052_JPG.rf.50c49144f7a8de99bbafb62bb04d74fb.jpg,ZRI,0.6099,3719.7,1640.6,3850.3,1755.1,3706,1629,3864,1767,2955,1175,4000,2221,Model-512/ZRI,0.3504,0.52,1.8089,evet,reports/hafta7_fp_protokolu.md,test,157,tahminler_taban512_hafta7.csv,tahminler_model512.csv,0.3,0.52,1.8089,0.3,0.5,0.1,8,512,110,55,20260913,"Esikler, katsayilar ve ornek buyuklukleri KARARDIR; olcumden turetilmedi. Ayrinti protokol dosyasinda.",3.13.1,8.4.144,0.12.6,2.14.0,2026-09-13 10:08:36,scripts/25_esit_fp_adaylari.py
a0149,fp,a0222,Taban-512,taban_00343,train_ZRI_2049_JPG.rf.35c07c1208f36c275450d0a1f718410a.jpg,ZRI,0.4955,1944.2,410.1,1997.3,439.0,1938,392,2003,457,1714,168,2227,681,Taban-512/ZRI,0.2402,0.3,1.8089,hayir,reports/hafta7_fp_protokolu.md,test,157,tahminler_taban512_hafta7.csv,tahminler_model512.csv,0.3,0.52,1.8089,0.3,0.5,0.1,8,512,110,55,20260913,"Esikler, katsayilar ve ornek buyuklukleri KARARDIR; olcumden turetilmedi. Ayrinti protokol dosyasinda.",3.13.1,8.4.144,0.12.6,2.14.0,2026-09-13 10:08:36,scripts/25_esit_fp_adaylari.py
a0150,fp,a0161,Taban-512,taban_00032,train_VRD_3091_JPG.rf.b2431f4f88816d9458553448073861a7.jpg,VRD,0.3343,987.7,1531.2,1003.6,1559.0,963,1513,1028,1578,739,1289,1252,1802,Taban-512/VRD,1.0,0.3,1.8089,hayir,reports/hafta7_fp_protokolu.md,test,157,tahminler_taban512_hafta7.csv,tahminler_model512.csv,0.3,0.52,1.8089,0.3,0.5,0.1,8,512,110,55,20260913,"Esikler, katsayilar ve ornek buyuklukleri KARARDIR; olcumden turetilmedi. Ayrinti protokol dosyasinda.",3.13.1,8.4.144,0.12.6,2.14.0,2026-09-13 10:08:36,scripts/25_esit_fp_adaylari.py
a0151,fp,a0205,Model-512,model_00119,train_ZRI_2012_JPG.rf.c05e4c2bd31f79c57174d2c7484d907c.jpg,ZRI,0.7594,3494.9,36.5,3569.4,91.4,3487,31,3577,97,3234,0,3831,596,Model-512/ZRI,0.3504,0.52,1.8089,hayir,reports/hafta7_fp_protokolu.md,test,157,tahminler_taban512_hafta7.csv,tahminler_model512.csv,0.3,0.52,1.8089,0.3,0.5,0.1,8,512,110,55,20260913,"Esikler, katsayilar ve ornek buyuklukleri KARARDIR; olcumden turetilmedi. Ayrinti protokol dosyasinda.",3.13.1,8.4.144,0.12.6,2.14.0,2026-09-13 10:08:36,scripts/25_esit_fp_adaylari.py
a0152,kontrol,a0119,Taban-512,taban_00071,train_VRD_3132_JPG.rf.4374019de6c5b2d9ec5996a99fe6bfe6.jpg,VRD,,1434.2,99.3,1530.7,127.7,1424,81,1541,146,1096,0,1869,772,Taban-512/VRD,1.0,0.3,1.8089,hayir,reports/hafta7_fp_protokolu.md,test,157,tahminler_taban512_hafta7.csv,tahminler_model512.csv,0.3,0.52,1.8089,0.3,0.5,0.1,8,512,110,55,20260913,"Esikler, katsayilar ve ornek buyuklukleri KARARDIR; olcumden turetilmedi. Ayrinti protokol dosyasinda.",3.13.1,8.4.144,0.12.6,2.14.0,2026-09-13 10:08:36,scripts/25_esit_fp_adaylari.py
a0153,fp,a0389,Model-512,model_00028,train_VRD_3097_JPG.rf.f8d2643399443f294c99f42f9f55d227.jpg,VRD,0.6192,2636.0,2085.0,2679.8,2146.6,2625,2078,2690,2153,2401,1859,2914,2372,Model-512/VRD,1.0,0.52,1.8089,hayir,reports/hafta7_fp_protokolu.md,test,157,tahminler_taban512_hafta7.csv,tahminler_model512.csv,0.3,0.52,1.8089,0.3,0.5,0.1,8,512,110,55,20260913,"Esikler, katsayilar ve ornek buyuklukleri KARARDIR; olcumden turetilmedi. Ayrinti protokol dosyasinda.",3.13.1,8.4.144,0.12.6,2.14.0,2026-09-13 10:08:36,scripts/25_esit_fp_adaylari.py
a0154,fp,a0056,Taban-512,taban_00070,train_VRD_3132_JPG.rf.4374019de6c5b2d9ec5996a99fe6bfe6.jpg,VRD,0.5491,2870.1,976.2,2897.3,1047.7,2851,969,2916,1055,2597,725,3170,1298,Taban-512/VRD,1.0,0.3,1.8089,hayir,reports/hafta7_fp_protokolu.md,test,157,tahminler_taban512_hafta7.csv,tahminler_model512.csv,0.3,0.52,1.8089,0.3,0.5,0.1,8,512,110,55,20260913,"Esikler, katsayilar ve ornek buyuklukleri KARARDIR; olcumden turetilmedi. Ayrinti protokol dosyasinda.",3.13.1,8.4.144,0.12.6,2.14.0,2026-09-13 10:08:36,scripts/25_esit_fp_adaylari.py
a0155,fp,a0360,Model-512,model_00586,train_ZRI_3001_JPG.rf.87934c388c284001e56188d171bf0641.jpg,ZRI,0.5433,2102.4,653.2,2141.6,724.6,2090,646,2154,732,1836,403,2408,975,Model-512/ZRI,0.3504,0.52,1.8089,hayir,reports/hafta7_fp_protokolu.md,test,157,tahminler_taban512_hafta7.csv,tahminler_model512.csv,0.3,0.52,1.8089,0.3,0.5,0.1,8,512,110,55,20260913,"Esikler, katsayilar ve ornek buyuklukleri KARARDIR; olcumden turetilmedi. Ayrinti protokol dosyasinda.",3.13.1,8.4.144,0.12.6,2.14.0,2026-09-13 10:08:36,scripts/25_esit_fp_adaylari.py
a0156,fp,a0276,Model-512,model_00536,train_ZRI_2066_JPG.rf.6c0b5d1549d2bce7c67ce607ffb519ee.jpg,ZRI,0.5778,1108.5,2450.8,1201.3,2561.8,1099,2439,1211,2573,710,2062,1599,2951,Model-512/ZRI,0.3504,0.52,1.8089,hayir,reports/hafta7_fp_protokolu.md,test,157,tahminler_taban512_hafta7.csv,tahminler_model512.csv,0.3,0.52,1.8089,0.3,0.5,0.1,8,512,110,55,20260913,"Esikler, katsayilar ve ornek buyuklukleri KARARDIR; olcumden turetilmedi. Ayrinti protokol dosyasinda.",3.13.1,8.4.144,0.12.6,2.14.0,2026-09-13 10:08:36,scripts/25_esit_fp_adaylari.py
a0157,kontrol,a0044,Model-512,model_00019,train_VRD_3090_JPG.rf.aae703cf6571719c2137410a8c314c47.jpg,VRD,,2705.6,1192.2,2756.0,1255.5,2698,1185,2763,1262,2474,967,2987,1480,Model-512/VRD,1.0,0.52,1.8089,hayir,reports/hafta7_fp_protokolu.md,test,157,tahminler_taban512_hafta7.csv,tahminler_model512.csv,0.3,0.52,1.8089,0.3,0.5,0.1,8,512,110,55,20260913,"Esikler, katsayilar ve ornek buyuklukleri KARARDIR; olcumden turetilmedi. Ayrinti protokol dosyasinda.",3.13.1,8.4.144,0.12.6,2.14.0,2026-09-13 10:08:36,scripts/25_esit_fp_adaylari.py
a0158,kontrol,a0324,Model-512,model_00482,train_ZRI_2058_JPG.rf.34e7e941d692239be5f03263699cf42f.jpg,ZRI,,2029.3,988.7,2135.1,1076.8,2018,979,2146,1086,1659,609,2506,1456,Model-512/ZRI,0.3504,0.52,1.8089,hayir,reports/hafta7_fp_protokolu.md,test,157,tahminler_taban512_hafta7.csv,tahminler_model512.csv,0.3,0.52,1.8089,0.3,0.5,0.1,8,512,110,55,20260913,"Esikler, katsayilar ve ornek buyuklukleri KARARDIR; olcumden turetilmedi. Ayrinti protokol dosyasinda.",3.13.1,8.4.144,0.12.6,2.14.0,2026-09-13 10:08:36,scripts/25_esit_fp_adaylari.py
a0159,kontrol,a0308,Model-512,model_00069,train_ZRI_2006_JPG.rf.d72e1e0ec64a7291daa8ebc254d5d13d.jpg,ZRI,,2557.1,1788.1,2620.9,1879.1,2550,1778,2628,1889,2224,1469,2953,2198,Model-512/ZRI,0.3504,0.52,1.8089,hayir,reports/hafta7_fp_protokolu.md,test,157,tahminler_taban512_hafta7.csv,tahminler_model512.csv,0.3,0.52,1.8089,0.3,0.5,0.1,8,512,110,55,20260913,"Esikler, katsayilar ve ornek buyuklukleri KARARDIR; olcumden turetilmedi. Ayrinti protokol dosyasinda.",3.13.1,8.4.144,0.12.6,2.14.0,2026-09-13 10:08:36,scripts/25_esit_fp_adaylari.py
a0160,kontrol,a0077,Model-512,model_00382,train_ZRI_2046_JPG.rf.6e0e88c5239bc031fcd5636dc1b42f80.jpg,ZRI,,3303.4,1139.0,3421.4,1230.6,3291,1129,3434,1240,2890,712,3835,1657,Model-512/ZRI,0.3504,0.52,1.8089,hayir,reports/hafta7_fp_protokolu.md,test,157,tahminler_taban512_hafta7.csv,tahminler_model512.csv,0.3,0.52,1.8089,0.3,0.5,0.1,8,512,110,55,20260913,"Esikler, katsayilar ve ornek buyuklukleri KARARDIR; olcumden turetilmedi. Ayrinti protokol dosyasinda.",3.13.1,8.4.144,0.12.6,2.14.0,2026-09-13 10:08:36,scripts/25_esit_fp_adaylari.py
a0161,kontrol,a0150,Taban-512,taban_00032,train_VRD_3091_JPG.rf.b2431f4f88816d9458553448073861a7.jpg,VRD,,16.6,1495.6,32.5,1523.4,0,1477,57,1542,0,1253,512,1766,Taban-512/VRD,1.0,0.3,1.8089,hayir,reports/hafta7_fp_protokolu.md,test,157,tahminler_taban512_hafta7.csv,tahminler_model512.csv,0.3,0.52,1.8089,0.3,0.5,0.1,8,512,110,55,20260913,"Esikler, katsayilar ve ornek buyuklukleri KARARDIR; olcumden turetilmedi. Ayrinti protokol dosyasinda.",3.13.1,8.4.144,0.12.6,2.14.0,2026-09-13 10:08:36,scripts/25_esit_fp_adaylari.py
a0162,kontrol,a0109,Taban-512,taban_00113,train_ZRI_2010_JPG.rf.dffe80870459dc66572904359072a194.jpg,ZRI,,2617.8,2414.5,2667.7,2450.0,2610,2400,2675,2465,2386,2176,2899,2689,Taban-512/ZRI,0.2402,0.3,1.8089,hayir,reports/hafta7_fp_protokolu.md,test,157,tahminler_taban512_hafta7.csv,tahminler_model512.csv,0.3,0.52,1.8089,0.3,0.5,0.1,8,512,110,55,20260913,"Esikler, katsayilar ve ornek buyuklukleri KARARDIR; olcumden turetilmedi. Ayrinti protokol dosyasinda.",3.13.1,8.4.144,0.12.6,2.14.0,2026-09-13 10:08:36,scripts/25_esit_fp_adaylari.py
a0163,fp,a0253,Model-512,model_00544,train_ZRI_2069_JPG.rf.6a409d8c56d0318e69673369fd6d2678.jpg,ZRI,0.7587,2544.0,427.0,2590.3,489.0,2535,420,2600,496,2311,202,2824,714,Model-512/ZRI,0.3504,0.52,1.8089,hayir,reports/hafta7_fp_protokolu.md,test,157,tahminler_taban512_hafta7.csv,tahminler_model512.csv,0.3,0.52,1.8089,0.3,0.5,0.1,8,512,110,55,20260913,"Esikler, katsayilar ve ornek buyuklukleri KARARDIR; olcumden turetilmedi. Ayrinti protokol dosyasinda.",3.13.1,8.4.144,0.12.6,2.14.0,2026-09-13 10:08:36,scripts/25_esit_fp_adaylari.py
a0164,fp,a0319,Model-512,model_00665,train_ZRI_3007_JPG.rf.9aaa808230b7b9af324a301c05899671.jpg,ZRI,0.6165,2050.2,2180.1,2091.6,2250.2,2038,2173,2103,2258,1790,1934,2352,2496,Model-512/ZRI,0.3504,0.52,1.8089,hayir,reports/hafta7_fp_protokolu.md,test,157,tahminler_taban512_hafta7.csv,tahminler_model512.csv,0.3,0.52,1.8089,0.3,0.5,0.1,8,512,110,55,20260913,"Esikler, katsayilar ve ornek buyuklukleri KARARDIR; olcumden turetilmedi. Ayrinti protokol dosyasinda.",3.13.1,8.4.144,0.12.6,2.14.0,2026-09-13 10:08:36,scripts/25_esit_fp_adaylari.py
a0165,kontrol,a0182,Model-512,model_00245,train_ZRI_2021_JPG.rf.0acf422827cbc011716ca38b5cc5892d.jpg,ZRI,,3930.7,1757.0,3997.8,1852.2,3923,1747,4000,1862,3238,1423,4000,2186,Model-512/ZRI,0.3504,0.52,1.8089,hayir,reports/hafta7_fp_protokolu.md,test,157,tahminler_taban512_hafta7.csv,tahminler_model512.csv,0.3,0.52,1.8089,0.3,0.5,0.1,8,512,110,55,20260913,"Esikler, katsayilar ve ornek buyuklukleri KARARDIR; olcumden turetilmedi. Ayrinti protokol dosyasinda.",3.13.1,8.4.144,0.12.6,2.14.0,2026-09-13 10:08:36,scripts/25_esit_fp_adaylari.py
a0166,kontrol,a0426,Taban-512,taban_00270,train_ZRI_2035_JPG.rf.59dfa568de01527e83d9b4b52c088911.jpg,ZRI,,132.4,1202.6,221.0,1268.0,123,1196,230,1275,0,880,709,1590,Taban-512/ZRI,0.2402,0.3,1.8089,hayir,reports/hafta7_fp_protokolu.md,test,157,tahminler_taban512_hafta7.csv,tahminler_model512.csv,0.3,0.52,1.8089,0.3,0.5,0.1,8,512,110,55,20260913,"Esikler, katsayilar ve ornek buyuklukleri KARARDIR; olcumden turetilmedi. Ayrinti protokol dosyasinda.",3.13.1,8.4.144,0.12.6,2.14.0,2026-09-13 10:08:36,scripts/25_esit_fp_adaylari.py
a0167,fp,a0261,Taban-512,taban_00314,train_ZRI_2047_JPG.rf.28100fb3bc7c0eb615dea5cc673ffa75.jpg,ZRI,0.3235,1368.9,1230.1,1446.0,1269.8,1361,1217,1454,1282,1099,941,1716,1559,Taban-512/ZRI,0.2402,0.3,1.8089,hayir,reports/hafta7_fp_protokolu.md,test,157,tahminler_taban512_hafta7.csv,tahminler_model512.csv,0.3,0.52,1.8089,0.3,0.5,0.1,8,512,110,55,20260913,"Esikler, katsayilar ve ornek buyuklukleri KARARDIR; olcumden turetilmedi. Ayrinti protokol dosyasinda.",3.13.1,8.4.144,0.12.6,2.14.0,2026-09-13 10:08:36,scripts/25_esit_fp_adaylari.py
a0168,fp,a0249,Taban-512,taban_00011,train_VRD_3062_JPG.rf.c7763470dd8621a18525ba51c08e6abe.jpg,VRD,0.4025,711.1,2050.2,756.5,2090.5,701,2038,766,2103,477,1814,990,2327,Taban-512/VRD,1.0,0.3,1.8089,hayir,reports/hafta7_fp_protokolu.md,test,157,tahminler_taban512_hafta7.csv,tahminler_model512.csv,0.3,0.52,1.8089,0.3,0.5,0.1,8,512,110,55,20260913,"Esikler, katsayilar ve ornek buyuklukleri KARARDIR; olcumden turetilmedi. Ayrinti protokol dosyasinda.",3.13.1,8.4.144,0.12.6,2.14.0,2026-09-13 10:08:36,scripts/25_esit_fp_adaylari.py
a0169,kontrol,a0213,Model-512,model_00372,train_ZRI_2046_JPG.rf.6e0e88c5239bc031fcd5636dc1b42f80.jpg,ZRI,,2598.1,2146.1,2675.5,2240.6,2590,2136,2684,2251,2258,1815,3015,2572,Model-512/ZRI,0.3504,0.52,1.8089,hayir,reports/hafta7_fp_protokolu.md,test,157,tahminler_taban512_hafta7.csv,tahminler_model512.csv,0.3,0.52,1.8089,0.3,0.5,0.1,8,512,110,55,20260913,"Esikler, katsayilar ve ornek buyuklukleri KARARDIR; olcumden turetilmedi. Ayrinti protokol dosyasinda.",3.13.1,8.4.144,0.12.6,2.14.0,2026-09-13 10:08:36,scripts/25_esit_fp_adaylari.py
a0170,fp,a0348,Taban-512,taban_00067,train_VRD_3123_JPG.rf.4ccc6225d48c3b146931cc32b4f55999.jpg,VRD,0.3167,1778.1,1312.8,1821.5,1331.8,1767,1290,1832,1355,1543,1066,2056,1579,Taban-512/VRD,1.0,0.3,1.8089,hayir,reports/hafta7_fp_protokolu.md,test,157,tahminler_taban512_hafta7.csv,tahminler_model512.csv,0.3,0.52,1.8089,0.3,0.5,0.1,8,512,110,55,20260913,"Esikler, katsayilar ve ornek buyuklukleri KARARDIR; olcumden turetilmedi. Ayrinti protokol dosyasinda.",3.13.1,8.4.144,0.12.6,2.14.0,2026-09-13 10:08:36,scripts/25_esit_fp_adaylari.py
a0171,fp,a0133,Model-512,model_00079,train_ZRI_2007_JPG.rf.80e11b79e6dead246b35d741fce18b16.jpg,ZRI,0.6085,2050.4,33.5,2129.5,179.2,2042,18,2138,194,1507,0,2673,1166,Model-512/ZRI,0.3504,0.52,1.8089,hayir,reports/hafta7_fp_protokolu.md,test,157,tahminler_taban512_hafta7.csv,tahminler_model512.csv,0.3,0.52,1.8089,0.3,0.5,0.1,8,512,110,55,20260913,"Esikler, katsayilar ve ornek buyuklukleri KARARDIR; olcumden turetilmedi. Ayrinti protokol dosyasinda.",3.13.1,8.4.144,0.12.6,2.14.0,2026-09-13 10:08:36,scripts/25_esit_fp_adaylari.py
a0172,kontrol,a0201,Model-512,model_00374,train_ZRI_2046_JPG.rf.6e0e88c5239bc031fcd5636dc1b42f80.jpg,ZRI,,3382.8,2911.7,3443.5,2963.2,3376,2905,3450,2970,3157,2488,3670,3000,Model-512/ZRI,0.3504,0.52,1.8089,hayir,reports/hafta7_fp_protokolu.md,test,157,tahminler_taban512_hafta7.csv,tahminler_model512.csv,0.3,0.52,1.8089,0.3,0.5,0.1,8,512,110,55,20260913,"Esikler, katsayilar ve ornek buyuklukleri KARARDIR; olcumden turetilmedi. Ayrinti protokol dosyasinda.",3.13.1,8.4.144,0.12.6,2.14.0,2026-09-13 10:08:36,scripts/25_esit_fp_adaylari.py
a0173,fp,a0362,Model-512,model_00343,train_ZRI_2034_JPG.rf.f46e467586e3c5aa8c16eaf4382ce56f.jpg,ZRI,0.6216,2402.2,1939.7,2456.4,1984.1,2396,1929,2462,1994,2173,1705,2686,2218,Model-512/ZRI,0.3504,0.52,1.8089,hayir,reports/hafta7_fp_protokolu.md,test,157,tahminler_taban512_hafta7.csv,tahminler_model512.csv,0.3,0.52,1.8089,0.3,0.5,0.1,8,512,110,55,20260913,"Esikler, katsayilar ve ornek buyuklukleri KARARDIR; olcumden turetilmedi. Ayrinti protokol dosyasinda.",3.13.1,8.4.144,0.12.6,2.14.0,2026-09-13 10:08:36,scripts/25_esit_fp_adaylari.py
a0174,fp,a0019,Taban-512,taban_00063,train_VRD_3117_JPG.rf.8ab5844cce96fa9c14d6df69b76ccd99.jpg,VRD,0.3546,2130.2,2118.0,2151.8,2151.8,2109,2102,2173,2167,1885,1878,2397,2391,Taban-512/VRD,1.0,0.3,1.8089,evet,reports/hafta7_fp_protokolu.md,test,157,tahminler_taban512_hafta7.csv,tahminler_model512.csv,0.3,0.52,1.8089,0.3,0.5,0.1,8,512,110,55,20260913,"Esikler, katsayilar ve ornek buyuklukleri KARARDIR; olcumden turetilmedi. Ayrinti protokol dosyasinda.",3.13.1,8.4.144,0.12.6,2.14.0,2026-09-13 10:08:36,scripts/25_esit_fp_adaylari.py
a0175,fp,a0366,Taban-512,taban_00030,train_VRD_3091_JPG.rf.b2431f4f88816d9458553448073861a7.jpg,VRD,0.3615,3480.3,2742.0,3497.6,2794.9,3456,2736,3521,2801,3232,2488,3745,3000,Taban-512/VRD,1.0,0.3,1.8089,hayir,reports/hafta7_fp_protokolu.md,test,157,tahminler_taban512_hafta7.csv,tahminler_model512.csv,0.3,0.52,1.8089,0.3,0.5,0.1,8,512,110,55,20260913,"Esikler, katsayilar ve ornek buyuklukleri KARARDIR; olcumden turetilmedi. Ayrinti protokol dosyasinda.",3.13.1,8.4.144,0.12.6,2.14.0,2026-09-13 10:08:36,scripts/25_esit_fp_adaylari.py
a0176,fp,a0428,Taban-512,taban_00169,train_ZRI_2014_JPG.rf.95f28aeba5b563f69c9b10bbb6758285.jpg,ZRI,0.4286,2259.3,814.9,2363.4,921.8,2248,804,2374,933,1883,440,2739,1296,Taban-512/ZRI,0.2402,0.3,1.8089,hayir,reports/hafta7_fp_protokolu.md,test,157,tahminler_taban512_hafta7.csv,tahminler_model512.csv,0.3,0.52,1.8089,0.3,0.5,0.1,8,512,110,55,20260913,"Esikler, katsayilar ve ornek buyuklukleri KARARDIR; olcumden turetilmedi. Ayrinti protokol dosyasinda.",3.13.1,8.4.144,0.12.6,2.14.0,2026-09-13 10:08:36,scripts/25_esit_fp_adaylari.py
a0177,fp,a0352,Model-512,model_00539,train_ZRI_2066_JPG.rf.6c0b5d1549d2bce7c67ce607ffb519ee.jpg,ZRI,0.5489,1561.3,401.1,1611.3,456.2,1554,395,1619,462,1330,172,1843,685,Model-512/ZRI,0.3504,0.52,1.8089,evet,reports/hafta7_fp_protokolu.md,test,157,tahminler_taban512_hafta7.csv,tahminler_model512.csv,0.3,0.52,1.8089,0.3,0.5,0.1,8,512,110,55,20260913,"Esikler, katsayilar ve ornek buyuklukleri KARARDIR; olcumden turetilmedi. Ayrinti protokol dosyasinda.",3.13.1,8.4.144,0.12.6,2.14.0,2026-09-13 10:08:36,scripts/25_esit_fp_adaylari.py
a0178,fp,a0317,Model-512,model_00150,train_ZRI_2013_JPG.rf.fb6345ef2d790171d3f7e759f7e8a077.jpg,ZRI,0.6669,1248.2,1741.8,1283.1,1772.6,1233,1725,1298,1790,1009,1501,1522,2014,Model-512/ZRI,0.3504,0.52,1.8089,evet,reports/hafta7_fp_protokolu.md,test,157,tahminler_taban512_hafta7.csv,tahminler_model512.csv,0.3,0.52,1.8089,0.3,0.5,0.1,8,512,110,55,20260913,"Esikler, katsayilar ve ornek buyuklukleri KARARDIR; olcumden turetilmedi. Ayrinti protokol dosyasinda.",3.13.1,8.4.144,0.12.6,2.14.0,2026-09-13 10:08:36,scripts/25_esit_fp_adaylari.py
a0179,kontrol,a0279,Model-512,model_00883,train_ZRI_3031_JPG.rf.77fb682816ff2a80876429e205b7da83.jpg,ZRI,,1222.1,695.4,1280.7,770.3,1216,687,1287,778,951,433,1551,1033,Model-512/ZRI,0.3504,0.52,1.8089,hayir,reports/hafta7_fp_protokolu.md,test,157,tahminler_taban512_hafta7.csv,tahminler_model512.csv,0.3,0.52,1.8089,0.3,0.5,0.1,8,512,110,55,20260913,"Esikler, katsayilar ve ornek buyuklukleri KARARDIR; olcumden turetilmedi. Ayrinti protokol dosyasinda.",3.13.1,8.4.144,0.12.6,2.14.0,2026-09-13 10:08:36,scripts/25_esit_fp_adaylari.py
a0180,fp,a0431,Model-512,model_00361,train_ZRI_2035_JPG.rf.59dfa568de01527e83d9b4b52c088911.jpg,ZRI,0.5206,3718.6,34.6,3792.0,114.0,3711,26,3800,122,3364,0,4000,636,Model-512/ZRI,0.3504,0.52,1.8089,evet,reports/hafta7_fp_protokolu.md,test,157,tahminler_taban512_hafta7.csv,tahminler_model512.csv,0.3,0.52,1.8089,0.3,0.5,0.1,8,512,110,55,20260913,"Esikler, katsayilar ve ornek buyuklukleri KARARDIR; olcumden turetilmedi. Ayrinti protokol dosyasinda.",3.13.1,8.4.144,0.12.6,2.14.0,2026-09-13 10:08:36,scripts/25_esit_fp_adaylari.py
a0181,fp,a0005,Model-512,model_00026,train_VRD_3096_JPG.rf.1f45f33e005fb2d99c61b67d687d00b4.jpg,VRD,0.585,3576.2,0.1,3643.8,63.9,3569,0,3651,71,3339,0,3881,541,Model-512/VRD,1.0,0.52,1.8089,hayir,reports/hafta7_fp_protokolu.md,test,157,tahminler_taban512_hafta7.csv,tahminler_model512.csv,0.3,0.52,1.8089,0.3,0.5,0.1,8,512,110,55,20260913,"Esikler, katsayilar ve ornek buyuklukleri KARARDIR; olcumden turetilmedi. Ayrinti protokol dosyasinda.",3.13.1,8.4.144,0.12.6,2.14.0,2026-09-13 10:08:36,scripts/25_esit_fp_adaylari.py
a0182,fp,a0165,Model-512,model_00245,train_ZRI_2021_JPG.rf.0acf422827cbc011716ca38b5cc5892d.jpg,ZRI,0.523,800.5,2590.4,867.6,2685.6,793,2580,875,2696,453,2238,1215,3000,Model-512/ZRI,0.3504,0.52,1.8089,hayir,reports/hafta7_fp_protokolu.md,test,157,tahminler_taban512_hafta7.csv,tahminler_model512.csv,0.3,0.52,1.8089,0.3,0.5,0.1,8,512,110,55,20260913,"Esikler, katsayilar ve ornek buyuklukleri KARARDIR; olcumden turetilmedi. Ayrinti protokol dosyasinda.",3.13.1,8.4.144,0.12.6,2.14.0,2026-09-13 10:08:36,scripts/25_esit_fp_adaylari.py
a0183,kontrol,a0004,Model-512,model_00043,train_VRD_3107_JPG.rf.578be187d472128edc05c898ca288a66.jpg,VRD,,1365.9,2254.4,1432.9,2409.6,1359,2238,1440,2426,778,1711,2021,2953,Model-512/VRD,1.0,0.52,1.8089,hayir,reports/hafta7_fp_protokolu.md,test,157,tahminler_taban512_hafta7.csv,tahminler_model512.csv,0.3,0.52,1.8089,0.3,0.5,0.1,8,512,110,55,20260913,"Esikler, katsayilar ve ornek buyuklukleri KARARDIR; olcumden turetilmedi. Ayrinti protokol dosyasinda.",3.13.1,8.4.144,0.12.6,2.14.0,2026-09-13 10:08:36,scripts/25_esit_fp_adaylari.py
a0184,fp,a0069,Taban-512,taban_00533,train_ZRI_3017_JPG.rf.5007898a1182a140b1486a2353f22912.jpg,ZRI,0.331,445.3,0.2,507.4,46.4,439,0,514,56,220,0,733,512,Taban-512/ZRI,0.2402,0.3,1.8089,hayir,reports/hafta7_fp_protokolu.md,test,157,tahminler_taban512_hafta7.csv,tahminler_model512.csv,0.3,0.52,1.8089,0.3,0.5,0.1,8,512,110,55,20260913,"Esikler, katsayilar ve ornek buyuklukleri KARARDIR; olcumden turetilmedi. Ayrinti protokol dosyasinda.",3.13.1,8.4.144,0.12.6,2.14.0,2026-09-13 10:08:36,scripts/25_esit_fp_adaylari.py
a0185,kontrol,a0212,Taban-512,taban_00028,train_VRD_3091_JPG.rf.b2431f4f88816d9458553448073861a7.jpg,VRD,,63.1,1172.8,84.2,1212.0,41,1160,106,1225,0,936,512,1449,Taban-512/VRD,1.0,0.3,1.8089,hayir,reports/hafta7_fp_protokolu.md,test,157,tahminler_taban512_hafta7.csv,tahminler_model512.csv,0.3,0.52,1.8089,0.3,0.5,0.1,8,512,110,55,20260913,"Esikler, katsayilar ve ornek buyuklukleri KARARDIR; olcumden turetilmedi. Ayrinti protokol dosyasinda.",3.13.1,8.4.144,0.12.6,2.14.0,2026-09-13 10:08:36,scripts/25_esit_fp_adaylari.py
a0186,kontrol,a0018,Model-512,model_00025,train_VRD_3096_JPG.rf.1f45f33e005fb2d99c61b67d687d00b4.jpg,VRD,,2150.5,1135.8,2204.2,1177.3,2145,1124,2210,1189,1921,900,2434,1413,Model-512/VRD,1.0,0.52,1.8089,hayir,reports/hafta7_fp_protokolu.md,test,157,tahminler_taban512_hafta7.csv,tahminler_model512.csv,0.3,0.52,1.8089,0.3,0.5,0.1,8,512,110,55,20260913,"Esikler, katsayilar ve ornek buyuklukleri KARARDIR; olcumden turetilmedi. Ayrinti protokol dosyasinda.",3.13.1,8.4.144,0.12.6,2.14.0,2026-09-13 10:08:36,scripts/25_esit_fp_adaylari.py
a0187,fp,a0014,Model-512,model_00755,train_ZRI_3019_JPG.rf.0717ec5bd3af4d0e32b2c1de5e2575cf.jpg,ZRI,0.65,2054.3,825.5,2104.6,881.7,2047,819,2112,888,1823,597,2336,1110,Model-512/ZRI,0.3504,0.52,1.8089,evet,reports/hafta7_fp_protokolu.md,test,157,tahminler_taban512_hafta7.csv,tahminler_model512.csv,0.3,0.52,1.8089,0.3,0.5,0.1,8,512,110,55,20260913,"Esikler, katsayilar ve ornek buyuklukleri KARARDIR; olcumden turetilmedi. Ayrinti protokol dosyasinda.",3.13.1,8.4.144,0.12.6,2.14.0,2026-09-13 10:08:36,scripts/25_esit_fp_adaylari.py
a0188,kontrol,a0263,Taban-512,taban_00036,train_VRD_3095_JPG.rf.5379df8b29d8fbfac17f873f76d42e3f.jpg,VRD,,3112.5,2815.4,3155.8,2873.2,3102,2809,3167,2880,2878,2488,3391,3000,Taban-512/VRD,1.0,0.3,1.8089,hayir,reports/hafta7_fp_protokolu.md,test,157,tahminler_taban512_hafta7.csv,tahminler_model512.csv,0.3,0.52,1.8089,0.3,0.5,0.1,8,512,110,55,20260913,"Esikler, katsayilar ve ornek buyuklukleri KARARDIR; olcumden turetilmedi. Ayrinti protokol dosyasinda.",3.13.1,8.4.144,0.12.6,2.14.0,2026-09-13 10:08:36,scripts/25_esit_fp_adaylari.py
a0189,fp,a0198,Taban-512,taban_00058,train_VRD_3112_JPG.rf.42608d3ed20187f499e1e1dfe8a5e719.jpg,VRD,0.4003,1189.6,2924.6,1211.9,2955.0,1168,2907,1233,2972,944,2488,1457,3000,Taban-512/VRD,1.0,0.3,1.8089,hayir,reports/hafta7_fp_protokolu.md,test,157,tahminler_taban512_hafta7.csv,tahminler_model512.csv,0.3,0.52,1.8089,0.3,0.5,0.1,8,512,110,55,20260913,"Esikler, katsayilar ve ornek buyuklukleri KARARDIR; olcumden turetilmedi. Ayrinti protokol dosyasinda.",3.13.1,8.4.144,0.12.6,2.14.0,2026-09-13 10:08:36,scripts/25_esit_fp_adaylari.py
a0190,kontrol,a0101,Taban-512,taban_00185,train_ZRI_2015_JPG.rf.f377a3f68327562d2a7718cc6a1c4022.jpg,ZRI,,1809.5,1601.0,1847.6,1651.9,1796,1594,1861,1659,1572,1370,2085,1883,Taban-512/ZRI,0.2402,0.3,1.8089,hayir,reports/hafta7_fp_protokolu.md,test,157,tahminler_taban512_hafta7.csv,tahminler_model512.csv,0.3,0.52,1.8089,0.3,0.5,0.1,8,512,110,55,20260913,"Esikler, katsayilar ve ornek buyuklukleri KARARDIR; olcumden turetilmedi. Ayrinti protokol dosyasinda.",3.13.1,8.4.144,0.12.6,2.14.0,2026-09-13 10:08:36,scripts/25_esit_fp_adaylari.py
a0191,kontrol,a0053,Model-512,model_00125,train_ZRI_2012_JPG.rf.c05e4c2bd31f79c57174d2c7484d907c.jpg,ZRI,,482.3,2701.2,548.2,2758.3,475,2695,555,2765,251,2466,779,2994,Model-512/ZRI,0.3504,0.52,1.8089,hayir,reports/hafta7_fp_protokolu.md,test,157,tahminler_taban512_hafta7.csv,tahminler_model512.csv,0.3,0.52,1.8089,0.3,0.5,0.1,8,512,110,55,20260913,"Esikler, katsayilar ve ornek buyuklukleri KARARDIR; olcumden turetilmedi. Ayrinti protokol dosyasinda.",3.13.1,8.4.144,0.12.6,2.14.0,2026-09-13 10:08:36,scripts/25_esit_fp_adaylari.py
a0192,kontrol,a0417,Taban-512,taban_00409,train_ZRI_2058_JPG.rf.34e7e941d692239be5f03263699cf42f.jpg,ZRI,,3843.7,1414.9,3912.1,1515.5,3836,1404,3919,1526,3195,1062,4000,1868,Taban-512/ZRI,0.2402,0.3,1.8089,hayir,reports/hafta7_fp_protokolu.md,test,157,tahminler_taban512_hafta7.csv,tahminler_model512.csv,0.3,0.52,1.8089,0.3,0.5,0.1,8,512,110,55,20260913,"Esikler, katsayilar ve ornek buyuklukleri KARARDIR; olcumden turetilmedi. Ayrinti protokol dosyasinda.",3.13.1,8.4.144,0.12.6,2.14.0,2026-09-13 10:08:36,scripts/25_esit_fp_adaylari.py
a0193,fp,a0146,Taban-512,taban_00288,train_ZRI_2046_JPG.rf.6e0e88c5239bc031fcd5636dc1b42f80.jpg,ZRI,0.3094,206.9,1846.1,284.9,1927.1,199,1838,293,1936,0,1562,648,2211,Taban-512/ZRI,0.2402,0.3,1.8089,hayir,reports/hafta7_fp_protokolu.md,test,157,tahminler_taban512_hafta7.csv,tahminler_model512.csv,0.3,0.52,1.8089,0.3,0.5,0.1,8,512,110,55,20260913,"Esikler, katsayilar ve ornek buyuklukleri KARARDIR; olcumden turetilmedi. Ayrinti protokol dosyasinda.",3.13.1,8.4.144,0.12.6,2.14.0,2026-09-13 10:08:36,scripts/25_esit_fp_adaylari.py
a0194,fp,a0002,Model-512,model_00477,train_ZRI_2058_JPG.rf.34e7e941d692239be5f03263699cf42f.jpg,ZRI,0.7955,1650.4,718.4,1681.1,777.1,1633,712,1698,783,1409,491,1922,1004,Model-512/ZRI,0.3504,0.52,1.8089,hayir,reports/hafta7_fp_protokolu.md,test,157,tahminler_taban512_hafta7.csv,tahminler_model512.csv,0.3,0.52,1.8089,0.3,0.5,0.1,8,512,110,55,20260913,"Esikler, katsayilar ve ornek buyuklukleri KARARDIR; olcumden turetilmedi. Ayrinti protokol dosyasinda.",3.13.1,8.4.144,0.12.6,2.14.0,2026-09-13 10:08:36,scripts/25_esit_fp_adaylari.py
a0195,fp,a0274,Taban-512,taban_00374,train_ZRI_2052_JPG.rf.50c49144f7a8de99bbafb62bb04d74fb.jpg,ZRI,0.564,1277.5,791.7,1412.9,908.6,1263,780,1427,921,803,308,1887,1392,Taban-512/ZRI,0.2402,0.3,1.8089,hayir,reports/hafta7_fp_protokolu.md,test,157,tahminler_taban512_hafta7.csv,tahminler_model512.csv,0.3,0.52,1.8089,0.3,0.5,0.1,8,512,110,55,20260913,"Esikler, katsayilar ve ornek buyuklukleri KARARDIR; olcumden turetilmedi. Ayrinti protokol dosyasinda.",3.13.1,8.4.144,0.12.6,2.14.0,2026-09-13 10:08:36,scripts/25_esit_fp_adaylari.py
a0196,kontrol,a0336,Taban-512,taban_00029,train_VRD_3091_JPG.rf.b2431f4f88816d9458553448073861a7.jpg,VRD,,1496.2,354.6,1525.9,396.3,1479,343,1544,408,1255,119,1768,632,Taban-512/VRD,1.0,0.3,1.8089,hayir,reports/hafta7_fp_protokolu.md,test,157,tahminler_taban512_hafta7.csv,tahminler_model512.csv,0.3,0.52,1.8089,0.3,0.5,0.1,8,512,110,55,20260913,"Esikler, katsayilar ve ornek buyuklukleri KARARDIR; olcumden turetilmedi. Ayrinti protokol dosyasinda.",3.13.1,8.4.144,0.12.6,2.14.0,2026-09-13 10:08:36,scripts/25_esit_fp_adaylari.py
a0197,kontrol,a0226,Taban-512,taban_00331,train_ZRI_2048_JPG.rf.0fae12d6c534313cce3f628106f8d597.jpg,ZRI,,2270.5,840.5,2344.8,963.6,2263,828,2353,976,1815,409,2801,1395,Taban-512/ZRI,0.2402,0.3,1.8089,hayir,reports/hafta7_fp_protokolu.md,test,157,tahminler_taban512_hafta7.csv,tahminler_model512.csv,0.3,0.52,1.8089,0.3,0.5,0.1,8,512,110,55,20260913,"Esikler, katsayilar ve ornek buyuklukleri KARARDIR; olcumden turetilmedi. Ayrinti protokol dosyasinda.",3.13.1,8.4.144,0.12.6,2.14.0,2026-09-13 10:08:36,scripts/25_esit_fp_adaylari.py
a0198,kontrol,a0189,Taban-512,taban_00058,train_VRD_3112_JPG.rf.42608d3ed20187f499e1e1dfe8a5e719.jpg,VRD,,3333.0,1279.8,3355.3,1310.2,3312,1263,3377,1328,3088,1039,3601,1552,Taban-512/VRD,1.0,0.3,1.8089,hayir,reports/hafta7_fp_protokolu.md,test,157,tahminler_taban512_hafta7.csv,tahminler_model512.csv,0.3,0.52,1.8089,0.3,0.5,0.1,8,512,110,55,20260913,"Esikler, katsayilar ve ornek buyuklukleri KARARDIR; olcumden turetilmedi. Ayrinti protokol dosyasinda.",3.13.1,8.4.144,0.12.6,2.14.0,2026-09-13 10:08:36,scripts/25_esit_fp_adaylari.py
a0199,fp,a0351,Model-512,model_00231,train_ZRI_2020_JPG.rf.fe7697b61c88cbd4b1212ec7a618942e.jpg,ZRI,0.6102,528.8,2336.4,612.2,2447.7,520,2325,621,2459,125,1946,1016,2838,Model-512/ZRI,0.3504,0.52,1.8089,hayir,reports/hafta7_fp_protokolu.md,test,157,tahminler_taban512_hafta7.csv,tahminler_model512.csv,0.3,0.52,1.8089,0.3,0.5,0.1,8,512,110,55,20260913,"Esikler, katsayilar ve ornek buyuklukleri KARARDIR; olcumden turetilmedi. Ayrinti protokol dosyasinda.",3.13.1,8.4.144,0.12.6,2.14.0,2026-09-13 10:08:36,scripts/25_esit_fp_adaylari.py
a0200,kontrol,a0031,Model-512,model_00310,train_ZRI_2031_JPG.rf.6637eeede974d137c26c06f05e71de95.jpg,ZRI,,807.1,1652.9,845.6,1695.4,794,1642,859,1707,570,1418,1083,1931,Model-512/ZRI,0.3504,0.52,1.8089,hayir,reports/hafta7_fp_protokolu.md,test,157,tahminler_taban512_hafta7.csv,tahminler_model512.csv,0.3,0.52,1.8089,0.3,0.5,0.1,8,512,110,55,20260913,"Esikler, katsayilar ve ornek buyuklukleri KARARDIR; olcumden turetilmedi. Ayrinti protokol dosyasinda.",3.13.1,8.4.144,0.12.6,2.14.0,2026-09-13 10:08:36,scripts/25_esit_fp_adaylari.py
a0201,fp,a0172,Model-512,model_00374,train_ZRI_2046_JPG.rf.6e0e88c5239bc031fcd5636dc1b42f80.jpg,ZRI,0.788,3398.3,2412.0,3459.0,2463.5,3392,2405,3466,2470,3172,2181,3685,2694,Model-512/ZRI,0.3504,0.52,1.8089,hayir,reports/hafta7_fp_protokolu.md,test,157,tahminler_taban512_hafta7.csv,tahminler_model512.csv,0.3,0.52,1.8089,0.3,0.5,0.1,8,512,110,55,20260913,"Esikler, katsayilar ve ornek buyuklukleri KARARDIR; olcumden turetilmedi. Ayrinti protokol dosyasinda.",3.13.1,8.4.144,0.12.6,2.14.0,2026-09-13 10:08:36,scripts/25_esit_fp_adaylari.py
a0202,fp,a0438,Taban-512,taban_00226,train_ZRI_2025_JPG.rf.67fe730a69c4e3e025dac0ba8a60f0bd.jpg,ZRI,0.7839,862.7,1805.8,921.6,1943.3,856,1792,928,1958,342,1324,1443,2425,Taban-512/ZRI,0.2402,0.3,1.8089,hayir,reports/hafta7_fp_protokolu.md,test,157,tahminler_taban512_hafta7.csv,tahminler_model512.csv,0.3,0.52,1.8089,0.3,0.5,0.1,8,512,110,55,20260913,"Esikler, katsayilar ve ornek buyuklukleri KARARDIR; olcumden turetilmedi. Ayrinti protokol dosyasinda.",3.13.1,8.4.144,0.12.6,2.14.0,2026-09-13 10:08:36,scripts/25_esit_fp_adaylari.py
a0203,kontrol,a0305,Taban-512,taban_00234,train_ZRI_2026_JPG.rf.244d506f042253e60c59419f79524686.jpg,ZRI,,1541.7,2742.1,1673.6,2816.9,1528,2734,1687,2825,1080,1944,2136,3000,Taban-512/ZRI,0.2402,0.3,1.8089,hayir,reports/hafta7_fp_protokolu.md,test,157,tahminler_taban512_hafta7.csv,tahminler_model512.csv,0.3,0.52,1.8089,0.3,0.5,0.1,8,512,110,55,20260913,"Esikler, katsayilar ve ornek buyuklukleri KARARDIR; olcumden turetilmedi. Ayrinti protokol dosyasinda.",3.13.1,8.4.144,0.12.6,2.14.0,2026-09-13 10:08:36,scripts/25_esit_fp_adaylari.py
a0204,kontrol,a0066,Taban-512,taban_00013,train_VRD_3064_JPG.rf.a3264a41566e7502902096b0c80661b5.jpg,VRD,,1175.8,2469.1,1249.8,2588.9,1168,2457,1258,2601,733,2041,1693,3000,Taban-512/VRD,1.0,0.3,1.8089,hayir,reports/hafta7_fp_protokolu.md,test,157,tahminler_taban512_hafta7.csv,tahminler_model512.csv,0.3,0.52,1.8089,0.3,0.5,0.1,8,512,110,55,20260913,"Esikler, katsayilar ve ornek buyuklukleri KARARDIR; olcumden turetilmedi. Ayrinti protokol dosyasinda.",3.13.1,8.4.144,0.12.6,2.14.0,2026-09-13 10:08:36,scripts/25_esit_fp_adaylari.py
a0205,kontrol,a0151,Model-512,model_00119,train_ZRI_2012_JPG.rf.c05e4c2bd31f79c57174d2c7484d907c.jpg,ZRI,,2227.9,316.9,2302.4,371.8,2220,311,2310,378,1967,46,2564,643,Model-512/ZRI,0.3504,0.52,1.8089,hayir,reports/hafta7_fp_protokolu.md,test,157,tahminler_taban512_hafta7.csv,tahminler_model512.csv,0.3,0.52,1.8089,0.3,0.5,0.1,8,512,110,55,20260913,"Esikler, katsayilar ve ornek buyuklukleri KARARDIR; olcumden turetilmedi. Ayrinti protokol dosyasinda.",3.13.1,8.4.144,0.12.6,2.14.0,2026-09-13 10:08:36,scripts/25_esit_fp_adaylari.py
a0206,fp,a0375,Taban-512,taban_00006,train_VRD_3058_JPG.rf.710ef627937d5c49e259cb163061ae33.jpg,VRD,0.4111,716.8,1006.2,750.1,1074.8,701,999,766,1082,459,766,1008,1315,Taban-512/VRD,1.0,0.3,1.8089,hayir,reports/hafta7_fp_protokolu.md,test,157,tahminler_taban512_hafta7.csv,tahminler_model512.csv,0.3,0.52,1.8089,0.3,0.5,0.1,8,512,110,55,20260913,"Esikler, katsayilar ve ornek buyuklukleri KARARDIR; olcumden turetilmedi. Ayrinti protokol dosyasinda.",3.13.1,8.4.144,0.12.6,2.14.0,2026-09-13 10:08:36,scripts/25_esit_fp_adaylari.py
a0207,kontrol,a0219,Taban-512,taban_00057,train_VRD_3111_JPG.rf.62ad8acc511c6bcc7e49b4b471a18703.jpg,VRD,,3203.3,1606.2,3230.6,1648.0,3184,1595,3249,1660,2960,1371,3473,1884,Taban-512/VRD,1.0,0.3,1.8089,hayir,reports/hafta7_fp_protokolu.md,test,157,tahminler_taban512_hafta7.csv,tahminler_model512.csv,0.3,0.52,1.8089,0.3,0.5,0.1,8,512,110,55,20260913,"Esikler, katsayilar ve ornek buyuklukleri KARARDIR; olcumden turetilmedi. Ayrinti protokol dosyasinda.",3.13.1,8.4.144,0.12.6,2.14.0,2026-09-13 10:08:36,scripts/25_esit_fp_adaylari.py
a0208,fp,a0024,Model-512,model_00476,train_ZRI_2058_JPG.rf.34e7e941d692239be5f03263699cf42f.jpg,ZRI,0.8281,1252.4,2488.1,1345.4,2568.1,1243,2480,1355,2577,926,2156,1671,2901,Model-512/ZRI,0.3504,0.52,1.8089,hayir,reports/hafta7_fp_protokolu.md,test,157,tahminler_taban512_hafta7.csv,tahminler_model512.csv,0.3,0.52,1.8089,0.3,0.5,0.1,8,512,110,55,20260913,"Esikler, katsayilar ve ornek buyuklukleri KARARDIR; olcumden turetilmedi. Ayrinti protokol dosyasinda.",3.13.1,8.4.144,0.12.6,2.14.0,2026-09-13 10:08:36,scripts/25_esit_fp_adaylari.py
a0209,kontrol,a0215,Model-512,model_00153,train_ZRI_2013_JPG.rf.fb6345ef2d790171d3f7e759f7e8a077.jpg,ZRI,,513.0,1718.5,566.3,1783.8,507,1712,572,1791,278,1489,801,2013,Model-512/ZRI,0.3504,0.52,1.8089,hayir,reports/hafta7_fp_protokolu.md,test,157,tahminler_taban512_hafta7.csv,tahminler_model512.csv,0.3,0.52,1.8089,0.3,0.5,0.1,8,512,110,55,20260913,"Esikler, katsayilar ve ornek buyuklukleri KARARDIR; olcumden turetilmedi. Ayrinti protokol dosyasinda.",3.13.1,8.4.144,0.12.6,2.14.0,2026-09-13 10:08:36,scripts/25_esit_fp_adaylari.py
a0210,kontrol,a0245,Taban-512,taban_00349,train_ZRI_2050_JPG.rf.6921c2273a748f4edbc0852aa24bddca.jpg,ZRI,,362.3,1010.5,397.9,1096.4,348,1001,413,1106,36,709,724,1398,Taban-512/ZRI,0.2402,0.3,1.8089,hayir,reports/hafta7_fp_protokolu.md,test,157,tahminler_taban512_hafta7.csv,tahminler_model512.csv,0.3,0.52,1.8089,0.3,0.5,0.1,8,512,110,55,20260913,"Esikler, katsayilar ve ornek buyuklukleri KARARDIR; olcumden turetilmedi. Ayrinti protokol dosyasinda.",3.13.1,8.4.144,0.12.6,2.14.0,2026-09-13 10:08:36,scripts/25_esit_fp_adaylari.py
a0211,kontrol,a0312,Model-512,model_00227,train_ZRI_2020_JPG.rf.fe7697b61c88cbd4b1212ec7a618942e.jpg,ZRI,,2008.0,499.1,2076.4,548.2,2001,491,2084,556,1768,250,2316,798,Model-512/ZRI,0.3504,0.52,1.8089,evet,reports/hafta7_fp_protokolu.md,test,157,tahminler_taban512_hafta7.csv,tahminler_model512.csv,0.3,0.52,1.8089,0.3,0.5,0.1,8,512,110,55,20260913,"Esikler, katsayilar ve ornek buyuklukleri KARARDIR; olcumden turetilmedi. Ayrinti protokol dosyasinda.",3.13.1,8.4.144,0.12.6,2.14.0,2026-09-13 10:08:36,scripts/25_esit_fp_adaylari.py
a0212,fp,a0185,Taban-512,taban_00028,train_VRD_3091_JPG.rf.b2431f4f88816d9458553448073861a7.jpg,VRD,0.4558,158.5,1936.9,179.6,1976.1,137,1924,202,1989,0,1700,512,2213,Taban-512/VRD,1.0,0.3,1.8089,hayir,reports/hafta7_fp_protokolu.md,test,157,tahminler_taban512_hafta7.csv,tahminler_model512.csv,0.3,0.52,1.8089,0.3,0.5,0.1,8,512,110,55,20260913,"Esikler, katsayilar ve ornek buyuklukleri KARARDIR; olcumden turetilmedi. Ayrinti protokol dosyasinda.",3.13.1,8.4.144,0.12.6,2.14.0,2026-09-13 10:08:36,scripts/25_esit_fp_adaylari.py
a0213,fp,a0169,Model-512,model_00372,train_ZRI_2046_JPG.rf.6e0e88c5239bc031fcd5636dc1b42f80.jpg,ZRI,0.8041,697.7,2153.4,775.1,2247.9,689,2143,783,2258,358,1822,1115,2579,Model-512/ZRI,0.3504,0.52,1.8089,hayir,reports/hafta7_fp_protokolu.md,test,157,tahminler_taban512_hafta7.csv,tahminler_model512.csv,0.3,0.52,1.8089,0.3,0.5,0.1,8,512,110,55,20260913,"Esikler, katsayilar ve ornek buyuklukleri KARARDIR; olcumden turetilmedi. Ayrinti protokol dosyasinda.",3.13.1,8.4.144,0.12.6,2.14.0,2026-09-13 10:08:36,scripts/25_esit_fp_adaylari.py
a0214,kontrol,a0138,Taban-512,taban_00583,train_ZRI_3025_JPG.rf.bec9752c53ca7b71a9d3b682bdbe850f.jpg,ZRI,,2868.4,2581.1,2975.8,2627.0,2857,2572,2987,2637,2492,2140,3352,3000,Taban-512/ZRI,0.2402,0.3,1.8089,hayir,reports/hafta7_fp_protokolu.md,test,157,tahminler_taban512_hafta7.csv,tahminler_model512.csv,0.3,0.52,1.8089,0.3,0.5,0.1,8,512,110,55,20260913,"Esikler, katsayilar ve ornek buyuklukleri KARARDIR; olcumden turetilmedi. Ayrinti protokol dosyasinda.",3.13.1,8.4.144,0.12.6,2.14.0,2026-09-13 10:08:36,scripts/25_esit_fp_adaylari.py
a0215,fp,a0209,Model-512,model_00153,train_ZRI_2013_JPG.rf.fb6345ef2d790171d3f7e759f7e8a077.jpg,ZRI,0.5499,2460.4,1640.0,2513.7,1705.3,2455,1633,2520,1712,2225,1411,2749,1934,Model-512/ZRI,0.3504,0.52,1.8089,hayir,reports/hafta7_fp_protokolu.md,test,157,tahminler_taban512_hafta7.csv,tahminler_model512.csv,0.3,0.52,1.8089,0.3,0.5,0.1,8,512,110,55,20260913,"Esikler, katsayilar ve ornek buyuklukleri KARARDIR; olcumden turetilmedi. Ayrinti protokol dosyasinda.",3.13.1,8.4.144,0.12.6,2.14.0,2026-09-13 10:08:36,scripts/25_esit_fp_adaylari.py
a0216,kontrol,a0074,Taban-512,taban_00174,train_ZRI_2014_JPG.rf.95f28aeba5b563f69c9b10bbb6758285.jpg,ZRI,,3885.2,118.8,3923.7,165.4,3872,110,3937,175,3488,0,4000,512,Taban-512/ZRI,0.2402,0.3,1.8089,hayir,reports/hafta7_fp_protokolu.md,test,157,tahminler_taban512_hafta7.csv,tahminler_model512.csv,0.3,0.52,1.8089,0.3,0.5,0.1,8,512,110,55,20260913,"Esikler, katsayilar ve ornek buyuklukleri KARARDIR; olcumden turetilmedi. Ayrinti protokol dosyasinda.",3.13.1,8.4.144,0.12.6,2.14.0,2026-09-13 10:08:36,scripts/25_esit_fp_adaylari.py
a0217,kontrol,a0084,Taban-512,taban_00153,train_ZRI_2013_JPG.rf.fb6345ef2d790171d3f7e759f7e8a077.jpg,ZRI,,1501.7,1384.5,1556.0,1413.4,1496,1366,1562,1431,1272,1142,1785,1655,Taban-512/ZRI,0.2402,0.3,1.8089,hayir,reports/hafta7_fp_protokolu.md,test,157,tahminler_taban512_hafta7.csv,tahminler_model512.csv,0.3,0.52,1.8089,0.3,0.5,0.1,8,512,110,55,20260913,"Esikler, katsayilar ve ornek buyuklukleri KARARDIR; olcumden turetilmedi. Ayrinti protokol dosyasinda.",3.13.1,8.4.144,0.12.6,2.14.0,2026-09-13 10:08:36,scripts/25_esit_fp_adaylari.py
a0218,fp,a0016,Model-512,model_00056,train_ZRI_2004_JPG.rf.17ecf67abf998d9163d76ea212cee0d6.jpg,ZRI,0.7807,2651.5,926.2,2746.3,1001.3,2642,918,2756,1009,2319,584,3079,1343,Model-512/ZRI,0.3504,0.52,1.8089,hayir,reports/hafta7_fp_protokolu.md,test,157,tahminler_taban512_hafta7.csv,tahminler_model512.csv,0.3,0.52,1.8089,0.3,0.5,0.1,8,512,110,55,20260913,"Esikler, katsayilar ve ornek buyuklukleri KARARDIR; olcumden turetilmedi. Ayrinti protokol dosyasinda.",3.13.1,8.4.144,0.12.6,2.14.0,2026-09-13 10:08:36,scripts/25_esit_fp_adaylari.py
a0219,fp,a0207,Taban-512,taban_00057,train_VRD_3111_JPG.rf.62ad8acc511c6bcc7e49b4b471a18703.jpg,VRD,0.3194,1253.8,2497.5,1281.1,2539.3,1235,2486,1300,2551,1011,2262,1524,2775,Taban-512/VRD,1.0,0.3,1.8089,hayir,reports/hafta7_fp_protokolu.md,test,157,tahminler_taban512_hafta7.csv,tahminler_model512.csv,0.3,0.52,1.8089,0.3,0.5,0.1,8,512,110,55,20260913,"Esikler, katsayilar ve ornek buyuklukleri KARARDIR; olcumden turetilmedi. Ayrinti protokol dosyasinda.",3.13.1,8.4.144,0.12.6,2.14.0,2026-09-13 10:08:36,scripts/25_esit_fp_adaylari.py
a0220,fp,a0334,Model-512,model_00031,train_VRD_3098_JPG.rf.201ddcde3a527d59604701647772ea1c.jpg,VRD,0.5269,2460.8,704.3,2494.8,737.1,2445,688,2510,753,2221,464,2734,977,Model-512/VRD,1.0,0.52,1.8089,hayir,reports/hafta7_fp_protokolu.md,test,157,tahminler_taban512_hafta7.csv,tahminler_model512.csv,0.3,0.52,1.8089,0.3,0.5,0.1,8,512,110,55,20260913,"Esikler, katsayilar ve ornek buyuklukleri KARARDIR; olcumden turetilmedi. Ayrinti protokol dosyasinda.",3.13.1,8.4.144,0.12.6,2.14.0,2026-09-13 10:08:36,scripts/25_esit_fp_adaylari.py
a0221,fp,a0132,Model-512,model_00569,train_ZRI_2077_JPG.rf.4d76c4ca04fa80302c2f7619779966c5.jpg,ZRI,0.5605,2590.9,1230.0,2663.2,1256.0,2583,1211,2671,1275,2337,953,2917,1533,Model-512/ZRI,0.3504,0.52,1.8089,hayir,reports/hafta7_fp_protokolu.md,test,157,tahminler_taban512_hafta7.csv,tahminler_model512.csv,0.3,0.52,1.8089,0.3,0.5,0.1,8,512,110,55,20260913,"Esikler, katsayilar ve ornek buyuklukleri KARARDIR; olcumden turetilmedi. Ayrinti protokol dosyasinda.",3.13.1,8.4.144,0.12.6,2.14.0,2026-09-13 10:08:36,scripts/25_esit_fp_adaylari.py
a0222,kontrol,a0149,Taban-512,taban_00343,train_ZRI_2049_JPG.rf.35c07c1208f36c275450d0a1f718410a.jpg,ZRI,,3751.5,252.7,3804.6,281.6,3746,235,3811,300,3488,11,4000,524,Taban-512/ZRI,0.2402,0.3,1.8089,hayir,reports/hafta7_fp_protokolu.md,test,157,tahminler_taban512_hafta7.csv,tahminler_model512.csv,0.3,0.52,1.8089,0.3,0.5,0.1,8,512,110,55,20260913,"Esikler, katsayilar ve ornek buyuklukleri KARARDIR; olcumden turetilmedi. Ayrinti protokol dosyasinda.",3.13.1,8.4.144,0.12.6,2.14.0,2026-09-13 10:08:36,scripts/25_esit_fp_adaylari.py
a0223,kontrol,a0095,Model-512,model_00457,train_ZRI_2053_JPG.rf.18a77a9247976767870670bd190baa49.jpg,ZRI,,2840.5,1145.4,2878.4,1202.0,2827,1139,2892,1208,2603,917,3116,1430,Model-512/ZRI,0.3504,0.52,1.8089,hayir,reports/hafta7_fp_protokolu.md,test,157,tahminler_taban512_hafta7.csv,tahminler_model512.csv,0.3,0.52,1.8089,0.3,0.5,0.1,8,512,110,55,20260913,"Esikler, katsayilar ve ornek buyuklukleri KARARDIR; olcumden turetilmedi. Ayrinti protokol dosyasinda.",3.13.1,8.4.144,0.12.6,2.14.0,2026-09-13 10:08:36,scripts/25_esit_fp_adaylari.py
a0224,fp,a0082,Taban-512,taban_00089,train_ZRI_2006_JPG.rf.d72e1e0ec64a7291daa8ebc254d5d13d.jpg,ZRI,0.3993,1640.1,1542.7,1650.9,1601.8,1613,1536,1678,1608,1389,1316,1902,1829,Taban-512/ZRI,0.2402,0.3,1.8089,hayir,reports/hafta7_fp_protokolu.md,test,157,tahminler_taban512_hafta7.csv,tahminler_model512.csv,0.3,0.52,1.8089,0.3,0.5,0.1,8,512,110,55,20260913,"Esikler, katsayilar ve ornek buyuklukleri KARARDIR; olcumden turetilmedi. Ayrinti protokol dosyasinda.",3.13.1,8.4.144,0.12.6,2.14.0,2026-09-13 10:08:36,scripts/25_esit_fp_adaylari.py
a0225,kontrol,a0020,Model-512,model_00176,train_ZRI_2014_JPG.rf.95f28aeba5b563f69c9b10bbb6758285.jpg,ZRI,,2239.2,487.4,2295.4,517.7,2233,470,2301,535,2011,246,2524,759,Model-512/ZRI,0.3504,0.52,1.8089,hayir,reports/hafta7_fp_protokolu.md,test,157,tahminler_taban512_hafta7.csv,tahminler_model512.csv,0.3,0.52,1.8089,0.3,0.5,0.1,8,512,110,55,20260913,"Esikler, katsayilar ve ornek buyuklukleri KARARDIR; olcumden turetilmedi. Ayrinti protokol dosyasinda.",3.13.1,8.4.144,0.12.6,2.14.0,2026-09-13 10:08:36,scripts/25_esit_fp_adaylari.py
a0226,fp,a0197,Taban-512,taban_00331,train_ZRI_2048_JPG.rf.0fae12d6c534313cce3f628106f8d597.jpg,ZRI,0.3823,710.4,1249.6,784.7,1372.7,702,1237,793,1386,255,818,1240,1804,Taban-512/ZRI,0.2402,0.3,1.8089,hayir,reports/hafta7_fp_protokolu.md,test,157,tahminler_taban512_hafta7.csv,tahminler_model512.csv,0.3,0.52,1.8089,0.3,0.5,0.1,8,512,110,55,20260913,"Esikler, katsayilar ve ornek buyuklukleri KARARDIR; olcumden turetilmedi. Ayrinti protokol dosyasinda.",3.13.1,8.4.144,0.12.6,2.14.0,2026-09-13 10:08:36,scripts/25_esit_fp_adaylari.py
a0227,fp,a0065,Taban-512,taban_00118,train_ZRI_2011_JPG.rf.0650e1a725e5029a0f5806e9ead4ec01.jpg,ZRI,0.6017,2256.0,426.1,2338.9,504.1,2247,418,2348,512,1965,133,2630,797,Taban-512/ZRI,0.2402,0.3,1.8089,hayir,reports/hafta7_fp_protokolu.md,test,157,tahminler_taban512_hafta7.csv,tahminler_model512.csv,0.3,0.52,1.8089,0.3,0.5,0.1,8,512,110,55,20260913,"Esikler, katsayilar ve ornek buyuklukleri KARARDIR; olcumden turetilmedi. Ayrinti protokol dosyasinda.",3.13.1,8.4.144,0.12.6,2.14.0,2026-09-13 10:08:36,scripts/25_esit_fp_adaylari.py
a0228,kontrol,a0063,Taban-512,taban_00064,train_VRD_3120_JPG.rf.d5adf526c352ee6ddfedebda9f1cf247.jpg,VRD,,1691.1,226.2,1756.6,323.0,1684,216,1764,333,1336,0,2112,775,Taban-512/VRD,1.0,0.3,1.8089,evet,reports/hafta7_fp_protokolu.md,test,157,tahminler_taban512_hafta7.csv,tahminler_model512.csv,0.3,0.52,1.8089,0.3,0.5,0.1,8,512,110,55,20260913,"Esikler, katsayilar ve ornek buyuklukleri KARARDIR; olcumden turetilmedi. Ayrinti protokol dosyasinda.",3.13.1,8.4.144,0.12.6,2.14.0,2026-09-13 10:08:36,scripts/25_esit_fp_adaylari.py
a0229,kontrol,a0370,Model-512,model_00525,train_ZRI_2066_JPG.rf.6c0b5d1549d2bce7c67ce607ffb519ee.jpg,ZRI,,3073.7,2205.3,3158.3,2244.9,3065,2193,3167,2258,2777,1886,3455,2564,Model-512/ZRI,0.3504,0.52,1.8089,hayir,reports/hafta7_fp_protokolu.md,test,157,tahminler_taban512_hafta7.csv,tahminler_model512.csv,0.3,0.52,1.8089,0.3,0.5,0.1,8,512,110,55,20260913,"Esikler, katsayilar ve ornek buyuklukleri KARARDIR; olcumden turetilmedi. Ayrinti protokol dosyasinda.",3.13.1,8.4.144,0.12.6,2.14.0,2026-09-13 10:08:36,scripts/25_esit_fp_adaylari.py
a0230,kontrol,a0309,Taban-512,taban_00027,train_VRD_3090_JPG.rf.aae703cf6571719c2137410a8c314c47.jpg,VRD,,459.1,387.6,508.5,453.0,451,381,516,460,222,158,746,682,Taban-512/VRD,1.0,0.3,1.8089,hayir,reports/hafta7_fp_protokolu.md,test,157,tahminler_taban512_hafta7.csv,tahminler_model512.csv,0.3,0.52,1.8089,0.3,0.5,0.1,8,512,110,55,20260913,"Esikler, katsayilar ve ornek buyuklukleri KARARDIR; olcumden turetilmedi. Ayrinti protokol dosyasinda.",3.13.1,8.4.144,0.12.6,2.14.0,2026-09-13 10:08:36,scripts/25_esit_fp_adaylari.py
a0231,kontrol,a0140,Taban-512,taban_00177,train_ZRI_2014_JPG.rf.95f28aeba5b563f69c9b10bbb6758285.jpg,ZRI,,547.0,2261.4,607.7,2288.6,540,2242,614,2307,321,2018,834,2531,Taban-512/ZRI,0.2402,0.3,1.8089,hayir,reports/hafta7_fp_protokolu.md,test,157,tahminler_taban512_hafta7.csv,tahminler_model512.csv,0.3,0.52,1.8089,0.3,0.5,0.1,8,512,110,55,20260913,"Esikler, katsayilar ve ornek buyuklukleri KARARDIR; olcumden turetilmedi. Ayrinti protokol dosyasinda.",3.13.1,8.4.144,0.12.6,2.14.0,2026-09-13 10:08:36,scripts/25_esit_fp_adaylari.py
a0232,kontrol,a0287,Model-512,model_00008,test_ZRI_0004_JPG.rf.e913f73a55a644ae9b3e440de80f749d.jpg,ZRI,,2797.5,2105.6,2828.1,2166.2,2780,2099,2845,2173,2556,1879,3069,2392,Model-512/ZRI,0.3504,0.52,1.8089,hayir,reports/hafta7_fp_protokolu.md,test,157,tahminler_taban512_hafta7.csv,tahminler_model512.csv,0.3,0.52,1.8089,0.3,0.5,0.1,8,512,110,55,20260913,"Esikler, katsayilar ve ornek buyuklukleri KARARDIR; olcumden turetilmedi. Ayrinti protokol dosyasinda.",3.13.1,8.4.144,0.12.6,2.14.0,2026-09-13 10:08:36,scripts/25_esit_fp_adaylari.py
a0233,kontrol,a0040,Model-512,model_00497,train_ZRI_2058_JPG.rf.34e7e941d692239be5f03263699cf42f.jpg,ZRI,,1539.5,1534.9,1658.7,1562.3,1527,1516,1671,1581,1122,1071,2076,2026,Model-512/ZRI,0.3504,0.52,1.8089,hayir,reports/hafta7_fp_protokolu.md,test,157,tahminler_taban512_hafta7.csv,tahminler_model512.csv,0.3,0.52,1.8089,0.3,0.5,0.1,8,512,110,55,20260913,"Esikler, katsayilar ve ornek buyuklukleri KARARDIR; olcumden turetilmedi. Ayrinti protokol dosyasinda.",3.13.1,8.4.144,0.12.6,2.14.0,2026-09-13 10:08:36,scripts/25_esit_fp_adaylari.py
a0234,kontrol,a0436,Model-512,model_00009,test_ZRI_0004_JPG.rf.e913f73a55a644ae9b3e440de80f749d.jpg,ZRI,,1706.1,1763.3,1748.7,1795.6,1695,1747,1760,1812,1471,1523,1984,2036,Model-512/ZRI,0.3504,0.52,1.8089,hayir,reports/hafta7_fp_protokolu.md,test,157,tahminler_taban512_hafta7.csv,tahminler_model512.csv,0.3,0.52,1.8089,0.3,0.5,0.1,8,512,110,55,20260913,"Esikler, katsayilar ve ornek buyuklukleri KARARDIR; olcumden turetilmedi. Ayrinti protokol dosyasinda.",3.13.1,8.4.144,0.12.6,2.14.0,2026-09-13 10:08:36,scripts/25_esit_fp_adaylari.py
a0235,kontrol,a0323,Model-512,model_00157,train_ZRI_2014_JPG.rf.95f28aeba5b563f69c9b10bbb6758285.jpg,ZRI,,340.5,2467.2,408.5,2531.9,333,2460,416,2539,102,2227,647,2772,Model-512/ZRI,0.3504,0.52,1.8089,hayir,reports/hafta7_fp_protokolu.md,test,157,tahminler_taban512_hafta7.csv,tahminler_model512.csv,0.3,0.52,1.8089,0.3,0.5,0.1,8,512,110,55,20260913,"Esikler, katsayilar ve ornek buyuklukleri KARARDIR; olcumden turetilmedi. Ayrinti protokol dosyasinda.",3.13.1,8.4.144,0.12.6,2.14.0,2026-09-13 10:08:36,scripts/25_esit_fp_adaylari.py
a0236,kontrol,a0110,Model-512,model_00091,train_ZRI_2008_JPG.rf.1f537af4185be73382914fecdb099ac7.jpg,ZRI,,1462.8,819.9,1598.8,884.6,1449,813,1613,892,986,308,2075,1397,Model-512/ZRI,0.3504,0.52,1.8089,hayir,reports/hafta7_fp_protokolu.md,test,157,tahminler_taban512_hafta7.csv,tahminler_model512.csv,0.3,0.52,1.8089,0.3,0.5,0.1,8,512,110,55,20260913,"Esikler, katsayilar ve ornek buyuklukleri KARARDIR; olcumden turetilmedi. Ayrinti protokol dosyasinda.",3.13.1,8.4.144,0.12.6,2.14.0,2026-09-13 10:08:36,scripts/25_esit_fp_adaylari.py
a0237,kontrol,a0091,Model-512,model_00760,train_ZRI_3019_JPG.rf.0717ec5bd3af4d0e32b2c1de5e2575cf.jpg,ZRI,,1567.0,2471.5,1620.4,2509.4,1561,2458,1626,2523,1337,2234,1850,2747,Model-512/ZRI,0.3504,0.52,1.8089,hayir,reports/hafta7_fp_protokolu.md,test,157,tahminler_taban512_hafta7.csv,tahminler_model512.csv,0.3,0.52,1.8089,0.3,0.5,0.1,8,512,110,55,20260913,"Esikler, katsayilar ve ornek buyuklukleri KARARDIR; olcumden turetilmedi. Ayrinti protokol dosyasinda.",3.13.1,8.4.144,0.12.6,2.14.0,2026-09-13 10:08:36,scripts/25_esit_fp_adaylari.py
a0238,fp,a0411,Model-512,model_00022,train_VRD_3092_JPG.rf.b9c69f37389a1473f41b1882be71f72b.jpg,VRD,0.6645,3943.3,2686.8,3996.3,2747.6,3937,2680,4000,2754,3488,2461,4000,2974,Model-512/VRD,1.0,0.52,1.8089,evet,reports/hafta7_fp_protokolu.md,test,157,tahminler_taban512_hafta7.csv,tahminler_model512.csv,0.3,0.52,1.8089,0.3,0.5,0.1,8,512,110,55,20260913,"Esikler, katsayilar ve ornek buyuklukleri KARARDIR; olcumden turetilmedi. Ayrinti protokol dosyasinda.",3.13.1,8.4.144,0.12.6,2.14.0,2026-09-13 10:08:36,scripts/25_esit_fp_adaylari.py
a0239,fp,a0269,Model-512,model_00629,train_ZRI_3004_JPG.rf.478fe98972b9067b88a1482ac43c1599.jpg,ZRI,0.7228,1839.2,0.0,1890.9,160.4,1833,0,1898,177,1223,0,2507,1284,Model-512/ZRI,0.3504,0.52,1.8089,hayir,reports/hafta7_fp_protokolu.md,test,157,tahminler_taban512_hafta7.csv,tahminler_model512.csv,0.3,0.52,1.8089,0.3,0.5,0.1,8,512,110,55,20260913,"Esikler, katsayilar ve ornek buyuklukleri KARARDIR; olcumden turetilmedi. Ayrinti protokol dosyasinda.",3.13.1,8.4.144,0.12.6,2.14.0,2026-09-13 10:08:36,scripts/25_esit_fp_adaylari.py
a0240,fp,a0423,Taban-512,taban_00088,train_ZRI_2006_JPG.rf.d72e1e0ec64a7291daa8ebc254d5d13d.jpg,ZRI,0.5266,912.6,0.1,1067.3,103.9,897,0,1083,115,371,0,1609,1238,Taban-512/ZRI,0.2402,0.3,1.8089,evet,reports/hafta7_fp_protokolu.md,test,157,tahminler_taban512_hafta7.csv,tahminler_model512.csv,0.3,0.52,1.8089,0.3,0.5,0.1,8,512,110,55,20260913,"Esikler, katsayilar ve ornek buyuklukleri KARARDIR; olcumden turetilmedi. Ayrinti protokol dosyasinda.",3.13.1,8.4.144,0.12.6,2.14.0,2026-09-13 10:08:36,scripts/25_esit_fp_adaylari.py
a0241,fp,a0080,Model-512,model_00743,train_ZRI_3018_JPG.rf.7d3c3d9dd3130ea8882712a0ef220c3f.jpg,ZRI,0.5729,3186.3,2532.0,3301.0,2689.7,3174,2516,3313,2706,2612,1738,3875,3000,Model-512/ZRI,0.3504,0.52,1.8089,hayir,reports/hafta7_fp_protokolu.md,test,157,tahminler_taban512_hafta7.csv,tahminler_model512.csv,0.3,0.52,1.8089,0.3,0.5,0.1,8,512,110,55,20260913,"Esikler, katsayilar ve ornek buyuklukleri KARARDIR; olcumden turetilmedi. Ayrinti protokol dosyasinda.",3.13.1,8.4.144,0.12.6,2.14.0,2026-09-13 10:08:36,scripts/25_esit_fp_adaylari.py
a0242,fp,a0316,Model-512,model_00029,train_VRD_3098_JPG.rf.201ddcde3a527d59604701647772ea1c.jpg,VRD,0.765,1969.9,1988.8,2013.9,2082.1,1959,1979,2024,2092,1618,1662,2366,2409,Model-512/VRD,1.0,0.52,1.8089,evet,reports/hafta7_fp_protokolu.md,test,157,tahminler_taban512_hafta7.csv,tahminler_model512.csv,0.3,0.52,1.8089,0.3,0.5,0.1,8,512,110,55,20260913,"Esikler, katsayilar ve ornek buyuklukleri KARARDIR; olcumden turetilmedi. Ayrinti protokol dosyasinda.",3.13.1,8.4.144,0.12.6,2.14.0,2026-09-13 10:08:36,scripts/25_esit_fp_adaylari.py
a0243,fp,a0380,Model-512,model_00438,train_ZRI_2051_JPG.rf.c6b80d7c803e9e8d6c0e97620237f374.jpg,ZRI,0.7593,3484.8,2639.0,3518.9,2699.1,3469,2632,3534,2706,3245,2413,3758,2926,Model-512/ZRI,0.3504,0.52,1.8089,hayir,reports/hafta7_fp_protokolu.md,test,157,tahminler_taban512_hafta7.csv,tahminler_model512.csv,0.3,0.52,1.8089,0.3,0.5,0.1,8,512,110,55,20260913,"Esikler, katsayilar ve ornek buyuklukleri KARARDIR; olcumden turetilmedi. Ayrinti protokol dosyasinda.",3.13.1,8.4.144,0.12.6,2.14.0,2026-09-13 10:08:36,scripts/25_esit_fp_adaylari.py
a0244,kontrol,a0284,Model-512,model_00040,train_VRD_3105_JPG.rf.25d358957c18ee832659deb2b6c764be.jpg,VRD,,3297.7,1776.0,3353.6,1845.6,3292,1769,3360,1853,3047,1532,3605,2090,Model-512/VRD,1.0,0.52,1.8089,hayir,reports/hafta7_fp_protokolu.md,test,157,tahminler_taban512_hafta7.csv,tahminler_model512.csv,0.3,0.52,1.8089,0.3,0.5,0.1,8,512,110,55,20260913,"Esikler, katsayilar ve ornek buyuklukleri KARARDIR; olcumden turetilmedi. Ayrinti protokol dosyasinda.",3.13.1,8.4.144,0.12.6,2.14.0,2026-09-13 10:08:36,scripts/25_esit_fp_adaylari.py
a0245,fp,a0210,Taban-512,taban_00349,train_ZRI_2050_JPG.rf.6921c2273a748f4edbc0852aa24bddca.jpg,ZRI,0.6238,2499.2,1401.2,2534.8,1487.1,2485,1392,2549,1496,2173,1100,2861,1788,Taban-512/ZRI,0.2402,0.3,1.8089,hayir,reports/hafta7_fp_protokolu.md,test,157,tahminler_taban512_hafta7.csv,tahminler_model512.csv,0.3,0.52,1.8089,0.3,0.5,0.1,8,512,110,55,20260913,"Esikler, katsayilar ve ornek buyuklukleri KARARDIR; olcumden turetilmedi. Ayrinti protokol dosyasinda.",3.13.1,8.4.144,0.12.6,2.14.0,2026-09-13 10:08:36,scripts/25_esit_fp_adaylari.py
a0246,kontrol,a0076,Taban-512,taban_00056,train_VRD_3111_JPG.rf.62ad8acc511c6bcc7e49b4b471a18703.jpg,VRD,,3279.5,2831.6,3320.4,2861.0,3267,2814,3332,2879,3043,2488,3556,3000,Taban-512/VRD,1.0,0.3,1.8089,hayir,reports/hafta7_fp_protokolu.md,test,157,tahminler_taban512_hafta7.csv,tahminler_model512.csv,0.3,0.52,1.8089,0.3,0.5,0.1,8,512,110,55,20260913,"Esikler, katsayilar ve ornek buyuklukleri KARARDIR; olcumden turetilmedi. Ayrinti protokol dosyasinda.",3.13.1,8.4.144,0.12.6,2.14.0,2026-09-13 10:08:36,scripts/25_esit_fp_adaylari.py
a0247,kontrol,a0011,Model-512,model_00428,train_ZRI_2050_JPG.rf.6921c2273a748f4edbc0852aa24bddca.jpg,ZRI,,3467.9,2540.3,3517.1,2571.6,3460,2523,3525,2588,3236,2299,3749,2812,Model-512/ZRI,0.3504,0.52,1.8089,hayir,reports/hafta7_fp_protokolu.md,test,157,tahminler_taban512_hafta7.csv,tahminler_model512.csv,0.3,0.52,1.8089,0.3,0.5,0.1,8,512,110,55,20260913,"Esikler, katsayilar ve ornek buyuklukleri KARARDIR; olcumden turetilmedi. Ayrinti protokol dosyasinda.",3.13.1,8.4.144,0.12.6,2.14.0,2026-09-13 10:08:36,scripts/25_esit_fp_adaylari.py
a0248,fp,a0037,Model-512,model_00174,train_ZRI_2014_JPG.rf.95f28aeba5b563f69c9b10bbb6758285.jpg,ZRI,0.6329,557.6,2488.0,606.1,2516.0,549,2470,614,2534,325,2246,838,2758,Model-512/ZRI,0.3504,0.52,1.8089,hayir,reports/hafta7_fp_protokolu.md,test,157,tahminler_taban512_hafta7.csv,tahminler_model512.csv,0.3,0.52,1.8089,0.3,0.5,0.1,8,512,110,55,20260913,"Esikler, katsayilar ve ornek buyuklukleri KARARDIR; olcumden turetilmedi. Ayrinti protokol dosyasinda.",3.13.1,8.4.144,0.12.6,2.14.0,2026-09-13 10:08:36,scripts/25_esit_fp_adaylari.py
a0249,kontrol,a0168,Taban-512,taban_00011,train_VRD_3062_JPG.rf.c7763470dd8621a18525ba51c08e6abe.jpg,VRD,,866.1,240.7,911.5,281.0,856,228,921,293,632,4,1145,517,Taban-512/VRD,1.0,0.3,1.8089,hayir,reports/hafta7_fp_protokolu.md,test,157,tahminler_taban512_hafta7.csv,tahminler_model512.csv,0.3,0.52,1.8089,0.3,0.5,0.1,8,512,110,55,20260913,"Esikler, katsayilar ve ornek buyuklukleri KARARDIR; olcumden turetilmedi. Ayrinti protokol dosyasinda.",3.13.1,8.4.144,0.12.6,2.14.0,2026-09-13 10:08:36,scripts/25_esit_fp_adaylari.py
a0250,kontrol,a0357,Taban-512,taban_00205,train_ZRI_2019_JPG.rf.b8e630f248c9a0965ceaaa661193f34a.jpg,ZRI,,2580.5,1972.5,2627.6,2003.8,2572,1956,2637,2021,2348,1732,2861,2245,Taban-512/ZRI,0.2402,0.3,1.8089,hayir,reports/hafta7_fp_protokolu.md,test,157,tahminler_taban512_hafta7.csv,tahminler_model512.csv,0.3,0.52,1.8089,0.3,0.5,0.1,8,512,110,55,20260913,"Esikler, katsayilar ve ornek buyuklukleri KARARDIR; olcumden turetilmedi. Ayrinti protokol dosyasinda.",3.13.1,8.4.144,0.12.6,2.14.0,2026-09-13 10:08:36,scripts/25_esit_fp_adaylari.py
a0251,fp,a0333,Model-512,model_00402,train_ZRI_2048_JPG.rf.0fae12d6c534313cce3f628106f8d597.jpg,ZRI,0.7882,3294.0,2536.3,3362.0,2579.5,3287,2525,3369,2590,3056,2285,3600,2830,Model-512/ZRI,0.3504,0.52,1.8089,hayir,reports/hafta7_fp_protokolu.md,test,157,tahminler_taban512_hafta7.csv,tahminler_model512.csv,0.3,0.52,1.8089,0.3,0.5,0.1,8,512,110,55,20260913,"Esikler, katsayilar ve ornek buyuklukleri KARARDIR; olcumden turetilmedi. Ayrinti protokol dosyasinda.",3.13.1,8.4.144,0.12.6,2.14.0,2026-09-13 10:08:36,scripts/25_esit_fp_adaylari.py
a0252,fp,a0307,Model-512,model_00196,train_ZRI_2016_JPG.rf.4ddcf0bba1f6f523b5bdb548b5037f06.jpg,ZRI,0.671,1327.4,2097.3,1401.6,2149.8,1319,2091,1410,2156,1067,1826,1662,2421,Model-512/ZRI,0.3504,0.52,1.8089,hayir,reports/hafta7_fp_protokolu.md,test,157,tahminler_taban512_hafta7.csv,tahminler_model512.csv,0.3,0.52,1.8089,0.3,0.5,0.1,8,512,110,55,20260913,"Esikler, katsayilar ve ornek buyuklukleri KARARDIR; olcumden turetilmedi. Ayrinti protokol dosyasinda.",3.13.1,8.4.144,0.12.6,2.14.0,2026-09-13 10:08:36,scripts/25_esit_fp_adaylari.py
a0253,kontrol,a0163,Model-512,model_00544,train_ZRI_2069_JPG.rf.6a409d8c56d0318e69673369fd6d2678.jpg,ZRI,,786.0,1708.9,832.3,1770.9,777,1702,842,1778,553,1483,1066,1996,Model-512/ZRI,0.3504,0.52,1.8089,hayir,reports/hafta7_fp_protokolu.md,test,157,tahminler_taban512_hafta7.csv,tahminler_model512.csv,0.3,0.52,1.8089,0.3,0.5,0.1,8,512,110,55,20260913,"Esikler, katsayilar ve ornek buyuklukleri KARARDIR; olcumden turetilmedi. Ayrinti protokol dosyasinda.",3.13.1,8.4.144,0.12.6,2.14.0,2026-09-13 10:08:36,scripts/25_esit_fp_adaylari.py
a0254,kontrol,a0379,Model-512,model_00852,train_ZRI_3026_JPG.rf.1503e7f8824e0cca340091e680501e12.jpg,ZRI,,3939.1,2408.5,3987.7,2472.6,3931,2402,3996,2480,3487,2184,4000,2697,Model-512/ZRI,0.3504,0.52,1.8089,hayir,reports/hafta7_fp_protokolu.md,test,157,tahminler_taban512_hafta7.csv,tahminler_model512.csv,0.3,0.52,1.8089,0.3,0.5,0.1,8,512,110,55,20260913,"Esikler, katsayilar ve ornek buyuklukleri KARARDIR; olcumden turetilmedi. Ayrinti protokol dosyasinda.",3.13.1,8.4.144,0.12.6,2.14.0,2026-09-13 10:08:36,scripts/25_esit_fp_adaylari.py
a0255,kontrol,a0372,Model-512,model_00538,train_ZRI_2066_JPG.rf.6c0b5d1549d2bce7c67ce607ffb519ee.jpg,ZRI,,1302.0,2029.5,1447.9,2101.0,1287,2022,1463,2109,791,1481,1959,2649,Model-512/ZRI,0.3504,0.52,1.8089,hayir,reports/hafta7_fp_protokolu.md,test,157,tahminler_taban512_hafta7.csv,tahminler_model512.csv,0.3,0.52,1.8089,0.3,0.5,0.1,8,512,110,55,20260913,"Esikler, katsayilar ve ornek buyuklukleri KARARDIR; olcumden turetilmedi. Ayrinti protokol dosyasinda.",3.13.1,8.4.144,0.12.6,2.14.0,2026-09-13 10:08:36,scripts/25_esit_fp_adaylari.py
a0256,kontrol,a0395,Taban-512,taban_00046,train_VRD_3104_JPG.rf.8d1a883acbd3ff04e414e42d5ed8e7f2.jpg,VRD,,3981.5,1633.4,3993.8,1673.6,3955,1621,4000,1686,3488,1397,4000,1910,Taban-512/VRD,1.0,0.3,1.8089,hayir,reports/hafta7_fp_protokolu.md,test,157,tahminler_taban512_hafta7.csv,tahminler_model512.csv,0.3,0.52,1.8089,0.3,0.5,0.1,8,512,110,55,20260913,"Esikler, katsayilar ve ornek buyuklukleri KARARDIR; olcumden turetilmedi. Ayrinti protokol dosyasinda.",3.13.1,8.4.144,0.12.6,2.14.0,2026-09-13 10:08:36,scripts/25_esit_fp_adaylari.py
a0257,kontrol,a0326,Model-512,model_00826,train_ZRI_3024_JPG.rf.d9829573e67bca0f8b2b0001749feb1d.jpg,ZRI,,127.1,1541.0,202.9,1572.8,119,1524,211,1589,0,1253,607,1861,Model-512/ZRI,0.3504,0.52,1.8089,evet,reports/hafta7_fp_protokolu.md,test,157,tahminler_taban512_hafta7.csv,tahminler_model512.csv,0.3,0.52,1.8089,0.3,0.5,0.1,8,512,110,55,20260913,"Esikler, katsayilar ve ornek buyuklukleri KARARDIR; olcumden turetilmedi. Ayrinti protokol dosyasinda.",3.13.1,8.4.144,0.12.6,2.14.0,2026-09-13 10:08:36,scripts/25_esit_fp_adaylari.py
a0258,kontrol,a0139,Model-512,model_00020,train_VRD_3090_JPG.rf.aae703cf6571719c2137410a8c314c47.jpg,VRD,,1986.4,989.0,2022.3,1031.5,1972,978,2037,1043,1748,754,2261,1267,Model-512/VRD,1.0,0.52,1.8089,hayir,reports/hafta7_fp_protokolu.md,test,157,tahminler_taban512_hafta7.csv,tahminler_model512.csv,0.3,0.52,1.8089,0.3,0.5,0.1,8,512,110,55,20260913,"Esikler, katsayilar ve ornek buyuklukleri KARARDIR; olcumden turetilmedi. Ayrinti protokol dosyasinda.",3.13.1,8.4.144,0.12.6,2.14.0,2026-09-13 10:08:36,scripts/25_esit_fp_adaylari.py
a0259,kontrol,a0017,Taban-512,taban_00015,train_VRD_3068_JPG.rf.037ab67223e871ad9716e9aab2f4a197.jpg,VRD,,2042.2,1164.3,2067.3,1200.1,2022,1150,2087,1215,1798,926,2311,1439,Taban-512/VRD,1.0,0.3,1.8089,hayir,reports/hafta7_fp_protokolu.md,test,157,tahminler_taban512_hafta7.csv,tahminler_model512.csv,0.3,0.52,1.8089,0.3,0.5,0.1,8,512,110,55,20260913,"Esikler, katsayilar ve ornek buyuklukleri KARARDIR; olcumden turetilmedi. Ayrinti protokol dosyasinda.",3.13.1,8.4.144,0.12.6,2.14.0,2026-09-13 10:08:36,scripts/25_esit_fp_adaylari.py
a0260,kontrol,a0032,Model-512,model_00170,train_ZRI_2014_JPG.rf.95f28aeba5b563f69c9b10bbb6758285.jpg,ZRI,,1275.7,1049.0,1342.8,1109.4,1268,1042,1350,1116,1040,810,1578,1348,Model-512/ZRI,0.3504,0.52,1.8089,hayir,reports/hafta7_fp_protokolu.md,test,157,tahminler_taban512_hafta7.csv,tahminler_model512.csv,0.3,0.52,1.8089,0.3,0.5,0.1,8,512,110,55,20260913,"Esikler, katsayilar ve ornek buyuklukleri KARARDIR; olcumden turetilmedi. Ayrinti protokol dosyasinda.",3.13.1,8.4.144,0.12.6,2.14.0,2026-09-13 10:08:36,scripts/25_esit_fp_adaylari.py
a0261,kontrol,a0167,Taban-512,taban_00314,train_ZRI_2047_JPG.rf.28100fb3bc7c0eb615dea5cc673ffa75.jpg,ZRI,,3056.4,2197.2,3133.5,2236.9,3048,2185,3142,2250,2786,1908,3404,2526,Taban-512/ZRI,0.2402,0.3,1.8089,hayir,reports/hafta7_fp_protokolu.md,test,157,tahminler_taban512_hafta7.csv,tahminler_model512.csv,0.3,0.52,1.8089,0.3,0.5,0.1,8,512,110,55,20260913,"Esikler, katsayilar ve ornek buyuklukleri KARARDIR; olcumden turetilmedi. Ayrinti protokol dosyasinda.",3.13.1,8.4.144,0.12.6,2.14.0,2026-09-13 10:08:36,scripts/25_esit_fp_adaylari.py
a0262,kontrol,a0356,Taban-512,taban_00332,train_ZRI_2048_JPG.rf.0fae12d6c534313cce3f628106f8d597.jpg,ZRI,,3248.6,1297.5,3256.4,1325.2,3220,1279,3285,1344,2996,1055,3509,1568,Taban-512/ZRI,0.2402,0.3,1.8089,hayir,reports/hafta7_fp_protokolu.md,test,157,tahminler_taban512_hafta7.csv,tahminler_model512.csv,0.3,0.52,1.8089,0.3,0.5,0.1,8,512,110,55,20260913,"Esikler, katsayilar ve ornek buyuklukleri KARARDIR; olcumden turetilmedi. Ayrinti protokol dosyasinda.",3.13.1,8.4.144,0.12.6,2.14.0,2026-09-13 10:08:36,scripts/25_esit_fp_adaylari.py
a0263,fp,a0188,Taban-512,taban_00036,train_VRD_3095_JPG.rf.5379df8b29d8fbfac17f873f76d42e3f.jpg,VRD,0.4099,3835.7,2100.7,3879.0,2158.5,3825,2094,3890,2165,3487,1873,4000,2386,Taban-512/VRD,1.0,0.3,1.8089,hayir,reports/hafta7_fp_protokolu.md,test,157,tahminler_taban512_hafta7.csv,tahminler_model512.csv,0.3,0.52,1.8089,0.3,0.5,0.1,8,512,110,55,20260913,"Esikler, katsayilar ve ornek buyuklukleri KARARDIR; olcumden turetilmedi. Ayrinti protokol dosyasinda.",3.13.1,8.4.144,0.12.6,2.14.0,2026-09-13 10:08:36,scripts/25_esit_fp_adaylari.py
a0264,fp,a0147,Taban-512,taban_00008,train_VRD_3058_JPG.rf.710ef627937d5c49e259cb163061ae33.jpg,VRD,0.3344,274.7,2666.2,305.2,2721.1,257,2660,322,2727,33,2437,546,2950,Taban-512/VRD,1.0,0.3,1.8089,hayir,reports/hafta7_fp_protokolu.md,test,157,tahminler_taban512_hafta7.csv,tahminler_model512.csv,0.3,0.52,1.8089,0.3,0.5,0.1,8,512,110,55,20260913,"Esikler, katsayilar ve ornek buyuklukleri KARARDIR; olcumden turetilmedi. Ayrinti protokol dosyasinda.",3.13.1,8.4.144,0.12.6,2.14.0,2026-09-13 10:08:36,scripts/25_esit_fp_adaylari.py
a0265,kontrol,a0073,Model-512,model_00419,train_ZRI_2049_JPG.rf.35c07c1208f36c275450d0a1f718410a.jpg,ZRI,,247.0,188.4,289.2,249.4,236,182,301,256,12,0,525,512,Model-512/ZRI,0.3504,0.52,1.8089,hayir,reports/hafta7_fp_protokolu.md,test,157,tahminler_taban512_hafta7.csv,tahminler_model512.csv,0.3,0.52,1.8089,0.3,0.5,0.1,8,512,110,55,20260913,"Esikler, katsayilar ve ornek buyuklukleri KARARDIR; olcumden turetilmedi. Ayrinti protokol dosyasinda.",3.13.1,8.4.144,0.12.6,2.14.0,2026-09-13 10:08:36,scripts/25_esit_fp_adaylari.py
a0266,fp,a0045,Taban-512,taban_00093,train_ZRI_2007_JPG.rf.80e11b79e6dead246b35d741fce18b16.jpg,ZRI,0.7628,904.5,878.8,1023.7,921.8,892,868,1036,933,487,423,1441,1378,Taban-512/ZRI,0.2402,0.3,1.8089,hayir,reports/hafta7_fp_protokolu.md,test,157,tahminler_taban512_hafta7.csv,tahminler_model512.csv,0.3,0.52,1.8089,0.3,0.5,0.1,8,512,110,55,20260913,"Esikler, katsayilar ve ornek buyuklukleri KARARDIR; olcumden turetilmedi. Ayrinti protokol dosyasinda.",3.13.1,8.4.144,0.12.6,2.14.0,2026-09-13 10:08:36,scripts/25_esit_fp_adaylari.py
a0267,kontrol,a0070,Taban-512,taban_00069,train_VRD_3128_JPG.rf.abc33b9608b2f63f3c997ffeee124a97.jpg,VRD,,1177.0,2168.2,1211.2,2233.5,1162,2161,1227,2241,932,1939,1456,2463,Taban-512/VRD,1.0,0.3,1.8089,hayir,reports/hafta7_fp_protokolu.md,test,157,tahminler_taban512_hafta7.csv,tahminler_model512.csv,0.3,0.52,1.8089,0.3,0.5,0.1,8,512,110,55,20260913,"Esikler, katsayilar ve ornek buyuklukleri KARARDIR; olcumden turetilmedi. Ayrinti protokol dosyasinda.",3.13.1,8.4.144,0.12.6,2.14.0,2026-09-13 10:08:36,scripts/25_esit_fp_adaylari.py
a0268,fp,a0420,Taban-512,taban_00570,train_ZRI_3022_JPG.rf.d115c4fe72b775641f52aadcf9d5236f.jpg,ZRI,0.312,1834.7,1057.4,1883.2,1109.0,1826,1051,1891,1116,1602,827,2115,1340,Taban-512/ZRI,0.2402,0.3,1.8089,hayir,reports/hafta7_fp_protokolu.md,test,157,tahminler_taban512_hafta7.csv,tahminler_model512.csv,0.3,0.52,1.8089,0.3,0.5,0.1,8,512,110,55,20260913,"Esikler, katsayilar ve ornek buyuklukleri KARARDIR; olcumden turetilmedi. Ayrinti protokol dosyasinda.",3.13.1,8.4.144,0.12.6,2.14.0,2026-09-13 10:08:36,scripts/25_esit_fp_adaylari.py
a0269,kontrol,a0239,Model-512,model_00629,train_ZRI_3004_JPG.rf.478fe98972b9067b88a1482ac43c1599.jpg,ZRI,,3294.7,2417.8,3346.4,2578.2,3288,2401,3353,2595,2678,1716,3963,3000,Model-512/ZRI,0.3504,0.52,1.8089,hayir,reports/hafta7_fp_protokolu.md,test,157,tahminler_taban512_hafta7.csv,tahminler_model512.csv,0.3,0.52,1.8089,0.3,0.5,0.1,8,512,110,55,20260913,"Esikler, katsayilar ve ornek buyuklukleri KARARDIR; olcumden turetilmedi. Ayrinti protokol dosyasinda.",3.13.1,8.4.144,0.12.6,2.14.0,2026-09-13 10:08:36,scripts/25_esit_fp_adaylari.py
a0270,fp,a0369,Taban-512,taban_00066,train_VRD_3123_JPG.rf.4ccc6225d48c3b146931cc32b4f55999.jpg,VRD,0.4421,2540.0,1245.4,2582.1,1303.5,2529,1239,2594,1310,2305,1018,2818,1531,Taban-512/VRD,1.0,0.3,1.8089,hayir,reports/hafta7_fp_protokolu.md,test,157,tahminler_taban512_hafta7.csv,tahminler_model512.csv,0.3,0.52,1.8089,0.3,0.5,0.1,8,512,110,55,20260913,"Esikler, katsayilar ve ornek buyuklukleri KARARDIR; olcumden turetilmedi. Ayrinti protokol dosyasinda.",3.13.1,8.4.144,0.12.6,2.14.0,2026-09-13 10:08:36,scripts/25_esit_fp_adaylari.py
a0271,fp,a0422,Model-512,model_00287,train_ZRI_2027_JPG.rf.20f6586039a8c1a6dc397e439913444e.jpg,ZRI,0.7845,2347.8,2307.5,2413.7,2396.9,2341,2298,2421,2406,2023,1994,2739,2710,Model-512/ZRI,0.3504,0.52,1.8089,hayir,reports/hafta7_fp_protokolu.md,test,157,tahminler_taban512_hafta7.csv,tahminler_model512.csv,0.3,0.52,1.8089,0.3,0.5,0.1,8,512,110,55,20260913,"Esikler, katsayilar ve ornek buyuklukleri KARARDIR; olcumden turetilmedi. Ayrinti protokol dosyasinda.",3.13.1,8.4.144,0.12.6,2.14.0,2026-09-13 10:08:36,scripts/25_esit_fp_adaylari.py
a0272,kontrol,a0123,Taban-512,taban_00039,train_VRD_3097_JPG.rf.f8d2643399443f294c99f42f9f55d227.jpg,VRD,,2821.2,2828.1,2862.3,2884.2,2809,2822,2874,2890,2585,2488,3098,3000,Taban-512/VRD,1.0,0.3,1.8089,evet,reports/hafta7_fp_protokolu.md,test,157,tahminler_taban512_hafta7.csv,tahminler_model512.csv,0.3,0.52,1.8089,0.3,0.5,0.1,8,512,110,55,20260913,"Esikler, katsayilar ve ornek buyuklukleri KARARDIR; olcumden turetilmedi. Ayrinti protokol dosyasinda.",3.13.1,8.4.144,0.12.6,2.14.0,2026-09-13 10:08:36,scripts/25_esit_fp_adaylari.py
a0273,fp,a0332,Taban-512,taban_00026,train_VRD_3090_JPG.rf.aae703cf6571719c2137410a8c314c47.jpg,VRD,0.495,637.0,1549.7,657.9,1589.5,615,1537,680,1602,391,1313,904,1826,Taban-512/VRD,1.0,0.3,1.8089,hayir,reports/hafta7_fp_protokolu.md,test,157,tahminler_taban512_hafta7.csv,tahminler_model512.csv,0.3,0.52,1.8089,0.3,0.5,0.1,8,512,110,55,20260913,"Esikler, katsayilar ve ornek buyuklukleri KARARDIR; olcumden turetilmedi. Ayrinti protokol dosyasinda.",3.13.1,8.4.144,0.12.6,2.14.0,2026-09-13 10:08:36,scripts/25_esit_fp_adaylari.py
a0274,kontrol,a0195,Taban-512,taban_00374,train_ZRI_2052_JPG.rf.50c49144f7a8de99bbafb62bb04d74fb.jpg,ZRI,,2657.4,1264.8,2792.8,1381.7,2643,1253,2807,1394,2183,781,3267,1865,Taban-512/ZRI,0.2402,0.3,1.8089,hayir,reports/hafta7_fp_protokolu.md,test,157,tahminler_taban512_hafta7.csv,tahminler_model512.csv,0.3,0.52,1.8089,0.3,0.5,0.1,8,512,110,55,20260913,"Esikler, katsayilar ve ornek buyuklukleri KARARDIR; olcumden turetilmedi. Ayrinti protokol dosyasinda.",3.13.1,8.4.144,0.12.6,2.14.0,2026-09-13 10:08:36,scripts/25_esit_fp_adaylari.py
a0275,kontrol,a0293,Model-512,model_00348,train_ZRI_2034_JPG.rf.f46e467586e3c5aa8c16eaf4382ce56f.jpg,ZRI,,376.0,2430.2,450.1,2473.9,368,2420,458,2485,116,2155,710,2749,Model-512/ZRI,0.3504,0.52,1.8089,hayir,reports/hafta7_fp_protokolu.md,test,157,tahminler_taban512_hafta7.csv,tahminler_model512.csv,0.3,0.52,1.8089,0.3,0.5,0.1,8,512,110,55,20260913,"Esikler, katsayilar ve ornek buyuklukleri KARARDIR; olcumden turetilmedi. Ayrinti protokol dosyasinda.",3.13.1,8.4.144,0.12.6,2.14.0,2026-09-13 10:08:36,scripts/25_esit_fp_adaylari.py
a0276,kontrol,a0156,Model-512,model_00536,train_ZRI_2066_JPG.rf.6c0b5d1549d2bce7c67ce607ffb519ee.jpg,ZRI,,1886.2,1379.4,1979.0,1490.4,1876,1368,1989,1502,1488,990,2377,1879,Model-512/ZRI,0.3504,0.52,1.8089,hayir,reports/hafta7_fp_protokolu.md,test,157,tahminler_taban512_hafta7.csv,tahminler_model512.csv,0.3,0.52,1.8089,0.3,0.5,0.1,8,512,110,55,20260913,"Esikler, katsayilar ve ornek buyuklukleri KARARDIR; olcumden turetilmedi. Ayrinti protokol dosyasinda.",3.13.1,8.4.144,0.12.6,2.14.0,2026-09-13 10:08:36,scripts/25_esit_fp_adaylari.py
a0277,fp,a0007,Model-512,model_00506,train_ZRI_2065_JPG.rf.830ac62cc7542ba9b85d03b76e773cef.jpg,ZRI,0.813,507.8,404.0,613.3,500.9,497,394,624,511,138,30,983,875,Model-512/ZRI,0.3504,0.52,1.8089,hayir,reports/hafta7_fp_protokolu.md,test,157,tahminler_taban512_hafta7.csv,tahminler_model512.csv,0.3,0.52,1.8089,0.3,0.5,0.1,8,512,110,55,20260913,"Esikler, katsayilar ve ornek buyuklukleri KARARDIR; olcumden turetilmedi. Ayrinti protokol dosyasinda.",3.13.1,8.4.144,0.12.6,2.14.0,2026-09-13 10:08:36,scripts/25_esit_fp_adaylari.py
a0278,fp,a0083,Model-512,model_00212,train_ZRI_2018_JPG.rf.27cb350cd0ded58a0121e9813680c024.jpg,ZRI,0.5308,3589.1,511.3,3656.7,579.1,3582,504,3664,586,3351,274,3895,817,Model-512/ZRI,0.3504,0.52,1.8089,hayir,reports/hafta7_fp_protokolu.md,test,157,tahminler_taban512_hafta7.csv,tahminler_model512.csv,0.3,0.52,1.8089,0.3,0.5,0.1,8,512,110,55,20260913,"Esikler, katsayilar ve ornek buyuklukleri KARARDIR; olcumden turetilmedi. Ayrinti protokol dosyasinda.",3.13.1,8.4.144,0.12.6,2.14.0,2026-09-13 10:08:36,scripts/25_esit_fp_adaylari.py
a0279,fp,a0179,Model-512,model_00883,train_ZRI_3031_JPG.rf.77fb682816ff2a80876429e205b7da83.jpg,ZRI,0.6892,3784.4,423.2,3843.0,498.1,3778,415,3849,506,3400,161,4000,761,Model-512/ZRI,0.3504,0.52,1.8089,hayir,reports/hafta7_fp_protokolu.md,test,157,tahminler_taban512_hafta7.csv,tahminler_model512.csv,0.3,0.52,1.8089,0.3,0.5,0.1,8,512,110,55,20260913,"Esikler, katsayilar ve ornek buyuklukleri KARARDIR; olcumden turetilmedi. Ayrinti protokol dosyasinda.",3.13.1,8.4.144,0.12.6,2.14.0,2026-09-13 10:08:36,scripts/25_esit_fp_adaylari.py
a0280,kontrol,a0282,Taban-512,taban_00024,train_VRD_3088_JPG.rf.4a825a8a092605758bec2c83c0d3fb41.jpg,VRD,,2504.0,48.8,2529.1,99.3,2484,42,2549,107,2260,0,2773,512,Taban-512/VRD,1.0,0.3,1.8089,evet,reports/hafta7_fp_protokolu.md,test,157,tahminler_taban512_hafta7.csv,tahminler_model512.csv,0.3,0.52,1.8089,0.3,0.5,0.1,8,512,110,55,20260913,"Esikler, katsayilar ve ornek buyuklukleri KARARDIR; olcumden turetilmedi. Ayrinti protokol dosyasinda.",3.13.1,8.4.144,0.12.6,2.14.0,2026-09-13 10:08:36,scripts/25_esit_fp_adaylari.py
a0281,kontrol,a0425,Taban-512,taban_00252,train_ZRI_2032_JPG.rf.49927cb43742154fd5f0f8aa302575b6.jpg,ZRI,,3608.0,1817.0,3645.9,1883.0,3594,1810,3659,1890,3362,1585,3891,2114,Taban-512/ZRI,0.2402,0.3,1.8089,hayir,reports/hafta7_fp_protokolu.md,test,157,tahminler_taban512_hafta7.csv,tahminler_model512.csv,0.3,0.52,1.8089,0.3,0.5,0.1,8,512,110,55,20260913,"Esikler, katsayilar ve ornek buyuklukleri KARARDIR; olcumden turetilmedi. Ayrinti protokol dosyasinda.",3.13.1,8.4.144,0.12.6,2.14.0,2026-09-13 10:08:36,scripts/25_esit_fp_adaylari.py
a0282,fp,a0280,Taban-512,taban_00024,train_VRD_3088_JPG.rf.4a825a8a092605758bec2c83c0d3fb41.jpg,VRD,0.486,2977.9,1980.1,3003.0,2030.6,2958,1973,3023,2038,2734,1749,3247,2262,Taban-512/VRD,1.0,0.3,1.8089,hayir,reports/hafta7_fp_protokolu.md,test,157,tahminler_taban512_hafta7.csv,tahminler_model512.csv,0.3,0.52,1.8089,0.3,0.5,0.1,8,512,110,55,20260913,"Esikler, katsayilar ve ornek buyuklukleri KARARDIR; olcumden turetilmedi. Ayrinti protokol dosyasinda.",3.13.1,8.4.144,0.12.6,2.14.0,2026-09-13 10:08:36,scripts/25_esit_fp_adaylari.py
a0283,fp,a0113,Taban-512,taban_00012,train_VRD_3063_JPG.rf.9fa84c4cacfdbcf9ea5e80ac5d4a9928.jpg,VRD,0.3083,789.3,1640.2,830.0,1680.0,777,1628,842,1693,553,1404,1066,1917,Taban-512/VRD,1.0,0.3,1.8089,hayir,reports/hafta7_fp_protokolu.md,test,157,tahminler_taban512_hafta7.csv,tahminler_model512.csv,0.3,0.52,1.8089,0.3,0.5,0.1,8,512,110,55,20260913,"Esikler, katsayilar ve ornek buyuklukleri KARARDIR; olcumden turetilmedi. Ayrinti protokol dosyasinda.",3.13.1,8.4.144,0.12.6,2.14.0,2026-09-13 10:08:36,scripts/25_esit_fp_adaylari.py
a0284,fp,a0244,Model-512,model_00040,train_VRD_3105_JPG.rf.25d358957c18ee832659deb2b6c764be.jpg,VRD,0.6529,2145.2,847.5,2201.1,917.1,2139,840,2207,925,1894,603,2452,1161,Model-512/VRD,1.0,0.52,1.8089,hayir,reports/hafta7_fp_protokolu.md,test,157,tahminler_taban512_hafta7.csv,tahminler_model512.csv,0.3,0.52,1.8089,0.3,0.5,0.1,8,512,110,55,20260913,"Esikler, katsayilar ve ornek buyuklukleri KARARDIR; olcumden turetilmedi. Ayrinti protokol dosyasinda.",3.13.1,8.4.144,0.12.6,2.14.0,2026-09-13 10:08:36,scripts/25_esit_fp_adaylari.py
a0285,kontrol,a0392,Taban-512,taban_00031,train_VRD_3091_JPG.rf.b2431f4f88816d9458553448073861a7.jpg,VRD,,1230.6,122.3,1271.9,184.6,1219,116,1284,191,995,0,1508,512,Taban-512/VRD,1.0,0.3,1.8089,hayir,reports/hafta7_fp_protokolu.md,test,157,tahminler_taban512_hafta7.csv,tahminler_model512.csv,0.3,0.52,1.8089,0.3,0.5,0.1,8,512,110,55,20260913,"Esikler, katsayilar ve ornek buyuklukleri KARARDIR; olcumden turetilmedi. Ayrinti protokol dosyasinda.",3.13.1,8.4.144,0.12.6,2.14.0,2026-09-13 10:08:36,scripts/25_esit_fp_adaylari.py
a0286,kontrol,a0381,Taban-512,taban_00035,train_VRD_3094_JPG.rf.938850bbe10ccd22c932a807a494b757.jpg,VRD,,408.3,144.0,430.6,181.0,387,130,452,195,163,0,676,512,Taban-512/VRD,1.0,0.3,1.8089,hayir,reports/hafta7_fp_protokolu.md,test,157,tahminler_taban512_hafta7.csv,tahminler_model512.csv,0.3,0.52,1.8089,0.3,0.5,0.1,8,512,110,55,20260913,"Esikler, katsayilar ve ornek buyuklukleri KARARDIR; olcumden turetilmedi. Ayrinti protokol dosyasinda.",3.13.1,8.4.144,0.12.6,2.14.0,2026-09-13 10:08:36,scripts/25_esit_fp_adaylari.py
a0287,fp,a0232,Model-512,model_00008,test_ZRI_0004_JPG.rf.e913f73a55a644ae9b3e440de80f749d.jpg,ZRI,0.5616,2531.4,868.2,2562.0,928.8,2514,862,2579,935,2290,642,2803,1155,Model-512/ZRI,0.3504,0.52,1.8089,hayir,reports/hafta7_fp_protokolu.md,test,157,tahminler_taban512_hafta7.csv,tahminler_model512.csv,0.3,0.52,1.8089,0.3,0.5,0.1,8,512,110,55,20260913,"Esikler, katsayilar ve ornek buyuklukleri KARARDIR; olcumden turetilmedi. Ayrinti protokol dosyasinda.",3.13.1,8.4.144,0.12.6,2.14.0,2026-09-13 10:08:36,scripts/25_esit_fp_adaylari.py
a0288,fp,a0377,Model-512,model_00449,train_ZRI_2052_JPG.rf.50c49144f7a8de99bbafb62bb04d74fb.jpg,ZRI,0.664,2748.2,1837.9,2852.1,1899.1,2737,1831,2863,1906,2384,1452,3216,2285,Model-512/ZRI,0.3504,0.52,1.8089,hayir,reports/hafta7_fp_protokolu.md,test,157,tahminler_taban512_hafta7.csv,tahminler_model512.csv,0.3,0.52,1.8089,0.3,0.5,0.1,8,512,110,55,20260913,"Esikler, katsayilar ve ornek buyuklukleri KARARDIR; olcumden turetilmedi. Ayrinti protokol dosyasinda.",3.13.1,8.4.144,0.12.6,2.14.0,2026-09-13 10:08:36,scripts/25_esit_fp_adaylari.py
a0289,fp,a0342,Model-512,model_00250,train_ZRI_2022_JPG.rf.afe9ce3ac8fd51e28fc46734dc3d4db5.jpg,ZRI,0.5541,1230.0,1748.5,1256.3,1802.4,1211,1743,1276,1808,987,1519,1500,2032,Model-512/ZRI,0.3504,0.52,1.8089,hayir,reports/hafta7_fp_protokolu.md,test,157,tahminler_taban512_hafta7.csv,tahminler_model512.csv,0.3,0.52,1.8089,0.3,0.5,0.1,8,512,110,55,20260913,"Esikler, katsayilar ve ornek buyuklukleri KARARDIR; olcumden turetilmedi. Ayrinti protokol dosyasinda.",3.13.1,8.4.144,0.12.6,2.14.0,2026-09-13 10:08:36,scripts/25_esit_fp_adaylari.py
a0290,kontrol,a0105,Model-512,model_00839,train_ZRI_3025_JPG.rf.bec9752c53ca7b71a9d3b682bdbe850f.jpg,ZRI,,372.4,122.4,424.3,143.8,366,101,431,166,142,0,655,512,Model-512/ZRI,0.3504,0.52,1.8089,hayir,reports/hafta7_fp_protokolu.md,test,157,tahminler_taban512_hafta7.csv,tahminler_model512.csv,0.3,0.52,1.8089,0.3,0.5,0.1,8,512,110,55,20260913,"Esikler, katsayilar ve ornek buyuklukleri KARARDIR; olcumden turetilmedi. Ayrinti protokol dosyasinda.",3.13.1,8.4.144,0.12.6,2.14.0,2026-09-13 10:08:36,scripts/25_esit_fp_adaylari.py
a0291,kontrol,a0035,Model-512,model_00439,train_ZRI_2051_JPG.rf.c6b80d7c803e9e8d6c0e97620237f374.jpg,ZRI,,835.2,475.7,872.4,548.7,821,468,886,557,561,220,1146,805,Model-512/ZRI,0.3504,0.52,1.8089,hayir,reports/hafta7_fp_protokolu.md,test,157,tahminler_taban512_hafta7.csv,tahminler_model512.csv,0.3,0.52,1.8089,0.3,0.5,0.1,8,512,110,55,20260913,"Esikler, katsayilar ve ornek buyuklukleri KARARDIR; olcumden turetilmedi. Ayrinti protokol dosyasinda.",3.13.1,8.4.144,0.12.6,2.14.0,2026-09-13 10:08:36,scripts/25_esit_fp_adaylari.py
a0292,fp,a0021,Taban-512,taban_00462,train_ZRI_2087_JPG.rf.25e89ef6f3583ab049f69cd7ff8a86f7.jpg,ZRI,0.3395,638.7,0.0,747.9,78.9,627,0,759,87,256,0,1131,874,Taban-512/ZRI,0.2402,0.3,1.8089,hayir,reports/hafta7_fp_protokolu.md,test,157,tahminler_taban512_hafta7.csv,tahminler_model512.csv,0.3,0.52,1.8089,0.3,0.5,0.1,8,512,110,55,20260913,"Esikler, katsayilar ve ornek buyuklukleri KARARDIR; olcumden turetilmedi. Ayrinti protokol dosyasinda.",3.13.1,8.4.144,0.12.6,2.14.0,2026-09-13 10:08:36,scripts/25_esit_fp_adaylari.py
a0293,fp,a0275,Model-512,model_00348,train_ZRI_2034_JPG.rf.f46e467586e3c5aa8c16eaf4382ce56f.jpg,ZRI,0.5661,1875.1,820.2,1949.2,863.9,1867,810,1957,875,1615,545,2209,1139,Model-512/ZRI,0.3504,0.52,1.8089,evet,reports/hafta7_fp_protokolu.md,test,157,tahminler_taban512_hafta7.csv,tahminler_model512.csv,0.3,0.52,1.8089,0.3,0.5,0.1,8,512,110,55,20260913,"Esikler, katsayilar ve ornek buyuklukleri KARARDIR; olcumden turetilmedi. Ayrinti protokol dosyasinda.",3.13.1,8.4.144,0.12.6,2.14.0,2026-09-13 10:08:36,scripts/25_esit_fp_adaylari.py
a0294,kontrol,a0068,Model-512,model_00864,train_ZRI_3027_JPG.rf.99f697df2ae83d2ef77dd3effe2b5f2a.jpg,ZRI,,624.3,591.9,687.8,675.3,617,583,695,684,322,299,990,968,Model-512/ZRI,0.3504,0.52,1.8089,hayir,reports/hafta7_fp_protokolu.md,test,157,tahminler_taban512_hafta7.csv,tahminler_model512.csv,0.3,0.52,1.8089,0.3,0.5,0.1,8,512,110,55,20260913,"Esikler, katsayilar ve ornek buyuklukleri KARARDIR; olcumden turetilmedi. Ayrinti protokol dosyasinda.",3.13.1,8.4.144,0.12.6,2.14.0,2026-09-13 10:08:36,scripts/25_esit_fp_adaylari.py
a0295,kontrol,a0435,Model-512,model_00293,train_ZRI_2028_JPG.rf.db47a839f5e1f87c7602db7e8ec148b9.jpg,ZRI,,1491.2,2427.0,1543.4,2481.0,1485,2421,1550,2487,1261,2197,1774,2710,Model-512/ZRI,0.3504,0.52,1.8089,hayir,reports/hafta7_fp_protokolu.md,test,157,tahminler_taban512_hafta7.csv,tahminler_model512.csv,0.3,0.52,1.8089,0.3,0.5,0.1,8,512,110,55,20260913,"Esikler, katsayilar ve ornek buyuklukleri KARARDIR; olcumden turetilmedi. Ayrinti protokol dosyasinda.",3.13.1,8.4.144,0.12.6,2.14.0,2026-09-13 10:08:36,scripts/25_esit_fp_adaylari.py
a0296,fp,a0383,Taban-512,taban_00437,train_ZRI_2066_JPG.rf.6c0b5d1549d2bce7c67ce607ffb519ee.jpg,ZRI,0.6153,1110.6,2454.9,1221.1,2561.9,1099,2444,1233,2573,723,2066,1608,2951,Taban-512/ZRI,0.2402,0.3,1.8089,hayir,reports/hafta7_fp_protokolu.md,test,157,tahminler_taban512_hafta7.csv,tahminler_model512.csv,0.3,0.52,1.8089,0.3,0.5,0.1,8,512,110,55,20260913,"Esikler, katsayilar ve ornek buyuklukleri KARARDIR; olcumden turetilmedi. Ayrinti protokol dosyasinda.",3.13.1,8.4.144,0.12.6,2.14.0,2026-09-13 10:08:36,scripts/25_esit_fp_adaylari.py
a0297,fp,a0440,Model-512,model_00420,train_ZRI_2049_JPG.rf.35c07c1208f36c275450d0a1f718410a.jpg,ZRI,0.5931,1945.6,410.0,1996.2,437.4,1938,391,2003,456,1714,167,2227,680,Model-512/ZRI,0.3504,0.52,1.8089,hayir,reports/hafta7_fp_protokolu.md,test,157,tahminler_taban512_hafta7.csv,tahminler_model512.csv,0.3,0.52,1.8089,0.3,0.5,0.1,8,512,110,55,20260913,"Esikler, katsayilar ve ornek buyuklukleri KARARDIR; olcumden turetilmedi. Ayrinti protokol dosyasinda.",3.13.1,8.4.144,0.12.6,2.14.0,2026-09-13 10:08:36,scripts/25_esit_fp_adaylari.py
a0298,fp,a0406,Taban-512,taban_00650,train_ZRI_3035_JPG.rf.200735874c12e560a2d58814a77819f8.jpg,ZRI,0.4399,151.2,1125.4,199.1,1204.7,143,1117,208,1213,0,847,635,1483,Taban-512/ZRI,0.2402,0.3,1.8089,hayir,reports/hafta7_fp_protokolu.md,test,157,tahminler_taban512_hafta7.csv,tahminler_model512.csv,0.3,0.52,1.8089,0.3,0.5,0.1,8,512,110,55,20260913,"Esikler, katsayilar ve ornek buyuklukleri KARARDIR; olcumden turetilmedi. Ayrinti protokol dosyasinda.",3.13.1,8.4.144,0.12.6,2.14.0,2026-09-13 10:08:36,scripts/25_esit_fp_adaylari.py
a0299,fp,a0052,Taban-512,taban_00345,train_ZRI_2049_JPG.rf.35c07c1208f36c275450d0a1f718410a.jpg,ZRI,0.3713,602.1,2980.1,637.8,2999.8,587,2957,652,3000,363,2488,876,3000,Taban-512/ZRI,0.2402,0.3,1.8089,hayir,reports/hafta7_fp_protokolu.md,test,157,tahminler_taban512_hafta7.csv,tahminler_model512.csv,0.3,0.52,1.8089,0.3,0.5,0.1,8,512,110,55,20260913,"Esikler, katsayilar ve ornek buyuklukleri KARARDIR; olcumden turetilmedi. Ayrinti protokol dosyasinda.",3.13.1,8.4.144,0.12.6,2.14.0,2026-09-13 10:08:36,scripts/25_esit_fp_adaylari.py
a0300,kontrol,a0130,Model-512,model_00247,train_ZRI_2022_JPG.rf.afe9ce3ac8fd51e28fc46734dc3d4db5.jpg,ZRI,,2488.1,1009.6,2536.7,1100.1,2480,1000,2545,1110,2150,692,2875,1417,Model-512/ZRI,0.3504,0.52,1.8089,hayir,reports/hafta7_fp_protokolu.md,test,157,tahminler_taban512_hafta7.csv,tahminler_model512.csv,0.3,0.52,1.8089,0.3,0.5,0.1,8,512,110,55,20260913,"Esikler, katsayilar ve ornek buyuklukleri KARARDIR; olcumden turetilmedi. Ayrinti protokol dosyasinda.",3.13.1,8.4.144,0.12.6,2.14.0,2026-09-13 10:08:36,scripts/25_esit_fp_adaylari.py
a0301,fp,a0022,Taban-512,taban_00448,train_ZRI_2069_JPG.rf.6a409d8c56d0318e69673369fd6d2678.jpg,ZRI,0.4242,1084.0,904.0,1132.8,921.7,1076,880,1141,945,852,656,1365,1169,Taban-512/ZRI,0.2402,0.3,1.8089,hayir,reports/hafta7_fp_protokolu.md,test,157,tahminler_taban512_hafta7.csv,tahminler_model512.csv,0.3,0.52,1.8089,0.3,0.5,0.1,8,512,110,55,20260913,"Esikler, katsayilar ve ornek buyuklukleri KARARDIR; olcumden turetilmedi. Ayrinti protokol dosyasinda.",3.13.1,8.4.144,0.12.6,2.14.0,2026-09-13 10:08:36,scripts/25_esit_fp_adaylari.py
a0302,kontrol,a0122,Model-512,model_00403,train_ZRI_2048_JPG.rf.0fae12d6c534313cce3f628106f8d597.jpg,ZRI,,574.7,1405.3,636.0,1454.3,568,1397,643,1462,349,1173,862,1686,Model-512/ZRI,0.3504,0.52,1.8089,hayir,reports/hafta7_fp_protokolu.md,test,157,tahminler_taban512_hafta7.csv,tahminler_model512.csv,0.3,0.52,1.8089,0.3,0.5,0.1,8,512,110,55,20260913,"Esikler, katsayilar ve ornek buyuklukleri KARARDIR; olcumden turetilmedi. Ayrinti protokol dosyasinda.",3.13.1,8.4.144,0.12.6,2.14.0,2026-09-13 10:08:36,scripts/25_esit_fp_adaylari.py
a0303,kontrol,a0075,Model-512,model_00676,train_ZRI_3008_JPG.rf.183af878bc7881b534b79d94d74b2f23.jpg,ZRI,,2564.3,1528.2,2617.5,1592.9,2558,1521,2623,1600,2332,1301,2850,1820,Model-512/ZRI,0.3504,0.52,1.8089,hayir,reports/hafta7_fp_protokolu.md,test,157,tahminler_taban512_hafta7.csv,tahminler_model512.csv,0.3,0.52,1.8089,0.3,0.5,0.1,8,512,110,55,20260913,"Esikler, katsayilar ve ornek buyuklukleri KARARDIR; olcumden turetilmedi. Ayrinti protokol dosyasinda.",3.13.1,8.4.144,0.12.6,2.14.0,2026-09-13 10:08:36,scripts/25_esit_fp_adaylari.py
a0304,fp,a0012,Taban-512,taban_00094,train_ZRI_2007_JPG.rf.80e11b79e6dead246b35d741fce18b16.jpg,ZRI,0.6717,1148.4,1179.8,1235.7,1219.7,1139,1167,1245,1232,842,850,1542,1549,Taban-512/ZRI,0.2402,0.3,1.8089,hayir,reports/hafta7_fp_protokolu.md,test,157,tahminler_taban512_hafta7.csv,tahminler_model512.csv,0.3,0.52,1.8089,0.3,0.5,0.1,8,512,110,55,20260913,"Esikler, katsayilar ve ornek buyuklukleri KARARDIR; olcumden turetilmedi. Ayrinti protokol dosyasinda.",3.13.1,8.4.144,0.12.6,2.14.0,2026-09-13 10:08:36,scripts/25_esit_fp_adaylari.py
a0305,fp,a0203,Taban-512,taban_00234,train_ZRI_2026_JPG.rf.244d506f042253e60c59419f79524686.jpg,ZRI,0.3273,1281.2,1230.0,1413.1,1304.8,1268,1222,1427,1313,819,739,1875,1795,Taban-512/ZRI,0.2402,0.3,1.8089,hayir,reports/hafta7_fp_protokolu.md,test,157,tahminler_taban512_hafta7.csv,tahminler_model512.csv,0.3,0.52,1.8089,0.3,0.5,0.1,8,512,110,55,20260913,"Esikler, katsayilar ve ornek buyuklukleri KARARDIR; olcumden turetilmedi. Ayrinti protokol dosyasinda.",3.13.1,8.4.144,0.12.6,2.14.0,2026-09-13 10:08:36,scripts/25_esit_fp_adaylari.py
a0306,fp,a0430,Taban-512,taban_00043,train_VRD_3102_JPG.rf.fdc890582108469dc32b301fab81d7f9.jpg,VRD,0.407,1027.4,1911.6,1070.8,1971.9,1017,1905,1082,1978,793,1685,1306,2198,Taban-512/VRD,1.0,0.3,1.8089,hayir,reports/hafta7_fp_protokolu.md,test,157,tahminler_taban512_hafta7.csv,tahminler_model512.csv,0.3,0.52,1.8089,0.3,0.5,0.1,8,512,110,55,20260913,"Esikler, katsayilar ve ornek buyuklukleri KARARDIR; olcumden turetilmedi. Ayrinti protokol dosyasinda.",3.13.1,8.4.144,0.12.6,2.14.0,2026-09-13 10:08:36,scripts/25_esit_fp_adaylari.py
a0307,kontrol,a0252,Model-512,model_00196,train_ZRI_2016_JPG.rf.4ddcf0bba1f6f523b5bdb548b5037f06.jpg,ZRI,,1932.6,1700.8,2006.8,1753.3,1925,1695,2015,1760,1672,1430,2267,2024,Model-512/ZRI,0.3504,0.52,1.8089,hayir,reports/hafta7_fp_protokolu.md,test,157,tahminler_taban512_hafta7.csv,tahminler_model512.csv,0.3,0.52,1.8089,0.3,0.5,0.1,8,512,110,55,20260913,"Esikler, katsayilar ve ornek buyuklukleri KARARDIR; olcumden turetilmedi. Ayrinti protokol dosyasinda.",3.13.1,8.4.144,0.12.6,2.14.0,2026-09-13 10:08:36,scripts/25_esit_fp_adaylari.py
a0308,fp,a0159,Model-512,model_00069,train_ZRI_2006_JPG.rf.d72e1e0ec64a7291daa8ebc254d5d13d.jpg,ZRI,0.7837,1587.1,1519.5,1650.9,1610.5,1580,1510,1658,1620,1255,1201,1983,1929,Model-512/ZRI,0.3504,0.52,1.8089,hayir,reports/hafta7_fp_protokolu.md,test,157,tahminler_taban512_hafta7.csv,tahminler_model512.csv,0.3,0.52,1.8089,0.3,0.5,0.1,8,512,110,55,20260913,"Esikler, katsayilar ve ornek buyuklukleri KARARDIR; olcumden turetilmedi. Ayrinti protokol dosyasinda.",3.13.1,8.4.144,0.12.6,2.14.0,2026-09-13 10:08:36,scripts/25_esit_fp_adaylari.py
a0309,fp,a0230,Taban-512,taban_00027,train_VRD_3090_JPG.rf.aae703cf6571719c2137410a8c314c47.jpg,VRD,0.3612,3124.3,2749.7,3173.7,2815.1,3117,2743,3181,2822,2887,2476,3411,3000,Taban-512/VRD,1.0,0.3,1.8089,hayir,reports/hafta7_fp_protokolu.md,test,157,tahminler_taban512_hafta7.csv,tahminler_model512.csv,0.3,0.52,1.8089,0.3,0.5,0.1,8,512,110,55,20260913,"Esikler, katsayilar ve ornek buyuklukleri KARARDIR; olcumden turetilmedi. Ayrinti protokol dosyasinda.",3.13.1,8.4.144,0.12.6,2.14.0,2026-09-13 10:08:36,scripts/25_esit_fp_adaylari.py
a0310,fp,a0318,Model-512,model_00527,train_ZRI_2066_JPG.rf.6c0b5d1549d2bce7c67ce607ffb519ee.jpg,ZRI,0.7829,1106.2,694.1,1184.1,774.1,1098,686,1192,783,825,414,1466,1055,Model-512/ZRI,0.3504,0.52,1.8089,hayir,reports/hafta7_fp_protokolu.md,test,157,tahminler_taban512_hafta7.csv,tahminler_model512.csv,0.3,0.52,1.8089,0.3,0.5,0.1,8,512,110,55,20260913,"Esikler, katsayilar ve ornek buyuklukleri KARARDIR; olcumden turetilmedi. Ayrinti protokol dosyasinda.",3.13.1,8.4.144,0.12.6,2.14.0,2026-09-13 10:08:36,scripts/25_esit_fp_adaylari.py
a0311,fp,a0026,Taban-512,taban_00068,train_VRD_3124_JPG.rf.fab52f2a7b7199c993c908c5ecdca8df.jpg,VRD,0.3976,2994.7,1640.1,3023.6,1673.3,2977,1624,3042,1689,2753,1400,3266,1913,Taban-512/VRD,1.0,0.3,1.8089,hayir,reports/hafta7_fp_protokolu.md,test,157,tahminler_taban512_hafta7.csv,tahminler_model512.csv,0.3,0.52,1.8089,0.3,0.5,0.1,8,512,110,55,20260913,"Esikler, katsayilar ve ornek buyuklukleri KARARDIR; olcumden turetilmedi. Ayrinti protokol dosyasinda.",3.13.1,8.4.144,0.12.6,2.14.0,2026-09-13 10:08:36,scripts/25_esit_fp_adaylari.py
a0312,fp,a0211,Model-512,model_00227,train_ZRI_2020_JPG.rf.fe7697b61c88cbd4b1212ec7a618942e.jpg,ZRI,0.7193,3840.2,1667.5,3908.6,1716.6,3833,1660,3916,1725,3452,1418,4000,1966,Model-512/ZRI,0.3504,0.52,1.8089,hayir,reports/hafta7_fp_protokolu.md,test,157,tahminler_taban512_hafta7.csv,tahminler_model512.csv,0.3,0.52,1.8089,0.3,0.5,0.1,8,512,110,55,20260913,"Esikler, katsayilar ve ornek buyuklukleri KARARDIR; olcumden turetilmedi. Ayrinti protokol dosyasinda.",3.13.1,8.4.144,0.12.6,2.14.0,2026-09-13 10:08:36,scripts/25_esit_fp_adaylari.py
a0313,kontrol,a0108,Model-512,model_00045,train_VRD_3108_JPG.rf.821b5a74688d867642805bc9851a71cb.jpg,VRD,,3327.3,2170.3,3387.9,2251.6,3321,2162,3394,2260,3032,1885,3683,2537,Model-512/VRD,1.0,0.52,1.8089,hayir,reports/hafta7_fp_protokolu.md,test,157,tahminler_taban512_hafta7.csv,tahminler_model512.csv,0.3,0.52,1.8089,0.3,0.5,0.1,8,512,110,55,20260913,"Esikler, katsayilar ve ornek buyuklukleri KARARDIR; olcumden turetilmedi. Ayrinti protokol dosyasinda.",3.13.1,8.4.144,0.12.6,2.14.0,2026-09-13 10:08:36,scripts/25_esit_fp_adaylari.py
a0314,kontrol,a0354,Taban-512,taban_00550,train_ZRI_3020_JPG.rf.755a92000e873bc5de222da850f53ffe.jpg,ZRI,,1746.0,2255.2,1767.2,2305.4,1724,2248,1789,2313,1500,2024,2013,2537,Taban-512/ZRI,0.2402,0.3,1.8089,hayir,reports/hafta7_fp_protokolu.md,test,157,tahminler_taban512_hafta7.csv,tahminler_model512.csv,0.3,0.52,1.8089,0.3,0.5,0.1,8,512,110,55,20260913,"Esikler, katsayilar ve ornek buyuklukleri KARARDIR; olcumden turetilmedi. Ayrinti protokol dosyasinda.",3.13.1,8.4.144,0.12.6,2.14.0,2026-09-13 10:08:36,scripts/25_esit_fp_adaylari.py
a0315,fp,a0085,Taban-512,taban_00010,train_VRD_3061_JPG.rf.3be6b1547def39345610baf26c4570e8.jpg,VRD,0.3695,482.7,840.4,510.2,889.8,464,833,529,898,240,609,753,1122,Taban-512/VRD,1.0,0.3,1.8089,hayir,reports/hafta7_fp_protokolu.md,test,157,tahminler_taban512_hafta7.csv,tahminler_model512.csv,0.3,0.52,1.8089,0.3,0.5,0.1,8,512,110,55,20260913,"Esikler, katsayilar ve ornek buyuklukleri KARARDIR; olcumden turetilmedi. Ayrinti protokol dosyasinda.",3.13.1,8.4.144,0.12.6,2.14.0,2026-09-13 10:08:36,scripts/25_esit_fp_adaylari.py
a0316,kontrol,a0242,Model-512,model_00029,train_VRD_3098_JPG.rf.201ddcde3a527d59604701647772ea1c.jpg,VRD,,1552.0,422.4,1596.0,515.7,1541,413,1606,526,1200,95,1948,843,Model-512/VRD,1.0,0.52,1.8089,hayir,reports/hafta7_fp_protokolu.md,test,157,tahminler_taban512_hafta7.csv,tahminler_model512.csv,0.3,0.52,1.8089,0.3,0.5,0.1,8,512,110,55,20260913,"Esikler, katsayilar ve ornek buyuklukleri KARARDIR; olcumden turetilmedi. Ayrinti protokol dosyasinda.",3.13.1,8.4.144,0.12.6,2.14.0,2026-09-13 10:08:36,scripts/25_esit_fp_adaylari.py
a0317,kontrol,a0178,Model-512,model_00150,train_ZRI_2013_JPG.rf.fb6345ef2d790171d3f7e759f7e8a077.jpg,ZRI,,1139.5,1096.5,1174.4,1127.3,1124,1079,1189,1144,900,855,1413,1368,Model-512/ZRI,0.3504,0.52,1.8089,hayir,reports/hafta7_fp_protokolu.md,test,157,tahminler_taban512_hafta7.csv,tahminler_model512.csv,0.3,0.52,1.8089,0.3,0.5,0.1,8,512,110,55,20260913,"Esikler, katsayilar ve ornek buyuklukleri KARARDIR; olcumden turetilmedi. Ayrinti protokol dosyasinda.",3.13.1,8.4.144,0.12.6,2.14.0,2026-09-13 10:08:36,scripts/25_esit_fp_adaylari.py
a0318,kontrol,a0310,Model-512,model_00527,train_ZRI_2066_JPG.rf.6c0b5d1549d2bce7c67ce607ffb519ee.jpg,ZRI,,650.0,807.4,727.9,887.4,642,799,736,896,368,527,1009,1168,Model-512/ZRI,0.3504,0.52,1.8089,hayir,reports/hafta7_fp_protokolu.md,test,157,tahminler_taban512_hafta7.csv,tahminler_model512.csv,0.3,0.52,1.8089,0.3,0.5,0.1,8,512,110,55,20260913,"Esikler, katsayilar ve ornek buyuklukleri KARARDIR; olcumden turetilmedi. Ayrinti protokol dosyasinda.",3.13.1,8.4.144,0.12.6,2.14.0,2026-09-13 10:08:36,scripts/25_esit_fp_adaylari.py
a0319,kontrol,a0164,Model-512,model_00665,train_ZRI_3007_JPG.rf.9aaa808230b7b9af324a301c05899671.jpg,ZRI,,2130.8,122.4,2172.2,192.5,2119,115,2184,200,1871,0,2432,561,Model-512/ZRI,0.3504,0.52,1.8089,evet,reports/hafta7_fp_protokolu.md,test,157,tahminler_taban512_hafta7.csv,tahminler_model512.csv,0.3,0.52,1.8089,0.3,0.5,0.1,8,512,110,55,20260913,"Esikler, katsayilar ve ornek buyuklukleri KARARDIR; olcumden turetilmedi. Ayrinti protokol dosyasinda.",3.13.1,8.4.144,0.12.6,2.14.0,2026-09-13 10:08:36,scripts/25_esit_fp_adaylari.py
a0320,fp,a0398,Taban-512,taban_00576,train_ZRI_3023_JPG.rf.53c979cc18817a0169dc7a3d0aa70e4d.jpg,ZRI,0.3546,3660.1,2488.0,3757.6,2526.5,3650,2475,3768,2540,3219,2117,4000,2898,Taban-512/ZRI,0.2402,0.3,1.8089,hayir,reports/hafta7_fp_protokolu.md,test,157,tahminler_taban512_hafta7.csv,tahminler_model512.csv,0.3,0.52,1.8089,0.3,0.5,0.1,8,512,110,55,20260913,"Esikler, katsayilar ve ornek buyuklukleri KARARDIR; olcumden turetilmedi. Ayrinti protokol dosyasinda.",3.13.1,8.4.144,0.12.6,2.14.0,2026-09-13 10:08:36,scripts/25_esit_fp_adaylari.py
a0321,fp,a0055,Taban-512,taban_00470,train_ZRI_3001_JPG.rf.87934c388c284001e56188d171bf0641.jpg,ZRI,0.3723,1010.7,2250.7,1049.9,2301.4,998,2244,1063,2309,774,2020,1287,2533,Taban-512/ZRI,0.2402,0.3,1.8089,hayir,reports/hafta7_fp_protokolu.md,test,157,tahminler_taban512_hafta7.csv,tahminler_model512.csv,0.3,0.52,1.8089,0.3,0.5,0.1,8,512,110,55,20260913,"Esikler, katsayilar ve ornek buyuklukleri KARARDIR; olcumden turetilmedi. Ayrinti protokol dosyasinda.",3.13.1,8.4.144,0.12.6,2.14.0,2026-09-13 10:08:36,scripts/25_esit_fp_adaylari.py
a0322,kontrol,a0390,Taban-512,taban_00060,train_VRD_3112_JPG.rf.42608d3ed20187f499e1e1dfe8a5e719.jpg,VRD,,1463.3,1877.9,1487.1,1908.4,1443,1861,1508,1926,1219,1637,1732,2150,Taban-512/VRD,1.0,0.3,1.8089,hayir,reports/hafta7_fp_protokolu.md,test,157,tahminler_taban512_hafta7.csv,tahminler_model512.csv,0.3,0.52,1.8089,0.3,0.5,0.1,8,512,110,55,20260913,"Esikler, katsayilar ve ornek buyuklukleri KARARDIR; olcumden turetilmedi. Ayrinti protokol dosyasinda.",3.13.1,8.4.144,0.12.6,2.14.0,2026-09-13 10:08:36,scripts/25_esit_fp_adaylari.py
a0323,fp,a0235,Model-512,model_00157,train_ZRI_2014_JPG.rf.95f28aeba5b563f69c9b10bbb6758285.jpg,ZRI,0.8276,872.0,2573.0,940.0,2637.7,865,2566,947,2645,634,2333,1178,2878,Model-512/ZRI,0.3504,0.52,1.8089,hayir,reports/hafta7_fp_protokolu.md,test,157,tahminler_taban512_hafta7.csv,tahminler_model512.csv,0.3,0.52,1.8089,0.3,0.5,0.1,8,512,110,55,20260913,"Esikler, katsayilar ve ornek buyuklukleri KARARDIR; olcumden turetilmedi. Ayrinti protokol dosyasinda.",3.13.1,8.4.144,0.12.6,2.14.0,2026-09-13 10:08:36,scripts/25_esit_fp_adaylari.py
a0324,fp,a0158,Model-512,model_00482,train_ZRI_2058_JPG.rf.34e7e941d692239be5f03263699cf42f.jpg,ZRI,0.6969,3025.3,2061.1,3131.1,2149.2,3014,2052,3142,2159,2655,1681,3502,2529,Model-512/ZRI,0.3504,0.52,1.8089,evet,reports/hafta7_fp_protokolu.md,test,157,tahminler_taban512_hafta7.csv,tahminler_model512.csv,0.3,0.52,1.8089,0.3,0.5,0.1,8,512,110,55,20260913,"Esikler, katsayilar ve ornek buyuklukleri KARARDIR; olcumden turetilmedi. Ayrinti protokol dosyasinda.",3.13.1,8.4.144,0.12.6,2.14.0,2026-09-13 10:08:36,scripts/25_esit_fp_adaylari.py
a0325,kontrol,a0027,Taban-512,taban_00014,train_VRD_3068_JPG.rf.037ab67223e871ad9716e9aab2f4a197.jpg,VRD,,2840.5,2398.3,2869.1,2441.9,2822,2388,2887,2453,2598,2164,3111,2677,Taban-512/VRD,1.0,0.3,1.8089,hayir,reports/hafta7_fp_protokolu.md,test,157,tahminler_taban512_hafta7.csv,tahminler_model512.csv,0.3,0.52,1.8089,0.3,0.5,0.1,8,512,110,55,20260913,"Esikler, katsayilar ve ornek buyuklukleri KARARDIR; olcumden turetilmedi. Ayrinti protokol dosyasinda.",3.13.1,8.4.144,0.12.6,2.14.0,2026-09-13 10:08:36,scripts/25_esit_fp_adaylari.py
a0326,fp,a0257,Model-512,model_00826,train_ZRI_3024_JPG.rf.d9829573e67bca0f8b2b0001749feb1d.jpg,ZRI,0.6527,3677.2,1230.1,3753.0,1261.9,3669,1214,3761,1278,3393,942,4000,1550,Model-512/ZRI,0.3504,0.52,1.8089,hayir,reports/hafta7_fp_protokolu.md,test,157,tahminler_taban512_hafta7.csv,tahminler_model512.csv,0.3,0.52,1.8089,0.3,0.5,0.1,8,512,110,55,20260913,"Esikler, katsayilar ve ornek buyuklukleri KARARDIR; olcumden turetilmedi. Ayrinti protokol dosyasinda.",3.13.1,8.4.144,0.12.6,2.14.0,2026-09-13 10:08:36,scripts/25_esit_fp_adaylari.py
a0327,kontrol,a0361,Taban-512,taban_00009,train_VRD_3061_JPG.rf.3be6b1547def39345610baf26c4570e8.jpg,VRD,,3056.1,410.1,3097.6,495.2,3044,401,3109,504,2736,112,3418,794,Taban-512/VRD,1.0,0.3,1.8089,hayir,reports/hafta7_fp_protokolu.md,test,157,tahminler_taban512_hafta7.csv,tahminler_model512.csv,0.3,0.52,1.8089,0.3,0.5,0.1,8,512,110,55,20260913,"Esikler, katsayilar ve ornek buyuklukleri KARARDIR; olcumden turetilmedi. Ayrinti protokol dosyasinda.",3.13.1,8.4.144,0.12.6,2.14.0,2026-09-13 10:08:36,scripts/25_esit_fp_adaylari.py
a0328,fp,a0415,Model-512,model_00129,train_ZRI_2012_JPG.rf.c05e4c2bd31f79c57174d2c7484d907c.jpg,ZRI,0.6428,2039.0,1825.9,2152.0,1987.9,2027,1809,2164,2005,1447,1258,2744,2555,Model-512/ZRI,0.3504,0.52,1.8089,hayir,reports/hafta7_fp_protokolu.md,test,157,tahminler_taban512_hafta7.csv,tahminler_model512.csv,0.3,0.52,1.8089,0.3,0.5,0.1,8,512,110,55,20260913,"Esikler, katsayilar ve ornek buyuklukleri KARARDIR; olcumden turetilmedi. Ayrinti protokol dosyasinda.",3.13.1,8.4.144,0.12.6,2.14.0,2026-09-13 10:08:36,scripts/25_esit_fp_adaylari.py
a0329,kontrol,a0102,Taban-512,taban_00320,train_ZRI_2048_JPG.rf.0fae12d6c534313cce3f628106f8d597.jpg,ZRI,,2906.6,622.6,2968.4,672.7,2900,615,2975,680,2681,391,3194,904,Taban-512/ZRI,0.2402,0.3,1.8089,hayir,reports/hafta7_fp_protokolu.md,test,157,tahminler_taban512_hafta7.csv,tahminler_model512.csv,0.3,0.52,1.8089,0.3,0.5,0.1,8,512,110,55,20260913,"Esikler, katsayilar ve ornek buyuklukleri KARARDIR; olcumden turetilmedi. Ayrinti protokol dosyasinda.",3.13.1,8.4.144,0.12.6,2.14.0,2026-09-13 10:08:36,scripts/25_esit_fp_adaylari.py
a0330,kontrol,a0072,Taban-512,taban_00346,train_ZRI_2049_JPG.rf.35c07c1208f36c275450d0a1f718410a.jpg,ZRI,,794.5,2874.8,824.8,2926.2,777,2868,842,2933,553,2488,1066,3000,Taban-512/ZRI,0.2402,0.3,1.8089,hayir,reports/hafta7_fp_protokolu.md,test,157,tahminler_taban512_hafta7.csv,tahminler_model512.csv,0.3,0.52,1.8089,0.3,0.5,0.1,8,512,110,55,20260913,"Esikler, katsayilar ve ornek buyuklukleri KARARDIR; olcumden turetilmedi. Ayrinti protokol dosyasinda.",3.13.1,8.4.144,0.12.6,2.14.0,2026-09-13 10:08:36,scripts/25_esit_fp_adaylari.py
a0331,kontrol,a0115,Taban-512,taban_00037,train_VRD_3095_JPG.rf.5379df8b29d8fbfac17f873f76d42e3f.jpg,VRD,,1511.0,587.1,1551.0,610.8,1498,566,1563,631,1274,342,1787,855,Taban-512/VRD,1.0,0.3,1.8089,hayir,reports/hafta7_fp_protokolu.md,test,157,tahminler_taban512_hafta7.csv,tahminler_model512.csv,0.3,0.52,1.8089,0.3,0.5,0.1,8,512,110,55,20260913,"Esikler, katsayilar ve ornek buyuklukleri KARARDIR; olcumden turetilmedi. Ayrinti protokol dosyasinda.",3.13.1,8.4.144,0.12.6,2.14.0,2026-09-13 10:08:36,scripts/25_esit_fp_adaylari.py
a0332,kontrol,a0273,Taban-512,taban_00026,train_VRD_3090_JPG.rf.aae703cf6571719c2137410a8c314c47.jpg,VRD,,3439.6,2791.0,3460.5,2830.8,3418,2778,3483,2843,3194,2488,3707,3000,Taban-512/VRD,1.0,0.3,1.8089,hayir,reports/hafta7_fp_protokolu.md,test,157,tahminler_taban512_hafta7.csv,tahminler_model512.csv,0.3,0.52,1.8089,0.3,0.5,0.1,8,512,110,55,20260913,"Esikler, katsayilar ve ornek buyuklukleri KARARDIR; olcumden turetilmedi. Ayrinti protokol dosyasinda.",3.13.1,8.4.144,0.12.6,2.14.0,2026-09-13 10:08:36,scripts/25_esit_fp_adaylari.py
a0333,kontrol,a0251,Model-512,model_00402,train_ZRI_2048_JPG.rf.0fae12d6c534313cce3f628106f8d597.jpg,ZRI,,3656.7,2455.1,3724.7,2498.3,3649,2444,3732,2509,3418,2204,3963,2749,Model-512/ZRI,0.3504,0.52,1.8089,hayir,reports/hafta7_fp_protokolu.md,test,157,tahminler_taban512_hafta7.csv,tahminler_model512.csv,0.3,0.52,1.8089,0.3,0.5,0.1,8,512,110,55,20260913,"Esikler, katsayilar ve ornek buyuklukleri KARARDIR; olcumden turetilmedi. Ayrinti protokol dosyasinda.",3.13.1,8.4.144,0.12.6,2.14.0,2026-09-13 10:08:36,scripts/25_esit_fp_adaylari.py
a0334,kontrol,a0220,Model-512,model_00031,train_VRD_3098_JPG.rf.201ddcde3a527d59604701647772ea1c.jpg,VRD,,3106.4,1737.9,3140.4,1770.7,3091,1722,3156,1787,2867,1498,3380,2011,Model-512/VRD,1.0,0.52,1.8089,evet,reports/hafta7_fp_protokolu.md,test,157,tahminler_taban512_hafta7.csv,tahminler_model512.csv,0.3,0.52,1.8089,0.3,0.5,0.1,8,512,110,55,20260913,"Esikler, katsayilar ve ornek buyuklukleri KARARDIR; olcumden turetilmedi. Ayrinti protokol dosyasinda.",3.13.1,8.4.144,0.12.6,2.14.0,2026-09-13 10:08:36,scripts/25_esit_fp_adaylari.py
a0335,fp,a0023,Taban-512,taban_00287,train_ZRI_2046_JPG.rf.6e0e88c5239bc031fcd5636dc1b42f80.jpg,ZRI,0.3521,2515.8,913.6,2558.0,977.2,2504,907,2569,984,2280,689,2793,1202,Taban-512/ZRI,0.2402,0.3,1.8089,hayir,reports/hafta7_fp_protokolu.md,test,157,tahminler_taban512_hafta7.csv,tahminler_model512.csv,0.3,0.52,1.8089,0.3,0.5,0.1,8,512,110,55,20260913,"Esikler, katsayilar ve ornek buyuklukleri KARARDIR; olcumden turetilmedi. Ayrinti protokol dosyasinda.",3.13.1,8.4.144,0.12.6,2.14.0,2026-09-13 10:08:36,scripts/25_esit_fp_adaylari.py
a0336,fp,a0196,Taban-512,taban_00029,train_VRD_3091_JPG.rf.b2431f4f88816d9458553448073861a7.jpg,VRD,0.3896,56.1,201.5,85.8,243.2,38,190,103,255,0,0,512,512,Taban-512/VRD,1.0,0.3,1.8089,hayir,reports/hafta7_fp_protokolu.md,test,157,tahminler_taban512_hafta7.csv,tahminler_model512.csv,0.3,0.52,1.8089,0.3,0.5,0.1,8,512,110,55,20260913,"Esikler, katsayilar ve ornek buyuklukleri KARARDIR; olcumden turetilmedi. Ayrinti protokol dosyasinda.",3.13.1,8.4.144,0.12.6,2.14.0,2026-09-13 10:08:36,scripts/25_esit_fp_adaylari.py
a0337,kontrol,a0385,Taban-512,taban_00038,train_VRD_3096_JPG.rf.1f45f33e005fb2d99c61b67d687d00b4.jpg,VRD,,3650.9,1493.9,3698.1,1548.3,3642,1488,3707,1554,3418,1265,3931,1778,Taban-512/VRD,1.0,0.3,1.8089,hayir,reports/hafta7_fp_protokolu.md,test,157,tahminler_taban512_hafta7.csv,tahminler_model512.csv,0.3,0.52,1.8089,0.3,0.5,0.1,8,512,110,55,20260913,"Esikler, katsayilar ve ornek buyuklukleri KARARDIR; olcumden turetilmedi. Ayrinti protokol dosyasinda.",3.13.1,8.4.144,0.12.6,2.14.0,2026-09-13 10:08:36,scripts/25_esit_fp_adaylari.py
a0338,fp,a0057,Taban-512,taban_00254,train_ZRI_2033_JPG.rf.9a239a616f9277852538bd95edcc770e.jpg,ZRI,0.4121,3601.9,2521.2,3687.2,2561.8,3593,2509,3696,2574,3303,2200,3986,2883,Taban-512/ZRI,0.2402,0.3,1.8089,hayir,reports/hafta7_fp_protokolu.md,test,157,tahminler_taban512_hafta7.csv,tahminler_model512.csv,0.3,0.52,1.8089,0.3,0.5,0.1,8,512,110,55,20260913,"Esikler, katsayilar ve ornek buyuklukleri KARARDIR; olcumden turetilmedi. Ayrinti protokol dosyasinda.",3.13.1,8.4.144,0.12.6,2.14.0,2026-09-13 10:08:36,scripts/25_esit_fp_adaylari.py
a0339,kontrol,a0118,Model-512,model_00408,train_ZRI_2048_JPG.rf.0fae12d6c534313cce3f628106f8d597.jpg,ZRI,,1412.9,1558.0,1471.3,1598.1,1407,1546,1478,1611,1186,1322,1699,1835,Model-512/ZRI,0.3504,0.52,1.8089,hayir,reports/hafta7_fp_protokolu.md,test,157,tahminler_taban512_hafta7.csv,tahminler_model512.csv,0.3,0.52,1.8089,0.3,0.5,0.1,8,512,110,55,20260913,"Esikler, katsayilar ve ornek buyuklukleri KARARDIR; olcumden turetilmedi. Ayrinti protokol dosyasinda.",3.13.1,8.4.144,0.12.6,2.14.0,2026-09-13 10:08:36,scripts/25_esit_fp_adaylari.py
a0340,fp,a0058,Taban-512,taban_00305,train_ZRI_2047_JPG.rf.28100fb3bc7c0eb615dea5cc673ffa75.jpg,ZRI,0.528,3189.8,1394.1,3231.4,1425.7,3178,1377,3243,1442,2954,1153,3467,1666,Taban-512/ZRI,0.2402,0.3,1.8089,hayir,reports/hafta7_fp_protokolu.md,test,157,tahminler_taban512_hafta7.csv,tahminler_model512.csv,0.3,0.52,1.8089,0.3,0.5,0.1,8,512,110,55,20260913,"Esikler, katsayilar ve ornek buyuklukleri KARARDIR; olcumden turetilmedi. Ayrinti protokol dosyasinda.",3.13.1,8.4.144,0.12.6,2.14.0,2026-09-13 10:08:36,scripts/25_esit_fp_adaylari.py
a0341,kontrol,a0363,Taban-512,taban_00065,train_VRD_3120_JPG.rf.d5adf526c352ee6ddfedebda9f1cf247.jpg,VRD,,3828.7,1634.0,3879.4,1711.1,3822,1626,3887,1719,3383,1364,4000,1981,Taban-512/VRD,1.0,0.3,1.8089,hayir,reports/hafta7_fp_protokolu.md,test,157,tahminler_taban512_hafta7.csv,tahminler_model512.csv,0.3,0.52,1.8089,0.3,0.5,0.1,8,512,110,55,20260913,"Esikler, katsayilar ve ornek buyuklukleri KARARDIR; olcumden turetilmedi. Ayrinti protokol dosyasinda.",3.13.1,8.4.144,0.12.6,2.14.0,2026-09-13 10:08:36,scripts/25_esit_fp_adaylari.py
a0342,kontrol,a0289,Model-512,model_00250,train_ZRI_2022_JPG.rf.afe9ce3ac8fd51e28fc46734dc3d4db5.jpg,ZRI,,37.1,1574.6,63.4,1628.5,18,1569,83,1634,0,1345,512,1858,Model-512/ZRI,0.3504,0.52,1.8089,evet,reports/hafta7_fp_protokolu.md,test,157,tahminler_taban512_hafta7.csv,tahminler_model512.csv,0.3,0.52,1.8089,0.3,0.5,0.1,8,512,110,55,20260913,"Esikler, katsayilar ve ornek buyuklukleri KARARDIR; olcumden turetilmedi. Ayrinti protokol dosyasinda.",3.13.1,8.4.144,0.12.6,2.14.0,2026-09-13 10:08:36,scripts/25_esit_fp_adaylari.py
a0343,fp,a0046,Model-512,model_00876,train_ZRI_3031_JPG.rf.77fb682816ff2a80876429e205b7da83.jpg,ZRI,0.8163,3280.0,445.3,3325.9,503.6,3270,439,3335,510,3046,218,3559,731,Model-512/ZRI,0.3504,0.52,1.8089,hayir,reports/hafta7_fp_protokolu.md,test,157,tahminler_taban512_hafta7.csv,tahminler_model512.csv,0.3,0.52,1.8089,0.3,0.5,0.1,8,512,110,55,20260913,"Esikler, katsayilar ve ornek buyuklukleri KARARDIR; olcumden turetilmedi. Ayrinti protokol dosyasinda.",3.13.1,8.4.144,0.12.6,2.14.0,2026-09-13 10:08:36,scripts/25_esit_fp_adaylari.py
a0344,kontrol,a0111,Taban-512,taban_00053,train_VRD_3110_JPG.rf.17ea2b0db2c816522d5e132834e1645d.jpg,VRD,,1723.7,2060.0,1744.9,2087.3,1702,2041,1767,2106,1478,1817,1991,2330,Taban-512/VRD,1.0,0.3,1.8089,hayir,reports/hafta7_fp_protokolu.md,test,157,tahminler_taban512_hafta7.csv,tahminler_model512.csv,0.3,0.52,1.8089,0.3,0.5,0.1,8,512,110,55,20260913,"Esikler, katsayilar ve ornek buyuklukleri KARARDIR; olcumden turetilmedi. Ayrinti protokol dosyasinda.",3.13.1,8.4.144,0.12.6,2.14.0,2026-09-13 10:08:36,scripts/25_esit_fp_adaylari.py
a0345,kontrol,a0368,Model-512,model_00185,train_ZRI_2015_JPG.rf.f377a3f68327562d2a7718cc6a1c4022.jpg,ZRI,,3221.4,2075.7,3300.3,2129.7,3213,2070,3309,2136,2945,1787,3577,2419,Model-512/ZRI,0.3504,0.52,1.8089,hayir,reports/hafta7_fp_protokolu.md,test,157,tahminler_taban512_hafta7.csv,tahminler_model512.csv,0.3,0.52,1.8089,0.3,0.5,0.1,8,512,110,55,20260913,"Esikler, katsayilar ve ornek buyuklukleri KARARDIR; olcumden turetilmedi. Ayrinti protokol dosyasinda.",3.13.1,8.4.144,0.12.6,2.14.0,2026-09-13 10:08:36,scripts/25_esit_fp_adaylari.py
a0346,kontrol,a0127,Model-512,model_00221,train_ZRI_2019_JPG.rf.b8e630f248c9a0965ceaaa661193f34a.jpg,ZRI,,3904.7,235.8,3935.5,283.3,3888,227,3953,292,3488,3,4000,516,Model-512/ZRI,0.3504,0.52,1.8089,hayir,reports/hafta7_fp_protokolu.md,test,157,tahminler_taban512_hafta7.csv,tahminler_model512.csv,0.3,0.52,1.8089,0.3,0.5,0.1,8,512,110,55,20260913,"Esikler, katsayilar ve ornek buyuklukleri KARARDIR; olcumden turetilmedi. Ayrinti protokol dosyasinda.",3.13.1,8.4.144,0.12.6,2.14.0,2026-09-13 10:08:36,scripts/25_esit_fp_adaylari.py
a0347,fp,a0432,Taban-512,taban_00471,train_ZRI_3001_JPG.rf.87934c388c284001e56188d171bf0641.jpg,ZRI,0.325,3304.5,2608.4,3353.9,2647.3,3297,2595,3362,2660,3073,2371,3586,2884,Taban-512/ZRI,0.2402,0.3,1.8089,hayir,reports/hafta7_fp_protokolu.md,test,157,tahminler_taban512_hafta7.csv,tahminler_model512.csv,0.3,0.52,1.8089,0.3,0.5,0.1,8,512,110,55,20260913,"Esikler, katsayilar ve ornek buyuklukleri KARARDIR; olcumden turetilmedi. Ayrinti protokol dosyasinda.",3.13.1,8.4.144,0.12.6,2.14.0,2026-09-13 10:08:36,scripts/25_esit_fp_adaylari.py
a0348,kontrol,a0170,Taban-512,taban_00067,train_VRD_3123_JPG.rf.4ccc6225d48c3b146931cc32b4f55999.jpg,VRD,,1010.5,1483.5,1053.9,1502.5,1000,1460,1065,1525,776,1236,1289,1749,Taban-512/VRD,1.0,0.3,1.8089,hayir,reports/hafta7_fp_protokolu.md,test,157,tahminler_taban512_hafta7.csv,tahminler_model512.csv,0.3,0.52,1.8089,0.3,0.5,0.1,8,512,110,55,20260913,"Esikler, katsayilar ve ornek buyuklukleri KARARDIR; olcumden turetilmedi. Ayrinti protokol dosyasinda.",3.13.1,8.4.144,0.12.6,2.14.0,2026-09-13 10:08:36,scripts/25_esit_fp_adaylari.py
a0349,fp,a0419,Model-512,model_00194,train_ZRI_2016_JPG.rf.4ddcf0bba1f6f523b5bdb548b5037f06.jpg,ZRI,0.7086,496.2,2933.8,578.7,3000.0,487,2927,587,3000,207,2339,868,3000,Model-512/ZRI,0.3504,0.52,1.8089,hayir,reports/hafta7_fp_protokolu.md,test,157,tahminler_taban512_hafta7.csv,tahminler_model512.csv,0.3,0.52,1.8089,0.3,0.5,0.1,8,512,110,55,20260913,"Esikler, katsayilar ve ornek buyuklukleri KARARDIR; olcumden turetilmedi. Ayrinti protokol dosyasinda.",3.13.1,8.4.144,0.12.6,2.14.0,2026-09-13 10:08:36,scripts/25_esit_fp_adaylari.py
a0350,kontrol,a0089,Taban-512,taban_00055,train_VRD_3111_JPG.rf.62ad8acc511c6bcc7e49b4b471a18703.jpg,VRD,,831.2,1792.3,863.5,1846.3,815,1786,880,1852,591,1563,1104,2076,Taban-512/VRD,1.0,0.3,1.8089,evet,reports/hafta7_fp_protokolu.md,test,157,tahminler_taban512_hafta7.csv,tahminler_model512.csv,0.3,0.52,1.8089,0.3,0.5,0.1,8,512,110,55,20260913,"Esikler, katsayilar ve ornek buyuklukleri KARARDIR; olcumden turetilmedi. Ayrinti protokol dosyasinda.",3.13.1,8.4.144,0.12.6,2.14.0,2026-09-13 10:08:36,scripts/25_esit_fp_adaylari.py
a0351,kontrol,a0199,Model-512,model_00231,train_ZRI_2020_JPG.rf.fe7697b61c88cbd4b1212ec7a618942e.jpg,ZRI,,1203.2,655.5,1286.6,766.8,1194,644,1295,778,799,265,1691,1157,Model-512/ZRI,0.3504,0.52,1.8089,hayir,reports/hafta7_fp_protokolu.md,test,157,tahminler_taban512_hafta7.csv,tahminler_model512.csv,0.3,0.52,1.8089,0.3,0.5,0.1,8,512,110,55,20260913,"Esikler, katsayilar ve ornek buyuklukleri KARARDIR; olcumden turetilmedi. Ayrinti protokol dosyasinda.",3.13.1,8.4.144,0.12.6,2.14.0,2026-09-13 10:08:36,scripts/25_esit_fp_adaylari.py
a0352,kontrol,a0177,Model-512,model_00539,train_ZRI_2066_JPG.rf.6c0b5d1549d2bce7c67ce607ffb519ee.jpg,ZRI,,2778.8,324.2,2828.8,379.3,2771,318,2836,385,2547,95,3060,608,Model-512/ZRI,0.3504,0.52,1.8089,hayir,reports/hafta7_fp_protokolu.md,test,157,tahminler_taban512_hafta7.csv,tahminler_model512.csv,0.3,0.52,1.8089,0.3,0.5,0.1,8,512,110,55,20260913,"Esikler, katsayilar ve ornek buyuklukleri KARARDIR; olcumden turetilmedi. Ayrinti protokol dosyasinda.",3.13.1,8.4.144,0.12.6,2.14.0,2026-09-13 10:08:36,scripts/25_esit_fp_adaylari.py
a0353,fp,a0358,Taban-512,taban_00062,train_VRD_3116_JPG.rf.32f5e658d3e3e927950ac4fd51d47684.jpg,VRD,0.3298,2186.8,2571.0,2233.2,2648.4,2178,2563,2242,2657,1900,2300,2520,2920,Taban-512/VRD,1.0,0.3,1.8089,hayir,reports/hafta7_fp_protokolu.md,test,157,tahminler_taban512_hafta7.csv,tahminler_model512.csv,0.3,0.52,1.8089,0.3,0.5,0.1,8,512,110,55,20260913,"Esikler, katsayilar ve ornek buyuklukleri KARARDIR; olcumden turetilmedi. Ayrinti protokol dosyasinda.",3.13.1,8.4.144,0.12.6,2.14.0,2026-09-13 10:08:36,scripts/25_esit_fp_adaylari.py
a0354,fp,a0314,Taban-512,taban_00550,train_ZRI_3020_JPG.rf.755a92000e873bc5de222da850f53ffe.jpg,ZRI,0.6076,1310.6,482.2,1331.8,532.4,1289,475,1354,540,1065,251,1578,764,Taban-512/ZRI,0.2402,0.3,1.8089,hayir,reports/hafta7_fp_protokolu.md,test,157,tahminler_taban512_hafta7.csv,tahminler_model512.csv,0.3,0.52,1.8089,0.3,0.5,0.1,8,512,110,55,20260913,"Esikler, katsayilar ve ornek buyuklukleri KARARDIR; olcumden turetilmedi. Ayrinti protokol dosyasinda.",3.13.1,8.4.144,0.12.6,2.14.0,2026-09-13 10:08:36,scripts/25_esit_fp_adaylari.py
a0355,fp,a0128,Model-512,model_00426,train_ZRI_2050_JPG.rf.6921c2273a748f4edbc0852aa24bddca.jpg,ZRI,0.7985,879.0,2568.5,923.0,2617.4,869,2560,933,2625,645,2336,1157,2849,Model-512/ZRI,0.3504,0.52,1.8089,hayir,reports/hafta7_fp_protokolu.md,test,157,tahminler_taban512_hafta7.csv,tahminler_model512.csv,0.3,0.52,1.8089,0.3,0.5,0.1,8,512,110,55,20260913,"Esikler, katsayilar ve ornek buyuklukleri KARARDIR; olcumden turetilmedi. Ayrinti protokol dosyasinda.",3.13.1,8.4.144,0.12.6,2.14.0,2026-09-13 10:08:36,scripts/25_esit_fp_adaylari.py
a0356,fp,a0262,Taban-512,taban_00332,train_ZRI_2048_JPG.rf.0fae12d6c534313cce3f628106f8d597.jpg,ZRI,0.3801,1230.0,471.1,1237.8,498.8,1201,452,1266,517,977,228,1490,741,Taban-512/ZRI,0.2402,0.3,1.8089,hayir,reports/hafta7_fp_protokolu.md,test,157,tahminler_taban512_hafta7.csv,tahminler_model512.csv,0.3,0.52,1.8089,0.3,0.5,0.1,8,512,110,55,20260913,"Esikler, katsayilar ve ornek buyuklukleri KARARDIR; olcumden turetilmedi. Ayrinti protokol dosyasinda.",3.13.1,8.4.144,0.12.6,2.14.0,2026-09-13 10:08:36,scripts/25_esit_fp_adaylari.py
a0357,fp,a0250,Taban-512,taban_00205,train_ZRI_2019_JPG.rf.b8e630f248c9a0965ceaaa661193f34a.jpg,ZRI,0.3853,1080.0,2050.2,1127.1,2081.5,1071,2033,1136,2098,847,1809,1360,2322,Taban-512/ZRI,0.2402,0.3,1.8089,hayir,reports/hafta7_fp_protokolu.md,test,157,tahminler_taban512_hafta7.csv,tahminler_model512.csv,0.3,0.52,1.8089,0.3,0.5,0.1,8,512,110,55,20260913,"Esikler, katsayilar ve ornek buyuklukleri KARARDIR; olcumden turetilmedi. Ayrinti protokol dosyasinda.",3.13.1,8.4.144,0.12.6,2.14.0,2026-09-13 10:08:36,scripts/25_esit_fp_adaylari.py
a0358,kontrol,a0353,Taban-512,taban_00062,train_VRD_3116_JPG.rf.32f5e658d3e3e927950ac4fd51d47684.jpg,VRD,,607.7,2800.9,654.1,2878.3,598,2793,663,2887,321,2380,941,3000,Taban-512/VRD,1.0,0.3,1.8089,hayir,reports/hafta7_fp_protokolu.md,test,157,tahminler_taban512_hafta7.csv,tahminler_model512.csv,0.3,0.52,1.8089,0.3,0.5,0.1,8,512,110,55,20260913,"Esikler, katsayilar ve ornek buyuklukleri KARARDIR; olcumden turetilmedi. Ayrinti protokol dosyasinda.",3.13.1,8.4.144,0.12.6,2.14.0,2026-09-13 10:08:36,scripts/25_esit_fp_adaylari.py
a0359,kontrol,a0148,Model-512,model_00452,train_ZRI_2052_JPG.rf.50c49144f7a8de99bbafb62bb04d74fb.jpg,ZRI,,618.8,2190.6,749.4,2305.1,605,2179,763,2317,161,1725,1207,2771,Model-512/ZRI,0.3504,0.52,1.8089,hayir,reports/hafta7_fp_protokolu.md,test,157,tahminler_taban512_hafta7.csv,tahminler_model512.csv,0.3,0.52,1.8089,0.3,0.5,0.1,8,512,110,55,20260913,"Esikler, katsayilar ve ornek buyuklukleri KARARDIR; olcumden turetilmedi. Ayrinti protokol dosyasinda.",3.13.1,8.4.144,0.12.6,2.14.0,2026-09-13 10:08:36,scripts/25_esit_fp_adaylari.py
a0360,kontrol,a0155,Model-512,model_00586,train_ZRI_3001_JPG.rf.87934c388c284001e56188d171bf0641.jpg,ZRI,,1198.0,2789.9,1237.2,2861.3,1185,2782,1250,2869,931,2428,1504,3000,Model-512/ZRI,0.3504,0.52,1.8089,hayir,reports/hafta7_fp_protokolu.md,test,157,tahminler_taban512_hafta7.csv,tahminler_model512.csv,0.3,0.52,1.8089,0.3,0.5,0.1,8,512,110,55,20260913,"Esikler, katsayilar ve ornek buyuklukleri KARARDIR; olcumden turetilmedi. Ayrinti protokol dosyasinda.",3.13.1,8.4.144,0.12.6,2.14.0,2026-09-13 10:08:36,scripts/25_esit_fp_adaylari.py
a0361,fp,a0327,Taban-512,taban_00009,train_VRD_3061_JPG.rf.3be6b1547def39345610baf26c4570e8.jpg,VRD,0.6729,866.1,1169.0,907.6,1254.1,854,1160,919,1263,546,871,1228,1552,Taban-512/VRD,1.0,0.3,1.8089,hayir,reports/hafta7_fp_protokolu.md,test,157,tahminler_taban512_hafta7.csv,tahminler_model512.csv,0.3,0.52,1.8089,0.3,0.5,0.1,8,512,110,55,20260913,"Esikler, katsayilar ve ornek buyuklukleri KARARDIR; olcumden turetilmedi. Ayrinti protokol dosyasinda.",3.13.1,8.4.144,0.12.6,2.14.0,2026-09-13 10:08:36,scripts/25_esit_fp_adaylari.py
a0362,kontrol,a0173,Model-512,model_00343,train_ZRI_2034_JPG.rf.f46e467586e3c5aa8c16eaf4382ce56f.jpg,ZRI,,1102.2,1496.7,1156.4,1541.1,1096,1486,1162,1551,873,1262,1386,1775,Model-512/ZRI,0.3504,0.52,1.8089,hayir,reports/hafta7_fp_protokolu.md,test,157,tahminler_taban512_hafta7.csv,tahminler_model512.csv,0.3,0.52,1.8089,0.3,0.5,0.1,8,512,110,55,20260913,"Esikler, katsayilar ve ornek buyuklukleri KARARDIR; olcumden turetilmedi. Ayrinti protokol dosyasinda.",3.13.1,8.4.144,0.12.6,2.14.0,2026-09-13 10:08:36,scripts/25_esit_fp_adaylari.py
a0363,fp,a0341,Taban-512,taban_00065,train_VRD_3120_JPG.rf.d5adf526c352ee6ddfedebda9f1cf247.jpg,VRD,0.3735,1247.7,2903.5,1298.4,2980.6,1241,2895,1306,2989,964,2383,1582,3000,Taban-512/VRD,1.0,0.3,1.8089,hayir,reports/hafta7_fp_protokolu.md,test,157,tahminler_taban512_hafta7.csv,tahminler_model512.csv,0.3,0.52,1.8089,0.3,0.5,0.1,8,512,110,55,20260913,"Esikler, katsayilar ve ornek buyuklukleri KARARDIR; olcumden turetilmedi. Ayrinti protokol dosyasinda.",3.13.1,8.4.144,0.12.6,2.14.0,2026-09-13 10:08:36,scripts/25_esit_fp_adaylari.py
a0364,fp,a0408,Model-512,model_00186,train_ZRI_2015_JPG.rf.f377a3f68327562d2a7718cc6a1c4022.jpg,ZRI,0.6556,1746.3,219.1,1787.4,272.1,1734,213,1799,278,1510,0,2023,512,Model-512/ZRI,0.3504,0.52,1.8089,hayir,reports/hafta7_fp_protokolu.md,test,157,tahminler_taban512_hafta7.csv,tahminler_model512.csv,0.3,0.52,1.8089,0.3,0.5,0.1,8,512,110,55,20260913,"Esikler, katsayilar ve ornek buyuklukleri KARARDIR; olcumden turetilmedi. Ayrinti protokol dosyasinda.",3.13.1,8.4.144,0.12.6,2.14.0,2026-09-13 10:08:36,scripts/25_esit_fp_adaylari.py
a0365,fp,a0393,Model-512,model_00519,train_ZRI_2065_JPG.rf.830ac62cc7542ba9b85d03b76e773cef.jpg,ZRI,0.6192,738.0,416.8,794.1,466.7,732,409,800,474,510,185,1023,698,Model-512/ZRI,0.3504,0.52,1.8089,hayir,reports/hafta7_fp_protokolu.md,test,157,tahminler_taban512_hafta7.csv,tahminler_model512.csv,0.3,0.52,1.8089,0.3,0.5,0.1,8,512,110,55,20260913,"Esikler, katsayilar ve ornek buyuklukleri KARARDIR; olcumden turetilmedi. Ayrinti protokol dosyasinda.",3.13.1,8.4.144,0.12.6,2.14.0,2026-09-13 10:08:36,scripts/25_esit_fp_adaylari.py
a0366,kontrol,a0175,Taban-512,taban_00030,train_VRD_3091_JPG.rf.b2431f4f88816d9458553448073861a7.jpg,VRD,,936.2,1427.7,953.5,1480.6,912,1422,977,1487,688,1198,1201,1711,Taban-512/VRD,1.0,0.3,1.8089,hayir,reports/hafta7_fp_protokolu.md,test,157,tahminler_taban512_hafta7.csv,tahminler_model512.csv,0.3,0.52,1.8089,0.3,0.5,0.1,8,512,110,55,20260913,"Esikler, katsayilar ve ornek buyuklukleri KARARDIR; olcumden turetilmedi. Ayrinti protokol dosyasinda.",3.13.1,8.4.144,0.12.6,2.14.0,2026-09-13 10:08:36,scripts/25_esit_fp_adaylari.py
a0367,kontrol,a0090,Taban-512,taban_00362,train_ZRI_2051_JPG.rf.c6b80d7c803e9e8d6c0e97620237f374.jpg,ZRI,,1955.5,2501.9,1997.6,2548.3,1944,2493,2009,2558,1720,2269,2233,2782,Taban-512/ZRI,0.2402,0.3,1.8089,hayir,reports/hafta7_fp_protokolu.md,test,157,tahminler_taban512_hafta7.csv,tahminler_model512.csv,0.3,0.52,1.8089,0.3,0.5,0.1,8,512,110,55,20260913,"Esikler, katsayilar ve ornek buyuklukleri KARARDIR; olcumden turetilmedi. Ayrinti protokol dosyasinda.",3.13.1,8.4.144,0.12.6,2.14.0,2026-09-13 10:08:36,scripts/25_esit_fp_adaylari.py
a0368,fp,a0345,Model-512,model_00185,train_ZRI_2015_JPG.rf.f377a3f68327562d2a7718cc6a1c4022.jpg,ZRI,0.7213,3488.2,1800.6,3567.1,1854.6,3480,1795,3575,1860,3212,1511,3844,2144,Model-512/ZRI,0.3504,0.52,1.8089,hayir,reports/hafta7_fp_protokolu.md,test,157,tahminler_taban512_hafta7.csv,tahminler_model512.csv,0.3,0.52,1.8089,0.3,0.5,0.1,8,512,110,55,20260913,"Esikler, katsayilar ve ornek buyuklukleri KARARDIR; olcumden turetilmedi. Ayrinti protokol dosyasinda.",3.13.1,8.4.144,0.12.6,2.14.0,2026-09-13 10:08:36,scripts/25_esit_fp_adaylari.py
a0369,kontrol,a0270,Taban-512,taban_00066,train_VRD_3123_JPG.rf.4ccc6225d48c3b146931cc32b4f55999.jpg,VRD,,2447.5,72.7,2489.6,130.8,2436,66,2501,137,2212,0,2725,512,Taban-512/VRD,1.0,0.3,1.8089,hayir,reports/hafta7_fp_protokolu.md,test,157,tahminler_taban512_hafta7.csv,tahminler_model512.csv,0.3,0.52,1.8089,0.3,0.5,0.1,8,512,110,55,20260913,"Esikler, katsayilar ve ornek buyuklukleri KARARDIR; olcumden turetilmedi. Ayrinti protokol dosyasinda.",3.13.1,8.4.144,0.12.6,2.14.0,2026-09-13 10:08:36,scripts/25_esit_fp_adaylari.py
a0370,fp,a0229,Model-512,model_00525,train_ZRI_2066_JPG.rf.6c0b5d1549d2bce7c67ce607ffb519ee.jpg,ZRI,0.7971,3581.1,0.2,3665.7,39.8,3572,0,3675,52,3285,0,3962,677,Model-512/ZRI,0.3504,0.52,1.8089,evet,reports/hafta7_fp_protokolu.md,test,157,tahminler_taban512_hafta7.csv,tahminler_model512.csv,0.3,0.52,1.8089,0.3,0.5,0.1,8,512,110,55,20260913,"Esikler, katsayilar ve ornek buyuklukleri KARARDIR; olcumden turetilmedi. Ayrinti protokol dosyasinda.",3.13.1,8.4.144,0.12.6,2.14.0,2026-09-13 10:08:36,scripts/25_esit_fp_adaylari.py
a0371,fp,a0120,Taban-512,taban_00045,train_VRD_3104_JPG.rf.8d1a883acbd3ff04e414e42d5ed8e7f2.jpg,VRD,0.3392,755.8,1119.3,791.1,1181.2,741,1113,806,1188,517,894,1030,1407,Taban-512/VRD,1.0,0.3,1.8089,hayir,reports/hafta7_fp_protokolu.md,test,157,tahminler_taban512_hafta7.csv,tahminler_model512.csv,0.3,0.52,1.8089,0.3,0.5,0.1,8,512,110,55,20260913,"Esikler, katsayilar ve ornek buyuklukleri KARARDIR; olcumden turetilmedi. Ayrinti protokol dosyasinda.",3.13.1,8.4.144,0.12.6,2.14.0,2026-09-13 10:08:36,scripts/25_esit_fp_adaylari.py
a0372,fp,a0255,Model-512,model_00538,train_ZRI_2066_JPG.rf.6c0b5d1549d2bce7c67ce607ffb519ee.jpg,ZRI,0.5581,845.4,1009.6,991.3,1081.1,830,1002,1006,1089,334,461,1502,1629,Model-512/ZRI,0.3504,0.52,1.8089,hayir,reports/hafta7_fp_protokolu.md,test,157,tahminler_taban512_hafta7.csv,tahminler_model512.csv,0.3,0.52,1.8089,0.3,0.5,0.1,8,512,110,55,20260913,"Esikler, katsayilar ve ornek buyuklukleri KARARDIR; olcumden turetilmedi. Ayrinti protokol dosyasinda.",3.13.1,8.4.144,0.12.6,2.14.0,2026-09-13 10:08:36,scripts/25_esit_fp_adaylari.py
a0373,kontrol,a0136,Model-512,model_00437,train_ZRI_2051_JPG.rf.c6b80d7c803e9e8d6c0e97620237f374.jpg,ZRI,,25.2,587.1,68.5,627.5,14,575,79,640,0,351,512,864,Model-512/ZRI,0.3504,0.52,1.8089,hayir,reports/hafta7_fp_protokolu.md,test,157,tahminler_taban512_hafta7.csv,tahminler_model512.csv,0.3,0.52,1.8089,0.3,0.5,0.1,8,512,110,55,20260913,"Esikler, katsayilar ve ornek buyuklukleri KARARDIR; olcumden turetilmedi. Ayrinti protokol dosyasinda.",3.13.1,8.4.144,0.12.6,2.14.0,2026-09-13 10:08:36,scripts/25_esit_fp_adaylari.py
a0374,fp,a0142,Taban-512,taban_00367,train_ZRI_2052_JPG.rf.50c49144f7a8de99bbafb62bb04d74fb.jpg,ZRI,0.7384,3459.1,629.7,3535.3,749.2,3451,617,3543,762,3019,211,3976,1168,Taban-512/ZRI,0.2402,0.3,1.8089,hayir,reports/hafta7_fp_protokolu.md,test,157,tahminler_taban512_hafta7.csv,tahminler_model512.csv,0.3,0.52,1.8089,0.3,0.5,0.1,8,512,110,55,20260913,"Esikler, katsayilar ve ornek buyuklukleri KARARDIR; olcumden turetilmedi. Ayrinti protokol dosyasinda.",3.13.1,8.4.144,0.12.6,2.14.0,2026-09-13 10:08:36,scripts/25_esit_fp_adaylari.py
a0375,kontrol,a0206,Taban-512,taban_00006,train_VRD_3058_JPG.rf.710ef627937d5c49e259cb163061ae33.jpg,VRD,,3021.5,527.3,3054.8,595.9,3006,520,3071,603,2763,287,3313,837,Taban-512/VRD,1.0,0.3,1.8089,hayir,reports/hafta7_fp_protokolu.md,test,157,tahminler_taban512_hafta7.csv,tahminler_model512.csv,0.3,0.52,1.8089,0.3,0.5,0.1,8,512,110,55,20260913,"Esikler, katsayilar ve ornek buyuklukleri KARARDIR; olcumden turetilmedi. Ayrinti protokol dosyasinda.",3.13.1,8.4.144,0.12.6,2.14.0,2026-09-13 10:08:36,scripts/25_esit_fp_adaylari.py
a0376,kontrol,a0010,Taban-512,taban_00025,train_VRD_3088_JPG.rf.4a825a8a092605758bec2c83c0d3fb41.jpg,VRD,,1840.2,1657.3,1909.4,1724.4,1833,1650,1917,1732,1597,1414,2152,1968,Taban-512/VRD,1.0,0.3,1.8089,hayir,reports/hafta7_fp_protokolu.md,test,157,tahminler_taban512_hafta7.csv,tahminler_model512.csv,0.3,0.52,1.8089,0.3,0.5,0.1,8,512,110,55,20260913,"Esikler, katsayilar ve ornek buyuklukleri KARARDIR; olcumden turetilmedi. Ayrinti protokol dosyasinda.",3.13.1,8.4.144,0.12.6,2.14.0,2026-09-13 10:08:36,scripts/25_esit_fp_adaylari.py
a0377,kontrol,a0288,Model-512,model_00449,train_ZRI_2052_JPG.rf.50c49144f7a8de99bbafb62bb04d74fb.jpg,ZRI,,3454.6,2236.8,3558.5,2298.0,3444,2230,3569,2305,3090,1851,3923,2683,Model-512/ZRI,0.3504,0.52,1.8089,hayir,reports/hafta7_fp_protokolu.md,test,157,tahminler_taban512_hafta7.csv,tahminler_model512.csv,0.3,0.52,1.8089,0.3,0.5,0.1,8,512,110,55,20260913,"Esikler, katsayilar ve ornek buyuklukleri KARARDIR; olcumden turetilmedi. Ayrinti protokol dosyasinda.",3.13.1,8.4.144,0.12.6,2.14.0,2026-09-13 10:08:36,scripts/25_esit_fp_adaylari.py
a0378,fp,a0008,Model-512,model_00225,train_ZRI_2020_JPG.rf.fe7697b61c88cbd4b1212ec7a618942e.jpg,ZRI,0.7962,1368.4,2234.1,1414.3,2282.4,1359,2226,1424,2291,1135,2002,1648,2515,Model-512/ZRI,0.3504,0.52,1.8089,evet,reports/hafta7_fp_protokolu.md,test,157,tahminler_taban512_hafta7.csv,tahminler_model512.csv,0.3,0.52,1.8089,0.3,0.5,0.1,8,512,110,55,20260913,"Esikler, katsayilar ve ornek buyuklukleri KARARDIR; olcumden turetilmedi. Ayrinti protokol dosyasinda.",3.13.1,8.4.144,0.12.6,2.14.0,2026-09-13 10:08:36,scripts/25_esit_fp_adaylari.py
a0379,fp,a0254,Model-512,model_00852,train_ZRI_3026_JPG.rf.1503e7f8824e0cca340091e680501e12.jpg,ZRI,0.6074,3333.4,593.6,3382.0,657.7,3325,587,3390,665,3101,369,3615,883,Model-512/ZRI,0.3504,0.52,1.8089,evet,reports/hafta7_fp_protokolu.md,test,157,tahminler_taban512_hafta7.csv,tahminler_model512.csv,0.3,0.52,1.8089,0.3,0.5,0.1,8,512,110,55,20260913,"Esikler, katsayilar ve ornek buyuklukleri KARARDIR; olcumden turetilmedi. Ayrinti protokol dosyasinda.",3.13.1,8.4.144,0.12.6,2.14.0,2026-09-13 10:08:36,scripts/25_esit_fp_adaylari.py
a0380,kontrol,a0243,Model-512,model_00438,train_ZRI_2051_JPG.rf.c6b80d7c803e9e8d6c0e97620237f374.jpg,ZRI,,2729.7,605.2,2763.8,665.3,2714,599,2779,672,2490,379,3003,892,Model-512/ZRI,0.3504,0.52,1.8089,evet,reports/hafta7_fp_protokolu.md,test,157,tahminler_taban512_hafta7.csv,tahminler_model512.csv,0.3,0.52,1.8089,0.3,0.5,0.1,8,512,110,55,20260913,"Esikler, katsayilar ve ornek buyuklukleri KARARDIR; olcumden turetilmedi. Ayrinti protokol dosyasinda.",3.13.1,8.4.144,0.12.6,2.14.0,2026-09-13 10:08:36,scripts/25_esit_fp_adaylari.py
a0381,fp,a0286,Taban-512,taban_00035,train_VRD_3094_JPG.rf.938850bbe10ccd22c932a807a494b757.jpg,VRD,0.4107,1113.5,18.3,1135.8,55.3,1092,4,1157,69,868,0,1381,512,Taban-512/VRD,1.0,0.3,1.8089,hayir,reports/hafta7_fp_protokolu.md,test,157,tahminler_taban512_hafta7.csv,tahminler_model512.csv,0.3,0.52,1.8089,0.3,0.5,0.1,8,512,110,55,20260913,"Esikler, katsayilar ve ornek buyuklukleri KARARDIR; olcumden turetilmedi. Ayrinti protokol dosyasinda.",3.13.1,8.4.144,0.12.6,2.14.0,2026-09-13 10:08:36,scripts/25_esit_fp_adaylari.py
a0382,fp,a0039,Model-512,model_00238,train_ZRI_2021_JPG.rf.0acf422827cbc011716ca38b5cc5892d.jpg,ZRI,0.7047,410.1,2795.6,438.2,2867.2,392,2788,457,2875,137,2427,711,3000,Model-512/ZRI,0.3504,0.52,1.8089,evet,reports/hafta7_fp_protokolu.md,test,157,tahminler_taban512_hafta7.csv,tahminler_model512.csv,0.3,0.52,1.8089,0.3,0.5,0.1,8,512,110,55,20260913,"Esikler, katsayilar ve ornek buyuklukleri KARARDIR; olcumden turetilmedi. Ayrinti protokol dosyasinda.",3.13.1,8.4.144,0.12.6,2.14.0,2026-09-13 10:08:36,scripts/25_esit_fp_adaylari.py
a0383,kontrol,a0296,Taban-512,taban_00437,train_ZRI_2066_JPG.rf.6c0b5d1549d2bce7c67ce607ffb519ee.jpg,ZRI,,2108.9,1499.1,2219.4,1606.1,2097,1488,2231,1617,1722,1110,2607,1995,Taban-512/ZRI,0.2402,0.3,1.8089,evet,reports/hafta7_fp_protokolu.md,test,157,tahminler_taban512_hafta7.csv,tahminler_model512.csv,0.3,0.52,1.8089,0.3,0.5,0.1,8,512,110,55,20260913,"Esikler, katsayilar ve ornek buyuklukleri KARARDIR; olcumden turetilmedi. Ayrinti protokol dosyasinda.",3.13.1,8.4.144,0.12.6,2.14.0,2026-09-13 10:08:36,scripts/25_esit_fp_adaylari.py
a0384,fp,a0049,Taban-512,taban_00033,train_VRD_3092_JPG.rf.b9c69f37389a1473f41b1882be71f72b.jpg,VRD,0.4923,3948.2,2684.4,3985.7,2743.0,3934,2678,3999,2749,3488,2457,4000,2970,Taban-512/VRD,1.0,0.3,1.8089,hayir,reports/hafta7_fp_protokolu.md,test,157,tahminler_taban512_hafta7.csv,tahminler_model512.csv,0.3,0.52,1.8089,0.3,0.5,0.1,8,512,110,55,20260913,"Esikler, katsayilar ve ornek buyuklukleri KARARDIR; olcumden turetilmedi. Ayrinti protokol dosyasinda.",3.13.1,8.4.144,0.12.6,2.14.0,2026-09-13 10:08:36,scripts/25_esit_fp_adaylari.py
a0385,fp,a0337,Taban-512,taban_00038,train_VRD_3096_JPG.rf.1f45f33e005fb2d99c61b67d687d00b4.jpg,VRD,0.5163,3171.3,2111.7,3218.5,2166.1,3162,2106,3227,2172,2938,1882,3451,2395,Taban-512/VRD,1.0,0.3,1.8089,hayir,reports/hafta7_fp_protokolu.md,test,157,tahminler_taban512_hafta7.csv,tahminler_model512.csv,0.3,0.52,1.8089,0.3,0.5,0.1,8,512,110,55,20260913,"Esikler, katsayilar ve ornek buyuklukleri KARARDIR; olcumden turetilmedi. Ayrinti protokol dosyasinda.",3.13.1,8.4.144,0.12.6,2.14.0,2026-09-13 10:08:36,scripts/25_esit_fp_adaylari.py
a0386,fp,a0034,Taban-512,taban_00019,train_VRD_3083_JPG.rf.8af8b7ba2f81349640d3de9849199918.jpg,VRD,0.6388,2222.2,729.9,2252.9,773.1,2205,719,2270,784,1981,495,2494,1008,Taban-512/VRD,1.0,0.3,1.8089,hayir,reports/hafta7_fp_protokolu.md,test,157,tahminler_taban512_hafta7.csv,tahminler_model512.csv,0.3,0.52,1.8089,0.3,0.5,0.1,8,512,110,55,20260913,"Esikler, katsayilar ve ornek buyuklukleri KARARDIR; olcumden turetilmedi. Ayrinti protokol dosyasinda.",3.13.1,8.4.144,0.12.6,2.14.0,2026-09-13 10:08:36,scripts/25_esit_fp_adaylari.py
a0387,fp,a0043,Taban-512,taban_00356,train_ZRI_2051_JPG.rf.c6b80d7c803e9e8d6c0e97620237f374.jpg,ZRI,0.5896,1830.2,1494.8,1854.0,1539.4,1810,1485,1875,1550,1586,1261,2099,1774,Taban-512/ZRI,0.2402,0.3,1.8089,hayir,reports/hafta7_fp_protokolu.md,test,157,tahminler_taban512_hafta7.csv,tahminler_model512.csv,0.3,0.52,1.8089,0.3,0.5,0.1,8,512,110,55,20260913,"Esikler, katsayilar ve ornek buyuklukleri KARARDIR; olcumden turetilmedi. Ayrinti protokol dosyasinda.",3.13.1,8.4.144,0.12.6,2.14.0,2026-09-13 10:08:36,scripts/25_esit_fp_adaylari.py
a0388,fp,a0112,Model-512,model_00766,train_ZRI_3020_JPG.rf.755a92000e873bc5de222da850f53ffe.jpg,ZRI,0.7404,2055.6,960.4,2105.5,1007.6,2048,952,2113,1016,1824,728,2337,1240,Model-512/ZRI,0.3504,0.52,1.8089,hayir,reports/hafta7_fp_protokolu.md,test,157,tahminler_taban512_hafta7.csv,tahminler_model512.csv,0.3,0.52,1.8089,0.3,0.5,0.1,8,512,110,55,20260913,"Esikler, katsayilar ve ornek buyuklukleri KARARDIR; olcumden turetilmedi. Ayrinti protokol dosyasinda.",3.13.1,8.4.144,0.12.6,2.14.0,2026-09-13 10:08:36,scripts/25_esit_fp_adaylari.py
a0389,kontrol,a0153,Model-512,model_00028,train_VRD_3097_JPG.rf.f8d2643399443f294c99f42f9f55d227.jpg,VRD,,2048.6,1239.9,2092.4,1301.5,2038,1233,2103,1308,1814,1014,2327,1527,Model-512/VRD,1.0,0.52,1.8089,hayir,reports/hafta7_fp_protokolu.md,test,157,tahminler_taban512_hafta7.csv,tahminler_model512.csv,0.3,0.52,1.8089,0.3,0.5,0.1,8,512,110,55,20260913,"Esikler, katsayilar ve ornek buyuklukleri KARARDIR; olcumden turetilmedi. Ayrinti protokol dosyasinda.",3.13.1,8.4.144,0.12.6,2.14.0,2026-09-13 10:08:36,scripts/25_esit_fp_adaylari.py
a0390,fp,a0322,Taban-512,taban_00060,train_VRD_3112_JPG.rf.42608d3ed20187f499e1e1dfe8a5e719.jpg,VRD,0.3612,1123.5,2927.4,1147.3,2957.9,1103,2910,1168,2975,879,2488,1392,3000,Taban-512/VRD,1.0,0.3,1.8089,hayir,reports/hafta7_fp_protokolu.md,test,157,tahminler_taban512_hafta7.csv,tahminler_model512.csv,0.3,0.52,1.8089,0.3,0.5,0.1,8,512,110,55,20260913,"Esikler, katsayilar ve ornek buyuklukleri KARARDIR; olcumden turetilmedi. Ayrinti protokol dosyasinda.",3.13.1,8.4.144,0.12.6,2.14.0,2026-09-13 10:08:36,scripts/25_esit_fp_adaylari.py
a0391,fp,a0402,Model-512,model_00232,train_ZRI_2020_JPG.rf.fe7697b61c88cbd4b1212ec7a618942e.jpg,ZRI,0.5946,398.9,2460.3,512.0,2505.3,387,2450,524,2515,3,2030,908,2936,Model-512/ZRI,0.3504,0.52,1.8089,hayir,reports/hafta7_fp_protokolu.md,test,157,tahminler_taban512_hafta7.csv,tahminler_model512.csv,0.3,0.52,1.8089,0.3,0.5,0.1,8,512,110,55,20260913,"Esikler, katsayilar ve ornek buyuklukleri KARARDIR; olcumden turetilmedi. Ayrinti protokol dosyasinda.",3.13.1,8.4.144,0.12.6,2.14.0,2026-09-13 10:08:36,scripts/25_esit_fp_adaylari.py
a0392,fp,a0285,Taban-512,taban_00031,train_VRD_3091_JPG.rf.b2431f4f88816d9458553448073861a7.jpg,VRD,0.3475,3455.8,2731.5,3497.1,2793.8,3444,2725,3509,2801,3220,2488,3733,3000,Taban-512/VRD,1.0,0.3,1.8089,hayir,reports/hafta7_fp_protokolu.md,test,157,tahminler_taban512_hafta7.csv,tahminler_model512.csv,0.3,0.52,1.8089,0.3,0.5,0.1,8,512,110,55,20260913,"Esikler, katsayilar ve ornek buyuklukleri KARARDIR; olcumden turetilmedi. Ayrinti protokol dosyasinda.",3.13.1,8.4.144,0.12.6,2.14.0,2026-09-13 10:08:36,scripts/25_esit_fp_adaylari.py
a0393,kontrol,a0365,Model-512,model_00519,train_ZRI_2065_JPG.rf.830ac62cc7542ba9b85d03b76e773cef.jpg,ZRI,,168.1,1302.6,224.2,1352.5,162,1295,230,1360,0,1071,512,1584,Model-512/ZRI,0.3504,0.52,1.8089,hayir,reports/hafta7_fp_protokolu.md,test,157,tahminler_taban512_hafta7.csv,tahminler_model512.csv,0.3,0.52,1.8089,0.3,0.5,0.1,8,512,110,55,20260913,"Esikler, katsayilar ve ornek buyuklukleri KARARDIR; olcumden turetilmedi. Ayrinti protokol dosyasinda.",3.13.1,8.4.144,0.12.6,2.14.0,2026-09-13 10:08:36,scripts/25_esit_fp_adaylari.py
a0394,fp,a0028,Model-512,model_00113,train_ZRI_2012_JPG.rf.c05e4c2bd31f79c57174d2c7484d907c.jpg,ZRI,0.8271,380.7,1118.5,487.0,1194.3,370,1110,498,1202,8,731,860,1582,Model-512/ZRI,0.3504,0.52,1.8089,hayir,reports/hafta7_fp_protokolu.md,test,157,tahminler_taban512_hafta7.csv,tahminler_model512.csv,0.3,0.52,1.8089,0.3,0.5,0.1,8,512,110,55,20260913,"Esikler, katsayilar ve ornek buyuklukleri KARARDIR; olcumden turetilmedi. Ayrinti protokol dosyasinda.",3.13.1,8.4.144,0.12.6,2.14.0,2026-09-13 10:08:36,scripts/25_esit_fp_adaylari.py
a0395,fp,a0256,Taban-512,taban_00046,train_VRD_3104_JPG.rf.8d1a883acbd3ff04e414e42d5ed8e7f2.jpg,VRD,0.3032,739.3,1884.5,751.6,1924.7,713,1872,778,1937,489,1648,1002,2161,Taban-512/VRD,1.0,0.3,1.8089,evet,reports/hafta7_fp_protokolu.md,test,157,tahminler_taban512_hafta7.csv,tahminler_model512.csv,0.3,0.52,1.8089,0.3,0.5,0.1,8,512,110,55,20260913,"Esikler, katsayilar ve ornek buyuklukleri KARARDIR; olcumden turetilmedi. Ayrinti protokol dosyasinda.",3.13.1,8.4.144,0.12.6,2.14.0,2026-09-13 10:08:36,scripts/25_esit_fp_adaylari.py
a0396,fp,a0025,Taban-512,taban_00137,train_ZRI_2012_JPG.rf.c05e4c2bd31f79c57174d2c7484d907c.jpg,ZRI,0.4396,520.2,0.0,694.2,120.9,502,0,712,133,0,0,1392,1392,Taban-512/ZRI,0.2402,0.3,1.8089,hayir,reports/hafta7_fp_protokolu.md,test,157,tahminler_taban512_hafta7.csv,tahminler_model512.csv,0.3,0.52,1.8089,0.3,0.5,0.1,8,512,110,55,20260913,"Esikler, katsayilar ve ornek buyuklukleri KARARDIR; olcumden turetilmedi. Ayrinti protokol dosyasinda.",3.13.1,8.4.144,0.12.6,2.14.0,2026-09-13 10:08:36,scripts/25_esit_fp_adaylari.py
a0397,fp,a0100,Taban-512,taban_00605,train_ZRI_3032_JPG.rf.5b893bf74c6c8d1404e9c805950090de.jpg,ZRI,0.6562,1217.4,1705.5,1277.4,1741.7,1211,1691,1284,1756,991,1467,1504,1980,Taban-512/ZRI,0.2402,0.3,1.8089,hayir,reports/hafta7_fp_protokolu.md,test,157,tahminler_taban512_hafta7.csv,tahminler_model512.csv,0.3,0.52,1.8089,0.3,0.5,0.1,8,512,110,55,20260913,"Esikler, katsayilar ve ornek buyuklukleri KARARDIR; olcumden turetilmedi. Ayrinti protokol dosyasinda.",3.13.1,8.4.144,0.12.6,2.14.0,2026-09-13 10:08:36,scripts/25_esit_fp_adaylari.py
a0398,kontrol,a0320,Taban-512,taban_00576,train_ZRI_3023_JPG.rf.53c979cc18817a0169dc7a3d0aa70e4d.jpg,ZRI,,210.3,411.4,307.8,449.9,200,398,318,463,0,40,780,821,Taban-512/ZRI,0.2402,0.3,1.8089,hayir,reports/hafta7_fp_protokolu.md,test,157,tahminler_taban512_hafta7.csv,tahminler_model512.csv,0.3,0.52,1.8089,0.3,0.5,0.1,8,512,110,55,20260913,"Esikler, katsayilar ve ornek buyuklukleri KARARDIR; olcumden turetilmedi. Ayrinti protokol dosyasinda.",3.13.1,8.4.144,0.12.6,2.14.0,2026-09-13 10:08:36,scripts/25_esit_fp_adaylari.py
a0399,kontrol,a0003,Taban-512,taban_00051,train_VRD_3108_JPG.rf.821b5a74688d867642805bc9851a71cb.jpg,VRD,,2643.0,2225.4,2665.0,2270.7,2622,2216,2687,2281,2398,1992,2911,2505,Taban-512/VRD,1.0,0.3,1.8089,hayir,reports/hafta7_fp_protokolu.md,test,157,tahminler_taban512_hafta7.csv,tahminler_model512.csv,0.3,0.52,1.8089,0.3,0.5,0.1,8,512,110,55,20260913,"Esikler, katsayilar ve ornek buyuklukleri KARARDIR; olcumden turetilmedi. Ayrinti protokol dosyasinda.",3.13.1,8.4.144,0.12.6,2.14.0,2026-09-13 10:08:36,scripts/25_esit_fp_adaylari.py
a0400,fp,a0064,Taban-512,taban_00132,train_ZRI_2012_JPG.rf.c05e4c2bd31f79c57174d2c7484d907c.jpg,ZRI,0.763,1720.7,621.8,1911.7,713.7,1701,612,1931,723,1052,0,2581,1528,Taban-512/ZRI,0.2402,0.3,1.8089,hayir,reports/hafta7_fp_protokolu.md,test,157,tahminler_taban512_hafta7.csv,tahminler_model512.csv,0.3,0.52,1.8089,0.3,0.5,0.1,8,512,110,55,20260913,"Esikler, katsayilar ve ornek buyuklukleri KARARDIR; olcumden turetilmedi. Ayrinti protokol dosyasinda.",3.13.1,8.4.144,0.12.6,2.14.0,2026-09-13 10:08:36,scripts/25_esit_fp_adaylari.py
a0401,kontrol,a0093,Model-512,model_00248,train_ZRI_2022_JPG.rf.afe9ce3ac8fd51e28fc46734dc3d4db5.jpg,ZRI,,2049.9,733.9,2108.7,779.8,2044,724,2115,789,1823,500,2336,1013,Model-512/ZRI,0.3504,0.52,1.8089,hayir,reports/hafta7_fp_protokolu.md,test,157,tahminler_taban512_hafta7.csv,tahminler_model512.csv,0.3,0.52,1.8089,0.3,0.5,0.1,8,512,110,55,20260913,"Esikler, katsayilar ve ornek buyuklukleri KARARDIR; olcumden turetilmedi. Ayrinti protokol dosyasinda.",3.13.1,8.4.144,0.12.6,2.14.0,2026-09-13 10:08:36,scripts/25_esit_fp_adaylari.py
a0402,kontrol,a0391,Model-512,model_00232,train_ZRI_2020_JPG.rf.fe7697b61c88cbd4b1212ec7a618942e.jpg,ZRI,,2124.2,2683.7,2237.3,2728.7,2112,2674,2249,2739,1728,2095,2634,3000,Model-512/ZRI,0.3504,0.52,1.8089,evet,reports/hafta7_fp_protokolu.md,test,157,tahminler_taban512_hafta7.csv,tahminler_model512.csv,0.3,0.52,1.8089,0.3,0.5,0.1,8,512,110,55,20260913,"Esikler, katsayilar ve ornek buyuklukleri KARARDIR; olcumden turetilmedi. Ayrinti protokol dosyasinda.",3.13.1,8.4.144,0.12.6,2.14.0,2026-09-13 10:08:36,scripts/25_esit_fp_adaylari.py
a0403,kontrol,a0131,Model-512,model_00412,train_ZRI_2048_JPG.rf.0fae12d6c534313cce3f628106f8d597.jpg,ZRI,,661.0,2915.4,728.6,2972.9,654,2909,736,2979,424,2459,966,3000,Model-512/ZRI,0.3504,0.52,1.8089,evet,reports/hafta7_fp_protokolu.md,test,157,tahminler_taban512_hafta7.csv,tahminler_model512.csv,0.3,0.52,1.8089,0.3,0.5,0.1,8,512,110,55,20260913,"Esikler, katsayilar ve ornek buyuklukleri KARARDIR; olcumden turetilmedi. Ayrinti protokol dosyasinda.",3.13.1,8.4.144,0.12.6,2.14.0,2026-09-13 10:08:36,scripts/25_esit_fp_adaylari.py
a0404,kontrol,a0429,Model-512,model_00253,train_ZRI_2023_JPG.rf.22a40d9e64542136b8adc0938d870534.jpg,ZRI,,579.4,1929.7,656.9,2041.2,571,1918,665,2053,172,1539,1065,2432,Model-512/ZRI,0.3504,0.52,1.8089,hayir,reports/hafta7_fp_protokolu.md,test,157,tahminler_taban512_hafta7.csv,tahminler_model512.csv,0.3,0.52,1.8089,0.3,0.5,0.1,8,512,110,55,20260913,"Esikler, katsayilar ve ornek buyuklukleri KARARDIR; olcumden turetilmedi. Ayrinti protokol dosyasinda.",3.13.1,8.4.144,0.12.6,2.14.0,2026-09-13 10:08:36,scripts/25_esit_fp_adaylari.py
a0405,fp,a0106,Model-512,model_00033,train_VRD_3100_JPG.rf.3beba408a58b03a32b6f773893e86f7f.jpg,VRD,0.6798,1189.7,1779.2,1238.7,1869.6,1182,1770,1247,1879,852,1462,1576,2186,Model-512/VRD,1.0,0.52,1.8089,hayir,reports/hafta7_fp_protokolu.md,test,157,tahminler_taban512_hafta7.csv,tahminler_model512.csv,0.3,0.52,1.8089,0.3,0.5,0.1,8,512,110,55,20260913,"Esikler, katsayilar ve ornek buyuklukleri KARARDIR; olcumden turetilmedi. Ayrinti protokol dosyasinda.",3.13.1,8.4.144,0.12.6,2.14.0,2026-09-13 10:08:36,scripts/25_esit_fp_adaylari.py
a0406,kontrol,a0298,Taban-512,taban_00650,train_ZRI_3035_JPG.rf.200735874c12e560a2d58814a77819f8.jpg,ZRI,,776.2,1075.7,824.1,1155.0,768,1067,833,1163,482,798,1118,1433,Taban-512/ZRI,0.2402,0.3,1.8089,hayir,reports/hafta7_fp_protokolu.md,test,157,tahminler_taban512_hafta7.csv,tahminler_model512.csv,0.3,0.52,1.8089,0.3,0.5,0.1,8,512,110,55,20260913,"Esikler, katsayilar ve ornek buyuklukleri KARARDIR; olcumden turetilmedi. Ayrinti protokol dosyasinda.",3.13.1,8.4.144,0.12.6,2.14.0,2026-09-13 10:08:36,scripts/25_esit_fp_adaylari.py
a0407,fp,a0042,Taban-512,taban_00054,train_VRD_3111_JPG.rf.62ad8acc511c6bcc7e49b4b471a18703.jpg,VRD,0.4238,568.5,890.6,601.9,921.7,553,874,618,939,329,650,842,1163,Taban-512/VRD,1.0,0.3,1.8089,hayir,reports/hafta7_fp_protokolu.md,test,157,tahminler_taban512_hafta7.csv,tahminler_model512.csv,0.3,0.52,1.8089,0.3,0.5,0.1,8,512,110,55,20260913,"Esikler, katsayilar ve ornek buyuklukleri KARARDIR; olcumden turetilmedi. Ayrinti protokol dosyasinda.",3.13.1,8.4.144,0.12.6,2.14.0,2026-09-13 10:08:36,scripts/25_esit_fp_adaylari.py
a0408,kontrol,a0364,Model-512,model_00186,train_ZRI_2015_JPG.rf.f377a3f68327562d2a7718cc6a1c4022.jpg,ZRI,,874.1,775.3,915.2,828.3,862,769,927,834,638,545,1151,1058,Model-512/ZRI,0.3504,0.52,1.8089,hayir,reports/hafta7_fp_protokolu.md,test,157,tahminler_taban512_hafta7.csv,tahminler_model512.csv,0.3,0.52,1.8089,0.3,0.5,0.1,8,512,110,55,20260913,"Esikler, katsayilar ve ornek buyuklukleri KARARDIR; olcumden turetilmedi. Ayrinti protokol dosyasinda.",3.13.1,8.4.144,0.12.6,2.14.0,2026-09-13 10:08:36,scripts/25_esit_fp_adaylari.py
a0409,kontrol,a0097,Model-512,model_00392,train_ZRI_2047_JPG.rf.28100fb3bc7c0eb615dea5cc673ffa75.jpg,ZRI,,3374.0,270.3,3415.6,306.8,3362,256,3427,321,3138,32,3651,545,Model-512/ZRI,0.3504,0.52,1.8089,hayir,reports/hafta7_fp_protokolu.md,test,157,tahminler_taban512_hafta7.csv,tahminler_model512.csv,0.3,0.52,1.8089,0.3,0.5,0.1,8,512,110,55,20260913,"Esikler, katsayilar ve ornek buyuklukleri KARARDIR; olcumden turetilmedi. Ayrinti protokol dosyasinda.",3.13.1,8.4.144,0.12.6,2.14.0,2026-09-13 10:08:36,scripts/25_esit_fp_adaylari.py
a0410,fp,a0062,Model-512,model_00555,train_ZRI_2069_JPG.rf.6a409d8c56d0318e69673369fd6d2678.jpg,ZRI,0.5435,1075.1,901.1,1138.7,922.0,1068,879,1146,944,850,655,1363,1168,Model-512/ZRI,0.3504,0.52,1.8089,hayir,reports/hafta7_fp_protokolu.md,test,157,tahminler_taban512_hafta7.csv,tahminler_model512.csv,0.3,0.52,1.8089,0.3,0.5,0.1,8,512,110,55,20260913,"Esikler, katsayilar ve ornek buyuklukleri KARARDIR; olcumden turetilmedi. Ayrinti protokol dosyasinda.",3.13.1,8.4.144,0.12.6,2.14.0,2026-09-13 10:08:36,scripts/25_esit_fp_adaylari.py
a0411,kontrol,a0238,Model-512,model_00022,train_VRD_3092_JPG.rf.b9c69f37389a1473f41b1882be71f72b.jpg,VRD,,2970.2,496.7,3023.2,557.5,2964,490,3029,564,2740,271,3253,784,Model-512/VRD,1.0,0.52,1.8089,hayir,reports/hafta7_fp_protokolu.md,test,157,tahminler_taban512_hafta7.csv,tahminler_model512.csv,0.3,0.52,1.8089,0.3,0.5,0.1,8,512,110,55,20260913,"Esikler, katsayilar ve ornek buyuklukleri KARARDIR; olcumden turetilmedi. Ayrinti protokol dosyasinda.",3.13.1,8.4.144,0.12.6,2.14.0,2026-09-13 10:08:36,scripts/25_esit_fp_adaylari.py
a0412,kontrol,a0086,Model-512,model_00053,train_VRD_3131_JPG.rf.d3a5ac84f7a36ebe7329740f0f4a05d8.jpg,VRD,,2684.2,1522.9,2728.0,1567.2,2674,1513,2739,1578,2450,1289,2963,1802,Model-512/VRD,1.0,0.52,1.8089,hayir,reports/hafta7_fp_protokolu.md,test,157,tahminler_taban512_hafta7.csv,tahminler_model512.csv,0.3,0.52,1.8089,0.3,0.5,0.1,8,512,110,55,20260913,"Esikler, katsayilar ve ornek buyuklukleri KARARDIR; olcumden turetilmedi. Ayrinti protokol dosyasinda.",3.13.1,8.4.144,0.12.6,2.14.0,2026-09-13 10:08:36,scripts/25_esit_fp_adaylari.py
a0413,kontrol,a0414,Model-512,model_00066,train_ZRI_2005_JPG.rf.d8ed37aeb06c21e824399fda50263493.jpg,ZRI,,317.6,455.3,375.5,488.4,311,439,382,504,90,215,603,728,Model-512/ZRI,0.3504,0.52,1.8089,hayir,reports/hafta7_fp_protokolu.md,test,157,tahminler_taban512_hafta7.csv,tahminler_model512.csv,0.3,0.52,1.8089,0.3,0.5,0.1,8,512,110,55,20260913,"Esikler, katsayilar ve ornek buyuklukleri KARARDIR; olcumden turetilmedi. Ayrinti protokol dosyasinda.",3.13.1,8.4.144,0.12.6,2.14.0,2026-09-13 10:08:36,scripts/25_esit_fp_adaylari.py
a0414,fp,a0413,Model-512,model_00066,train_ZRI_2005_JPG.rf.d8ed37aeb06c21e824399fda50263493.jpg,ZRI,0.5628,3253.7,1347.1,3311.6,1380.2,3247,1331,3318,1396,3026,1107,3539,1620,Model-512/ZRI,0.3504,0.52,1.8089,hayir,reports/hafta7_fp_protokolu.md,test,157,tahminler_taban512_hafta7.csv,tahminler_model512.csv,0.3,0.52,1.8089,0.3,0.5,0.1,8,512,110,55,20260913,"Esikler, katsayilar ve ornek buyuklukleri KARARDIR; olcumden turetilmedi. Ayrinti protokol dosyasinda.",3.13.1,8.4.144,0.12.6,2.14.0,2026-09-13 10:08:36,scripts/25_esit_fp_adaylari.py
a0415,kontrol,a0328,Model-512,model_00129,train_ZRI_2012_JPG.rf.c05e4c2bd31f79c57174d2c7484d907c.jpg,ZRI,,1040.9,1475.9,1153.9,1637.9,1029,1459,1166,1655,449,908,1746,2205,Model-512/ZRI,0.3504,0.52,1.8089,hayir,reports/hafta7_fp_protokolu.md,test,157,tahminler_taban512_hafta7.csv,tahminler_model512.csv,0.3,0.52,1.8089,0.3,0.5,0.1,8,512,110,55,20260913,"Esikler, katsayilar ve ornek buyuklukleri KARARDIR; olcumden turetilmedi. Ayrinti protokol dosyasinda.",3.13.1,8.4.144,0.12.6,2.14.0,2026-09-13 10:08:36,scripts/25_esit_fp_adaylari.py
a0416,kontrol,a0050,Taban-512,taban_00017,train_VRD_3082_JPG.rf.bc32984470d6b81e6cda05017ace1730.jpg,VRD,,2997.2,2577.5,3031.0,2618.6,2982,2566,3047,2631,2758,2342,3271,2855,Taban-512/VRD,1.0,0.3,1.8089,hayir,reports/hafta7_fp_protokolu.md,test,157,tahminler_taban512_hafta7.csv,tahminler_model512.csv,0.3,0.52,1.8089,0.3,0.5,0.1,8,512,110,55,20260913,"Esikler, katsayilar ve ornek buyuklukleri KARARDIR; olcumden turetilmedi. Ayrinti protokol dosyasinda.",3.13.1,8.4.144,0.12.6,2.14.0,2026-09-13 10:08:36,scripts/25_esit_fp_adaylari.py
a0417,fp,a0192,Taban-512,taban_00409,train_ZRI_2058_JPG.rf.34e7e941d692239be5f03263699cf42f.jpg,ZRI,0.5158,853.3,2416.5,921.7,2517.1,846,2406,929,2528,485,2064,1290,2870,Taban-512/ZRI,0.2402,0.3,1.8089,hayir,reports/hafta7_fp_protokolu.md,test,157,tahminler_taban512_hafta7.csv,tahminler_model512.csv,0.3,0.52,1.8089,0.3,0.5,0.1,8,512,110,55,20260913,"Esikler, katsayilar ve ornek buyuklukleri KARARDIR; olcumden turetilmedi. Ayrinti protokol dosyasinda.",3.13.1,8.4.144,0.12.6,2.14.0,2026-09-13 10:08:36,scripts/25_esit_fp_adaylari.py
a0418,fp,a0126,Model-512,model_00049,train_VRD_3122_JPG.rf.b5686dc29c278d051a3a1727a8e99068.jpg,VRD,0.716,877.3,2094.1,921.9,2171.1,867,2086,932,2179,591,1824,1208,2441,Model-512/VRD,1.0,0.52,1.8089,hayir,reports/hafta7_fp_protokolu.md,test,157,tahminler_taban512_hafta7.csv,tahminler_model512.csv,0.3,0.52,1.8089,0.3,0.5,0.1,8,512,110,55,20260913,"Esikler, katsayilar ve ornek buyuklukleri KARARDIR; olcumden turetilmedi. Ayrinti protokol dosyasinda.",3.13.1,8.4.144,0.12.6,2.14.0,2026-09-13 10:08:36,scripts/25_esit_fp_adaylari.py
a0419,kontrol,a0349,Model-512,model_00194,train_ZRI_2016_JPG.rf.4ddcf0bba1f6f523b5bdb548b5037f06.jpg,ZRI,,709.4,962.2,791.9,1028.4,701,955,801,1035,420,665,1081,1326,Model-512/ZRI,0.3504,0.52,1.8089,evet,reports/hafta7_fp_protokolu.md,test,157,tahminler_taban512_hafta7.csv,tahminler_model512.csv,0.3,0.52,1.8089,0.3,0.5,0.1,8,512,110,55,20260913,"Esikler, katsayilar ve ornek buyuklukleri KARARDIR; olcumden turetilmedi. Ayrinti protokol dosyasinda.",3.13.1,8.4.144,0.12.6,2.14.0,2026-09-13 10:08:36,scripts/25_esit_fp_adaylari.py
a0420,kontrol,a0268,Taban-512,taban_00570,train_ZRI_3022_JPG.rf.d115c4fe72b775641f52aadcf9d5236f.jpg,ZRI,,24.2,2606.6,72.7,2658.2,16,2600,81,2665,0,2376,512,2889,Taban-512/ZRI,0.2402,0.3,1.8089,hayir,reports/hafta7_fp_protokolu.md,test,157,tahminler_taban512_hafta7.csv,tahminler_model512.csv,0.3,0.52,1.8089,0.3,0.5,0.1,8,512,110,55,20260913,"Esikler, katsayilar ve ornek buyuklukleri KARARDIR; olcumden turetilmedi. Ayrinti protokol dosyasinda.",3.13.1,8.4.144,0.12.6,2.14.0,2026-09-13 10:08:36,scripts/25_esit_fp_adaylari.py
a0421,kontrol,a0001,Model-512,model_00424,train_ZRI_2049_JPG.rf.35c07c1208f36c275450d0a1f718410a.jpg,ZRI,,1121.6,818.4,1153.7,878.5,1105,812,1170,885,881,592,1394,1105,Model-512/ZRI,0.3504,0.52,1.8089,hayir,reports/hafta7_fp_protokolu.md,test,157,tahminler_taban512_hafta7.csv,tahminler_model512.csv,0.3,0.52,1.8089,0.3,0.5,0.1,8,512,110,55,20260913,"Esikler, katsayilar ve ornek buyuklukleri KARARDIR; olcumden turetilmedi. Ayrinti protokol dosyasinda.",3.13.1,8.4.144,0.12.6,2.14.0,2026-09-13 10:08:36,scripts/25_esit_fp_adaylari.py
a0422,kontrol,a0271,Model-512,model_00287,train_ZRI_2027_JPG.rf.20f6586039a8c1a6dc397e439913444e.jpg,ZRI,,2343.7,26.5,2409.6,115.9,2337,17,2417,125,2019,0,2735,716,Model-512/ZRI,0.3504,0.52,1.8089,hayir,reports/hafta7_fp_protokolu.md,test,157,tahminler_taban512_hafta7.csv,tahminler_model512.csv,0.3,0.52,1.8089,0.3,0.5,0.1,8,512,110,55,20260913,"Esikler, katsayilar ve ornek buyuklukleri KARARDIR; olcumden turetilmedi. Ayrinti protokol dosyasinda.",3.13.1,8.4.144,0.12.6,2.14.0,2026-09-13 10:08:36,scripts/25_esit_fp_adaylari.py
a0423,kontrol,a0240,Taban-512,taban_00088,train_ZRI_2006_JPG.rf.d72e1e0ec64a7291daa8ebc254d5d13d.jpg,ZRI,,3462.3,674.3,3617.0,778.1,3446,663,3633,789,2762,107,4000,1345,Taban-512/ZRI,0.2402,0.3,1.8089,hayir,reports/hafta7_fp_protokolu.md,test,157,tahminler_taban512_hafta7.csv,tahminler_model512.csv,0.3,0.52,1.8089,0.3,0.5,0.1,8,512,110,55,20260913,"Esikler, katsayilar ve ornek buyuklukleri KARARDIR; olcumden turetilmedi. Ayrinti protokol dosyasinda.",3.13.1,8.4.144,0.12.6,2.14.0,2026-09-13 10:08:36,scripts/25_esit_fp_adaylari.py
a0424,kontrol,a0051,Taban-512,taban_00050,train_VRD_3107_JPG.rf.578be187d472128edc05c898ca288a66.jpg,VRD,,3397.3,1805.8,3461.1,1922.8,3390,1794,3468,1935,2961,1396,3898,2333,Taban-512/VRD,1.0,0.3,1.8089,hayir,reports/hafta7_fp_protokolu.md,test,157,tahminler_taban512_hafta7.csv,tahminler_model512.csv,0.3,0.52,1.8089,0.3,0.5,0.1,8,512,110,55,20260913,"Esikler, katsayilar ve ornek buyuklukleri KARARDIR; olcumden turetilmedi. Ayrinti protokol dosyasinda.",3.13.1,8.4.144,0.12.6,2.14.0,2026-09-13 10:08:36,scripts/25_esit_fp_adaylari.py
a0425,fp,a0281,Taban-512,taban_00252,train_ZRI_2032_JPG.rf.49927cb43742154fd5f0f8aa302575b6.jpg,ZRI,0.3656,2222.7,2933.7,2260.6,2999.7,2209,2927,2274,3000,1977,2472,2506,3000,Taban-512/ZRI,0.2402,0.3,1.8089,hayir,reports/hafta7_fp_protokolu.md,test,157,tahminler_taban512_hafta7.csv,tahminler_model512.csv,0.3,0.52,1.8089,0.3,0.5,0.1,8,512,110,55,20260913,"Esikler, katsayilar ve ornek buyuklukleri KARARDIR; olcumden turetilmedi. Ayrinti protokol dosyasinda.",3.13.1,8.4.144,0.12.6,2.14.0,2026-09-13 10:08:36,scripts/25_esit_fp_adaylari.py
a0426,fp,a0166,Taban-512,taban_00270,train_ZRI_2035_JPG.rf.59dfa568de01527e83d9b4b52c088911.jpg,ZRI,0.3941,2947.7,1640.2,3036.3,1705.6,2938,1633,3046,1713,2637,1318,3347,2028,Taban-512/ZRI,0.2402,0.3,1.8089,evet,reports/hafta7_fp_protokolu.md,test,157,tahminler_taban512_hafta7.csv,tahminler_model512.csv,0.3,0.52,1.8089,0.3,0.5,0.1,8,512,110,55,20260913,"Esikler, katsayilar ve ornek buyuklukleri KARARDIR; olcumden turetilmedi. Ayrinti protokol dosyasinda.",3.13.1,8.4.144,0.12.6,2.14.0,2026-09-13 10:08:36,scripts/25_esit_fp_adaylari.py
a0427,fp,a0096,Taban-512,taban_00410,train_ZRI_2058_JPG.rf.34e7e941d692239be5f03263699cf42f.jpg,ZRI,0.4851,1253.3,2462.1,1331.7,2567.7,1245,2451,1340,2579,870,2092,1715,2938,Taban-512/ZRI,0.2402,0.3,1.8089,hayir,reports/hafta7_fp_protokolu.md,test,157,tahminler_taban512_hafta7.csv,tahminler_model512.csv,0.3,0.52,1.8089,0.3,0.5,0.1,8,512,110,55,20260913,"Esikler, katsayilar ve ornek buyuklukleri KARARDIR; olcumden turetilmedi. Ayrinti protokol dosyasinda.",3.13.1,8.4.144,0.12.6,2.14.0,2026-09-13 10:08:36,scripts/25_esit_fp_adaylari.py
a0428,kontrol,a0176,Taban-512,taban_00169,train_ZRI_2014_JPG.rf.95f28aeba5b563f69c9b10bbb6758285.jpg,ZRI,,3587.3,2702.1,3691.4,2809.0,3576,2691,3702,2820,3144,2144,4000,3000,Taban-512/ZRI,0.2402,0.3,1.8089,hayir,reports/hafta7_fp_protokolu.md,test,157,tahminler_taban512_hafta7.csv,tahminler_model512.csv,0.3,0.52,1.8089,0.3,0.5,0.1,8,512,110,55,20260913,"Esikler, katsayilar ve ornek buyuklukleri KARARDIR; olcumden turetilmedi. Ayrinti protokol dosyasinda.",3.13.1,8.4.144,0.12.6,2.14.0,2026-09-13 10:08:36,scripts/25_esit_fp_adaylari.py
a0429,fp,a0404,Model-512,model_00253,train_ZRI_2023_JPG.rf.22a40d9e64542136b8adc0938d870534.jpg,ZRI,0.7612,2878.1,13.2,2955.6,124.7,2870,2,2964,136,2470,0,3363,892,Model-512/ZRI,0.3504,0.52,1.8089,hayir,reports/hafta7_fp_protokolu.md,test,157,tahminler_taban512_hafta7.csv,tahminler_model512.csv,0.3,0.52,1.8089,0.3,0.5,0.1,8,512,110,55,20260913,"Esikler, katsayilar ve ornek buyuklukleri KARARDIR; olcumden turetilmedi. Ayrinti protokol dosyasinda.",3.13.1,8.4.144,0.12.6,2.14.0,2026-09-13 10:08:36,scripts/25_esit_fp_adaylari.py
a0430,kontrol,a0306,Taban-512,taban_00043,train_VRD_3102_JPG.rf.fdc890582108469dc32b301fab81d7f9.jpg,VRD,,2304.6,863.6,2348.0,923.9,2294,857,2359,930,2070,637,2583,1150,Taban-512/VRD,1.0,0.3,1.8089,hayir,reports/hafta7_fp_protokolu.md,test,157,tahminler_taban512_hafta7.csv,tahminler_model512.csv,0.3,0.52,1.8089,0.3,0.5,0.1,8,512,110,55,20260913,"Esikler, katsayilar ve ornek buyuklukleri KARARDIR; olcumden turetilmedi. Ayrinti protokol dosyasinda.",3.13.1,8.4.144,0.12.6,2.14.0,2026-09-13 10:08:36,scripts/25_esit_fp_adaylari.py
a0431,kontrol,a0180,Model-512,model_00361,train_ZRI_2035_JPG.rf.59dfa568de01527e83d9b4b52c088911.jpg,ZRI,,3301.1,2306.8,3374.5,2386.2,3293,2298,3382,2395,3020,2028,3656,2665,Model-512/ZRI,0.3504,0.52,1.8089,evet,reports/hafta7_fp_protokolu.md,test,157,tahminler_taban512_hafta7.csv,tahminler_model512.csv,0.3,0.52,1.8089,0.3,0.5,0.1,8,512,110,55,20260913,"Esikler, katsayilar ve ornek buyuklukleri KARARDIR; olcumden turetilmedi. Ayrinti protokol dosyasinda.",3.13.1,8.4.144,0.12.6,2.14.0,2026-09-13 10:08:36,scripts/25_esit_fp_adaylari.py
a0432,kontrol,a0347,Taban-512,taban_00471,train_ZRI_3001_JPG.rf.87934c388c284001e56188d171bf0641.jpg,ZRI,,2250.8,1808.6,2300.2,1847.5,2243,1796,2308,1861,2019,1572,2532,2085,Taban-512/ZRI,0.2402,0.3,1.8089,hayir,reports/hafta7_fp_protokolu.md,test,157,tahminler_taban512_hafta7.csv,tahminler_model512.csv,0.3,0.52,1.8089,0.3,0.5,0.1,8,512,110,55,20260913,"Esikler, katsayilar ve ornek buyuklukleri KARARDIR; olcumden turetilmedi. Ayrinti protokol dosyasinda.",3.13.1,8.4.144,0.12.6,2.14.0,2026-09-13 10:08:36,scripts/25_esit_fp_adaylari.py
a0433,fp,a0104,Model-512,model_00434,train_ZRI_2050_JPG.rf.6921c2273a748f4edbc0852aa24bddca.jpg,ZRI,0.6378,956.0,2493.3,1061.9,2562.0,945,2486,1073,2569,585,2104,1433,2952,Model-512/ZRI,0.3504,0.52,1.8089,hayir,reports/hafta7_fp_protokolu.md,test,157,tahminler_taban512_hafta7.csv,tahminler_model512.csv,0.3,0.52,1.8089,0.3,0.5,0.1,8,512,110,55,20260913,"Esikler, katsayilar ve ornek buyuklukleri KARARDIR; olcumden turetilmedi. Ayrinti protokol dosyasinda.",3.13.1,8.4.144,0.12.6,2.14.0,2026-09-13 10:08:36,scripts/25_esit_fp_adaylari.py
a0434,kontrol,a0098,Model-512,model_00168,train_ZRI_2014_JPG.rf.95f28aeba5b563f69c9b10bbb6758285.jpg,ZRI,,3560.8,1774.5,3672.5,1841.0,3549,1767,3684,1848,3106,1360,4000,2255,Model-512/ZRI,0.3504,0.52,1.8089,hayir,reports/hafta7_fp_protokolu.md,test,157,tahminler_taban512_hafta7.csv,tahminler_model512.csv,0.3,0.52,1.8089,0.3,0.5,0.1,8,512,110,55,20260913,"Esikler, katsayilar ve ornek buyuklukleri KARARDIR; olcumden turetilmedi. Ayrinti protokol dosyasinda.",3.13.1,8.4.144,0.12.6,2.14.0,2026-09-13 10:08:36,scripts/25_esit_fp_adaylari.py
a0435,fp,a0295,Model-512,model_00293,train_ZRI_2028_JPG.rf.db47a839f5e1f87c7602db7e8ec148b9.jpg,ZRI,0.7021,1929.8,1230.3,1982.0,1284.3,1923,1224,1988,1290,1699,1001,2212,1514,Model-512/ZRI,0.3504,0.52,1.8089,hayir,reports/hafta7_fp_protokolu.md,test,157,tahminler_taban512_hafta7.csv,tahminler_model512.csv,0.3,0.52,1.8089,0.3,0.5,0.1,8,512,110,55,20260913,"Esikler, katsayilar ve ornek buyuklukleri KARARDIR; olcumden turetilmedi. Ayrinti protokol dosyasinda.",3.13.1,8.4.144,0.12.6,2.14.0,2026-09-13 10:08:36,scripts/25_esit_fp_adaylari.py
a0436,fp,a0234,Model-512,model_00009,test_ZRI_0004_JPG.rf.e913f73a55a644ae9b3e440de80f749d.jpg,ZRI,0.5556,2105.0,2439.3,2147.6,2471.6,2094,2423,2159,2488,1870,2199,2383,2712,Model-512/ZRI,0.3504,0.52,1.8089,evet,reports/hafta7_fp_protokolu.md,test,157,tahminler_taban512_hafta7.csv,tahminler_model512.csv,0.3,0.52,1.8089,0.3,0.5,0.1,8,512,110,55,20260913,"Esikler, katsayilar ve ornek buyuklukleri KARARDIR; olcumden turetilmedi. Ayrinti protokol dosyasinda.",3.13.1,8.4.144,0.12.6,2.14.0,2026-09-13 10:08:36,scripts/25_esit_fp_adaylari.py
a0437,fp,a0107,Taban-512,taban_00392,train_ZRI_2053_JPG.rf.18a77a9247976767870670bd190baa49.jpg,ZRI,0.8119,410.9,1456.3,479.3,1579.3,404,1444,487,1592,0,1025,984,2010,Taban-512/ZRI,0.2402,0.3,1.8089,evet,reports/hafta7_fp_protokolu.md,test,157,tahminler_taban512_hafta7.csv,tahminler_model512.csv,0.3,0.52,1.8089,0.3,0.5,0.1,8,512,110,55,20260913,"Esikler, katsayilar ve ornek buyuklukleri KARARDIR; olcumden turetilmedi. Ayrinti protokol dosyasinda.",3.13.1,8.4.144,0.12.6,2.14.0,2026-09-13 10:08:36,scripts/25_esit_fp_adaylari.py
a0438,kontrol,a0202,Taban-512,taban_00226,train_ZRI_2025_JPG.rf.67fe730a69c4e3e025dac0ba8a60f0bd.jpg,ZRI,,2447.8,833.9,2506.7,971.4,2441,820,2513,986,1927,352,3028,1453,Taban-512/ZRI,0.2402,0.3,1.8089,hayir,reports/hafta7_fp_protokolu.md,test,157,tahminler_taban512_hafta7.csv,tahminler_model512.csv,0.3,0.52,1.8089,0.3,0.5,0.1,8,512,110,55,20260913,"Esikler, katsayilar ve ornek buyuklukleri KARARDIR; olcumden turetilmedi. Ayrinti protokol dosyasinda.",3.13.1,8.4.144,0.12.6,2.14.0,2026-09-13 10:08:36,scripts/25_esit_fp_adaylari.py
a0439,kontrol,a0013,Taban-512,taban_00021,train_VRD_3085_JPG.rf.1d6c6e8846eb0d17d57f80cd4adfc4cf.jpg,VRD,,2865.8,1683.9,2896.7,1726.8,2849,1673,2914,1738,2625,1449,3138,1962,Taban-512/VRD,1.0,0.3,1.8089,hayir,reports/hafta7_fp_protokolu.md,test,157,tahminler_taban512_hafta7.csv,tahminler_model512.csv,0.3,0.52,1.8089,0.3,0.5,0.1,8,512,110,55,20260913,"Esikler, katsayilar ve ornek buyuklukleri KARARDIR; olcumden turetilmedi. Ayrinti protokol dosyasinda.",3.13.1,8.4.144,0.12.6,2.14.0,2026-09-13 10:08:36,scripts/25_esit_fp_adaylari.py
a0440,kontrol,a0297,Model-512,model_00420,train_ZRI_2049_JPG.rf.35c07c1208f36c275450d0a1f718410a.jpg,ZRI,,3843.4,2305.4,3894.0,2332.8,3836,2287,3901,2352,3488,2063,4000,2576,Model-512/ZRI,0.3504,0.52,1.8089,hayir,reports/hafta7_fp_protokolu.md,test,157,tahminler_taban512_hafta7.csv,tahminler_model512.csv,0.3,0.52,1.8089,0.3,0.5,0.1,8,512,110,55,20260913,"Esikler, katsayilar ve ornek buyuklukleri KARARDIR; olcumden turetilmedi. Ayrinti protokol dosyasinda.",3.13.1,8.4.144,0.12.6,2.14.0,2026-09-13 10:08:36,scripts/25_esit_fp_adaylari.py
